<?xml version="1.0" encoding="UTF-8" standalone="no"?>
<sbml xmlns="http://www.sbml.org/sbml/level2" xmlns:celldesigner="http://www.sbml.org/2001/ns/celldesigner" level="2" metaid="metaid_0000001" version="1">
  <model id="Xie2007_CircClock" metaid="metaid_0000002" name="Xie2007_CircClock">
    <notes>
      <body xmlns="http://www.w3.org/1999/xhtml">
        <p>The model reproduces the oscillations for mRNA and protein species as depicted in Fig 3 of the plot. The model differs slightly from that given in the paper and this was made after a communication from the authors. The values of parameters tcvriclkp, tcdvpmt and dccpt are slightly different. Also, although it is not given in the paper, rate laws for reactions re20, re28, re35, re42, re43 and re45 are multiplied by a specie. Model was successfully tested on MathSBML</p>
            <br/>
            <p>To the extent possible under law, all copyright and related or neighbouring rights to this encoded model have been dedicated to the public domain worldwide. Please refer to      <a href="http://creativecommons.org/publicdomain/zero/1.0/" title="Creative Commons CC0">CC0 Public Domain Dedication</a>
          for more information.      </p>
            <p>In summary, you are entitled to use this encoded model in absolutely any manner you deem suitable, verbatim, or with modification, alone or embedded it in a larger context, redistribute it, commercially or not, in a restricted way or not.</p>
            <br/>
            <p>To cite BioModels Database, please use:      <a href="http://www.ncbi.nlm.nih.gov/pubmed/20587024" target="_blank">Li C, Donizelli M, Rodriguez N, Dharuri H, Endler L, Chelliah V, Li L, He E, Henry A, Stefan MI, Snoep JL, Hucka M, Le Novère N, Laibe C (2010) BioModels Database: An enhanced, curated and annotated resource for published quantitative kinetic models. BMC Syst Biol., 4:92.</a>
                </p>
            </body>
      
    </notes>
    <annotation>
      <rdf:RDF xmlns:rdf="http://www.w3.org/1999/02/22-rdf-syntax-ns#" xmlns:bqmodel="http://biomodels.net/model-qualifiers/" xmlns:vCard="http://www.w3.org/2001/vcard-rdf/3.0#" xmlns:dc="http://purl.org/dc/elements/1.1/" xmlns:dcterms="http://purl.org/dc/terms/" xmlns:bqbiol="http://biomodels.net/biology-qualifiers/">
        <rdf:Description rdf:about="#metaid_0000002">
	<dc:creator>
	<rdf:Bag>
	<rdf:li rdf:parseType="Resource">
	<vCard:N rdf:parseType="Resource">
	<vCard:Family>Dharuri</vCard:Family>
	<vCard:Given>Harish</vCard:Given>
	</vCard:N>
	<vCard:EMAIL>hdharuri@cds.caltech.edu</vCard:EMAIL>
	<vCard:ORG rdf:parseType="Resource">
	<vCard:Orgname>California Institute of Technology</vCard:Orgname>
	</vCard:ORG>
	</rdf:li>
	</rdf:Bag>
	</dc:creator>
	<dcterms:created rdf:parseType="Resource">
	<dcterms:W3CDTF>2008-01-22T07:26:48Z</dcterms:W3CDTF>
	</dcterms:created>
	<dcterms:modified rdf:parseType="Resource">
	<dcterms:W3CDTF>2012-07-05T14:37:46Z</dcterms:W3CDTF>
	</dcterms:modified>
	<bqmodel:is>
	<rdf:Bag>
	<rdf:li rdf:resource="http://identifiers.org/biomodels.db/MODEL1029395046"/>
	</rdf:Bag>
	</bqmodel:is>
	<bqmodel:is>
	<rdf:Bag>
	<rdf:li rdf:resource="http://identifiers.org/biomodels.db/BIOMD0000000160"/>
	</rdf:Bag>
	</bqmodel:is>
	<bqmodel:isDescribedBy>
	<rdf:Bag>
	<rdf:li rdf:resource="http://identifiers.org/pubmed/17157878"/>
	</rdf:Bag>
	</bqmodel:isDescribedBy>
	<bqbiol:hasTaxon>
	<rdf:Bag>
	<rdf:li rdf:resource="http://identifiers.org/taxonomy/7227"/>
	</rdf:Bag>
	</bqbiol:hasTaxon>
	<bqbiol:isPartOf>
	<rdf:Bag>
	<rdf:li rdf:resource="http://identifiers.org/kegg.pathway/dme04711"/>
	</rdf:Bag>
	</bqbiol:isPartOf>
	<bqbiol:is>
	<rdf:Bag>
	<rdf:li rdf:resource="http://identifiers.org/go/GO:0007623"/>
	<rdf:li rdf:resource="http://identifiers.org/go/GO:0045187"/>
	</rdf:Bag>
	</bqbiol:is>
	</rdf:Description>
	
      </rdf:RDF>
    </annotation>
      <listOfUnitDefinitions>
      <unitDefinition id="substance" metaid="metaid_0000119" name="nano mole">
        <listOfUnits>
          <unit kind="mole" metaid="_454362" scale="-9"/>
        </listOfUnits>
      </unitDefinition>
      <unitDefinition id="time" metaid="metaid_0000120" name="hour">
        <listOfUnits>
          <unit kind="second" metaid="_454374" multiplier="3600"/>
        </listOfUnits>
      </unitDefinition>
    </listOfUnitDefinitions>
    <listOfCompartments>
      <compartment id="wholeCell" metaid="metaid_0000051" name="wholeCell" size="1">
        <annotation>
          <rdf:RDF xmlns:rdf="http://www.w3.org/1999/02/22-rdf-syntax-ns#" xmlns:bqmodel="http://biomodels.net/model-qualifiers/" xmlns:bqbiol="http://biomodels.net/biology-qualifiers/">
            <rdf:Description rdf:about="#metaid_0000051">
	<bqbiol:is>
	<rdf:Bag>
	<rdf:li rdf:resource="http://identifiers.org/go/GO:0005623"/>
	</rdf:Bag>
	</bqbiol:is>
	</rdf:Description>
	
          </rdf:RDF>
        </annotation>
            </compartment>
    </listOfCompartments>
    <listOfSpecies>
      <species compartment="wholeCell" id="CC" initialConcentration="0.5566" metaid="metaid_0000053" name="CC">
        <annotation>
          <rdf:RDF xmlns:rdf="http://www.w3.org/1999/02/22-rdf-syntax-ns#" xmlns:bqmodel="http://biomodels.net/model-qualifiers/" xmlns:bqbiol="http://biomodels.net/biology-qualifiers/">
            <rdf:Description rdf:about="#metaid_0000053">
	<bqbiol:hasPart>
	<rdf:Bag>
	<rdf:li rdf:resource="http://identifiers.org/uniprot/O61734"/>
	<rdf:li rdf:resource="http://identifiers.org/uniprot/O61735"/>
	</rdf:Bag>
	</bqbiol:hasPart>
	</rdf:Description>
	
          </rdf:RDF>
        </annotation>
            </species>
      <species compartment="wholeCell" id="CCPT" initialConcentration="0.4982" metaid="metaid_0000054" name="CCPT">
        <annotation>
          <rdf:RDF xmlns:rdf="http://www.w3.org/1999/02/22-rdf-syntax-ns#" xmlns:bqmodel="http://biomodels.net/model-qualifiers/" xmlns:bqbiol="http://biomodels.net/biology-qualifiers/">
            <rdf:Description rdf:about="#metaid_0000054">
	<bqbiol:hasPart>
	<rdf:Bag>
	<rdf:li rdf:resource="http://identifiers.org/uniprot/Q59E16"/>
	<rdf:li rdf:resource="http://identifiers.org/uniprot/P07663"/>
	<rdf:li rdf:resource="http://identifiers.org/uniprot/O61734"/>
	<rdf:li rdf:resource="http://identifiers.org/uniprot/O61735"/>
	</rdf:Bag>
	</bqbiol:hasPart>
	</rdf:Description>
	
          </rdf:RDF>
        </annotation>
            </species>
      <species compartment="wholeCell" id="clkp" initialConcentration="0.003185" metaid="metaid_0000055" name="clkp"/>
      <species compartment="wholeCell" id="perp" initialConcentration="0.003185" metaid="metaid_0000056" name="perp"/>
      <species compartment="wholeCell" id="clkm" initialConcentration="0.2583" metaid="metaid_0000057" name="clkm"/>
      <species compartment="wholeCell" id="perm" initialConcentration="0.2395" metaid="metaid_0000058" name="perm"/>
      <species compartment="wholeCell" id="PT" initialConcentration="0.4014" metaid="metaid_0000059" name="PT">
        <annotation>
          <rdf:RDF xmlns:rdf="http://www.w3.org/1999/02/22-rdf-syntax-ns#" xmlns:bqmodel="http://biomodels.net/model-qualifiers/" xmlns:bqbiol="http://biomodels.net/biology-qualifiers/">
            <rdf:Description rdf:about="#metaid_0000059">
	<bqbiol:hasPart>
	<rdf:Bag>
	<rdf:li rdf:resource="http://identifiers.org/uniprot/Q59E16"/>
	<rdf:li rdf:resource="http://identifiers.org/uniprot/P07663"/>
	</rdf:Bag>
	</bqbiol:hasPart>
	</rdf:Description>
	
          </rdf:RDF>
        </annotation>
            </species>
      <species compartment="wholeCell" id="vrip" initialConcentration="0.003185" metaid="metaid_0000060" name="vrip"/>
      <species compartment="wholeCell" id="vrim" initialConcentration="0.2571" metaid="metaid_0000061" name="vrim"/>
      <species compartment="wholeCell" id="VRI" initialConcentration="3.175" metaid="metaid_0000062" name="VRI">
        <annotation>
          <rdf:RDF xmlns:rdf="http://www.w3.org/1999/02/22-rdf-syntax-ns#" xmlns:bqmodel="http://biomodels.net/model-qualifiers/" xmlns:bqbiol="http://biomodels.net/biology-qualifiers/">
            <rdf:Description rdf:about="#metaid_0000062">
	<bqbiol:is>
	<rdf:Bag>
	<rdf:li rdf:resource="http://identifiers.org/uniprot/Q9VMS4"/>
	</rdf:Bag>
	</bqbiol:is>
	</rdf:Description>
	
          </rdf:RDF>
        </annotation>
            </species>
      <species compartment="wholeCell" id="pdpp" initialConcentration="0.003185" metaid="metaid_0000063" name="pdpp"/>
      <species compartment="wholeCell" id="pdpm" initialConcentration="0.3175" metaid="metaid_0000064" name="pdpm"/>
      <species compartment="wholeCell" id="PDP" initialConcentration="4.1953" metaid="metaid_0000065" name="PDP">
        <annotation>
          <rdf:RDF xmlns:rdf="http://www.w3.org/1999/02/22-rdf-syntax-ns#" xmlns:bqmodel="http://biomodels.net/model-qualifiers/" xmlns:bqbiol="http://biomodels.net/biology-qualifiers/">
            <rdf:Description rdf:about="#metaid_0000065">
	<bqbiol:isVersionOf>
	<rdf:Bag>
	<rdf:li rdf:resource="http://identifiers.org/uniprot/Q9TW49"/>
	</rdf:Bag>
	</bqbiol:isVersionOf>
	</rdf:Description>
	
          </rdf:RDF>
        </annotation>
            </species>
      <species compartment="wholeCell" id="CLK" initialConcentration="3.6628" metaid="metaid_0000066" name="CLK">
        <annotation>
          <rdf:RDF xmlns:rdf="http://www.w3.org/1999/02/22-rdf-syntax-ns#" xmlns:bqmodel="http://biomodels.net/model-qualifiers/" xmlns:bqbiol="http://biomodels.net/biology-qualifiers/">
            <rdf:Description rdf:about="#metaid_0000066">
	<bqbiol:isVersionOf>
	<rdf:Bag>
	<rdf:li rdf:resource="http://identifiers.org/uniprot/O61735"/>
	</rdf:Bag>
	</bqbiol:isVersionOf>
	</rdf:Description>
	
          </rdf:RDF>
        </annotation>
            </species>
      <species compartment="wholeCell" id="PER" initialConcentration="2.7527" metaid="metaid_0000067" name="PER">
        <annotation>
          <rdf:RDF xmlns:rdf="http://www.w3.org/1999/02/22-rdf-syntax-ns#" xmlns:bqmodel="http://biomodels.net/model-qualifiers/" xmlns:bqbiol="http://biomodels.net/biology-qualifiers/">
            <rdf:Description rdf:about="#metaid_0000067">
	<bqbiol:isVersionOf>
	<rdf:Bag>
	<rdf:li rdf:resource="http://identifiers.org/uniprot/P07663"/>
	</rdf:Bag>
	</bqbiol:isVersionOf>
	</rdf:Description>
	
          </rdf:RDF>
        </annotation>
            </species>
      <species compartment="wholeCell" id="timp" initialConcentration="0.003185" metaid="metaid_0000068" name="timp"/>
      <species compartment="wholeCell" id="timm" initialConcentration="0.2395" metaid="metaid_0000069" name="timm"/>
      <species compartment="wholeCell" id="TIM" initialConcentration="2.7527" metaid="metaid_0000070" name="TIM">
        <annotation>
          <rdf:RDF xmlns:rdf="http://www.w3.org/1999/02/22-rdf-syntax-ns#" xmlns:bqmodel="http://biomodels.net/model-qualifiers/" xmlns:bqbiol="http://biomodels.net/biology-qualifiers/">
            <rdf:Description rdf:about="#metaid_0000070">
	<bqbiol:isVersionOf>
	<rdf:Bag>
	<rdf:li rdf:resource="http://identifiers.org/uniprot/Q59E16"/>
	</rdf:Bag>
	</bqbiol:isVersionOf>
	</rdf:Description>
	
          </rdf:RDF>
        </annotation>
            </species>
      <species boundaryCondition="true" compartment="wholeCell" constant="true" id="CYC" initialConcentration="1" metaid="metaid_0000071" name="CYC">
        <annotation>
          <rdf:RDF xmlns:rdf="http://www.w3.org/1999/02/22-rdf-syntax-ns#" xmlns:bqmodel="http://biomodels.net/model-qualifiers/" xmlns:bqbiol="http://biomodels.net/biology-qualifiers/">
            <rdf:Description rdf:about="#metaid_0000071">
	<bqbiol:isVersionOf>
	<rdf:Bag>
	<rdf:li rdf:resource="http://identifiers.org/uniprot/O61734"/>
	</rdf:Bag>
	</bqbiol:isVersionOf>
	</rdf:Description>
	
          </rdf:RDF>
        </annotation>
            </species>
      <species compartment="wholeCell" id="prcper" initialAmount="0.0431" metaid="metaid_0000072" name="CCbindingPer"/>
      <species compartment="wholeCell" id="prcv" initialAmount="0.0585" metaid="metaid_0000073" name="CCbindingvri"/>
      <species compartment="wholeCell" id="prcpdp" initialAmount="0.08" metaid="metaid_0000074" name="CCbindingpdp"/>
      <species compartment="wholeCell" id="prvc" initialAmount="0.489" metaid="metaid_0000075" name="VRIbindingclkp"/>
      <species compartment="wholeCell" id="prpc" initialAmount="0.426" metaid="metaid_0000076" name="PDPbindingclkp"/>
      <species compartment="wholeCell" id="prct" initialAmount="0.043" metaid="metaid_0000077" name="CCbindingtim"/>
    </listOfSpecies>
    <listOfParameters>
      <parameter id="dccpt" metaid="metaid_0000003" value="15.06"/>
      <parameter id="bccperp" metaid="metaid_0000004" value="0.069"/>
      <parameter id="ubccperp" metaid="metaid_0000005" value="0.262"/>
      <parameter id="bccpt" metaid="metaid_0000006" value="51"/>
      <parameter id="dperm" metaid="metaid_0000007" value="0.053"/>
      <parameter id="tlper" metaid="metaid_0000008" value="36"/>
      <parameter id="tcccperp" metaid="metaid_0000009" value="11"/>
      <parameter id="tcdvpmt" metaid="metaid_0000010" value="0.028"/>
      <parameter id="dvri" metaid="metaid_0000011" value="1.226"/>
      <parameter id="tcclkp" metaid="metaid_0000012" value="1.42"/>
      <parameter id="bcc" metaid="metaid_0000013" value="2.349"/>
      <parameter id="dclk" metaid="metaid_0000014" value="0.2"/>
      <parameter id="ubcc" metaid="metaid_0000015" value="0.89"/>
      <parameter id="bpt" metaid="metaid_0000016" value="1.1"/>
      <parameter id="ubpt" metaid="metaid_0000017" value="2.93"/>
      <parameter id="dper" metaid="metaid_0000018" value="0.62"/>
      <parameter id="tcccvrip" metaid="metaid_0000019" value="16.86"/>
      <parameter id="tcccpdpp" metaid="metaid_0000020" value="9.831"/>
      <parameter id="dvrim" metaid="metaid_0000021" value="0.07"/>
      <parameter id="dpdpm" metaid="metaid_0000022" value="0.06"/>
      <parameter id="ubccpt" metaid="metaid_0000023" value="7.89"/>
      <parameter id="tlvri" metaid="metaid_0000024" value="14.68"/>
      <parameter id="tlpdp" metaid="metaid_0000025" value="1.87"/>
      <parameter id="bccvrip" metaid="metaid_0000026" value="0.1"/>
      <parameter id="bccpdpp" metaid="metaid_0000027" value="0.062"/>
      <parameter id="ubccvrip" metaid="metaid_0000028" value="0.276"/>
      <parameter id="ubccpdpp" metaid="metaid_0000029" value="0.145"/>
      <parameter id="tcpdpclkp" metaid="metaid_0000030" value="125.54"/>
      <parameter id="dclkm" metaid="metaid_0000031" value="0.643"/>
      <parameter id="bvriclkp" metaid="metaid_0000032" value="1.858"/>
      <parameter id="bpdpclkp" metaid="metaid_0000033" value="1.155"/>
      <parameter id="ubvriclkp" metaid="metaid_0000034" value="1.043"/>
      <parameter id="ubpdpclkp" metaid="metaid_0000035" value="0.952"/>
      <parameter id="tcvriclkp" metaid="metaid_0000036" value="0.053"/>
      <parameter id="dpdp" metaid="metaid_0000037" value="0.156"/>
      <parameter id="tlclk" metaid="metaid_0000038" value="35"/>
      <parameter id="dcc" metaid="metaid_0000039" value="0.184"/>
      <parameter id="dpt" metaid="metaid_0000040" value="0.279"/>
      <parameter id="dtim" metaid="metaid_0000041" value="0.62"/>
      <parameter id="dtimm" metaid="metaid_0000042" value="0.053"/>
      <parameter id="tltim" metaid="metaid_0000043" value="36"/>
      <parameter id="bcctimp" metaid="metaid_0000044" value="0.069"/>
      <parameter id="ubcctimp" metaid="metaid_0000045" value="0.262"/>
      <parameter id="tccctimp" metaid="metaid_0000046" value="11"/>
      <parameter id="npt" metaid="metaid_0000047" value="5"/>
      <parameter id="nvri" metaid="metaid_0000048" value="4"/>
      <parameter id="npdp" metaid="metaid_0000049" value="6"/>
    </listOfParameters>
    <listOfReactions>
      <reaction id="re1" metaid="metaid_0000078" name="CC PT association" reversible="false">
        <annotation>
          <rdf:RDF xmlns:rdf="http://www.w3.org/1999/02/22-rdf-syntax-ns#" xmlns:bqmodel="http://biomodels.net/model-qualifiers/" xmlns:bqbiol="http://biomodels.net/biology-qualifiers/">
            <rdf:Description rdf:about="#metaid_0000078">
	<bqbiol:isVersionOf>
	<rdf:Bag>
	<rdf:li rdf:resource="http://identifiers.org/go/GO:0046982"/>
	</rdf:Bag>
	</bqbiol:isVersionOf>
	</rdf:Description>
	
          </rdf:RDF>
        </annotation>
              <listOfReactants>
          <speciesReference metaid="_454386" species="CC"/>
          <speciesReference metaid="_454398" species="PT"/>
        </listOfReactants>
        <listOfProducts>
          <speciesReference metaid="_454410" species="CCPT"/>
        </listOfProducts>
        <kineticLaw metaid="_454422">
          <math xmlns="http://www.w3.org/1998/Math/MathML">          
            <apply>
              <times/>
              <ci> wholeCell </ci>
              <ci> CC </ci>
              <ci> PT </ci>
              <ci> bccpt </ci>
            </apply>
          </math>
                </kineticLaw>
      </reaction>
      <reaction id="re2" metaid="metaid_0000079" name="Degradation of CLK CYK dimer" reversible="false">
        <annotation>
          <rdf:RDF xmlns:rdf="http://www.w3.org/1999/02/22-rdf-syntax-ns#" xmlns:bqmodel="http://biomodels.net/model-qualifiers/" xmlns:bqbiol="http://biomodels.net/biology-qualifiers/">
            <rdf:Description rdf:about="#metaid_0000079">
	<bqbiol:isVersionOf>
	<rdf:Bag>
	<rdf:li rdf:resource="http://identifiers.org/go/GO:0044257"/>
	</rdf:Bag>
	</bqbiol:isVersionOf>
	</rdf:Description>
	
          </rdf:RDF>
        </annotation>
              <listOfReactants>
          <speciesReference metaid="_454434" species="CC"/>
        </listOfReactants>
        <kineticLaw metaid="_454446">
          <math xmlns="http://www.w3.org/1998/Math/MathML">          
            <apply>
              <times/>
              <ci> wholeCell </ci>
              <ci> CC </ci>
              <ci> dcc </ci>
            </apply>
          </math>
                </kineticLaw>
      </reaction>
      <reaction id="re3" metaid="metaid_0000080" name="Degradation of CC PT dimer" reversible="false">
        <annotation>
          <rdf:RDF xmlns:rdf="http://www.w3.org/1999/02/22-rdf-syntax-ns#" xmlns:bqmodel="http://biomodels.net/model-qualifiers/" xmlns:bqbiol="http://biomodels.net/biology-qualifiers/">
            <rdf:Description rdf:about="#metaid_0000080">
	<bqbiol:isVersionOf>
	<rdf:Bag>
	<rdf:li rdf:resource="http://identifiers.org/go/GO:0044257"/>
	</rdf:Bag>
	</bqbiol:isVersionOf>
	</rdf:Description>
	
          </rdf:RDF>
        </annotation>
              <listOfReactants>
          <speciesReference metaid="_454458" species="CCPT"/>
        </listOfReactants>
        <kineticLaw metaid="_454470">
          <math xmlns="http://www.w3.org/1998/Math/MathML">          
            <apply>
              <times/>
              <ci> wholeCell </ci>
              <ci> CCPT </ci>
              <ci> dccpt </ci>
            </apply>
          </math>
                </kineticLaw>
      </reaction>
      <reaction id="re4" metaid="metaid_0000081" name="Degradation of PER TIM dimer" reversible="false">
        <annotation>
          <rdf:RDF xmlns:rdf="http://www.w3.org/1999/02/22-rdf-syntax-ns#" xmlns:bqmodel="http://biomodels.net/model-qualifiers/" xmlns:bqbiol="http://biomodels.net/biology-qualifiers/">
            <rdf:Description rdf:about="#metaid_0000081">
	<bqbiol:isVersionOf>
	<rdf:Bag>
	<rdf:li rdf:resource="http://identifiers.org/go/GO:0044257"/>
	</rdf:Bag>
	</bqbiol:isVersionOf>
	</rdf:Description>
	
          </rdf:RDF>
        </annotation>
              <listOfReactants>
          <speciesReference metaid="_454482" species="PT"/>
        </listOfReactants>
        <kineticLaw metaid="_454494">
          <math xmlns="http://www.w3.org/1998/Math/MathML">          
            <apply>
              <times/>
              <ci> wholeCell </ci>
              <ci> PT </ci>
              <ci> dpt </ci>
            </apply>
          </math>
                </kineticLaw>
      </reaction>
      <reaction id="re9" metaid="metaid_0000082" name="Degradation of clk mRNA" reversible="false">
        <annotation>
          <rdf:RDF xmlns:rdf="http://www.w3.org/1999/02/22-rdf-syntax-ns#" xmlns:bqmodel="http://biomodels.net/model-qualifiers/" xmlns:bqbiol="http://biomodels.net/biology-qualifiers/">
            <rdf:Description rdf:about="#metaid_0000082">
	<bqbiol:isVersionOf>
	<rdf:Bag>
	<rdf:li rdf:resource="http://identifiers.org/go/GO:0006402"/>
	</rdf:Bag>
	</bqbiol:isVersionOf>
	</rdf:Description>
	
          </rdf:RDF>
        </annotation>
              <listOfReactants>
          <speciesReference metaid="_454506" species="clkm"/>
        </listOfReactants>
        <kineticLaw metaid="_454518">
          <math xmlns="http://www.w3.org/1998/Math/MathML">          
            <apply>
              <times/>
              <ci> wholeCell </ci>
              <ci> clkm </ci>
              <ci> dclkm </ci>
            </apply>
          </math>
                </kineticLaw>
      </reaction>
      <reaction id="re10" metaid="metaid_0000083" name="clkm translation" reversible="false">
        <annotation>
          <rdf:RDF xmlns:rdf="http://www.w3.org/1999/02/22-rdf-syntax-ns#" xmlns:bqmodel="http://biomodels.net/model-qualifiers/" xmlns:bqbiol="http://biomodels.net/biology-qualifiers/">
            <rdf:Description rdf:about="#metaid_0000083">
	<bqbiol:isVersionOf>
	<rdf:Bag>
	<rdf:li rdf:resource="http://identifiers.org/go/GO:0006412"/>
	</rdf:Bag>
	</bqbiol:isVersionOf>
	</rdf:Description>
	
          </rdf:RDF>
        </annotation>
              <listOfProducts>
          <speciesReference metaid="_454530" species="CLK"/>
        </listOfProducts>
        <listOfModifiers>
          <modifierSpeciesReference metaid="_454542" species="clkm"/>
        </listOfModifiers>
        <kineticLaw metaid="_454554">
          <math xmlns="http://www.w3.org/1998/Math/MathML">          
            <apply>
              <times/>
              <ci> wholeCell </ci>
              <ci> clkm </ci>
              <ci> tlclk </ci>
            </apply>
          </math>
                </kineticLaw>
      </reaction>
      <reaction id="re15" metaid="metaid_0000084" name="Degradation of per mRNA" reversible="false">
        <annotation>
          <rdf:RDF xmlns:rdf="http://www.w3.org/1999/02/22-rdf-syntax-ns#" xmlns:bqmodel="http://biomodels.net/model-qualifiers/" xmlns:bqbiol="http://biomodels.net/biology-qualifiers/">
            <rdf:Description rdf:about="#metaid_0000084">
	<bqbiol:isVersionOf>
	<rdf:Bag>
	<rdf:li rdf:resource="http://identifiers.org/go/GO:0006402"/>
	</rdf:Bag>
	</bqbiol:isVersionOf>
	</rdf:Description>
	
          </rdf:RDF>
        </annotation>
              <listOfReactants>
          <speciesReference metaid="_454566" species="perm"/>
        </listOfReactants>
        <kineticLaw metaid="_454578">
          <math xmlns="http://www.w3.org/1998/Math/MathML">          
            <apply>
              <times/>
              <ci> wholeCell </ci>
              <ci> perm </ci>
              <ci> dperm </ci>
            </apply>
          </math>
                </kineticLaw>
      </reaction>
      <reaction id="re17" metaid="metaid_0000085" name="perm translation" reversible="false">
        <annotation>
          <rdf:RDF xmlns:rdf="http://www.w3.org/1999/02/22-rdf-syntax-ns#" xmlns:bqmodel="http://biomodels.net/model-qualifiers/" xmlns:bqbiol="http://biomodels.net/biology-qualifiers/">
            <rdf:Description rdf:about="#metaid_0000085">
	<bqbiol:isVersionOf>
	<rdf:Bag>
	<rdf:li rdf:resource="http://identifiers.org/go/GO:0006412"/>
	</rdf:Bag>
	</bqbiol:isVersionOf>
	</rdf:Description>
	
          </rdf:RDF>
        </annotation>
              <listOfProducts>
          <speciesReference metaid="_454590" species="PER"/>
        </listOfProducts>
        <listOfModifiers>
          <modifierSpeciesReference metaid="_454602" species="perm"/>
        </listOfModifiers>
        <kineticLaw metaid="_454614">
          <math xmlns="http://www.w3.org/1998/Math/MathML">          
            <apply>
              <times/>
              <ci> wholeCell </ci>
              <ci> perm </ci>
              <ci> tlper </ci>
            </apply>
          </math>
                </kineticLaw>
      </reaction>
      <reaction id="re20" metaid="metaid_0000086" name="per transcription" reversible="false">
        <annotation>
          <rdf:RDF xmlns:rdf="http://www.w3.org/1999/02/22-rdf-syntax-ns#" xmlns:bqmodel="http://biomodels.net/model-qualifiers/" xmlns:bqbiol="http://biomodels.net/biology-qualifiers/">
            <rdf:Description rdf:about="#metaid_0000086">
	<bqbiol:isVersionOf>
	<rdf:Bag>
	<rdf:li rdf:resource="http://identifiers.org/go/GO:0006351"/>
	</rdf:Bag>
	</bqbiol:isVersionOf>
	</rdf:Description>
	
          </rdf:RDF>
        </annotation>
              <listOfProducts>
          <speciesReference metaid="_454626" species="perm"/>
        </listOfProducts>
        <listOfModifiers>
          <modifierSpeciesReference metaid="_454638" species="prcper"/>
          <modifierSpeciesReference metaid="_454651" species="perp"/>
        </listOfModifiers>
        <kineticLaw metaid="_454663">
          <math xmlns="http://www.w3.org/1998/Math/MathML">          
            <apply>
              <times/>
              <ci> wholeCell </ci>
              <apply>
                <plus/>
                <apply>
                  <times/>
                  <apply>
                    <minus/>
                    <cn type="integer"> 1 </cn>
                    <apply>
                      <power/>
                      <apply>
                        <minus/>
                        <cn type="integer"> 1 </cn>
                        <ci> prcper </ci>
                      </apply>
                      <ci> npt </ci>
                    </apply>
                  </apply>
                  <ci> tcccperp </ci>
                </apply>
                <apply>
                  <times/>
                  <apply>
                    <power/>
                    <apply>
                      <minus/>
                      <cn type="integer"> 1 </cn>
                      <ci> prcper </ci>
                    </apply>
                    <ci> npt </ci>
                  </apply>
                  <ci> tcdvpmt </ci>
                </apply>
              </apply>
              <ci> perp </ci>
            </apply>
          </math>
                </kineticLaw>
      </reaction>
      <reaction id="re28" metaid="metaid_0000087" name="vri transcription" reversible="false">
        <annotation>
          <rdf:RDF xmlns:rdf="http://www.w3.org/1999/02/22-rdf-syntax-ns#" xmlns:bqmodel="http://biomodels.net/model-qualifiers/" xmlns:bqbiol="http://biomodels.net/biology-qualifiers/">
            <rdf:Description rdf:about="#metaid_0000087">
	<bqbiol:isVersionOf>
	<rdf:Bag>
	<rdf:li rdf:resource="http://identifiers.org/go/GO:0006351"/>
	</rdf:Bag>
	</bqbiol:isVersionOf>
	</rdf:Description>
	
          </rdf:RDF>
        </annotation>
              <listOfProducts>
          <speciesReference metaid="_454675" species="vrim"/>
        </listOfProducts>
        <listOfModifiers>
          <modifierSpeciesReference metaid="_454687" species="prcv"/>
          <modifierSpeciesReference metaid="_454699" species="vrip"/>
        </listOfModifiers>
        <kineticLaw metaid="_454711">
          <math xmlns="http://www.w3.org/1998/Math/MathML">          
            <apply>
              <times/>
              <ci> wholeCell </ci>
              <apply>
                <plus/>
                <apply>
                  <times/>
                  <apply>
                    <minus/>
                    <cn type="integer"> 1 </cn>
                    <apply>
                      <power/>
                      <apply>
                        <minus/>
                        <cn type="integer"> 1 </cn>
                        <ci> prcv </ci>
                      </apply>
                      <ci> nvri </ci>
                    </apply>
                  </apply>
                  <ci> tcccvrip </ci>
                </apply>
                <apply>
                  <times/>
                  <apply>
                    <power/>
                    <apply>
                      <minus/>
                      <cn type="integer"> 1 </cn>
                      <ci> prcv </ci>
                    </apply>
                    <ci> nvri </ci>
                  </apply>
                  <ci> tcdvpmt </ci>
                </apply>
              </apply>
              <ci> vrip </ci>
            </apply>
          </math>
                </kineticLaw>
      </reaction>
      <reaction id="re30" metaid="metaid_0000088" name="Degradation of vri mRNA" reversible="false">
        <annotation>
          <rdf:RDF xmlns:rdf="http://www.w3.org/1999/02/22-rdf-syntax-ns#" xmlns:bqmodel="http://biomodels.net/model-qualifiers/" xmlns:bqbiol="http://biomodels.net/biology-qualifiers/">
            <rdf:Description rdf:about="#metaid_0000088">
	<bqbiol:isVersionOf>
	<rdf:Bag>
	<rdf:li rdf:resource="http://identifiers.org/go/GO:0006402"/>
	</rdf:Bag>
	</bqbiol:isVersionOf>
	</rdf:Description>
	
          </rdf:RDF>
        </annotation>
              <listOfReactants>
          <speciesReference metaid="_454723" species="vrim"/>
        </listOfReactants>
        <kineticLaw metaid="_454735">
          <math xmlns="http://www.w3.org/1998/Math/MathML">          
            <apply>
              <times/>
              <ci> wholeCell </ci>
              <ci> vrim </ci>
              <ci> dvrim </ci>
            </apply>
          </math>
                </kineticLaw>
      </reaction>
      <reaction id="re31" metaid="metaid_0000089" name="vrim translation" reversible="false">
        <annotation>
          <rdf:RDF xmlns:rdf="http://www.w3.org/1999/02/22-rdf-syntax-ns#" xmlns:bqmodel="http://biomodels.net/model-qualifiers/" xmlns:bqbiol="http://biomodels.net/biology-qualifiers/">
            <rdf:Description rdf:about="#metaid_0000089">
	<bqbiol:isVersionOf>
	<rdf:Bag>
	<rdf:li rdf:resource="http://identifiers.org/go/GO:0006412"/>
	</rdf:Bag>
	</bqbiol:isVersionOf>
	</rdf:Description>
	
          </rdf:RDF>
        </annotation>
              <listOfProducts>
          <speciesReference metaid="_454747" species="VRI"/>
        </listOfProducts>
        <listOfModifiers>
          <modifierSpeciesReference metaid="_454759" species="vrim"/>
        </listOfModifiers>
        <kineticLaw metaid="_454771">
          <math xmlns="http://www.w3.org/1998/Math/MathML">          
            <apply>
              <times/>
              <ci> wholeCell </ci>
              <ci> vrim </ci>
              <ci> tlvri </ci>
            </apply>
          </math>
                </kineticLaw>
      </reaction>
      <reaction id="re32" metaid="metaid_0000090" name="VRI protein degradation" reversible="false">
        <annotation>
          <rdf:RDF xmlns:rdf="http://www.w3.org/1999/02/22-rdf-syntax-ns#" xmlns:bqmodel="http://biomodels.net/model-qualifiers/" xmlns:bqbiol="http://biomodels.net/biology-qualifiers/">
            <rdf:Description rdf:about="#metaid_0000090">
	<bqbiol:isVersionOf>
	<rdf:Bag>
	<rdf:li rdf:resource="http://identifiers.org/go/GO:0044257"/>
	</rdf:Bag>
	</bqbiol:isVersionOf>
	</rdf:Description>
	
          </rdf:RDF>
        </annotation>
              <listOfReactants>
          <speciesReference metaid="_454783" species="VRI"/>
        </listOfReactants>
        <kineticLaw metaid="_454795">
          <math xmlns="http://www.w3.org/1998/Math/MathML">          
            <apply>
              <times/>
              <ci> wholeCell </ci>
              <ci> VRI </ci>
              <ci> dvri </ci>
            </apply>
          </math>
                </kineticLaw>
      </reaction>
      <reaction id="re35" metaid="metaid_0000091" name="pdp transcription" reversible="false">
        <annotation>
          <rdf:RDF xmlns:rdf="http://www.w3.org/1999/02/22-rdf-syntax-ns#" xmlns:bqmodel="http://biomodels.net/model-qualifiers/" xmlns:bqbiol="http://biomodels.net/biology-qualifiers/">
            <rdf:Description rdf:about="#metaid_0000091">
	<bqbiol:isVersionOf>
	<rdf:Bag>
	<rdf:li rdf:resource="http://identifiers.org/go/GO:0006351"/>
	</rdf:Bag>
	</bqbiol:isVersionOf>
	</rdf:Description>
	
          </rdf:RDF>
        </annotation>
              <listOfProducts>
          <speciesReference metaid="_454807" species="pdpm"/>
        </listOfProducts>
        <listOfModifiers>
          <modifierSpeciesReference metaid="_454819" species="prcpdp"/>
          <modifierSpeciesReference metaid="_454831" species="pdpp"/>
        </listOfModifiers>
        <kineticLaw metaid="_454843">
          <math xmlns="http://www.w3.org/1998/Math/MathML">          
            <apply>
              <times/>
              <ci> wholeCell </ci>
              <apply>
                <plus/>
                <apply>
                  <times/>
                  <apply>
                    <minus/>
                    <cn type="integer"> 1 </cn>
                    <apply>
                      <power/>
                      <apply>
                        <minus/>
                        <cn type="integer"> 1 </cn>
                        <ci> prcpdp </ci>
                      </apply>
                      <ci> npdp </ci>
                    </apply>
                  </apply>
                  <ci> tcccpdpp </ci>
                </apply>
                <apply>
                  <times/>
                  <apply>
                    <power/>
                    <apply>
                      <minus/>
                      <cn type="integer"> 1 </cn>
                      <ci> prcpdp </ci>
                    </apply>
                    <ci> npdp </ci>
                  </apply>
                  <ci> tcdvpmt </ci>
                </apply>
              </apply>
              <ci> pdpp </ci>
            </apply>
          </math>
                </kineticLaw>
      </reaction>
      <reaction id="re37" metaid="metaid_0000092" name="Degradation of pdp mRNA" reversible="false">
        <annotation>
          <rdf:RDF xmlns:rdf="http://www.w3.org/1999/02/22-rdf-syntax-ns#" xmlns:bqmodel="http://biomodels.net/model-qualifiers/" xmlns:bqbiol="http://biomodels.net/biology-qualifiers/">
            <rdf:Description rdf:about="#metaid_0000092">
	<bqbiol:isVersionOf>
	<rdf:Bag>
	<rdf:li rdf:resource="http://identifiers.org/go/GO:0006402"/>
	</rdf:Bag>
	</bqbiol:isVersionOf>
	</rdf:Description>
	
          </rdf:RDF>
        </annotation>
              <listOfReactants>
          <speciesReference metaid="_454855" species="pdpm"/>
        </listOfReactants>
        <kineticLaw metaid="_454867">
          <math xmlns="http://www.w3.org/1998/Math/MathML">          
            <apply>
              <times/>
              <ci> wholeCell </ci>
              <ci> pdpm </ci>
              <ci> dpdpm </ci>
            </apply>
          </math>
                </kineticLaw>
      </reaction>
      <reaction id="re38" metaid="metaid_0000093" name="pdpm translation" reversible="false">
        <annotation>
          <rdf:RDF xmlns:rdf="http://www.w3.org/1999/02/22-rdf-syntax-ns#" xmlns:bqmodel="http://biomodels.net/model-qualifiers/" xmlns:bqbiol="http://biomodels.net/biology-qualifiers/">
            <rdf:Description rdf:about="#metaid_0000093">
	<bqbiol:isVersionOf>
	<rdf:Bag>
	<rdf:li rdf:resource="http://identifiers.org/go/GO:0006412"/>
	</rdf:Bag>
	</bqbiol:isVersionOf>
	</rdf:Description>
	
          </rdf:RDF>
        </annotation>
              <listOfProducts>
          <speciesReference metaid="_454879" species="PDP"/>
        </listOfProducts>
        <listOfModifiers>
          <modifierSpeciesReference metaid="_454891" species="pdpm"/>
        </listOfModifiers>
        <kineticLaw metaid="_454903">
          <math xmlns="http://www.w3.org/1998/Math/MathML">          
            <apply>
              <times/>
              <ci> wholeCell </ci>
              <ci> pdpm </ci>
              <ci> tlpdp </ci>
            </apply>
          </math>
                </kineticLaw>
      </reaction>
      <reaction id="re39" metaid="metaid_0000094" name="PDP protein degradation" reversible="false">
        <annotation>
          <rdf:RDF xmlns:rdf="http://www.w3.org/1999/02/22-rdf-syntax-ns#" xmlns:bqmodel="http://biomodels.net/model-qualifiers/" xmlns:bqbiol="http://biomodels.net/biology-qualifiers/">
            <rdf:Description rdf:about="#metaid_0000094">
	<bqbiol:isVersionOf>
	<rdf:Bag>
	<rdf:li rdf:resource="http://identifiers.org/go/GO:0044257"/>
	</rdf:Bag>
	</bqbiol:isVersionOf>
	</rdf:Description>
	
          </rdf:RDF>
        </annotation>
              <listOfReactants>
          <speciesReference metaid="_454915" species="PDP"/>
        </listOfReactants>
        <kineticLaw metaid="_454927">
          <math xmlns="http://www.w3.org/1998/Math/MathML">          
            <apply>
              <times/>
              <ci> wholeCell </ci>
              <ci> PDP </ci>
              <ci> dpdp </ci>
            </apply>
          </math>
                </kineticLaw>
      </reaction>
      <reaction id="re42" metaid="metaid_0000095" name="clk transcription" reversible="false">
        <annotation>
          <rdf:RDF xmlns:rdf="http://www.w3.org/1999/02/22-rdf-syntax-ns#" xmlns:bqmodel="http://biomodels.net/model-qualifiers/" xmlns:bqbiol="http://biomodels.net/biology-qualifiers/">
            <rdf:Description rdf:about="#metaid_0000095">
	<bqbiol:isVersionOf>
	<rdf:Bag>
	<rdf:li rdf:resource="http://identifiers.org/go/GO:0006351"/>
	</rdf:Bag>
	</bqbiol:isVersionOf>
	</rdf:Description>
	
          </rdf:RDF>
        </annotation>
              <listOfProducts>
          <speciesReference metaid="_454939" species="clkm"/>
        </listOfProducts>
        <listOfModifiers>
          <modifierSpeciesReference metaid="_454951" species="prvc"/>
          <modifierSpeciesReference metaid="_454963" species="clkp"/>
          <modifierSpeciesReference metaid="_454975" species="prpc"/>
        </listOfModifiers>
        <kineticLaw metaid="_454988">
          <math xmlns="http://www.w3.org/1998/Math/MathML">          
            <apply>
              <times/>
              <ci> wholeCell </ci>
              <apply>
                <plus/>
                <apply>
                  <times/>
                  <ci> prvc </ci>
                  <ci> tcvriclkp </ci>
                </apply>
                <apply>
                  <times/>
                  <ci> prpc </ci>
                  <ci> tcpdpclkp </ci>
                </apply>
                <apply>
                  <times/>
                  <apply>
                    <minus/>
                    <apply>
                      <minus/>
                      <cn type="integer"> 1 </cn>
                      <ci> prvc </ci>
                    </apply>
                    <ci> prpc </ci>
                  </apply>
                  <ci> tcclkp </ci>
                </apply>
              </apply>
              <ci> clkp </ci>
            </apply>
          </math>
                </kineticLaw>
      </reaction>
      <reaction id="re43" metaid="metaid_0000096" name="CLK CYC association" reversible="false">
        <annotation>
          <rdf:RDF xmlns:rdf="http://www.w3.org/1999/02/22-rdf-syntax-ns#" xmlns:bqmodel="http://biomodels.net/model-qualifiers/" xmlns:bqbiol="http://biomodels.net/biology-qualifiers/">
            <rdf:Description rdf:about="#metaid_0000096">
	<bqbiol:isVersionOf>
	<rdf:Bag>
	<rdf:li rdf:resource="http://identifiers.org/go/GO:0046982"/>
	</rdf:Bag>
	</bqbiol:isVersionOf>
	</rdf:Description>
	
          </rdf:RDF>
        </annotation>
              <listOfReactants>
          <speciesReference metaid="_455000" species="CLK"/>
          <speciesReference metaid="_455012" species="CYC"/>
        </listOfReactants>
        <listOfProducts>
          <speciesReference metaid="_455024" species="CC"/>
        </listOfProducts>
        <kineticLaw metaid="_455036">
          <math xmlns="http://www.w3.org/1998/Math/MathML">          
            <apply>
              <times/>
              <ci> wholeCell </ci>
              <ci> CLK </ci>
              <ci> bcc </ci>
              <ci> CYC </ci>
            </apply>
          </math>
                </kineticLaw>
      </reaction>
      <reaction id="re44" metaid="metaid_0000097" name="CLK protein degradation" reversible="false">
        <annotation>
          <rdf:RDF xmlns:rdf="http://www.w3.org/1999/02/22-rdf-syntax-ns#" xmlns:bqmodel="http://biomodels.net/model-qualifiers/" xmlns:bqbiol="http://biomodels.net/biology-qualifiers/">
            <rdf:Description rdf:about="#metaid_0000097">
	<bqbiol:isVersionOf>
	<rdf:Bag>
	<rdf:li rdf:resource="http://identifiers.org/go/GO:0044257"/>
	</rdf:Bag>
	</bqbiol:isVersionOf>
	</rdf:Description>
	
          </rdf:RDF>
        </annotation>
              <listOfReactants>
          <speciesReference metaid="_455049" species="CLK"/>
        </listOfReactants>
        <kineticLaw metaid="_455061">
          <math xmlns="http://www.w3.org/1998/Math/MathML">          
            <apply>
              <times/>
              <ci> wholeCell </ci>
              <ci> CLK </ci>
              <ci> dclk </ci>
            </apply>
          </math>
                </kineticLaw>
      </reaction>
      <reaction id="re45" metaid="metaid_0000098" name="CLK CYC dissociation" reversible="false">
        <annotation>
          <rdf:RDF xmlns:rdf="http://www.w3.org/1999/02/22-rdf-syntax-ns#" xmlns:bqmodel="http://biomodels.net/model-qualifiers/" xmlns:bqbiol="http://biomodels.net/biology-qualifiers/">
            <rdf:Description rdf:about="#metaid_0000098">
	<bqbiol:isVersionOf>
	<rdf:Bag>
	<rdf:li rdf:resource="http://identifiers.org/go/GO:0043624"/>
	</rdf:Bag>
	</bqbiol:isVersionOf>
	</rdf:Description>
	
          </rdf:RDF>
        </annotation>
              <listOfReactants>
          <speciesReference metaid="_455073" species="CC"/>
        </listOfReactants>
        <listOfProducts>
          <speciesReference metaid="_455085" species="CLK"/>
          <speciesReference metaid="_455097" species="CYC"/>
        </listOfProducts>
        <kineticLaw metaid="_455109">
          <math xmlns="http://www.w3.org/1998/Math/MathML">          
            <apply>
              <times/>
              <ci> wholeCell </ci>
              <ci> CC </ci>
              <ci> ubcc </ci>
            </apply>
          </math>
                </kineticLaw>
      </reaction>
      <reaction id="re46" metaid="metaid_0000099" name="PER TIM association" reversible="false">
        <annotation>
          <rdf:RDF xmlns:rdf="http://www.w3.org/1999/02/22-rdf-syntax-ns#" xmlns:bqmodel="http://biomodels.net/model-qualifiers/" xmlns:bqbiol="http://biomodels.net/biology-qualifiers/">
            <rdf:Description rdf:about="#metaid_0000099">
	<bqbiol:isVersionOf>
	<rdf:Bag>
	<rdf:li rdf:resource="http://identifiers.org/go/GO:0046982"/>
	</rdf:Bag>
	</bqbiol:isVersionOf>
	</rdf:Description>
	
          </rdf:RDF>
        </annotation>
              <listOfReactants>
          <speciesReference metaid="_455121" species="PER"/>
          <speciesReference metaid="_455133" species="TIM"/>
        </listOfReactants>
        <listOfProducts>
          <speciesReference metaid="_455145" species="PT"/>
        </listOfProducts>
        <kineticLaw metaid="_455157">
          <math xmlns="http://www.w3.org/1998/Math/MathML">          
            <apply>
              <times/>
              <ci> wholeCell </ci>
              <ci> PER </ci>
              <ci> TIM </ci>
              <ci> bpt </ci>
            </apply>
          </math>
                </kineticLaw>
      </reaction>
      <reaction id="re47" metaid="metaid_0000100" name="PER TIM dissociation" reversible="false">
        <annotation>
          <rdf:RDF xmlns:rdf="http://www.w3.org/1999/02/22-rdf-syntax-ns#" xmlns:bqmodel="http://biomodels.net/model-qualifiers/" xmlns:bqbiol="http://biomodels.net/biology-qualifiers/">
            <rdf:Description rdf:about="#metaid_0000100">
	<bqbiol:isVersionOf>
	<rdf:Bag>
	<rdf:li rdf:resource="http://identifiers.org/go/GO:0043624"/>
	</rdf:Bag>
	</bqbiol:isVersionOf>
	</rdf:Description>
	
          </rdf:RDF>
        </annotation>
              <listOfReactants>
          <speciesReference metaid="_455169" species="PT"/>
        </listOfReactants>
        <listOfProducts>
          <speciesReference metaid="_455181" species="PER"/>
          <speciesReference metaid="_455193" species="TIM"/>
        </listOfProducts>
        <kineticLaw metaid="_455205">
          <math xmlns="http://www.w3.org/1998/Math/MathML">          
            <apply>
              <times/>
              <ci> wholeCell </ci>
              <ci> PT </ci>
              <ci> ubpt </ci>
            </apply>
          </math>
                </kineticLaw>
      </reaction>
      <reaction id="re48" metaid="metaid_0000101" name="PER protein degradation" reversible="false">
        <annotation>
          <rdf:RDF xmlns:rdf="http://www.w3.org/1999/02/22-rdf-syntax-ns#" xmlns:bqmodel="http://biomodels.net/model-qualifiers/" xmlns:bqbiol="http://biomodels.net/biology-qualifiers/">
            <rdf:Description rdf:about="#metaid_0000101">
	<bqbiol:isVersionOf>
	<rdf:Bag>
	<rdf:li rdf:resource="http://identifiers.org/go/GO:0044257"/>
	</rdf:Bag>
	</bqbiol:isVersionOf>
	</rdf:Description>
	
          </rdf:RDF>
        </annotation>
              <listOfReactants>
          <speciesReference metaid="_455217" species="PER"/>
        </listOfReactants>
        <kineticLaw metaid="_455229">
          <math xmlns="http://www.w3.org/1998/Math/MathML">          
            <apply>
              <times/>
              <ci> wholeCell </ci>
              <ci> PER </ci>
              <ci> dper </ci>
            </apply>
          </math>
                </kineticLaw>
      </reaction>
      <reaction id="re51" metaid="metaid_0000102" name="tim transcription" reversible="false">
        <annotation>
          <rdf:RDF xmlns:rdf="http://www.w3.org/1999/02/22-rdf-syntax-ns#" xmlns:bqmodel="http://biomodels.net/model-qualifiers/" xmlns:bqbiol="http://biomodels.net/biology-qualifiers/">
            <rdf:Description rdf:about="#metaid_0000102">
	<bqbiol:isVersionOf>
	<rdf:Bag>
	<rdf:li rdf:resource="http://identifiers.org/go/GO:0006351"/>
	</rdf:Bag>
	</bqbiol:isVersionOf>
	</rdf:Description>
	
          </rdf:RDF>
        </annotation>
              <listOfProducts>
          <speciesReference metaid="_455241" species="timm"/>
        </listOfProducts>
        <listOfModifiers>
          <modifierSpeciesReference metaid="_455253" species="prct"/>
          <modifierSpeciesReference metaid="_455265" species="timp"/>
        </listOfModifiers>
        <kineticLaw metaid="_455277">
          <math xmlns="http://www.w3.org/1998/Math/MathML">          
            <apply>
              <times/>
              <ci> wholeCell </ci>
              <apply>
                <plus/>
                <apply>
                  <times/>
                  <apply>
                    <minus/>
                    <cn type="integer"> 1 </cn>
                    <apply>
                      <power/>
                      <apply>
                        <minus/>
                        <cn type="integer"> 1 </cn>
                        <ci> prct </ci>
                      </apply>
                      <ci> npt </ci>
                    </apply>
                  </apply>
                  <ci> tccctimp </ci>
                </apply>
                <apply>
                  <times/>
                  <apply>
                    <power/>
                    <apply>
                      <minus/>
                      <cn type="integer"> 1 </cn>
                      <ci> prct </ci>
                    </apply>
                    <ci> npt </ci>
                  </apply>
                  <ci> tcdvpmt </ci>
                </apply>
              </apply>
              <ci> timp </ci>
            </apply>
          </math>
                </kineticLaw>
      </reaction>
      <reaction id="re53" metaid="metaid_0000103" name="Degradation of tim mRNA" reversible="false">
        <annotation>
          <rdf:RDF xmlns:rdf="http://www.w3.org/1999/02/22-rdf-syntax-ns#" xmlns:bqmodel="http://biomodels.net/model-qualifiers/" xmlns:bqbiol="http://biomodels.net/biology-qualifiers/">
            <rdf:Description rdf:about="#metaid_0000103">
	<bqbiol:isVersionOf>
	<rdf:Bag>
	<rdf:li rdf:resource="http://identifiers.org/go/GO:0006402"/>
	</rdf:Bag>
	</bqbiol:isVersionOf>
	</rdf:Description>
	
          </rdf:RDF>
        </annotation>
              <listOfReactants>
          <speciesReference metaid="_455289" species="timm"/>
        </listOfReactants>
        <kineticLaw metaid="_455301">
          <math xmlns="http://www.w3.org/1998/Math/MathML">          
            <apply>
              <times/>
              <ci> wholeCell </ci>
              <ci> timm </ci>
              <ci> dtimm </ci>
            </apply>
          </math>
                </kineticLaw>
      </reaction>
      <reaction id="re54" metaid="metaid_0000104" name="timm translation" reversible="false">
        <annotation>
          <rdf:RDF xmlns:rdf="http://www.w3.org/1999/02/22-rdf-syntax-ns#" xmlns:bqmodel="http://biomodels.net/model-qualifiers/" xmlns:bqbiol="http://biomodels.net/biology-qualifiers/">
            <rdf:Description rdf:about="#metaid_0000104">
	<bqbiol:isVersionOf>
	<rdf:Bag>
	<rdf:li rdf:resource="http://identifiers.org/go/GO:0006412"/>
	</rdf:Bag>
	</bqbiol:isVersionOf>
	</rdf:Description>
	
          </rdf:RDF>
        </annotation>
              <listOfProducts>
          <speciesReference metaid="_455313" species="TIM"/>
        </listOfProducts>
        <listOfModifiers>
          <modifierSpeciesReference metaid="_455325" species="timm"/>
        </listOfModifiers>
        <kineticLaw metaid="_455337">
          <math xmlns="http://www.w3.org/1998/Math/MathML">          
            <apply>
              <times/>
              <ci> wholeCell </ci>
              <ci> timm </ci>
              <ci> tltim </ci>
            </apply>
          </math>
                </kineticLaw>
      </reaction>
      <reaction id="re55" metaid="metaid_0000105" name="TIM protein degradation" reversible="false">
        <annotation>
          <rdf:RDF xmlns:rdf="http://www.w3.org/1999/02/22-rdf-syntax-ns#" xmlns:bqmodel="http://biomodels.net/model-qualifiers/" xmlns:bqbiol="http://biomodels.net/biology-qualifiers/">
            <rdf:Description rdf:about="#metaid_0000105">
	<bqbiol:isVersionOf>
	<rdf:Bag>
	<rdf:li rdf:resource="http://identifiers.org/go/GO:0044257"/>
	</rdf:Bag>
	</bqbiol:isVersionOf>
	</rdf:Description>
	
          </rdf:RDF>
        </annotation>
              <listOfReactants>
          <speciesReference metaid="_455349" species="TIM"/>
        </listOfReactants>
        <kineticLaw metaid="_455361">
          <math xmlns="http://www.w3.org/1998/Math/MathML">          
            <apply>
              <times/>
              <ci> wholeCell </ci>
              <ci> TIM </ci>
              <ci> dtim </ci>
            </apply>
          </math>
                </kineticLaw>
      </reaction>
      <reaction id="re56" metaid="metaid_0000106" name="CC PT dimer dissociation" reversible="false">
        <annotation>
          <rdf:RDF xmlns:rdf="http://www.w3.org/1999/02/22-rdf-syntax-ns#" xmlns:bqmodel="http://biomodels.net/model-qualifiers/" xmlns:bqbiol="http://biomodels.net/biology-qualifiers/">
            <rdf:Description rdf:about="#metaid_0000106">
	<bqbiol:isVersionOf>
	<rdf:Bag>
	<rdf:li rdf:resource="http://identifiers.org/go/GO:0046982"/>
	</rdf:Bag>
	</bqbiol:isVersionOf>
	</rdf:Description>
	
          </rdf:RDF>
        </annotation>
              <listOfReactants>
          <speciesReference metaid="_455373" species="CCPT"/>
        </listOfReactants>
        <listOfProducts>
          <speciesReference metaid="_455385" species="CC"/>
          <speciesReference metaid="_455397" species="PT"/>
        </listOfProducts>
        <kineticLaw metaid="_455409">
          <math xmlns="http://www.w3.org/1998/Math/MathML">          
            <apply>
              <times/>
              <ci> wholeCell </ci>
              <ci> CCPT </ci>
              <ci> ubccpt </ci>
            </apply>
          </math>
                </kineticLaw>
      </reaction>
      <reaction id="re57" metaid="metaid_0000107" name="CC binding probability in per promoter" reversible="false">
        <annotation>
          <rdf:RDF xmlns:rdf="http://www.w3.org/1999/02/22-rdf-syntax-ns#" xmlns:bqmodel="http://biomodels.net/model-qualifiers/" xmlns:bqbiol="http://biomodels.net/biology-qualifiers/">
            <rdf:Description rdf:about="#metaid_0000107">
	<bqbiol:isVersionOf>
	<rdf:Bag>
	<rdf:li rdf:resource="http://identifiers.org/go/GO:0006357"/>
	</rdf:Bag>
	</bqbiol:isVersionOf>
	</rdf:Description>
	
          </rdf:RDF>
        </annotation>
              <listOfProducts>
          <speciesReference metaid="_455421" species="prcper"/>
        </listOfProducts>
        <listOfModifiers>
          <modifierSpeciesReference metaid="_455433" species="CC"/>
        </listOfModifiers>
        <kineticLaw metaid="_455445">
          <math xmlns="http://www.w3.org/1998/Math/MathML">          
            <apply>
              <times/>
              <ci> wholeCell </ci>
              <apply>
                <minus/>
                <cn type="integer"> 1 </cn>
                <ci> prcper </ci>
              </apply>
              <ci> bccperp </ci>
              <ci> CC </ci>
            </apply>
          </math>
                </kineticLaw>
      </reaction>
      <reaction id="re58" metaid="metaid_0000108" name="CC Unbinding probability in per promoter" reversible="false">
        <annotation>
          <rdf:RDF xmlns:rdf="http://www.w3.org/1999/02/22-rdf-syntax-ns#" xmlns:bqmodel="http://biomodels.net/model-qualifiers/" xmlns:bqbiol="http://biomodels.net/biology-qualifiers/">
            <rdf:Description rdf:about="#metaid_0000108">
	<bqbiol:isVersionOf>
	<rdf:Bag>
	<rdf:li rdf:resource="http://identifiers.org/go/GO:0006357"/>
	</rdf:Bag>
	</bqbiol:isVersionOf>
	</rdf:Description>
	
          </rdf:RDF>
        </annotation>
              <listOfReactants>
          <speciesReference metaid="_455457" species="prcper"/>
        </listOfReactants>
        <kineticLaw metaid="_455469">
          <math xmlns="http://www.w3.org/1998/Math/MathML">          
            <apply>
              <times/>
              <ci> wholeCell </ci>
              <ci> prcper </ci>
              <ci> ubccperp </ci>
            </apply>
          </math>
                </kineticLaw>
      </reaction>
      <reaction id="re59" metaid="metaid_0000109" name="CC Unbinding probability in vri promoter" reversible="false">
        <annotation>
          <rdf:RDF xmlns:rdf="http://www.w3.org/1999/02/22-rdf-syntax-ns#" xmlns:bqmodel="http://biomodels.net/model-qualifiers/" xmlns:bqbiol="http://biomodels.net/biology-qualifiers/">
            <rdf:Description rdf:about="#metaid_0000109">
	<bqbiol:isVersionOf>
	<rdf:Bag>
	<rdf:li rdf:resource="http://identifiers.org/go/GO:0006357"/>
	</rdf:Bag>
	</bqbiol:isVersionOf>
	</rdf:Description>
	
          </rdf:RDF>
        </annotation>
              <listOfReactants>
          <speciesReference metaid="_455481" species="prcv"/>
        </listOfReactants>
        <kineticLaw metaid="_455493">
          <math xmlns="http://www.w3.org/1998/Math/MathML">          
            <apply>
              <times/>
              <ci> wholeCell </ci>
              <ci> ubccvrip </ci>
              <ci> prcv </ci>
            </apply>
          </math>
                </kineticLaw>
      </reaction>
      <reaction id="re60" metaid="metaid_0000110" name="CC binding probability in vri promoter" reversible="false">
        <annotation>
          <rdf:RDF xmlns:rdf="http://www.w3.org/1999/02/22-rdf-syntax-ns#" xmlns:bqmodel="http://biomodels.net/model-qualifiers/" xmlns:bqbiol="http://biomodels.net/biology-qualifiers/">
            <rdf:Description rdf:about="#metaid_0000110">
	<bqbiol:isVersionOf>
	<rdf:Bag>
	<rdf:li rdf:resource="http://identifiers.org/go/GO:0006357"/>
	</rdf:Bag>
	</bqbiol:isVersionOf>
	</rdf:Description>
	
          </rdf:RDF>
        </annotation>
              <listOfProducts>
          <speciesReference metaid="_455505" species="prcv"/>
        </listOfProducts>
        <listOfModifiers>
          <modifierSpeciesReference metaid="_455517" species="CC"/>
        </listOfModifiers>
        <kineticLaw metaid="_455529">
          <math xmlns="http://www.w3.org/1998/Math/MathML">          
            <apply>
              <times/>
              <ci> wholeCell </ci>
              <apply>
                <minus/>
                <cn type="integer"> 1 </cn>
                <ci> prcv </ci>
              </apply>
              <ci> bccvrip </ci>
              <ci> CC </ci>
            </apply>
          </math>
                </kineticLaw>
      </reaction>
      <reaction id="re61" metaid="metaid_0000111" name="CC Unbinding probability in pdp1 promoter" reversible="false">
        <annotation>
          <rdf:RDF xmlns:rdf="http://www.w3.org/1999/02/22-rdf-syntax-ns#" xmlns:bqmodel="http://biomodels.net/model-qualifiers/" xmlns:bqbiol="http://biomodels.net/biology-qualifiers/">
            <rdf:Description rdf:about="#metaid_0000111">
	<bqbiol:isVersionOf>
	<rdf:Bag>
	<rdf:li rdf:resource="http://identifiers.org/go/GO:0006357"/>
	</rdf:Bag>
	</bqbiol:isVersionOf>
	</rdf:Description>
	
          </rdf:RDF>
        </annotation>
              <listOfReactants>
          <speciesReference metaid="_455541" species="prcpdp"/>
        </listOfReactants>
        <kineticLaw metaid="_455553">
          <math xmlns="http://www.w3.org/1998/Math/MathML">          
            <apply>
              <times/>
              <ci> wholeCell </ci>
              <ci> ubccpdpp </ci>
              <ci> prcpdp </ci>
            </apply>
          </math>
                </kineticLaw>
      </reaction>
      <reaction id="re62" metaid="metaid_0000112" name="CC binding probability in pdp1 promoter" reversible="false">
        <annotation>
          <rdf:RDF xmlns:rdf="http://www.w3.org/1999/02/22-rdf-syntax-ns#" xmlns:bqmodel="http://biomodels.net/model-qualifiers/" xmlns:bqbiol="http://biomodels.net/biology-qualifiers/">
            <rdf:Description rdf:about="#metaid_0000112">
	<bqbiol:isVersionOf>
	<rdf:Bag>
	<rdf:li rdf:resource="http://identifiers.org/go/GO:0006357"/>
	</rdf:Bag>
	</bqbiol:isVersionOf>
	</rdf:Description>
	
          </rdf:RDF>
        </annotation>
              <listOfProducts>
          <speciesReference metaid="_455565" species="prcpdp"/>
        </listOfProducts>
        <listOfModifiers>
          <modifierSpeciesReference metaid="_455577" species="CC"/>
        </listOfModifiers>
        <kineticLaw metaid="_455589">
          <math xmlns="http://www.w3.org/1998/Math/MathML">          
            <apply>
              <times/>
              <ci> wholeCell </ci>
              <apply>
                <minus/>
                <cn type="integer"> 1 </cn>
                <ci> prcpdp </ci>
              </apply>
              <ci> bccpdpp </ci>
              <ci> CC </ci>
            </apply>
          </math>
                </kineticLaw>
      </reaction>
      <reaction id="re63" metaid="metaid_0000113" name="VRI binding clk promoter" reversible="false">
        <annotation>
          <rdf:RDF xmlns:rdf="http://www.w3.org/1999/02/22-rdf-syntax-ns#" xmlns:bqmodel="http://biomodels.net/model-qualifiers/" xmlns:bqbiol="http://biomodels.net/biology-qualifiers/">
            <rdf:Description rdf:about="#metaid_0000113">
	<bqbiol:isVersionOf>
	<rdf:Bag>
	<rdf:li rdf:resource="http://identifiers.org/go/GO:0030528"/>
	</rdf:Bag>
	</bqbiol:isVersionOf>
	</rdf:Description>
	
          </rdf:RDF>
        </annotation>
              <listOfProducts>
          <speciesReference metaid="_455601" species="prvc"/>
        </listOfProducts>
        <listOfModifiers>
          <modifierSpeciesReference metaid="_455613" species="prpc"/>
          <modifierSpeciesReference metaid="_455625" species="VRI"/>
        </listOfModifiers>
        <kineticLaw metaid="_455637">
          <math xmlns="http://www.w3.org/1998/Math/MathML">          
            <apply>
              <times/>
              <ci> wholeCell </ci>
              <apply>
                <minus/>
                <apply>
                  <minus/>
                  <cn type="integer"> 1 </cn>
                  <ci> prvc </ci>
                </apply>
                <ci> prpc </ci>
              </apply>
              <ci> bvriclkp </ci>
              <ci> VRI </ci>
            </apply>
          </math>
                </kineticLaw>
      </reaction>
      <reaction id="re64" metaid="metaid_0000114" name="VRI unbinding clk promoter" reversible="false">
        <annotation>
          <rdf:RDF xmlns:rdf="http://www.w3.org/1999/02/22-rdf-syntax-ns#" xmlns:bqmodel="http://biomodels.net/model-qualifiers/" xmlns:bqbiol="http://biomodels.net/biology-qualifiers/">
            <rdf:Description rdf:about="#metaid_0000114">
	<bqbiol:isVersionOf>
	<rdf:Bag>
	<rdf:li rdf:resource="http://identifiers.org/go/GO:0030528"/>
	</rdf:Bag>
	</bqbiol:isVersionOf>
	</rdf:Description>
	
          </rdf:RDF>
        </annotation>
              <listOfReactants>
          <speciesReference metaid="_455649" species="prvc"/>
        </listOfReactants>
        <kineticLaw metaid="_455661">
          <math xmlns="http://www.w3.org/1998/Math/MathML">          
            <apply>
              <times/>
              <ci> wholeCell </ci>
              <ci> prvc </ci>
              <ci> ubvriclkp </ci>
            </apply>
          </math>
                </kineticLaw>
      </reaction>
      <reaction id="re65" metaid="metaid_0000115" name="PDP binding clk promoter" reversible="false">
        <annotation>
          <rdf:RDF xmlns:rdf="http://www.w3.org/1999/02/22-rdf-syntax-ns#" xmlns:bqmodel="http://biomodels.net/model-qualifiers/" xmlns:bqbiol="http://biomodels.net/biology-qualifiers/">
            <rdf:Description rdf:about="#metaid_0000115">
	<bqbiol:isVersionOf>
	<rdf:Bag>
	<rdf:li rdf:resource="http://identifiers.org/go/GO:0003700"/>
	</rdf:Bag>
	</bqbiol:isVersionOf>
	</rdf:Description>
	
          </rdf:RDF>
        </annotation>
              <listOfProducts>
          <speciesReference metaid="_455673" species="prpc"/>
        </listOfProducts>
        <listOfModifiers>
          <modifierSpeciesReference metaid="_455685" species="prvc"/>
          <modifierSpeciesReference metaid="_455697" species="PDP"/>
        </listOfModifiers>
        <kineticLaw metaid="_455709">
          <math xmlns="http://www.w3.org/1998/Math/MathML">          
            <apply>
              <times/>
              <ci> wholeCell </ci>
              <apply>
                <minus/>
                <apply>
                  <minus/>
                  <cn type="integer"> 1 </cn>
                  <ci> prvc </ci>
                </apply>
                <ci> prpc </ci>
              </apply>
              <ci> bpdpclkp </ci>
              <ci> PDP </ci>
            </apply>
          </math>
                </kineticLaw>
      </reaction>
      <reaction id="re66" metaid="metaid_0000116" name="PDP unbinding clk promoter" reversible="false">
        <annotation>
          <rdf:RDF xmlns:rdf="http://www.w3.org/1999/02/22-rdf-syntax-ns#" xmlns:bqmodel="http://biomodels.net/model-qualifiers/" xmlns:bqbiol="http://biomodels.net/biology-qualifiers/">
            <rdf:Description rdf:about="#metaid_0000116">
	<bqbiol:isVersionOf>
	<rdf:Bag>
	<rdf:li rdf:resource="http://identifiers.org/go/GO:0043433"/>
	</rdf:Bag>
	</bqbiol:isVersionOf>
	</rdf:Description>
	
          </rdf:RDF>
        </annotation>
              <listOfReactants>
          <speciesReference metaid="_455721" species="prpc"/>
        </listOfReactants>
        <kineticLaw metaid="_455733">
          <math xmlns="http://www.w3.org/1998/Math/MathML">          
            <apply>
              <times/>
              <ci> wholeCell </ci>
              <ci> prpc </ci>
              <ci> ubpdpclkp </ci>
            </apply>
          </math>
                </kineticLaw>
      </reaction>
      <reaction id="re68" metaid="metaid_0000117" name="CC binding probability in tim promoter" reversible="false">
        <annotation>
          <rdf:RDF xmlns:rdf="http://www.w3.org/1999/02/22-rdf-syntax-ns#" xmlns:bqmodel="http://biomodels.net/model-qualifiers/" xmlns:bqbiol="http://biomodels.net/biology-qualifiers/">
            <rdf:Description rdf:about="#metaid_0000117">
	<bqbiol:isVersionOf>
	<rdf:Bag>
	<rdf:li rdf:resource="http://identifiers.org/go/GO:0006357"/>
	</rdf:Bag>
	</bqbiol:isVersionOf>
	</rdf:Description>
	
          </rdf:RDF>
        </annotation>
              <listOfProducts>
          <speciesReference metaid="_455745" species="prct"/>
        </listOfProducts>
        <listOfModifiers>
          <modifierSpeciesReference metaid="_455757" species="CC"/>
        </listOfModifiers>
        <kineticLaw metaid="_455769">
          <math xmlns="http://www.w3.org/1998/Math/MathML">          
            <apply>
              <times/>
              <ci> wholeCell </ci>
              <apply>
                <minus/>
                <cn type="integer"> 1 </cn>
                <ci> prct </ci>
              </apply>
              <ci> bcctimp </ci>
              <ci> CC </ci>
            </apply>
          </math>
                </kineticLaw>
      </reaction>
      <reaction id="re69" metaid="metaid_0000118" name="CC Unbinding probability in tim promoter" reversible="false">
        <annotation>
          <rdf:RDF xmlns:rdf="http://www.w3.org/1999/02/22-rdf-syntax-ns#" xmlns:bqmodel="http://biomodels.net/model-qualifiers/" xmlns:bqbiol="http://biomodels.net/biology-qualifiers/">
            <rdf:Description rdf:about="#metaid_0000118">
	<bqbiol:isVersionOf>
	<rdf:Bag>
	<rdf:li rdf:resource="http://identifiers.org/go/GO:0006357"/>
	</rdf:Bag>
	</bqbiol:isVersionOf>
	</rdf:Description>
	
          </rdf:RDF>
        </annotation>
              <listOfReactants>
          <speciesReference metaid="_455781" species="prct"/>
        </listOfReactants>
        <kineticLaw metaid="_455793">
          <math xmlns="http://www.w3.org/1998/Math/MathML">          
            <apply>
              <times/>
              <ci> wholeCell </ci>
              <ci> prct </ci>
              <ci> ubcctimp </ci>
            </apply>
          </math>
                </kineticLaw>
      </reaction>
    </listOfReactions>
  </model>
</sbml>
