<?xml version="1.0" encoding="UTF-8" standalone="no"?>
<sbml xmlns="http://www.sbml.org/sbml/level2/version3" level="2" metaid="metaid_0000001" version="3">
  <model id="vilarOscillator" metaid="metaid_0000002" name="Vilar2002_Oscillator">
    <notes>
      <body xmlns="http://www.w3.org/1999/xhtml">
        <h1>      <h1>Minimal Model for Circadian Oscillations</h1>
                </h1>
            <table cellspacing="0" cellpadding="2" border="0">      <thead>        <tr>          <th valign="middle" bgcolor="#eeeeee" align="left">Citation</th>
                        </tr>
                    </thead>
                <tbody>        <tr>          <td>Vilar JMG, Kueh HY, Barkai N, Leibler S,
							 (2002)
							. Mechanisms of noise resistance in genetic oscillators,
							  PNAS, 99(9):5988-5992.            <a href="http://www.pnas.org/%20%20%20%20%20%20%20%20cgi/content/abstract/99/9/5988">http://www.pnas.org/cgi/content/abstract/
							99/9/5988</a>
                            </td>
                        </tr>
                    </tbody>
                </table>
            <table cellspacing="0" cellpadding="2" border="0">      <thead>        <tr>          <th valign="middle" bgcolor="#eeeeee" align="left">Description</th>
                        </tr>
                    </thead>
                <tbody>        <tr>          <td>A minimal model of genomically based oscillation,
							 based on two mutually interacting genes,
							 an activator and a repressor. Postive feedback is provided by the activator protein,
							 which binds to the promotors of both the activator and the repressor genes. Negative feedback is provided by the repressor protein which binds to the activator protein.</td>
                        </tr>
                    </tbody>
                </table>
            <table cellspacing="0" cellpadding="2" border="0">      <thead>        <tr>          <th valign="middle" bgcolor="#eeeeee" align="left">Rate constant      </th>
                        <th valign="middle" bgcolor="#eeeeee" align="left">Reaction</th>
                        </tr>
                    </thead>
                <tbody>        <tr>          <td>alphaA = 50</td>
                        <td>DA -&gt; DA + MA</td>
                        </tr>
                    <tr>          <td>alphaAp = 500</td>
                        <td>DAp -&gt; DAp + MA</td>
                        </tr>
                    <tr>          <td>alphaR = 0.01</td>
                        <td>DR -&gt; DR + MR</td>
                        </tr>
                    <tr>          <td>alphaRp = 50</td>
                        <td>DRp -&gt; DRp + MR</td>
                        </tr>
                    <tr>          <td>betaA = 50</td>
                        <td>MA -&gt; A + MA</td>
                        </tr>
                    <tr>          <td>betaR = 5</td>
                        <td>MR -&gt; MR + R</td>
                        </tr>
                    <tr>          <td>gammaA = 1</td>
                        <td>A + DA -&gt; DAp</td>
                        </tr>
                    <tr>          <td>gammaC = 2</td>
                        <td>A + R -&gt; C</td>
                        </tr>
                    <tr>          <td>gammaR = 1</td>
                        <td>A + DR -&gt; DRp</td>
                        </tr>
                    <tr>          <td>deltaA = 1</td>
                        <td>A -&gt; EmptySet</td>
                        </tr>
                    <tr>          <td>deltaA = 1</td>
                        <td>C -&gt; R</td>
                        </tr>
                    <tr>          <td>deltaMA = 10</td>
                        <td>MA -&gt; EmptySet</td>
                        </tr>
                    <tr>          <td>deltaMR = 0.5</td>
                        <td>MR -&gt; EmptySet</td>
                        </tr>
                    <tr>          <td>deltaR = 0.2</td>
                        <td>R -&gt; EmptySet</td>
                        </tr>
                    <tr>          <td>thetaA = 50</td>
                        <td>DAp -&gt; A + DA</td>
                        </tr>
                    <tr>          <td>thetaR = 100</td>
                        <td>DRp -&gt; A + DR</td>
                        </tr>
                    </tbody>
                </table>
            <table cellspacing="0" cellpadding="2" border="0">      <thead>        <tr>          <th valign="middle" bgcolor="#eeeeee" align="left">Variable</th>
                        <th valign="middle" bgcolor="#eeeeee" align="left">IC  </th>
                        <th valign="middle" bgcolor="#eeeeee" align="left">ODE</th>
                        </tr>
                    </thead>
                <tbody>        <tr>          <td>A</td>
                        <td>0</td>
                        <td>A'[t] == -(deltaA*A[t]) - gammaA*A[t]*DA[t] + thetaA*DAp[
							t] - gammaR*A[t]*DR[t] + thetaR*DRp[t] + betaA*MA[t] -
							 gammaC*A[t]*R[t]</td>
                        </tr>
                    <tr>          <td>C</td>
                        <td>0</td>
                        <td>C'[t] == -(deltaA*C[t]) + gammaC*A[t]*R[t]</td>
                        </tr>
                    <tr>          <td>DA</td>
                        <td>1</td>
                        <td>DA'[t] == -(gammaA*A[t]*DA[t]) + thetaA*DAp[t]</td>
                        </tr>
                    <tr>          <td>DAp</td>
                        <td>0</td>
                        <td>DAp'[t] == gammaA*A[t]*DA[t] - thetaA*DAp[t]</td>
                        </tr>
                    <tr>          <td>DR</td>
                        <td>1</td>
                        <td>DR'[t] == -(gammaR*A[t]*DR[t]) + thetaR*DRp[t]</td>
                        </tr>
                    <tr>          <td>DRp</td>
                        <td>0</td>
                        <td>DRp'[t] == gammaR*A[t]*DR[t] - thetaR*DRp[t]</td>
                        </tr>
                    <tr>          <td>MA</td>
                        <td>0</td>
                        <td>MA'[t] == alphaA*DA[t] + alphaAp*DAp[t] - deltaMA*MA[t]</td>
                        </tr>
                    <tr>          <td>MR</td>
                        <td>0</td>
                        <td>MR'[t] == alphaR*DR[t] + alphaRp*DRp[t] - deltaMR*MR[t]</td>
                        </tr>
                    <tr>          <td>R</td>
                        <td>0</td>
                        <td>R'[t] == deltaA*C[t] + betaR*MR[t] - deltaR*R[t] -
							 gammaC*A[t]*R[t]</td>
                        </tr>
                    </tbody>
                </table>
            <p>Generated by Cellerator Version 1.0 update 2.1127 using Mathematica 4.2 for 
				Mac OS X (June 4, 2002), November 27, 2002 12:17:46, using (PowerMac,PowerPC,
				Mac OS X,MacOSX,Darwin)</p>
            <p>author=B.E.Shapiro</p>
            <p>This model originates from BioModels Database: A Database of Annotated Published Models. It is copyright (c) 2005-2009 The BioModels Team.      <br/>
          For more information see the      <a href="http://www.ebi.ac.uk/biomodels/legal.html" target="_blank">terms of use</a>
          .      <br/>
          To cite BioModels Database, please use      <a href="http://www.pubmedcentral.nih.gov/articlerender.fcgi?tool=pubmed&amp;pubmedid=16381960" target="_blank">Le Novère N., Bornstein B., Broicher A., Courtot M., Donizelli M., Dharuri H., Li L., Sauro H., Schilstra M., Shapiro B., Snoep J.L., Hucka M. (2006) BioModels Database: A Free, Centralized Database of Curated, Published, Quantitative Kinetic Models of Biochemical and Cellular Systems Nucleic Acids Res., 34: D689-D691.</a>
                </p>
            </body>
      
    </notes>
    <annotation>
      <rdf:RDF xmlns:rdf="http://www.w3.org/1999/02/22-rdf-syntax-ns#" xmlns:bqmodel="http://biomodels.net/model-qualifiers/" xmlns:vCard="http://www.w3.org/2001/vcard-rdf/3.0#" xmlns:dc="http://purl.org/dc/elements/1.1/" xmlns:dcterms="http://purl.org/dc/terms/" xmlns:bqbiol="http://biomodels.net/biology-qualifiers/">
        <rdf:Description rdf:about="#metaid_0000002">
	<dc:creator>
	<rdf:Bag>
	<rdf:li rdf:parseType="Resource">
	<vCard:N rdf:parseType="Resource">
	<vCard:Family>Le Novère</vCard:Family>
	<vCard:Given>Nicolas</vCard:Given>
	</vCard:N>
	<vCard:EMAIL>lenov@ebi.ac.uk</vCard:EMAIL>
	<vCard:ORG rdf:parseType="Resource">
	<vCard:Orgname>EMBL-EBI</vCard:Orgname>
	</vCard:ORG>
	</rdf:li>
	<rdf:li rdf:parseType="Resource">
	<vCard:N rdf:parseType="Resource">
	<vCard:Family>Shapiro</vCard:Family>
	<vCard:Given>Bruce</vCard:Given>
	</vCard:N>
	<vCard:EMAIL>bshapiro@caltech.edu</vCard:EMAIL>
	<vCard:ORG rdf:parseType="Resource">
	<vCard:Orgname>Jet Propulsion Laboratory</vCard:Orgname>
	</vCard:ORG>
	</rdf:li>
	</rdf:Bag>
	</dc:creator>
	<dcterms:created rdf:parseType="Resource">
	<dcterms:W3CDTF>2005-06-30T10:20:37Z</dcterms:W3CDTF>
	</dcterms:created>
	<dcterms:modified rdf:parseType="Resource">
	<dcterms:W3CDTF>2013-06-03T13:58:11Z</dcterms:W3CDTF>
	</dcterms:modified>
	<bqmodel:is>
	<rdf:Bag>
	<rdf:li rdf:resource="http://identifiers.org/biomodels.db/MODEL6619651140"/>
	</rdf:Bag>
	</bqmodel:is>
	<bqmodel:is>
	<rdf:Bag>
	<rdf:li rdf:resource="http://identifiers.org/biomodels.db/BIOMD0000000035"/>
	</rdf:Bag>
	</bqmodel:is>
	<bqmodel:isDescribedBy>
	<rdf:Bag>
	<rdf:li rdf:resource="http://identifiers.org/pubmed/11972055"/>
	</rdf:Bag>
	</bqmodel:isDescribedBy>
	<bqbiol:isVersionOf>
	<rdf:Bag>
	<rdf:li rdf:resource="http://identifiers.org/go/GO:0042752"/>
	</rdf:Bag>
	</bqbiol:isVersionOf>
	<bqbiol:hasTaxon>
	<rdf:Bag>
	<rdf:li rdf:resource="http://identifiers.org/taxonomy/131567"/>
	</rdf:Bag>
	</bqbiol:hasTaxon>
	</rdf:Description>
	
      </rdf:RDF>
    </annotation>
      <listOfUnitDefinitions>
      <unitDefinition id="time" metaid="metaid_0000030" name="hour">
        <listOfUnits>
          <unit kind="second" metaid="bf09caa6_f895_47c3_85c4_cfcc8415da61" multiplier="3600"/>
        </listOfUnits>
      </unitDefinition>
    </listOfUnitDefinitions>
    <listOfCompartments>
      <compartment id="deterministicOscillator" metaid="metaid_0000003" size="1"/>
    </listOfCompartments>
    <listOfSpecies>
      <species boundaryCondition="true" compartment="deterministicOscillator" hasOnlySubstanceUnits="true" id="EmptySet" initialAmount="0" metaid="metaid_0000004"/>
      <species compartment="deterministicOscillator" hasOnlySubstanceUnits="true" id="A" initialAmount="0" metaid="metaid_0000005">
        <annotation>
          <rdf:RDF xmlns:rdf="http://www.w3.org/1999/02/22-rdf-syntax-ns#" xmlns:bqmodel="http://biomodels.net/model-qualifiers/" xmlns:bqbiol="http://biomodels.net/biology-qualifiers/">
            <rdf:Description rdf:about="#metaid_0000005">
	<bqbiol:isVersionOf>
	<rdf:Bag>
	<rdf:li rdf:resource="http://identifiers.org/chebi/CHEBI:36080"/>
	</rdf:Bag>
	</bqbiol:isVersionOf>
	</rdf:Description>
	
          </rdf:RDF>
        </annotation>
            </species>
      <species compartment="deterministicOscillator" hasOnlySubstanceUnits="true" id="C" initialAmount="0" metaid="metaid_0000006">
        <annotation>
          <rdf:RDF xmlns:rdf="http://www.w3.org/1999/02/22-rdf-syntax-ns#" xmlns:bqmodel="http://biomodels.net/model-qualifiers/" xmlns:bqbiol="http://biomodels.net/biology-qualifiers/">
            <rdf:Description rdf:about="#metaid_0000006">
	<bqbiol:isVersionOf>
	<rdf:Bag>
	<rdf:li rdf:resource="http://identifiers.org/chebi/CHEBI:36080"/>
	</rdf:Bag>
	</bqbiol:isVersionOf>
	</rdf:Description>
	
          </rdf:RDF>
        </annotation>
            </species>
      <species compartment="deterministicOscillator" hasOnlySubstanceUnits="true" id="DA" initialAmount="1" metaid="metaid_0000007"/>
      <species compartment="deterministicOscillator" hasOnlySubstanceUnits="true" id="DAp" initialAmount="0" metaid="metaid_0000008"/>
      <species compartment="deterministicOscillator" hasOnlySubstanceUnits="true" id="DR" initialAmount="1" metaid="metaid_0000009"/>
      <species compartment="deterministicOscillator" hasOnlySubstanceUnits="true" id="DRp" initialAmount="0" metaid="metaid_0000010"/>
      <species compartment="deterministicOscillator" hasOnlySubstanceUnits="true" id="MA" initialAmount="0" metaid="metaid_0000011">
        <annotation>
          <rdf:RDF xmlns:rdf="http://www.w3.org/1999/02/22-rdf-syntax-ns#" xmlns:bqmodel="http://biomodels.net/model-qualifiers/" xmlns:bqbiol="http://biomodels.net/biology-qualifiers/">
            <rdf:Description rdf:about="#metaid_0000011">
	<bqbiol:isVersionOf>
	<rdf:Bag>
	<rdf:li rdf:resource="http://identifiers.org/chebi/CHEBI:33699"/>
	</rdf:Bag>
	</bqbiol:isVersionOf>
	</rdf:Description>
	
          </rdf:RDF>
        </annotation>
            </species>
      <species compartment="deterministicOscillator" hasOnlySubstanceUnits="true" id="MR" initialAmount="0" metaid="metaid_0000012">
        <annotation>
          <rdf:RDF xmlns:rdf="http://www.w3.org/1999/02/22-rdf-syntax-ns#" xmlns:bqmodel="http://biomodels.net/model-qualifiers/" xmlns:bqbiol="http://biomodels.net/biology-qualifiers/">
            <rdf:Description rdf:about="#metaid_0000012">
	<bqbiol:isVersionOf>
	<rdf:Bag>
	<rdf:li rdf:resource="http://identifiers.org/chebi/CHEBI:33699"/>
	</rdf:Bag>
	</bqbiol:isVersionOf>
	</rdf:Description>
	
          </rdf:RDF>
        </annotation>
            </species>
      <species compartment="deterministicOscillator" hasOnlySubstanceUnits="true" id="R" initialAmount="0" metaid="metaid_0000013">
        <annotation>
          <rdf:RDF xmlns:rdf="http://www.w3.org/1999/02/22-rdf-syntax-ns#" xmlns:bqmodel="http://biomodels.net/model-qualifiers/" xmlns:bqbiol="http://biomodels.net/biology-qualifiers/">
            <rdf:Description rdf:about="#metaid_0000013">
	<bqbiol:isVersionOf>
	<rdf:Bag>
	<rdf:li rdf:resource="http://identifiers.org/chebi/CHEBI:36080"/>
	</rdf:Bag>
	</bqbiol:isVersionOf>
	</rdf:Description>
	
          </rdf:RDF>
        </annotation>
            </species>
    </listOfSpecies>
    <listOfReactions>
      <reaction id="Reaction1" metaid="metaid_0000014" reversible="false">
        <annotation>
          <rdf:RDF xmlns:rdf="http://www.w3.org/1999/02/22-rdf-syntax-ns#" xmlns:bqmodel="http://biomodels.net/model-qualifiers/" xmlns:bqbiol="http://biomodels.net/biology-qualifiers/">
            <rdf:Description rdf:about="#metaid_0000014">
	<bqbiol:isVersionOf>
	<rdf:Bag>
	<rdf:li rdf:resource="http://identifiers.org/go/GO:0006461"/>
	</rdf:Bag>
	</bqbiol:isVersionOf>
	</rdf:Description>
	
          </rdf:RDF>
        </annotation>
              <listOfReactants>
          <speciesReference metaid="ba706dad_3b3b_447c_b3b2_8b50ef77e70b" species="A"/>
          <speciesReference metaid="c8a0bfdf_b270_4d55_acb9_cc213e79cbe4" species="R"/>
        </listOfReactants>
        <listOfProducts>
          <speciesReference metaid="_91653ef2_69ee_417e_92d7_7724ce3f63c1" species="C"/>
        </listOfProducts>
        <kineticLaw metaid="_903f425f_6883_4b3b_9a10_eb5100e7c40b">
          <math xmlns="http://www.w3.org/1998/Math/MathML">          
            <apply>
              <times/>
              <ci> A </ci>
              <ci> R </ci>
              <ci> gammaC </ci>
            </apply>
          </math>
                  <listOfParameters>
            <parameter id="gammaC" metaid="_809561" value="2"/>
          </listOfParameters>
        </kineticLaw>
      </reaction>
      <reaction id="Reaction2" metaid="metaid_0000015" reversible="false">
        <annotation>
          <rdf:RDF xmlns:rdf="http://www.w3.org/1999/02/22-rdf-syntax-ns#" xmlns:bqmodel="http://biomodels.net/model-qualifiers/" xmlns:bqbiol="http://biomodels.net/biology-qualifiers/">
            <rdf:Description rdf:about="#metaid_0000015">
	<bqbiol:isVersionOf>
	<rdf:Bag>
	<rdf:li rdf:resource="http://identifiers.org/go/GO:0030163"/>
	</rdf:Bag>
	</bqbiol:isVersionOf>
	</rdf:Description>
	
          </rdf:RDF>
        </annotation>
              <listOfReactants>
          <speciesReference metaid="_5a58d8e9_387b_4841_9594_ac206ff6871f" species="A"/>
        </listOfReactants>
        <listOfProducts>
          <speciesReference metaid="_90342e01_1b6e_49c6_85bb_6dd809c71f83" species="EmptySet"/>
        </listOfProducts>
        <kineticLaw metaid="b888e2a4_0821_4dcc_8485_4b1081d4099b">
          <math xmlns="http://www.w3.org/1998/Math/MathML">          
            <apply>
              <times/>
              <ci> A </ci>
              <ci> deltaA </ci>
            </apply>
          </math>
                  <listOfParameters>
            <parameter id="deltaA" metaid="_809563" value="1"/>
          </listOfParameters>
        </kineticLaw>
      </reaction>
      <reaction id="Reaction3" metaid="metaid_0000016" reversible="false">
        <annotation>
          <rdf:RDF xmlns:rdf="http://www.w3.org/1999/02/22-rdf-syntax-ns#" xmlns:bqmodel="http://biomodels.net/model-qualifiers/" xmlns:bqbiol="http://biomodels.net/biology-qualifiers/">
            <rdf:Description rdf:about="#metaid_0000016">
	<bqbiol:isVersionOf>
	<rdf:Bag>
	<rdf:li rdf:resource="http://identifiers.org/go/GO:0030163"/>
	</rdf:Bag>
	</bqbiol:isVersionOf>
	</rdf:Description>
	
          </rdf:RDF>
        </annotation>
              <listOfReactants>
          <speciesReference metaid="e04e00ae_d2c6_4dca_bfc1_116ef457396c" species="C"/>
        </listOfReactants>
        <listOfProducts>
          <speciesReference metaid="_9872b1a3_c48a_469a_b7a7_6bf79aa984f5" species="R"/>
        </listOfProducts>
        <kineticLaw metaid="_5f7a8c81_726d_4602_a5fd_198306dc68a7">
          <math xmlns="http://www.w3.org/1998/Math/MathML">          
            <apply>
              <times/>
              <ci> C </ci>
              <ci> deltaA </ci>
            </apply>
          </math>
                  <listOfParameters>
            <parameter id="deltaA" metaid="_809565" value="1"/>
          </listOfParameters>
        </kineticLaw>
      </reaction>
      <reaction id="Reaction4" metaid="metaid_0000017" reversible="false">
        <annotation>
          <rdf:RDF xmlns:rdf="http://www.w3.org/1999/02/22-rdf-syntax-ns#" xmlns:bqmodel="http://biomodels.net/model-qualifiers/" xmlns:bqbiol="http://biomodels.net/biology-qualifiers/">
            <rdf:Description rdf:about="#metaid_0000017">
	<bqbiol:isVersionOf>
	<rdf:Bag>
	<rdf:li rdf:resource="http://identifiers.org/go/GO:0030163"/>
	</rdf:Bag>
	</bqbiol:isVersionOf>
	</rdf:Description>
	
          </rdf:RDF>
        </annotation>
              <listOfReactants>
          <speciesReference metaid="_0f533553_8f7d_4e9b_8f2d_c119e7a43fcc" species="R"/>
        </listOfReactants>
        <listOfProducts>
          <speciesReference metaid="_71da758d_229a_4ddc_8329_4c518a476988" species="EmptySet"/>
        </listOfProducts>
        <kineticLaw metaid="f1fce926_0762_409f_a9be_307021e9a4d9">
          <math xmlns="http://www.w3.org/1998/Math/MathML">          
            <apply>
              <times/>
              <ci> R </ci>
              <ci> deltaR </ci>
            </apply>
          </math>
                  <listOfParameters>
            <parameter id="deltaR" metaid="_809566" value="0.2"/>
          </listOfParameters>
        </kineticLaw>
      </reaction>
      <reaction id="Reaction5" metaid="metaid_0000018" reversible="false">
        <annotation>
          <rdf:RDF xmlns:rdf="http://www.w3.org/1999/02/22-rdf-syntax-ns#" xmlns:bqmodel="http://biomodels.net/model-qualifiers/" xmlns:bqbiol="http://biomodels.net/biology-qualifiers/">
            <rdf:Description rdf:about="#metaid_0000018">
	<bqbiol:isVersionOf>
	<rdf:Bag>
	<rdf:li rdf:resource="http://identifiers.org/go/GO:0016563"/>
	</rdf:Bag>
	</bqbiol:isVersionOf>
	</rdf:Description>
	
          </rdf:RDF>
        </annotation>
              <listOfReactants>
          <speciesReference metaid="_5c2d98da_ce9e_4f79_bd92_065f3f07983e" species="A"/>
          <speciesReference metaid="a3efa691_c90a_44e9_9720_262ab06c1fe7" species="DA"/>
        </listOfReactants>
        <listOfProducts>
          <speciesReference metaid="_8267e2db_e9b6_4e50_8028_bab0e311ed5b" species="DAp"/>
        </listOfProducts>
        <kineticLaw metaid="cec1af81_c2a7_4431_8e09_a06ded9f5f5d">
          <math xmlns="http://www.w3.org/1998/Math/MathML">          
            <apply>
              <times/>
              <ci> A </ci>
              <ci> DA </ci>
              <ci> gammaA </ci>
            </apply>
          </math>
                  <listOfParameters>
            <parameter id="gammaA" metaid="_809567" value="1"/>
          </listOfParameters>
        </kineticLaw>
      </reaction>
      <reaction id="Reaction6" metaid="metaid_0000019" reversible="false">
        <annotation>
          <rdf:RDF xmlns:rdf="http://www.w3.org/1999/02/22-rdf-syntax-ns#" xmlns:bqmodel="http://biomodels.net/model-qualifiers/" xmlns:bqbiol="http://biomodels.net/biology-qualifiers/">
            <rdf:Description rdf:about="#metaid_0000019">
	<bqbiol:isVersionOf>
	<rdf:Bag>
	<rdf:li rdf:resource="http://identifiers.org/go/GO:0032986"/>
	</rdf:Bag>
	</bqbiol:isVersionOf>
	</rdf:Description>
	
          </rdf:RDF>
        </annotation>
              <listOfReactants>
          <speciesReference metaid="f22308d7_bd2f_4314_8baa_e96b2debde0e" species="DAp"/>
        </listOfReactants>
        <listOfProducts>
          <speciesReference metaid="_0e612505_1c87_4611_b352_df8001aec800" species="A"/>
          <speciesReference metaid="_934397aa_0708_46d6_8d79_1d4518fa4ea7" species="DA"/>
        </listOfProducts>
        <kineticLaw metaid="e21d98bb_9e53_4aff_83b9_6fd1a1b64a80">
          <math xmlns="http://www.w3.org/1998/Math/MathML">          
            <apply>
              <times/>
              <ci> DAp </ci>
              <ci> thetaA </ci>
            </apply>
          </math>
                  <listOfParameters>
            <parameter id="thetaA" metaid="_809569" value="50"/>
          </listOfParameters>
        </kineticLaw>
      </reaction>
      <reaction id="Reaction7" metaid="metaid_0000020" reversible="false">
        <annotation>
          <rdf:RDF xmlns:rdf="http://www.w3.org/1999/02/22-rdf-syntax-ns#" xmlns:bqmodel="http://biomodels.net/model-qualifiers/" xmlns:bqbiol="http://biomodels.net/biology-qualifiers/">
            <rdf:Description rdf:about="#metaid_0000020">
	<bqbiol:isVersionOf>
	<rdf:Bag>
	<rdf:li rdf:resource="http://identifiers.org/go/GO:0006351"/>
	</rdf:Bag>
	</bqbiol:isVersionOf>
	</rdf:Description>
	
          </rdf:RDF>
        </annotation>
              <listOfReactants>
          <speciesReference metaid="_760735cf_81a1_4eed_ba74_e352bc3d1292" species="DA"/>
        </listOfReactants>
        <listOfProducts>
          <speciesReference metaid="c43c9853_c4d1_43ca_acce_e46818f81ce0" species="DA"/>
          <speciesReference metaid="_3b4cab7a_a76d_4f71_a9c7_dbf2556474ae" species="MA"/>
        </listOfProducts>
        <kineticLaw metaid="_36649ee0_2d4b_4586_984c_724c2b3e01ba">
          <math xmlns="http://www.w3.org/1998/Math/MathML">          
            <apply>
              <times/>
              <ci> DA </ci>
              <ci> alphaA </ci>
            </apply>
          </math>
                  <listOfParameters>
            <parameter id="alphaA" metaid="_809570" value="50"/>
          </listOfParameters>
        </kineticLaw>
      </reaction>
      <reaction id="Reaction8" metaid="metaid_0000021" reversible="false">
        <annotation>
          <rdf:RDF xmlns:rdf="http://www.w3.org/1999/02/22-rdf-syntax-ns#" xmlns:bqmodel="http://biomodels.net/model-qualifiers/" xmlns:bqbiol="http://biomodels.net/biology-qualifiers/">
            <rdf:Description rdf:about="#metaid_0000021">
	<bqbiol:isVersionOf>
	<rdf:Bag>
	<rdf:li rdf:resource="http://identifiers.org/go/GO:0006351"/>
	</rdf:Bag>
	</bqbiol:isVersionOf>
	</rdf:Description>
	
          </rdf:RDF>
        </annotation>
              <listOfReactants>
          <speciesReference metaid="_0ea3ae36_31ee_4619_9f4e_f7839da8af8c" species="DAp"/>
        </listOfReactants>
        <listOfProducts>
          <speciesReference metaid="_4274155e_59da_4c04_931b_4fc6c0351e91" species="DAp"/>
          <speciesReference metaid="_89bea2c9_6dfc_4a5a_a2fb_e56b63d5d011" species="MA"/>
        </listOfProducts>
        <kineticLaw metaid="c8d0e680_1053_46de_b1a9_006d2b92b594">
          <math xmlns="http://www.w3.org/1998/Math/MathML">          
            <apply>
              <times/>
              <ci> DAp </ci>
              <ci> alphaAp </ci>
            </apply>
          </math>
                  <listOfParameters>
            <parameter id="alphaAp" metaid="_809572" value="500"/>
          </listOfParameters>
        </kineticLaw>
      </reaction>
      <reaction id="Reaction9" metaid="metaid_0000022" reversible="false">
        <annotation>
          <rdf:RDF xmlns:rdf="http://www.w3.org/1999/02/22-rdf-syntax-ns#" xmlns:bqmodel="http://biomodels.net/model-qualifiers/" xmlns:bqbiol="http://biomodels.net/biology-qualifiers/">
            <rdf:Description rdf:about="#metaid_0000022">
	<bqbiol:isVersionOf>
	<rdf:Bag>
	<rdf:li rdf:resource="http://identifiers.org/go/GO:0006402"/>
	</rdf:Bag>
	</bqbiol:isVersionOf>
	</rdf:Description>
	
          </rdf:RDF>
        </annotation>
              <listOfReactants>
          <speciesReference metaid="_531af758_d005_418b_863b_b6c7b5024a2b" species="MA"/>
        </listOfReactants>
        <listOfProducts>
          <speciesReference metaid="_5833df6a_cd7c_4198_93a7_707702539de0" species="EmptySet"/>
        </listOfProducts>
        <kineticLaw metaid="_06193ac0_a171_4291_8480_8511d30f475d">
          <math xmlns="http://www.w3.org/1998/Math/MathML">          
            <apply>
              <times/>
              <ci> MA </ci>
              <ci> deltaMA </ci>
            </apply>
          </math>
                  <listOfParameters>
            <parameter id="deltaMA" metaid="_809573" value="10"/>
          </listOfParameters>
        </kineticLaw>
      </reaction>
      <reaction id="Reaction10" metaid="metaid_0000023" reversible="false">
        <annotation>
          <rdf:RDF xmlns:rdf="http://www.w3.org/1999/02/22-rdf-syntax-ns#" xmlns:bqmodel="http://biomodels.net/model-qualifiers/" xmlns:bqbiol="http://biomodels.net/biology-qualifiers/">
            <rdf:Description rdf:about="#metaid_0000023">
	<bqbiol:isVersionOf>
	<rdf:Bag>
	<rdf:li rdf:resource="http://identifiers.org/go/GO:0006412"/>
	</rdf:Bag>
	</bqbiol:isVersionOf>
	</rdf:Description>
	
          </rdf:RDF>
        </annotation>
              <listOfReactants>
          <speciesReference metaid="_2bdb8d32_caad_49fe_90d7_a6852ce568a9" species="MA"/>
        </listOfReactants>
        <listOfProducts>
          <speciesReference metaid="fe19fef0_752d_4202_a735_3492b19eeaae" species="A"/>
          <speciesReference metaid="aebb831a_909b_40a3_ad4d_4a5be5c11ac7" species="MA"/>
        </listOfProducts>
        <kineticLaw metaid="_07d2967a_7907_4589_ac49_4be717c48a46">
          <math xmlns="http://www.w3.org/1998/Math/MathML">          
            <apply>
              <times/>
              <ci> MA </ci>
              <ci> betaA </ci>
            </apply>
          </math>
                  <listOfParameters>
            <parameter id="betaA" metaid="_809575" value="50"/>
          </listOfParameters>
        </kineticLaw>
      </reaction>
      <reaction id="Reaction11" metaid="metaid_0000024" reversible="false">
        <annotation>
          <rdf:RDF xmlns:rdf="http://www.w3.org/1999/02/22-rdf-syntax-ns#" xmlns:bqmodel="http://biomodels.net/model-qualifiers/" xmlns:bqbiol="http://biomodels.net/biology-qualifiers/">
            <rdf:Description rdf:about="#metaid_0000024">
	<bqbiol:isVersionOf>
	<rdf:Bag>
	<rdf:li rdf:resource="http://identifiers.org/go/GO:0016563"/>
	<rdf:li rdf:resource="http://identifiers.org/go/GO:0010843"/>
	</rdf:Bag>
	</bqbiol:isVersionOf>
	</rdf:Description>
	
          </rdf:RDF>
        </annotation>
              <listOfReactants>
          <speciesReference metaid="ef84775a_3866_44d8_97ba_0a9cd95a3de6" species="A"/>
          <speciesReference metaid="_2b8a4e18_4e57_43a6_ba4f_5a9cd8d5153a" species="DR"/>
        </listOfReactants>
        <listOfProducts>
          <speciesReference metaid="_489a54ac_0080_478f_9e99_529d3d7100e5" species="DRp"/>
        </listOfProducts>
        <kineticLaw metaid="_2a4ec9fb_813a_4c91_ae5d_1b065d8a32e8">
          <math xmlns="http://www.w3.org/1998/Math/MathML">          
            <apply>
              <times/>
              <ci> A </ci>
              <ci> DR </ci>
              <ci> gammaR </ci>
            </apply>
          </math>
                  <listOfParameters>
            <parameter id="gammaR" metaid="_809576" value="1"/>
          </listOfParameters>
        </kineticLaw>
      </reaction>
      <reaction id="Reaction12" metaid="metaid_0000025" reversible="false">
        <annotation>
          <rdf:RDF xmlns:rdf="http://www.w3.org/1999/02/22-rdf-syntax-ns#" xmlns:bqmodel="http://biomodels.net/model-qualifiers/" xmlns:bqbiol="http://biomodels.net/biology-qualifiers/">
            <rdf:Description rdf:about="#metaid_0000025">
	<bqbiol:isVersionOf>
	<rdf:Bag>
	<rdf:li rdf:resource="http://identifiers.org/go/GO:0032986"/>
	</rdf:Bag>
	</bqbiol:isVersionOf>
	</rdf:Description>
	
          </rdf:RDF>
        </annotation>
              <listOfReactants>
          <speciesReference metaid="baff208e_62f3_48e1_b913_5e35bdd2894d" species="DRp"/>
        </listOfReactants>
        <listOfProducts>
          <speciesReference metaid="_400d5ed7_a37e_43ab_9fcd_2da81b6db5c1" species="A"/>
          <speciesReference metaid="ef890fa8_a953_4894_914d_267c6d8448c3" species="DR"/>
        </listOfProducts>
        <kineticLaw metaid="_1f032046_0bea_48e0_914b_e8fe95f295ab">
          <math xmlns="http://www.w3.org/1998/Math/MathML">          
            <apply>
              <times/>
              <ci> DRp </ci>
              <ci> thetaR </ci>
            </apply>
          </math>
                  <listOfParameters>
            <parameter id="thetaR" metaid="_809577" value="100"/>
          </listOfParameters>
        </kineticLaw>
      </reaction>
      <reaction id="Reaction13" metaid="metaid_0000026" reversible="false">
        <annotation>
          <rdf:RDF xmlns:rdf="http://www.w3.org/1999/02/22-rdf-syntax-ns#" xmlns:bqmodel="http://biomodels.net/model-qualifiers/" xmlns:bqbiol="http://biomodels.net/biology-qualifiers/">
            <rdf:Description rdf:about="#metaid_0000026">
	<bqbiol:isVersionOf>
	<rdf:Bag>
	<rdf:li rdf:resource="http://identifiers.org/go/GO:0006351"/>
	</rdf:Bag>
	</bqbiol:isVersionOf>
	</rdf:Description>
	
          </rdf:RDF>
        </annotation>
              <listOfReactants>
          <speciesReference metaid="_40480259_2d5e_453e_8f48_ead3712cb212" species="DR"/>
        </listOfReactants>
        <listOfProducts>
          <speciesReference metaid="_05bfe284_d2f7_4d77_8ad1_f0a7d3f87c0e" species="DR"/>
          <speciesReference metaid="_69035285_29b8_422b_8ce6_9b8dafaddd09" species="MR"/>
        </listOfProducts>
        <kineticLaw metaid="_86a2b2bf_8357_49cf_9d4e_e65f6daa20d8">
          <math xmlns="http://www.w3.org/1998/Math/MathML">          
            <apply>
              <times/>
              <ci> DR </ci>
              <ci> alphaR </ci>
            </apply>
          </math>
                  <listOfParameters>
            <parameter id="alphaR" metaid="_809579" value="0.01"/>
          </listOfParameters>
        </kineticLaw>
      </reaction>
      <reaction id="Reaction14" metaid="metaid_0000027" reversible="false">
        <annotation>
          <rdf:RDF xmlns:rdf="http://www.w3.org/1999/02/22-rdf-syntax-ns#" xmlns:bqmodel="http://biomodels.net/model-qualifiers/" xmlns:bqbiol="http://biomodels.net/biology-qualifiers/">
            <rdf:Description rdf:about="#metaid_0000027">
	<bqbiol:isVersionOf>
	<rdf:Bag>
	<rdf:li rdf:resource="http://identifiers.org/go/GO:0006351"/>
	</rdf:Bag>
	</bqbiol:isVersionOf>
	</rdf:Description>
	
          </rdf:RDF>
        </annotation>
              <listOfReactants>
          <speciesReference metaid="d8983e97_487f_4bac_a83c_2cf07ed89302" species="DRp"/>
        </listOfReactants>
        <listOfProducts>
          <speciesReference metaid="_4aea685a_f1a3_436d_80cf_e2e63cdc42d4" species="DRp"/>
          <speciesReference metaid="ef9a3447_44b6_4cfe_b763_67f35a08a3f0" species="MR"/>
        </listOfProducts>
        <kineticLaw metaid="_63c9cdd8_18dd_4d11_98c6_2d851f17925e">
          <math xmlns="http://www.w3.org/1998/Math/MathML">          
            <apply>
              <times/>
              <ci> DRp </ci>
              <ci> alphaRp </ci>
            </apply>
          </math>
                  <listOfParameters>
            <parameter id="alphaRp" metaid="_809580" value="50"/>
          </listOfParameters>
        </kineticLaw>
      </reaction>
      <reaction id="Reaction15" metaid="metaid_0000028" reversible="false">
        <annotation>
          <rdf:RDF xmlns:rdf="http://www.w3.org/1999/02/22-rdf-syntax-ns#" xmlns:bqmodel="http://biomodels.net/model-qualifiers/" xmlns:bqbiol="http://biomodels.net/biology-qualifiers/">
            <rdf:Description rdf:about="#metaid_0000028">
	<bqbiol:isVersionOf>
	<rdf:Bag>
	<rdf:li rdf:resource="http://identifiers.org/go/GO:0006402"/>
	</rdf:Bag>
	</bqbiol:isVersionOf>
	</rdf:Description>
	
          </rdf:RDF>
        </annotation>
              <listOfReactants>
          <speciesReference metaid="_27c7b9ed_c14d_46e6_bb80_6f3b683888c9" species="MR"/>
        </listOfReactants>
        <listOfProducts>
          <speciesReference metaid="d14a778f_a23a_4110_b0ef_3f8abf634825" species="EmptySet"/>
        </listOfProducts>
        <kineticLaw metaid="_891943b4_4c0d_45e5_ab3e_f6844ce2eec7">
          <math xmlns="http://www.w3.org/1998/Math/MathML">          
            <apply>
              <times/>
              <ci> MR </ci>
              <ci> deltaMR </ci>
            </apply>
          </math>
                  <listOfParameters>
            <parameter id="deltaMR" metaid="_809582" value="0.5"/>
          </listOfParameters>
        </kineticLaw>
      </reaction>
      <reaction id="Reaction16" metaid="metaid_0000029" reversible="false">
        <annotation>
          <rdf:RDF xmlns:rdf="http://www.w3.org/1999/02/22-rdf-syntax-ns#" xmlns:bqmodel="http://biomodels.net/model-qualifiers/" xmlns:bqbiol="http://biomodels.net/biology-qualifiers/">
            <rdf:Description rdf:about="#metaid_0000029">
	<bqbiol:isVersionOf>
	<rdf:Bag>
	<rdf:li rdf:resource="http://identifiers.org/go/GO:0006412"/>
	</rdf:Bag>
	</bqbiol:isVersionOf>
	</rdf:Description>
	
          </rdf:RDF>
        </annotation>
              <listOfReactants>
          <speciesReference metaid="fb94cfe3_d604_4398_bc34_68f3820131ae" species="MR"/>
        </listOfReactants>
        <listOfProducts>
          <speciesReference metaid="_978fa3e5_9aed_4965_b6a3_315b2aa889a7" species="MR"/>
          <speciesReference metaid="_07074486_04b3_4eb5_94d9_d2c0aa8d6a7a" species="R"/>
        </listOfProducts>
        <kineticLaw metaid="_65ecda31_4073_4d4b_9af4_e173abec2d65">
          <math xmlns="http://www.w3.org/1998/Math/MathML">          
            <apply>
              <times/>
              <ci> MR </ci>
              <ci> betaR </ci>
            </apply>
          </math>
                  <listOfParameters>
            <parameter id="betaR" metaid="_809583" value="5"/>
          </listOfParameters>
        </kineticLaw>
      </reaction>
    </listOfReactions>
  </model>
</sbml>
