<?xml version="1.0" encoding="UTF-8" standalone="no"?>
<sbml xmlns="http://www.sbml.org/sbml/level2/version3" xmlns:jd2="http://www.sys-bio.org/sbml/jd2" level="2" metaid="metaid_0000001" version="3">
  <model id="MODEL6655615431" metaid="metaid_0000002" name="Ibrahim2008 - Mitotic Spindle Assembly Checkpoint - Dissociation variant">
    <notes>
      <body xmlns="http://www.w3.org/1999/xhtml">
        <div class="dc:title">Ibrahim2008 - Mitotic Spindle Assembly Checkpoint - Dissociation variant</div>
            <div class="dc:description">      <p>The Mitotic Spindle Assembly Checkpoint ((M)SAC) is an evolutionary conserved mechanism. This model incorporates the perspectives of three central control pathways, namely Mad1/Mad2 induced Cdc20 sequestering based on the Template Model, MCC formation, and APC inhibition. MCC:APC dissociation is described by two alternatives models, namely the "Dissociation" and the "Convey" model variants. Both these model are available in BioModels Database. This model corresponds to the "Dissociation" variant.</p>
                </div>
            <div class="dc:bibliographicCitation">      <p>This model is described in the article:</p>
                <div class="bibo:title">        <a href="http://identifiers.org/pubmed/18253502" title="Access to this publication">In-silico modeling of the mitotic spindle assembly checkpoint.</a>
                    </div>
                <div class="bibo:authorList">Ibrahim B, Diekmann S, Schmitt E, Dittrich P</div>
                <div class="bibo:Journal">PLoS One. 2008 Feb 6;3(2):e1555.</div>
                <p>Abstract:</p>
                <div class="bibo:abstract">        <p>BACKGROUND: The Mitotic Spindle Assembly Checkpoint ((M)SAC) is an evolutionary conserved mechanism that ensures the correct segregation of chromosomes by restraining cell cycle progression from entering anaphase until all chromosomes have made proper bipolar attachments to the mitotic spindle. Its malfunction can lead to cancer.</p>
                    <p>PRINCIPLE FINDINGS: We have constructed and validated for the human (M)SAC mechanism an in silico dynamical model, integrating 11 proteins and complexes. The model incorporates the perspectives of three central control pathways, namely Mad1/Mad2 induced Cdc20 sequestering based on the Template Model, MCC formation, and APC inhibition. Originating from the biochemical reactions for the underlying molecular processes, non-linear ordinary differential equations for the concentrations of 11 proteins and complexes of the (M)SAC are derived. Most of the kinetic constants are taken from literature, the remaining four unknown parameters are derived by an evolutionary optimization procedure for an objective function describing the dynamics of the APC:Cdc20 complex. MCC:APC dissociation is described by two alternatives, namely the "Dissociation" and the "Convey" model variants. The attachment of the kinetochore to microtubuli is simulated by a switching parameter silencing those reactions which are stopped by the attachment. For both, the Dissociation and the Convey variants, we compare two different scenarios concerning the microtubule attachment dependent control of the dissociation reaction. Our model is validated by simulation of ten perturbation experiments.</p>
                    <p>CONCLUSION: Only in the controlled case, our models show (M)SAC behaviour at meta- to anaphase transition in agreement with experimental observations. Our simulations revealed that for (M)SAC activation, Cdc20 is not fully sequestered; instead APC is inhibited by MCC binding.</p>
                    </div>
                </div>
            <div class="bm:curation">      <p>This model describes the controlled dissociation variant of the mitotic spindle assembly checkpoint. If the tool you use has problems with events, you can uncomment the assignment rules for u and u_prime and comment out the list of events.</p>
                </div>
            <div class="bm:modification">      <p>In accordance with the authors due to typos in the original publication some initial conditions and parameters were slightly changed in the model:        <table cellspacing="10">          <tr>            <th/>
                            <th>article</th>
                            <th>model</th>
                            </tr>
                        <tr>            <td align="left">              <i>[O-Mad2]</i>
                                </td>
                            <td align="right">1.5e-7 M</td>
                            <td align="right">1.3e-7 M</td>
                            </tr>
                        <tr>            <td align="left">              <i>[BubR1:Bub3]</i>
                                </td>
                            <td align="right">1.30e-7 M</td>
                            <td align="right">1.27e-7 M</td>
                            </tr>
                        <tr>            <td align="left">              <i>k                <sub>-4</sub>
                                    </i>
                                </td>
                            <td align="right">0.01 M              <sup>-1</sup>
                  s              <sup>-1</sup>
                                </td>
                            <td align="right">0.02 M              <sup>-1</sup>
                  s              <sup>-1</sup>
                                </td>
                            </tr>
                        <tr>            <td align="left">              <i>k                <sub>-5</sub>
                                    </i>
                                </td>
                            <td align="right">0.1 M              <sup>-1</sup>
                  s              <sup>-1</sup>
                                </td>
                            <td align="right">0.2 M              <sup>-1</sup>
                  s              <sup>-1</sup>
                                </td>
                            </tr>
                        </table>
                    </p>
                </div>
            <div class="dc:publisher">      <p>This model is hosted on        <a href="http://www.ebi.ac.uk/biomodels/">BioModels Database</a>
            and identified by:        <a href="http://identifiers.org/biomodels.db/MODEL6655615431">MODEL6655615431</a>
            .        </p>
                <p>To cite BioModels Database, please use:        <a href="http://identifiers.org/pubmed/20587024" title="Latest BioModels Database publication">BioModels Database: An enhanced, curated and annotated resource for published quantitative kinetic models</a>
            .        </p>
                </div>
            <div class="dc:license">      <p>To the extent possible under law, all copyright and related or neighbouring rights to this encoded model have been dedicated to the public domain worldwide. Please refer to        <a href="http://creativecommons.org/publicdomain/zero/1.0/" title="Access to: CC0 1.0 Universal (CC0 1.0), Public Domain Dedication">CC0 Public Domain Dedication</a>
            for more information.        </p>
                </div>
            </body>
      
    </notes>
    <annotation>
	<rdf:RDF xmlns:rdf="http://www.w3.org/1999/02/22-rdf-syntax-ns#" xmlns:dc="http://purl.org/dc/elements/1.1/" xmlns:vCard="http://www.w3.org/2001/vcard-rdf/3.0#" xmlns:dcterms="http://purl.org/dc/terms/" xmlns:bqmodel="http://biomodels.net/model-qualifiers/" xmlns:bqbiol="http://biomodels.net/biology-qualifiers/">
        <rdf:Description rdf:about="#metaid_0000002">
	<dc:creator>
	<rdf:Bag>
	<rdf:li rdf:parseType="Resource">
	<vCard:N rdf:parseType="Resource">
	<vCard:Family>Endler</vCard:Family>
	<vCard:Given>Lukas</vCard:Given>
	</vCard:N>
	<vCard:EMAIL>lukas@ebi.ac.uk</vCard:EMAIL>
	<vCard:ORG rdf:parseType="Resource">
	<vCard:Orgname>EMBL-EBI</vCard:Orgname>
	</vCard:ORG>
	</rdf:li>
	
	
	
	<rdf:li rdf:parseType="Resource">
	<vCard:N rdf:parseType="Resource">
	<vCard:Family>Ibrahim</vCard:Family>
	<vCard:Given>Bashar</vCard:Given>
	</vCard:N>
	<vCard:EMAIL>b.ibrahim@dkfz.de</vCard:EMAIL>
	<vCard:ORG rdf:parseType="Resource">
	<vCard:Orgname>German Cancer Research Center, Heidelberg</vCard:Orgname>
	</vCard:ORG>
	</rdf:li>
	<rdf:li rdf:parseType="Resource">
	<vCard:N rdf:parseType="Resource">
	<vCard:Family>Diekmann</vCard:Family>
	<vCard:Given>Stephan</vCard:Given>
	</vCard:N>
	<vCard:EMAIL>diekmann@fli-leibniz.de</vCard:EMAIL>
	<vCard:ORG rdf:parseType="Resource">
	<vCard:Orgname>Fritz Lipmann Institute, Jena, Germany</vCard:Orgname>
	</vCard:ORG>
	</rdf:li>
	<rdf:li rdf:parseType="Resource">
	<vCard:N rdf:parseType="Resource">
	<vCard:Family>Dittrich</vCard:Family>
	<vCard:Given>Peter</vCard:Given>
	</vCard:N>
	<vCard:EMAIL>ditrich@minet.uni-jena.de</vCard:EMAIL>
	<vCard:ORG rdf:parseType="Resource">
	<vCard:Orgname>Friedrich-Schiller-University Jena, Germany</vCard:Orgname>
	</vCard:ORG>
	</rdf:li>
	<rdf:li rdf:parseType="Resource">
	<vCard:N rdf:parseType="Resource">
	<vCard:Family>Schmitt</vCard:Family>
	<vCard:Given>Eberhard</vCard:Given>
	</vCard:N>
	<vCard:EMAIL>eschmitt@fli-leibniz.de</vCard:EMAIL>
	<vCard:ORG rdf:parseType="Resource">
	<vCard:Orgname>Fritz Lipmann Institute, Jena, Germany</vCard:Orgname>
	</vCard:ORG>
	</rdf:li>
	</rdf:Bag>
	</dc:creator>
	<dcterms:created rdf:parseType="Resource">
	<dcterms:W3CDTF>2008-09-02T15:06:57Z</dcterms:W3CDTF>
	</dcterms:created>
	<dcterms:modified rdf:parseType="Resource">
	<dcterms:W3CDTF>2014-05-27T23:06:28Z</dcterms:W3CDTF>
	</dcterms:modified>
	<bqmodel:is>
	<rdf:Bag>
	<rdf:li rdf:resource="http://identifiers.org/biomodels.db/MODEL6655615431"/>
	</rdf:Bag>
	</bqmodel:is>
	<bqmodel:is>
	<rdf:Bag>
	<rdf:li rdf:resource="http://identifiers.org/biomodels.db/BIOMD0000000186"/>
	</rdf:Bag>
	</bqmodel:is>
	<bqmodel:isDescribedBy>
	<rdf:Bag>
	<rdf:li rdf:resource="http://identifiers.org/pubmed/18253502"/>
	</rdf:Bag>
	</bqmodel:isDescribedBy>
	<bqmodel:isDerivedFrom>
	<rdf:Bag>
	<rdf:li rdf:resource="http://identifiers.org/pubmed/15694304"/>
	</rdf:Bag>
	</bqmodel:isDerivedFrom>
	<bqbiol:hasTaxon>
	<rdf:Bag>
	<rdf:li rdf:resource="http://identifiers.org/taxonomy/9606"/>
	</rdf:Bag>
	</bqbiol:hasTaxon>
	<bqbiol:isVersionOf>
	<rdf:Bag>
	<rdf:li rdf:resource="http://identifiers.org/reactome/REACT_2137.2"/>
	<rdf:li rdf:resource="http://identifiers.org/go/GO:0007094"/>
	</rdf:Bag>
	</bqbiol:isVersionOf>
	<bqbiol:isPartOf>
	<rdf:Bag>
	<rdf:li rdf:resource="http://identifiers.org/kegg.pathway/hsa04110"/>
	</rdf:Bag>
	</bqbiol:isPartOf>
	</rdf:Description>
	
	</rdf:RDF>
	</annotation>
      <listOfUnitDefinitions>
      <unitDefinition id="ps" metaid="metaid_0000040" name="per second">
        <listOfUnits>
          <unit exponent="-1" kind="second" metaid="_725365"/>
        </listOfUnits>
      </unitDefinition>
      <unitDefinition id="pMps" metaid="metaid_0000041" name="liter per mole per second">
        <listOfUnits>
          <unit kind="litre" metaid="_725379"/>
          <unit exponent="-1" kind="mole" metaid="_725391"/>
          <unit exponent="-1" kind="second" metaid="_725403"/>
        </listOfUnits>
      </unitDefinition>
    </listOfUnitDefinitions>
    <listOfCompartments>
      <compartment id="Cytoplasm" metaid="metaid_0000014" name="Cytoplasm" size="1">
        <annotation>
	<rdf:RDF xmlns:rdf="http://www.w3.org/1999/02/22-rdf-syntax-ns#" xmlns:bqmodel="http://biomodels.net/model-qualifiers/" xmlns:bqbiol="http://biomodels.net/biology-qualifiers/">
            <rdf:Description rdf:about="#metaid_0000014">
	<bqbiol:is>
	<rdf:Bag>
	<rdf:li rdf:resource="http://identifiers.org/go/GO:0005737"/>
	</rdf:Bag>
	</bqbiol:is>
	</rdf:Description>
	
	</rdf:RDF>
	</annotation>
            </compartment>
    </listOfCompartments>
    <listOfSpecies>
      <species compartment="Cytoplasm" id="Mad1_CMad2" initialConcentration="5E-8" metaid="metaid_0000015" name="Mad1:C-Mad2" substanceUnits="mole">
        <annotation>
	<rdf:RDF xmlns:rdf="http://www.w3.org/1999/02/22-rdf-syntax-ns#" xmlns:bqmodel="http://biomodels.net/model-qualifiers/" xmlns:bqbiol="http://biomodels.net/biology-qualifiers/">
            <rdf:Description rdf:about="#metaid_0000015">
              <bqbiol:isVersionOf>
	<rdf:Bag>
	<rdf:li rdf:resource="http://identifiers.org/go/GO:0043234"/>
	</rdf:Bag>
	</bqbiol:isVersionOf>
	
	<bqbiol:hasPart>
	<rdf:Bag>
	<rdf:li rdf:resource="http://identifiers.org/uniprot/Q13257"/>
	<rdf:li rdf:resource="http://identifiers.org/uniprot/Q9Y6D9"/>
	</rdf:Bag>
	</bqbiol:hasPart>
	</rdf:Description>
	
	</rdf:RDF>
	</annotation>
            </species>
      <species compartment="Cytoplasm" id="OMad2" initialConcentration="1.3E-7" metaid="metaid_0000016" name="O-Mad2" substanceUnits="mole">
        <notes>
          <p xmlns="http://www.w3.org/1999/xhtml">
        Open conformation of Mad2</p>
          
        </notes>
        <annotation>
	<rdf:RDF xmlns:rdf="http://www.w3.org/1999/02/22-rdf-syntax-ns#" xmlns:bqmodel="http://biomodels.net/model-qualifiers/" xmlns:bqbiol="http://biomodels.net/biology-qualifiers/">
            <rdf:Description rdf:about="#metaid_0000016">
	<bqbiol:is>
	<rdf:Bag>
	<rdf:li rdf:resource="http://identifiers.org/uniprot/Q13257"/>
	</rdf:Bag>
	</bqbiol:is>
	</rdf:Description>
	
	</rdf:RDF>
	</annotation>
            </species>
      <species compartment="Cytoplasm" id="Mad1_CMad2_OMad2" initialConcentration="0" metaid="metaid_0000017" name="Mad1:C-Mad2:O-Mad2*" substanceUnits="mole">
        <annotation>
	<rdf:RDF xmlns:rdf="http://www.w3.org/1999/02/22-rdf-syntax-ns#" xmlns:bqmodel="http://biomodels.net/model-qualifiers/" xmlns:bqbiol="http://biomodels.net/biology-qualifiers/">
            <rdf:Description rdf:about="#metaid_0000017">
              <bqbiol:hasPart>
	<rdf:Bag>
	<rdf:li rdf:resource="http://identifiers.org/uniprot/Q13257"/>
	<rdf:li rdf:resource="http://identifiers.org/uniprot/Q9Y6D9"/>
	</rdf:Bag>
	</bqbiol:hasPart>
	
	<bqbiol:isVersionOf>
	<rdf:Bag>
	<rdf:li rdf:resource="http://identifiers.org/go/GO:0043234"/>
	</rdf:Bag>
	</bqbiol:isVersionOf>
	</rdf:Description>
	
	</rdf:RDF>
	</annotation>
            </species>
      <species compartment="Cytoplasm" id="Cdc20" initialConcentration="2.2E-7" metaid="metaid_0000018" name="Cdc20" substanceUnits="mole">
        <annotation>
	<rdf:RDF xmlns:rdf="http://www.w3.org/1999/02/22-rdf-syntax-ns#" xmlns:bqmodel="http://biomodels.net/model-qualifiers/" xmlns:bqbiol="http://biomodels.net/biology-qualifiers/">
            <rdf:Description rdf:about="#metaid_0000018">
	<bqbiol:is>
	<rdf:Bag>
	<rdf:li rdf:resource="http://identifiers.org/uniprot/Q12834"/>
	</rdf:Bag>
	</bqbiol:is>
	</rdf:Description>
	
	</rdf:RDF>
	</annotation>
            </species>
      <species compartment="Cytoplasm" id="Cdc20_CMad2" initialConcentration="0" metaid="metaid_0000019" name="Cdc20:C-Mad2" substanceUnits="mole">
        <annotation>
	<rdf:RDF xmlns:rdf="http://www.w3.org/1999/02/22-rdf-syntax-ns#" xmlns:bqmodel="http://biomodels.net/model-qualifiers/" xmlns:bqbiol="http://biomodels.net/biology-qualifiers/">
            <rdf:Description rdf:about="#metaid_0000019">
	<bqbiol:hasPart>
	<rdf:Bag>
	<rdf:li rdf:resource="http://identifiers.org/uniprot/Q13257"/>
	<rdf:li rdf:resource="http://identifiers.org/uniprot/Q12834"/>
	</rdf:Bag>
	</bqbiol:hasPart>
	</rdf:Description>
	
	</rdf:RDF>
	</annotation>
            </species>
      <species compartment="Cytoplasm" id="Bub3_BubR1" initialConcentration="1.27E-7" metaid="metaid_0000020" name="Bub3:BubR1" substanceUnits="mole">
        <annotation>
	<rdf:RDF xmlns:rdf="http://www.w3.org/1999/02/22-rdf-syntax-ns#" xmlns:bqmodel="http://biomodels.net/model-qualifiers/" xmlns:bqbiol="http://biomodels.net/biology-qualifiers/">
            <rdf:Description rdf:about="#metaid_0000020">
	<bqbiol:hasPart>
	<rdf:Bag>
	<rdf:li rdf:resource="http://identifiers.org/uniprot/Q60566"/>
	<rdf:li rdf:resource="http://identifiers.org/uniprot/O43684"/>
	</rdf:Bag>
	</bqbiol:hasPart>
	</rdf:Description>
	
	</rdf:RDF>
	</annotation>
            </species>
      <species compartment="Cytoplasm" id="MCC" initialConcentration="0" metaid="metaid_0000021" name="MCC" substanceUnits="mole">
        <annotation>
	<rdf:RDF xmlns:rdf="http://www.w3.org/1999/02/22-rdf-syntax-ns#" xmlns:bqmodel="http://biomodels.net/model-qualifiers/" xmlns:bqbiol="http://biomodels.net/biology-qualifiers/">
            <rdf:Description rdf:about="#metaid_0000021">
              <bqbiol:hasPart>
	<rdf:Bag>
	<rdf:li rdf:resource="http://identifiers.org/uniprot/Q12834"/>
	<rdf:li rdf:resource="http://identifiers.org/uniprot/Q13257"/>
	<rdf:li rdf:resource="http://identifiers.org/uniprot/Q60566"/>
	<rdf:li rdf:resource="http://identifiers.org/uniprot/O43684"/>
	</rdf:Bag>
	</bqbiol:hasPart>
	
	<bqbiol:is>
	<rdf:Bag>
	<rdf:li rdf:resource="http://identifiers.org/go/GO:0033597"/>
	</rdf:Bag>
	</bqbiol:is>
	</rdf:Description>
	
	</rdf:RDF>
	</annotation>
            </species>
      <species compartment="Cytoplasm" id="Bub3_BubR1_Cdc20" initialConcentration="0" metaid="metaid_0000022" name="Bub3:BubR1:Cdc20" substanceUnits="mole">
        <annotation>
	<rdf:RDF xmlns:rdf="http://www.w3.org/1999/02/22-rdf-syntax-ns#" xmlns:bqmodel="http://biomodels.net/model-qualifiers/" xmlns:bqbiol="http://biomodels.net/biology-qualifiers/">
            <rdf:Description rdf:about="#metaid_0000022">
	<bqbiol:hasPart>
	<rdf:Bag>
	<rdf:li rdf:resource="http://identifiers.org/uniprot/Q12834"/>
	<rdf:li rdf:resource="http://identifiers.org/uniprot/Q60566"/>
	<rdf:li rdf:resource="http://identifiers.org/uniprot/O43684"/>
	</rdf:Bag>
	</bqbiol:hasPart>
	</rdf:Description>
	
	</rdf:RDF>
	</annotation>
            </species>
      <species compartment="Cytoplasm" id="APC" initialConcentration="9E-8" metaid="metaid_0000322" name="APC" substanceUnits="mole">
        <annotation>
	<rdf:RDF xmlns:rdf="http://www.w3.org/1999/02/22-rdf-syntax-ns#" xmlns:bqmodel="http://biomodels.net/model-qualifiers/" xmlns:bqbiol="http://biomodels.net/biology-qualifiers/">
            <rdf:Description rdf:about="#metaid_0000322">
              <bqbiol:isVersionOf>
	<rdf:Bag>
	<rdf:li rdf:resource="http://identifiers.org/go/GO:0005680"/>
	</rdf:Bag>
	</bqbiol:isVersionOf>
	
	<bqbiol:hasPart>
	<rdf:Bag>
	<rdf:li rdf:resource="http://identifiers.org/uniprot/Q8NHZ8"/>
	<rdf:li rdf:resource="http://identifiers.org/uniprot/Q9BS18"/>
	<rdf:li rdf:resource="http://identifiers.org/uniprot/Q9NYG5"/>
	<rdf:li rdf:resource="http://identifiers.org/uniprot/Q9UM13"/>
	<rdf:li rdf:resource="http://identifiers.org/uniprot/Q9UJX2"/>
	<rdf:li rdf:resource="http://identifiers.org/uniprot/Q9UJX3"/>
	<rdf:li rdf:resource="http://identifiers.org/uniprot/Q13042"/>
	<rdf:li rdf:resource="http://identifiers.org/uniprot/Q9UJX4"/>
	<rdf:li rdf:resource="http://identifiers.org/uniprot/Q9UJX5"/>
	<rdf:li rdf:resource="http://identifiers.org/uniprot/P30260"/>
	<rdf:li rdf:resource="http://identifiers.org/uniprot/Q9UJX6"/>
	<rdf:li rdf:resource="http://identifiers.org/uniprot/Q9H1A4"/>
	</rdf:Bag>
	</bqbiol:hasPart>
	</rdf:Description>
	
	</rdf:RDF>
	</annotation>
            </species>
      <species compartment="Cytoplasm" id="MCC_APC" initialConcentration="0" metaid="metaid_0000323" name="MCC:APC" substanceUnits="mole">
        <annotation>
	<rdf:RDF xmlns:rdf="http://www.w3.org/1999/02/22-rdf-syntax-ns#" xmlns:bqmodel="http://biomodels.net/model-qualifiers/" xmlns:bqbiol="http://biomodels.net/biology-qualifiers/">
            <rdf:Description rdf:about="#metaid_0000323">
              <bqbiol:hasPart>
	<rdf:Bag>
	<rdf:li rdf:resource="http://identifiers.org/uniprot/Q12834"/>
	<rdf:li rdf:resource="http://identifiers.org/uniprot/Q13257"/>
	<rdf:li rdf:resource="http://identifiers.org/uniprot/Q60566"/>
	<rdf:li rdf:resource="http://identifiers.org/uniprot/O43684"/>
	<rdf:li rdf:resource="http://identifiers.org/uniprot/Q8NHZ8"/>
	<rdf:li rdf:resource="http://identifiers.org/uniprot/Q9BS18"/>
	<rdf:li rdf:resource="http://identifiers.org/uniprot/Q9NYG5"/>
	<rdf:li rdf:resource="http://identifiers.org/uniprot/Q9UM13"/>
	<rdf:li rdf:resource="http://identifiers.org/uniprot/Q9UJX2"/>
	<rdf:li rdf:resource="http://identifiers.org/uniprot/Q9UJX3"/>
	<rdf:li rdf:resource="http://identifiers.org/uniprot/Q13042"/>
	<rdf:li rdf:resource="http://identifiers.org/uniprot/Q9UJX4"/>
	<rdf:li rdf:resource="http://identifiers.org/uniprot/Q9UJX5"/>
	<rdf:li rdf:resource="http://identifiers.org/uniprot/P30260"/>
	<rdf:li rdf:resource="http://identifiers.org/uniprot/Q9UJX6"/>
	<rdf:li rdf:resource="http://identifiers.org/uniprot/Q9H1A4"/>
	</rdf:Bag>
	</bqbiol:hasPart>
	
	<bqbiol:hasPart>
	<rdf:Bag>
	<rdf:li rdf:resource="http://identifiers.org/go/GO:0005680"/>
	<rdf:li rdf:resource="http://identifiers.org/go/GO:0033597"/>
	</rdf:Bag>
	</bqbiol:hasPart>
	</rdf:Description>
	
	</rdf:RDF>
	</annotation>
            </species>
      <species compartment="Cytoplasm" id="APC_Cdc20" initialConcentration="0" metaid="metaid_0000324" name="APC:Cdc20" substanceUnits="mole">
        <annotation>
	<rdf:RDF xmlns:rdf="http://www.w3.org/1999/02/22-rdf-syntax-ns#" xmlns:bqmodel="http://biomodels.net/model-qualifiers/" xmlns:bqbiol="http://biomodels.net/biology-qualifiers/">
            <rdf:Description rdf:about="#metaid_0000324">
	<bqbiol:hasPart>
	<rdf:Bag>
	<rdf:li rdf:resource="http://identifiers.org/uniprot/Q12834"/>
	<rdf:li rdf:resource="http://identifiers.org/uniprot/Q8NHZ8"/>
	<rdf:li rdf:resource="http://identifiers.org/uniprot/Q9BS18"/>
	<rdf:li rdf:resource="http://identifiers.org/uniprot/Q9NYG5"/>
	<rdf:li rdf:resource="http://identifiers.org/uniprot/Q9UM13"/>
	<rdf:li rdf:resource="http://identifiers.org/uniprot/Q9UJX2"/>
	<rdf:li rdf:resource="http://identifiers.org/uniprot/Q9UJX3"/>
	<rdf:li rdf:resource="http://identifiers.org/uniprot/Q13042"/>
	<rdf:li rdf:resource="http://identifiers.org/uniprot/Q9UJX4"/>
	<rdf:li rdf:resource="http://identifiers.org/uniprot/Q9UJX5"/>
	<rdf:li rdf:resource="http://identifiers.org/uniprot/P30260"/>
	<rdf:li rdf:resource="http://identifiers.org/uniprot/Q9UJX6"/>
	<rdf:li rdf:resource="http://identifiers.org/uniprot/Q9H1A4"/>
	</rdf:Bag>
	</bqbiol:hasPart>
	</rdf:Description>
	
	</rdf:RDF>
	</annotation>
            </species>
    </listOfSpecies>
    <listOfParameters>
      <parameter id="k1f" metaid="metaid_0000009" units="pMps" value="200000"/>
      <parameter id="k1r" metaid="metaid_0000010" units="ps" value="0.2"/>
      <parameter id="k2f" metaid="metaid_0000008" units="pMps" value="100000000"/>
      <parameter id="k3f" metaid="metaid_0000003" units="ps" value="0.01"/>
      <parameter id="k4f" metaid="metaid_0000011" units="pMps" value="10000000"/>
      <parameter id="k4r" metaid="metaid_0000012" units="ps" value="0.02"/>
      <parameter id="k5f" metaid="metaid_0000005" units="pMps" value="10000"/>
      <parameter id="k5r" metaid="metaid_0000006" units="ps" value="0.2"/>
      <parameter id="kf6" metaid="metaid_0000004" units="pMps" value="1000"/>
      <parameter id="k7f" metaid="metaid_0000512" units="pMps" value="100000000"/>
      <parameter id="k7r" metaid="metaid_0000612" units="ps" value="0.08"/>
      <parameter id="k8f" metaid="metaid_0000712" units="pMps" value="5000000"/>
      <parameter id="k8r" metaid="metaid_0000812" units="ps" value="0.08"/>
      <parameter constant="false" id="u" metaid="metaid_0000007" units="dimensionless" value="1">
        <notes>
          <body xmlns="http://www.w3.org/1999/xhtml">
                <i>u = 1 : kinetochore unattached</i>
                    <br/>
                    <i>u = 0 : kinetochore attached</i>
                    </body>
          
        </notes>
      </parameter>
      <parameter constant="false" id="u_prime" metaid="metaid_1000007" units="dimensionless" value="0">
        <notes>
          <body xmlns="http://www.w3.org/1999/xhtml">
                <i>u = 0 : kinetochore unattached</i>
                    <br/>
                    <i>u = 1 : kinetochore attached</i>
                    <br/>
                    </body>
          
        </notes>
      </parameter>
      <parameter id="const_val_0" metaid="metaid_0000042" units="dimensionless" value="0"/>
      <parameter id="const_val_1" metaid="metaid_0000043" units="dimensionless" value="1"/>
    </listOfParameters>
    <listOfReactions>
      <reaction id="R1" metaid="metaid_0000023">
        <annotation>
	<rdf:RDF xmlns:rdf="http://www.w3.org/1999/02/22-rdf-syntax-ns#" xmlns:bqmodel="http://biomodels.net/model-qualifiers/" xmlns:bqbiol="http://biomodels.net/biology-qualifiers/">
            <rdf:Description rdf:about="#metaid_0000023">
	<bqbiol:isVersionOf>
	<rdf:Bag>
	<rdf:li rdf:resource="http://identifiers.org/go/GO:0032092"/>
	<rdf:li rdf:resource="http://identifiers.org/go/GO:0043241"/>
	<rdf:li rdf:resource="http://identifiers.org/go/GO:0006461"/>
	</rdf:Bag>
	</bqbiol:isVersionOf>
	</rdf:Description>
	
	</rdf:RDF>
	</annotation>
              <listOfReactants>
          <speciesReference metaid="_725415" species="Mad1_CMad2"/>
          <speciesReference metaid="_725427" species="OMad2"/>
        </listOfReactants>
        <listOfProducts>
          <speciesReference metaid="_725439" species="Mad1_CMad2_OMad2"/>
        </listOfProducts>
        <kineticLaw metaid="_725451">
          <math xmlns="http://www.w3.org/1998/Math/MathML">          
            <apply>
              <times/>
              <ci> Cytoplasm </ci>
              <apply>
                <minus/>
                <apply>
                  <times/>
                  <ci> u </ci>
                  <ci> k1f </ci>
                  <ci> Mad1_CMad2 </ci>
                  <ci> OMad2 </ci>
                </apply>
                <apply>
                  <times/>
                  <ci> k1r </ci>
                  <ci> Mad1_CMad2_OMad2 </ci>
                </apply>
              </apply>
            </apply>
          </math>
                </kineticLaw>
      </reaction>
      <reaction id="R2" metaid="metaid_0000024" reversible="false">
        <annotation>
	<rdf:RDF xmlns:rdf="http://www.w3.org/1999/02/22-rdf-syntax-ns#" xmlns:bqmodel="http://biomodels.net/model-qualifiers/" xmlns:bqbiol="http://biomodels.net/biology-qualifiers/">
            <rdf:Description rdf:about="#metaid_0000024">
	<bqbiol:isVersionOf>
	<rdf:Bag>
	<rdf:li rdf:resource="http://identifiers.org/go/GO:0032092"/>
	<rdf:li rdf:resource="http://identifiers.org/go/GO:0006461"/>
	</rdf:Bag>
	</bqbiol:isVersionOf>
	</rdf:Description>
	
	</rdf:RDF>
	</annotation>
              <listOfReactants>
          <speciesReference metaid="_725463" species="Mad1_CMad2_OMad2"/>
          <speciesReference metaid="_725475" species="Cdc20"/>
        </listOfReactants>
        <listOfProducts>
          <speciesReference metaid="_725487" species="Mad1_CMad2"/>
          <speciesReference metaid="_725499" species="Cdc20_CMad2"/>
        </listOfProducts>
        <kineticLaw metaid="_725511">
          <math xmlns="http://www.w3.org/1998/Math/MathML">          
            <apply>
              <times/>
              <ci> u </ci>
              <ci> k2f </ci>
              <ci> Mad1_CMad2_OMad2 </ci>
              <ci> Cytoplasm </ci>
              <ci> Cdc20 </ci>
            </apply>
          </math>
                </kineticLaw>
      </reaction>
      <reaction id="R3" metaid="metaid_0000025" reversible="false">
        <annotation>
	<rdf:RDF xmlns:rdf="http://www.w3.org/1999/02/22-rdf-syntax-ns#" xmlns:bqmodel="http://biomodels.net/model-qualifiers/" xmlns:bqbiol="http://biomodels.net/biology-qualifiers/">
            <rdf:Description rdf:about="#metaid_0000025">
	<bqbiol:isVersionOf>
	<rdf:Bag>
	<rdf:li rdf:resource="http://identifiers.org/go/GO:0043241"/>
	</rdf:Bag>
	</bqbiol:isVersionOf>
	</rdf:Description>
	
	</rdf:RDF>
	</annotation>
              <listOfReactants>
          <speciesReference metaid="_725523" species="Cdc20_CMad2"/>
        </listOfReactants>
        <listOfProducts>
          <speciesReference metaid="_725535" species="Cdc20"/>
          <speciesReference metaid="_725547" species="OMad2"/>
        </listOfProducts>
        <kineticLaw metaid="_725559">
          <math xmlns="http://www.w3.org/1998/Math/MathML">          
            <apply>
              <times/>
              <ci> k3f </ci>
              <ci> Cdc20_CMad2 </ci>
              <ci> Cytoplasm </ci>
            </apply>
          </math>
                </kineticLaw>
      </reaction>
      <reaction id="R4" metaid="metaid_0000026">
        <annotation>
	<rdf:RDF xmlns:rdf="http://www.w3.org/1999/02/22-rdf-syntax-ns#" xmlns:bqmodel="http://biomodels.net/model-qualifiers/" xmlns:bqbiol="http://biomodels.net/biology-qualifiers/">
            <rdf:Description rdf:about="#metaid_0000026">
	<bqbiol:isVersionOf>
	<rdf:Bag>
	<rdf:li rdf:resource="http://identifiers.org/reactome/REACT_36.2"/>
	<rdf:li rdf:resource="http://identifiers.org/go/GO:0043241"/>
	<rdf:li rdf:resource="http://identifiers.org/go/GO:0006461"/>
	</rdf:Bag>
	</bqbiol:isVersionOf>
	</rdf:Description>
	
	</rdf:RDF>
	</annotation>
              <listOfReactants>
          <speciesReference metaid="_725571" species="Cdc20_CMad2"/>
          <speciesReference metaid="_725583" species="Bub3_BubR1"/>
        </listOfReactants>
        <listOfProducts>
          <speciesReference metaid="_725595" species="MCC"/>
        </listOfProducts>
        <kineticLaw metaid="_725607">
          <math xmlns="http://www.w3.org/1998/Math/MathML">          
            <apply>
              <times/>
              <ci> Cytoplasm </ci>
              <apply>
                <minus/>
                <apply>
                  <times/>
                  <ci> u </ci>
                  <ci> k4f </ci>
                  <ci> Cdc20_CMad2 </ci>
                  <ci> Bub3_BubR1 </ci>
                </apply>
                <apply>
                  <times/>
                  <ci> k4r </ci>
                  <ci> MCC </ci>
                </apply>
              </apply>
            </apply>
          </math>
                </kineticLaw>
      </reaction>
      <reaction id="R5" metaid="metaid_0000027">
        <annotation>
	<rdf:RDF xmlns:rdf="http://www.w3.org/1999/02/22-rdf-syntax-ns#" xmlns:bqmodel="http://biomodels.net/model-qualifiers/" xmlns:bqbiol="http://biomodels.net/biology-qualifiers/">
            <rdf:Description rdf:about="#metaid_0000027">
	<bqbiol:isVersionOf>
	<rdf:Bag>
	<rdf:li rdf:resource="http://identifiers.org/go/GO:0043241"/>
	<rdf:li rdf:resource="http://identifiers.org/go/GO:0006461"/>
	</rdf:Bag>
	</bqbiol:isVersionOf>
	</rdf:Description>
	
	</rdf:RDF>
	</annotation>
              <listOfReactants>
          <speciesReference metaid="_725619" species="Bub3_BubR1"/>
          <speciesReference metaid="_725631" species="Cdc20"/>
        </listOfReactants>
        <listOfProducts>
          <speciesReference metaid="_725643" species="Bub3_BubR1_Cdc20"/>
        </listOfProducts>
        <kineticLaw metaid="_725655">
          <math xmlns="http://www.w3.org/1998/Math/MathML">          
            <apply>
              <times/>
              <ci> Cytoplasm </ci>
              <apply>
                <minus/>
                <apply>
                  <times/>
                  <ci> u </ci>
                  <ci> k5f </ci>
                  <ci> Bub3_BubR1 </ci>
                  <ci> Cdc20 </ci>
                </apply>
                <apply>
                  <times/>
                  <ci> k5r </ci>
                  <ci> Bub3_BubR1_Cdc20 </ci>
                </apply>
              </apply>
            </apply>
          </math>
                </kineticLaw>
      </reaction>
      <reaction id="R6" metaid="metaid_0000028" reversible="false">
        <annotation>
	<rdf:RDF xmlns:rdf="http://www.w3.org/1999/02/22-rdf-syntax-ns#" xmlns:bqmodel="http://biomodels.net/model-qualifiers/" xmlns:bqbiol="http://biomodels.net/biology-qualifiers/">
            <rdf:Description rdf:about="#metaid_0000028">
	<bqbiol:isVersionOf>
	<rdf:Bag>
	<rdf:li rdf:resource="http://identifiers.org/go/GO:0006461"/>
	</rdf:Bag>
	</bqbiol:isVersionOf>
	</rdf:Description>
	
	</rdf:RDF>
	</annotation>
              <listOfReactants>
          <speciesReference metaid="_725667" species="OMad2"/>
          <speciesReference metaid="_725679" species="Cdc20"/>
        </listOfReactants>
        <listOfProducts>
          <speciesReference metaid="_725691" species="Cdc20_CMad2"/>
        </listOfProducts>
        <kineticLaw metaid="_725703">
          <math xmlns="http://www.w3.org/1998/Math/MathML">          
            <apply>
              <times/>
              <ci> kf6 </ci>
              <ci> OMad2 </ci>
              <ci> Cdc20 </ci>
              <ci> Cytoplasm </ci>
            </apply>
          </math>
                </kineticLaw>
      </reaction>
      <reaction id="R7" metaid="metaid_0000223" reversible="false">
        <annotation>
	<rdf:RDF xmlns:rdf="http://www.w3.org/1999/02/22-rdf-syntax-ns#" xmlns:bqmodel="http://biomodels.net/model-qualifiers/" xmlns:bqbiol="http://biomodels.net/biology-qualifiers/">
            <rdf:Description rdf:about="#metaid_0000223">
	<bqbiol:isVersionOf>
	<rdf:Bag>
	<rdf:li rdf:resource="http://identifiers.org/go/GO:0043623"/>
	<rdf:li rdf:resource="http://identifiers.org/go/GO:0051436"/>
	</rdf:Bag>
	</bqbiol:isVersionOf>
	</rdf:Description>
	
	</rdf:RDF>
	</annotation>
              <listOfReactants>
          <speciesReference metaid="_725715" species="MCC"/>
          <speciesReference metaid="_725727" species="APC"/>
        </listOfReactants>
        <listOfProducts>
          <speciesReference metaid="_725739" species="MCC_APC"/>
        </listOfProducts>
        <kineticLaw metaid="_725751">
          <math xmlns="http://www.w3.org/1998/Math/MathML">          
            <apply>
              <times/>
              <ci> u </ci>
              <ci> k7f </ci>
              <ci> MCC </ci>
              <ci> APC </ci>
              <ci> Cytoplasm </ci>
            </apply>
          </math>
                </kineticLaw>
      </reaction>
      <reaction id="R7a" metaid="metaid_0000224" reversible="false">
        <annotation>
	<rdf:RDF xmlns:rdf="http://www.w3.org/1999/02/22-rdf-syntax-ns#" xmlns:bqmodel="http://biomodels.net/model-qualifiers/" xmlns:bqbiol="http://biomodels.net/biology-qualifiers/">
            <rdf:Description rdf:about="#metaid_0000224">
	<bqbiol:isVersionOf>
	<rdf:Bag>
	<rdf:li rdf:resource="http://identifiers.org/go/GO:0043624"/>
	</rdf:Bag>
	</bqbiol:isVersionOf>
	</rdf:Description>
	
	</rdf:RDF>
	</annotation>
              <listOfReactants>
          <speciesReference metaid="_725763" species="MCC_APC"/>
        </listOfReactants>
        <listOfProducts>
          <speciesReference metaid="_725775" species="MCC"/>
          <speciesReference metaid="_725787" species="APC"/>
        </listOfProducts>
        <kineticLaw metaid="_725799">
          <math xmlns="http://www.w3.org/1998/Math/MathML">          
            <apply>
              <times/>
              <ci> u_prime </ci>
              <ci> k7r </ci>
              <ci> MCC_APC </ci>
              <ci> Cytoplasm </ci>
            </apply>
          </math>
                </kineticLaw>
      </reaction>
      <reaction id="R8" metaid="metaid_0000225">
        <annotation>
	<rdf:RDF xmlns:rdf="http://www.w3.org/1999/02/22-rdf-syntax-ns#" xmlns:bqmodel="http://biomodels.net/model-qualifiers/" xmlns:bqbiol="http://biomodels.net/biology-qualifiers/">
            <rdf:Description rdf:about="#metaid_0000225">
	<bqbiol:isVersionOf>
	<rdf:Bag>
	<rdf:li rdf:resource="http://identifiers.org/go/GO:0043623"/>
	<rdf:li rdf:resource="http://identifiers.org/go/GO:0007092"/>
	</rdf:Bag>
	</bqbiol:isVersionOf>
	</rdf:Description>
	
	</rdf:RDF>
	</annotation>
              <listOfReactants>
          <speciesReference metaid="_725811" species="APC"/>
          <speciesReference metaid="_725823" species="Cdc20"/>
        </listOfReactants>
        <listOfProducts>
          <speciesReference metaid="_725835" species="APC_Cdc20"/>
        </listOfProducts>
        <kineticLaw metaid="_725847">
          <math xmlns="http://www.w3.org/1998/Math/MathML">          
            <apply>
              <times/>
              <ci> Cytoplasm </ci>
              <apply>
                <minus/>
                <apply>
                  <times/>
                  <ci> k8f </ci>
                  <ci> APC </ci>
                  <ci> Cdc20 </ci>
                </apply>
                <apply>
                  <times/>
                  <ci> k8r </ci>
                  <ci> APC_Cdc20 </ci>
                </apply>
              </apply>
            </apply>
          </math>
                </kineticLaw>
      </reaction>
    </listOfReactions>
    <listOfEvents>
      <event id="mt_attachment" metaid="metaid_0000031" name="Microtubule attachment">
        <trigger metaid="_725859">
          <math xmlns="http://www.w3.org/1998/Math/MathML">          
            <apply>
              <gt/>
              <csymbol encoding="text" definitionURL="http://www.sbml.org/sbml/symbols/time"> time </csymbol>
              <cn> 2000 </cn>
            </apply>
          </math>
                </trigger>
        <listOfEventAssignments>
          <eventAssignment metaid="_725871" variable="u">
            <math xmlns="http://www.w3.org/1998/Math/MathML">            
              <ci> const_val_0 </ci>
            </math>
                    </eventAssignment>
          <eventAssignment metaid="_725883" variable="u_prime">
            <math xmlns="http://www.w3.org/1998/Math/MathML">            
              <ci> const_val_1 </ci>
            </math>
                    </eventAssignment>
        </listOfEventAssignments>
      </event>
    </listOfEvents>
  </model>
</sbml>
