<?xml version="1.0" encoding="UTF-8" standalone="no"?>
<sbml xmlns="http://www.sbml.org/sbml/level2/version4" xmlns:bqbiol="http://biomodels.net/biology-qualifiers/" xmlns:bqmodel="http://biomodels.net/model-qualifiers/" xmlns:dc="http://purl.org/dc/elements/1.1/" xmlns:dcterms="http://purl.org/dc/terms/" xmlns:rdf="http://www.w3.org/1999/02/22-rdf-syntax-ns#" xmlns:vCard="http://www.w3.org/2001/vcard-rdf/3.0#" level="2" metaid="_50e315a9_b50d_4059_8618_12a1c7151cd3" version="4">
  <model id="MODEL1305030001" metaid="meta_mca" name="Smallbone2013 - Metabolic Control Analysis - Example 2">
    <notes>
      <body xmlns="http://www.w3.org/1999/xhtml">
        <div class="dc:title">Smallbone2013 - Metabolic Control Analysis - Example 2</div>
            <div class="dc:description">      <p>Metabolic control analysis (MCA) is a biochemical formalism, defining how variables, such as fluxes and concentrations, depend on network parameters. In this paper, owing to its limitations, it is shown with three example models (MODEL1305030000-2) that the algorithm with slight modification can be applied to all models.</p>
                </div>
            <div class="dc:bibliographicCitation">      <p>This model is described in the article:</p>
                <div class="bibo:title">        <a href="http://identifiers.org/arxiv/1305.6449" title="Access to this publication">Metabolic Control Analysis: Rereading Reder</a>
                    </div>
                <div class="bibo:authorList">Kieran Smallbone</div>
                <div class="bibo:Journal">Quantitative Methods; Tue, 28 May 2013.</div>
                <p>Abstract:</p>
                <div class="bibo:abstract">        <p>Metabolic control analysis is a biochemical formalism defined by Kacser and Burns in 1973, and given firm mathematical basis by Reder in 1988. The algorithm defined by Reder for calculating the control matrices is still used by software programs today, but is only valid for some biochemical models. We show that, with slight modification, the algorithm may be applied to all models.</p>
                    </div>
                </div>
            <div class="dc:publisher">      <p>This model is hosted on        <a href="http://www.ebi.ac.uk/biomodels/">BioModels Database</a>
            and identified
by:        <a href="http://identifiers.org/biomodels.db/MODEL1305030001">MODEL1305030001</a>
            .        </p>
                <p>To cite BioModels Database, please use:        <a href="http://identifiers.org/pubmed/20587024" title="Latest BioModels Database publication">BioModels Database: An enhanced, curated and annotated resource
for published quantitative kinetic models</a>
            .        </p>
                </div>
            <div class="dc:license">      <p>To the extent possible under law, all copyright and related or
neighbouring rights to this encoded model have been dedicated to the public
domain worldwide. Please refer to        <a href="http://creativecommons.org/publicdomain/zero/1.0/" title="Access to: CC0 1.0 Universal (CC0 1.0), Public Domain Dedication">CC0 Public Domain
Dedication</a>
            for more information.        </p>
                </div>
            </body>
      
    </notes>
    <annotation>
	<rdf:RDF xmlns:rdf="http://www.w3.org/1999/02/22-rdf-syntax-ns#" xmlns:dc="http://purl.org/dc/elements/1.1/" xmlns:vCard="http://www.w3.org/2001/vcard-rdf/3.0#" xmlns:dcterms="http://purl.org/dc/terms/" xmlns:bqmodel="http://biomodels.net/model-qualifiers/" xmlns:bqbiol="http://biomodels.net/biology-qualifiers/">
        <rdf:Description rdf:about="#meta_mca">
	<dc:creator>
	<rdf:Bag>
	<rdf:li rdf:parseType="Resource">
	<vCard:N rdf:parseType="Resource">
	<vCard:Family>Chelliah</vCard:Family>
	<vCard:Given>Vijayalakshmi</vCard:Given>
	</vCard:N>
	<vCard:EMAIL>viji@ebi.ac.uk</vCard:EMAIL>
	<vCard:ORG rdf:parseType="Resource">
	<vCard:Orgname>EMBL-EBI</vCard:Orgname>
	</vCard:ORG>
	</rdf:li>
	<rdf:li rdf:parseType="Resource">
	<vCard:N rdf:parseType="Resource">
	<vCard:Family>Smallbone</vCard:Family>
	<vCard:Given>Kieran</vCard:Given>
	</vCard:N>
	<vCard:EMAIL>kieran.smallbone@manchester.ac.uk</vCard:EMAIL>
	<vCard:ORG rdf:parseType="Resource">
	<vCard:Orgname>University of Manchester</vCard:Orgname>
	</vCard:ORG>
	</rdf:li>
	</rdf:Bag>
	</dc:creator>
	<dcterms:created rdf:parseType="Resource">
	<dcterms:W3CDTF>2013-05-01T12:00:00Z</dcterms:W3CDTF>
	</dcterms:created>
	<dcterms:modified rdf:parseType="Resource">
	<dcterms:W3CDTF>2016-04-08T17:28:16Z</dcterms:W3CDTF>
	</dcterms:modified>
	<bqmodel:is>
	<rdf:Bag>
	<rdf:li rdf:resource="http://identifiers.org/biomodels.db/MODEL1305030001"/>
	</rdf:Bag>
	</bqmodel:is>
	<bqmodel:is>
	<rdf:Bag>
	<rdf:li rdf:resource="http://identifiers.org/biomodels.db/BIOMD0000000455"/>
	</rdf:Bag>
	</bqmodel:is>
	<bqmodel:isDescribedBy>
	<rdf:Bag>
	<rdf:li rdf:resource="http://arxiv.org/pdf/1305.6449v1.pdf"/>
	</rdf:Bag>
	</bqmodel:isDescribedBy>
	<bqbiol:hasTaxon>
	<rdf:Bag>
	<rdf:li rdf:resource="http://identifiers.org/taxonomy/131567"/>
	</rdf:Bag>
	</bqbiol:hasTaxon>
	<bqbiol:hasProperty>
	<rdf:Bag>
	<rdf:li rdf:resource="http://identifiers.org/mamo/MAMO_0000046"/>
	</rdf:Bag>
	</bqbiol:hasProperty>
	<bqbiol:isVersionOf>
	<rdf:Bag>
	<rdf:li rdf:resource="http://identifiers.org/go/GO:0051098"/>
	</rdf:Bag>
	</bqbiol:isVersionOf>
	</rdf:Description>
	
	</rdf:RDF>
	</annotation>
      <listOfUnitDefinitions>
      <unitDefinition id="substance" metaid="d86c30c8_ce49_4d8f_8065_e3ba1fdb0d38">
        <listOfUnits>
          <unit kind="dimensionless" metaid="_12a8ee3b_6c13_4f75_8012_925a5bba685f"/>
        </listOfUnits>
      </unitDefinition>
      <unitDefinition id="time" metaid="_61d6a84f_d0ef_4c76_9d1f_18b43f1fcf9a">
        <listOfUnits>
          <unit kind="dimensionless" metaid="f050a49a_f37c_4b41_b768_27481109415d"/>
        </listOfUnits>
      </unitDefinition>
      <unitDefinition id="volume" metaid="_1ae7f9d6_39cd_43b4_b469_2205ce2fac5a">
        <listOfUnits>
          <unit kind="dimensionless" metaid="_0ecf10b3_74dc_429a_b7b3_364a27336903"/>
        </listOfUnits>
      </unitDefinition>
    </listOfUnitDefinitions>
    <listOfCompartments>
      <compartment id="cell" metaid="metaid_cell" name="cell" sboTerm="SBO:0000290" size="1">
        <annotation>
	<rdf:RDF xmlns:rdf="http://www.w3.org/1999/02/22-rdf-syntax-ns#" xmlns:bqbiol="http://biomodels.net/biology-qualifiers/">
            <rdf:Description rdf:about="#metaid_cell">
	<bqbiol:is>
	<rdf:Bag>
	<rdf:li rdf:resource="http://identifiers.org/go/GO:0005623"/>
	</rdf:Bag>
	</bqbiol:is>
	</rdf:Description>
	
	</rdf:RDF>
	</annotation>
            </compartment>
    </listOfCompartments>
    <listOfSpecies>
      <species compartment="cell" id="x1" initialConcentration="0.05625738310526" metaid="_421a495b_2f0c_48f3_b8ce_87a4bc459862" name="x1" sboTerm="SBO:0000247"/>
      <species compartment="cell" id="x2" initialConcentration="0.76876151899652" metaid="_097e9976_fddd_4713_88bf_adcbcf212040" name="x2" sboTerm="SBO:0000247"/>
      <species compartment="cell" id="x3" initialConcentration="4.23123848100348" metaid="ed706232_5d61_45e7_a9b4_f18acd5fca98" name="x3" sboTerm="SBO:0000247"/>
      <species boundaryCondition="true" compartment="cell" constant="true" id="y1" initialConcentration="10" metaid="_5d4ce7c7_473f_4ff3_ac56_2371d9d04264" name="y1" sboTerm="SBO:0000247"/>
      <species boundaryCondition="true" compartment="cell" constant="true" id="y2" initialConcentration="0" metaid="_30c4b881_0d60_41d0_9350_1f8e9590125b" name="y2" sboTerm="SBO:0000247"/>
      <species boundaryCondition="true" compartment="cell" constant="true" id="y3" initialConcentration="0" metaid="_33ea5824_047d_4e09_9eb4_b46d85b18b9e" name="y3" sboTerm="SBO:0000247"/>
      <species boundaryCondition="true" compartment="cell" constant="true" id="y4" initialConcentration="1" metaid="c497e1b0_bf28_410a_afa7_5918164729b6" name="y4" sboTerm="SBO:0000247"/>
      <species boundaryCondition="true" compartment="cell" constant="true" id="y5" initialConcentration="1" metaid="bd9a2679_2390_41b4_b18f_43686a9dd548" name="y5" sboTerm="SBO:0000247"/>
      <species boundaryCondition="true" compartment="cell" constant="true" id="y6" initialConcentration="0" metaid="_47dfeec2_694f_4c65_b89f_5981a9f9695a" name="y6" sboTerm="SBO:0000247"/>
    </listOfSpecies>
    <listOfReactions>
      <reaction id="v1" metaid="_50a58f9a_7906_4db4_adf1_7cdbdc94b5c4" name="v1" sboTerm="SBO:0000176">
        <listOfReactants>
          <speciesReference metaid="c7729ef2_8400_4869_96b8_cde5cb05170f" species="y1"/>
          <speciesReference metaid="_5029da43_02fe_40ab_8a5b_46d47f8f04b3" species="x2"/>
        </listOfReactants>
        <listOfProducts>
          <speciesReference metaid="bde0cc05_c621_4a49_a510_f37cc9bf49c1" species="x1"/>
          <speciesReference metaid="_7a964f87_3c16_47c1_89f9_c0002f0f60ec" species="x3"/>
        </listOfProducts>
        <listOfModifiers>
          <modifierSpeciesReference metaid="d447203d_3c19_4f03_ba1c_88405caffc38" species="y1"/>
          <modifierSpeciesReference metaid="c97ead37_3bc1_4e1f_8311_705c22e30ad3" species="x2"/>
          <modifierSpeciesReference metaid="_5b23f2b1_a580_4fd7_88a3_b6baed9e322a" species="x1"/>
          <modifierSpeciesReference metaid="d745350c_1c4a_4ff9_a273_345a8713516d" species="x3"/>
        </listOfModifiers>
        <kineticLaw metaid="cc1b99aa_18fa_4533_a254_57ec8dfbe1a2" sboTerm="SBO:0000430">
          <math xmlns="http://www.w3.org/1998/Math/MathML">          
            <apply>
              <divide/>
              <apply>
                <times/>
                <ci> e1 </ci>
                <apply>
                  <minus/>
                  <apply>
                    <times/>
                    <ci> p1 </ci>
                    <ci> y1 </ci>
                    <ci> x2 </ci>
                  </apply>
                  <apply>
                    <times/>
                    <ci> x1 </ci>
                    <ci> x3 </ci>
                  </apply>
                </apply>
              </apply>
              <apply>
                <plus/>
                <cn type="integer"> 1 </cn>
                <ci> y1 </ci>
                <ci> x2 </ci>
                <ci> x1 </ci>
                <ci> x3 </ci>
                <apply>
                  <times/>
                  <ci> y1 </ci>
                  <ci> x2 </ci>
                </apply>
                <apply>
                  <times/>
                  <ci> x1 </ci>
                  <ci> x3 </ci>
                </apply>
              </apply>
            </apply>
          </math>
                  <listOfParameters>
            <parameter id="e1" metaid="b2481699_f628_4bfd_a050_0e2de6381999" units="dimensionless" value="1"/>
            <parameter id="p1" metaid="f9b3ba60_e511_46cc_bb88_2c03f184263c" units="dimensionless" value="10"/>
          </listOfParameters>
        </kineticLaw>
      </reaction>
      <reaction id="v2" metaid="_83171b4a_c98f_4f54_941e_677158929c46" name="v2" sboTerm="SBO:0000176">
        <listOfReactants>
          <speciesReference metaid="f42ebd98_d82b_41a8_8a0c_c8ff9bf5bc71" species="y4"/>
          <speciesReference metaid="e95f09f3_ef83_491e_a5df_fe5d04b35bfc" species="x3"/>
        </listOfReactants>
        <listOfProducts>
          <speciesReference metaid="bf62a95a_43bb_48fb_8f26_3e50eb0f4885" species="y5"/>
          <speciesReference metaid="d6a4c62f_abae_4985_ae68_b076f251d4fe" species="x2"/>
        </listOfProducts>
        <listOfModifiers>
          <modifierSpeciesReference metaid="fe2b13d8_f5a3_49f3_adc1_94bf878594e0" species="y4"/>
          <modifierSpeciesReference metaid="a434cf3f_d122_4d8e_841e_9f163ffa8f67" species="x3"/>
          <modifierSpeciesReference metaid="d47971a7_b653_4431_9025_a52321474847" species="y5"/>
          <modifierSpeciesReference metaid="_11fe5182_2358_4563_91ea_a773e637ddeb" species="x2"/>
        </listOfModifiers>
        <kineticLaw metaid="aa9c92d2_6bad_447a_9622_e50d95f1d1f7" sboTerm="SBO:0000430">
          <math xmlns="http://www.w3.org/1998/Math/MathML">          
            <apply>
              <divide/>
              <apply>
                <times/>
                <ci> e2 </ci>
                <apply>
                  <minus/>
                  <apply>
                    <times/>
                    <ci> p2 </ci>
                    <ci> y4 </ci>
                    <ci> x3 </ci>
                  </apply>
                  <apply>
                    <times/>
                    <ci> y5 </ci>
                    <ci> x2 </ci>
                  </apply>
                </apply>
              </apply>
              <apply>
                <plus/>
                <cn type="integer"> 1 </cn>
                <ci> x3 </ci>
                <ci> x2 </ci>
                <ci> y4 </ci>
                <ci> y5 </ci>
                <apply>
                  <times/>
                  <ci> x3 </ci>
                  <ci> y4 </ci>
                </apply>
                <apply>
                  <times/>
                  <ci> x2 </ci>
                  <ci> y5 </ci>
                </apply>
              </apply>
            </apply>
          </math>
                  <listOfParameters>
            <parameter id="e2" metaid="_4c921acc_a9e1_421b_a7f9_00f7bd263a8c" units="dimensionless" value="1"/>
            <parameter id="p2" metaid="a0ff0f75_4aa3_47a7_9c86_d98158da1496" units="dimensionless" value="10"/>
          </listOfParameters>
        </kineticLaw>
      </reaction>
      <reaction id="v3" metaid="_9ff079e4_fa68_44fb_887c_471fb27b5aa7" name="v3" sboTerm="SBO:0000176">
        <listOfReactants>
          <speciesReference metaid="_672d9e36_fdd5_44a4_90a4_b04c8c552c78" species="x1"/>
        </listOfReactants>
        <listOfProducts>
          <speciesReference metaid="dbed0eec_fbde_492e_b2a9_b7c760964fec" species="y2"/>
        </listOfProducts>
        <listOfModifiers>
          <modifierSpeciesReference metaid="ed0f9875_f5fb_47cc_b492_2ed67ba87652" species="x1"/>
          <modifierSpeciesReference metaid="d4df6760_18ac_4f40_8cad_383a6b062a9e" species="y2"/>
        </listOfModifiers>
        <kineticLaw metaid="a401d4b0_e56d_4f4a_849b_89d9013e9d1c" sboTerm="SBO:0000430">
          <math xmlns="http://www.w3.org/1998/Math/MathML">          
            <apply>
              <divide/>
              <apply>
                <times/>
                <ci> e3 </ci>
                <apply>
                  <minus/>
                  <apply>
                    <times/>
                    <ci> p3 </ci>
                    <ci> x1 </ci>
                  </apply>
                  <ci> y2 </ci>
                </apply>
              </apply>
              <apply>
                <plus/>
                <cn type="integer"> 1 </cn>
                <ci> x1 </ci>
                <ci> y2 </ci>
              </apply>
            </apply>
          </math>
                  <listOfParameters>
            <parameter id="e3" metaid="_2bce95ce_3fcd_4c42_8c35_220b45cf9f64" units="dimensionless" value="1"/>
            <parameter id="p3" metaid="ac286115_d5ae_49bf_9f27_df1dd1ca6fe8" units="dimensionless" value="50"/>
          </listOfParameters>
        </kineticLaw>
      </reaction>
      <reaction id="v4" metaid="_20ef258b_5056_47a5_a5cb_a7ba5a558054" name="v4" sboTerm="SBO:0000176">
        <listOfReactants>
          <speciesReference metaid="c067e8d1_bfc8_4c40_ad90_14e9056ee0ba" species="x1"/>
        </listOfReactants>
        <listOfProducts>
          <speciesReference metaid="dd8f487f_78d6_4ee3_b993_bb80bf794cb8" species="y3"/>
        </listOfProducts>
        <listOfModifiers>
          <modifierSpeciesReference metaid="_3547b933_67f1_4864_a0ce_c37e0a173d3f" species="x1"/>
          <modifierSpeciesReference metaid="_97a2f62a_6653_4419_8566_57c645aa18c3" species="y3"/>
        </listOfModifiers>
        <kineticLaw metaid="_9041a7e7_c7ab_4d6c_9bd0_6804be5c5565" sboTerm="SBO:0000430">
          <math xmlns="http://www.w3.org/1998/Math/MathML">          
            <apply>
              <divide/>
              <apply>
                <times/>
                <ci> e4 </ci>
                <apply>
                  <minus/>
                  <apply>
                    <times/>
                    <ci> p4 </ci>
                    <ci> x1 </ci>
                  </apply>
                  <ci> y3 </ci>
                </apply>
              </apply>
              <apply>
                <plus/>
                <cn type="integer"> 1 </cn>
                <ci> x1 </ci>
                <ci> y3 </ci>
              </apply>
            </apply>
          </math>
                  <listOfParameters>
            <parameter id="e4" metaid="_0fcafa19_d6cb_4a74_8f98_fa618b86a470" units="dimensionless" value="1"/>
            <parameter id="p4" metaid="_5299159b_1426_4676_8ec7_2f16d2880e26" units="dimensionless" value="10"/>
          </listOfParameters>
        </kineticLaw>
      </reaction>
      <reaction id="v5" metaid="a651e7ea_2b18_4772_819e_8aa493e7ecc8" name="v5" sboTerm="SBO:0000176">
        <listOfReactants>
          <speciesReference metaid="_98d56fe8_c53f_4393_a665_9b177c77566d" species="x3"/>
        </listOfReactants>
        <listOfProducts>
          <speciesReference metaid="a830abf8_3eb9_4e32_a5a5_94a301ad0c0e" species="y6"/>
        </listOfProducts>
        <listOfModifiers>
          <modifierSpeciesReference metaid="_4a557952_cbe3_4f5f_9d09_080ddcde09b7" species="x3"/>
        </listOfModifiers>
        <kineticLaw metaid="_84dd6d8f_f154_4654_a7ae_c6beceaeb3ae" sboTerm="SBO:0000430">
          <math xmlns="http://www.w3.org/1998/Math/MathML">          
            <apply>
              <times/>
              <ci> e5 </ci>
              <ci> p5 </ci>
              <ci> x3 </ci>
            </apply>
          </math>
                  <listOfParameters>
            <parameter id="e5" metaid="_66aa33df_0a32_41f5_95de_d9524723b5ea" units="dimensionless" value="1"/>
            <parameter id="p5" metaid="d559adfd_f5c6_44df_9508_37131cbc0a38" units="dimensionless" value="0"/>
          </listOfParameters>
        </kineticLaw>
      </reaction>
    </listOfReactions>
  </model>
</sbml>
