<?xml version="1.0" encoding="UTF-8" standalone="no"?>
<sbml xmlns="http://www.sbml.org/sbml/level2/version3" level="2" metaid="metaid_0000001" version="3">
  <model id="MODEL8389825246" metaid="metaid_0000002" name="Chickarmane2008 - Stem cell lineage - NANOG GATA-6 switch">
    <notes>
      <body xmlns="http://www.w3.org/1999/xhtml">
        <div class="dc:title">Chickarmane2008 - Stem cell lineage - NANOG GATA-6 switch</div>
            <div class="dc:description">      <p>In this work, a dynamical model of lineage
 determination based upon a minimal circuit, as discussed in PMID:        <a href="http://identifiers.org/pubmed/18941526">17215298</a>
            , which contains the Oct4/Sox2/Nanog core as well its interaction
 with a few other key genes is discussed.        </p>
                </div>
            <div class="dc:bibliographicCitation">      <p>This model is described in the article:</p>
                <div class="bibo:title">        <a href="http://identifiers.org/pubmed/18941526" title="Access to this publication">A computational model for understanding stem cell, trophectoderm and endoderm lineage determination.</a>
                    </div>
                <div class="bibo:authorList">Chickarmane V, Peterson C</div>
                <div class="bibo:Journal">PloS one. 2008, 3(10):e3478</div>
                <p>Abstract:</p>
                <div class="bibo:abstract">        <p>BACKGROUND: Recent studies have associated the transcription factors, Oct4, Sox2 and Nanog as parts of a self-regulating network which is responsible for maintaining embryonic stem cell properties: self renewal and pluripotency. In addition, mutual antagonism between two of these and other master regulators have been shown to regulate lineage determination. In particular, an excess of Cdx2 over Oct4 determines the trophectoderm lineage whereas an excess of Gata-6 over Nanog determines differentiation into the endoderm lineage. Also, under/over-expression studies of the master regulator Oct4 have revealed that some self-renewal/pluripotency as well as differentiation genes are expressed in a biphasic manner with respect to the concentration of Oct4. METHODOLOGY/</p>
                    <p>PRINCIPAL FINDINGS: We construct a dynamical model of a minimalistic network, extracted from ChIP-on-chip and microarray data as well as literature studies. The model is based upon differential equations and makes two plausible assumptions; activation of Gata-6 by Oct4 and repression of Nanog by an Oct4-Gata-6 heterodimer. With these assumptions, the results of simulations successfully describe the biphasic behavior as well as lineage commitment. The model also predicts that reprogramming the network from a differentiated state, in particular the endoderm state, into a stem cell state, is best achieved by over-expressing Nanog, rather than by suppression of differentiation genes such as Gata-6.</p>
                    <p>CONCLUSIONS: The computational model provides a mechanistic understanding of how different lineages arise from the dynamics of the underlying regulatory network. It provides a framework to explore strategies of reprogramming a cell from a differentiated state to a stem cell state through directed perturbations. Such an approach is highly relevant to regenerative medicine since it allows for a rapid search over the host of possibilities for reprogramming to a stem cell state.</p>
                    </div>
                </div>
            <div class="dc:publisher">      <p>This model is hosted on        <a href="http://www.ebi.ac.uk/biomodels/">BioModels Database</a>
            and identified
by:        <a href="http://identifiers.org/biomodels.db/MODEL8389825246">MODEL8389825246</a>
            .        </p>
                <p>To cite BioModels Database, please use:        <a href="http://identifiers.org/pubmed/20587024" title="Latest BioModels Database publication">BioModels Database: An enhanced, curated and annotated resource
for published quantitative kinetic models</a>
            .        </p>
                </div>
            <div class="dc:license">      <p>To the extent possible under law, all copyright and related or
neighbouring rights to this encoded model have been dedicated to the public
domain worldwide. Please refer to        <a href="http://creativecommons.org/publicdomain/zero/1.0/" title="Access to: CC0 1.0 Universal (CC0 1.0), Public Domain Dedication">CC0 Public Domain
Dedication</a>
            for more information.        </p>
                </div>
            </body>
      
    </notes>
    <annotation>
      <rdf:RDF xmlns:rdf="http://www.w3.org/1999/02/22-rdf-syntax-ns#" xmlns:bqmodel="http://biomodels.net/model-qualifiers/" xmlns:vCard="http://www.w3.org/2001/vcard-rdf/3.0#" xmlns:dc="http://purl.org/dc/elements/1.1/" xmlns:dcterms="http://purl.org/dc/terms/" xmlns:bqbiol="http://biomodels.net/biology-qualifiers/">
        <rdf:Description rdf:about="#metaid_0000002">
	<dc:creator>
	<rdf:Bag>
	<rdf:li rdf:parseType="Resource">
	<vCard:N rdf:parseType="Resource">
	<vCard:Family>Endler</vCard:Family>
	<vCard:Given>Lukas</vCard:Given>
	</vCard:N>
	<vCard:EMAIL>lukas@ebi.ac.uk</vCard:EMAIL>
	<vCard:ORG rdf:parseType="Resource">
	<vCard:Orgname>EMBL-EBI</vCard:Orgname>
	</vCard:ORG>
	</rdf:li>
	
	
	<rdf:li rdf:parseType="Resource">
	<vCard:N rdf:parseType="Resource">
	<vCard:Family>Chickarmane</vCard:Family>
	<vCard:Given>Vijay</vCard:Given>
	</vCard:N>
	<vCard:EMAIL>vchickar@caltech.edu</vCard:EMAIL>
	<vCard:ORG rdf:parseType="Resource">
	<vCard:Orgname>Keck Graduate Institute, California</vCard:Orgname>
	</vCard:ORG>
	</rdf:li>
	<rdf:li rdf:parseType="Resource">
	<vCard:N rdf:parseType="Resource">
	<vCard:Family>Peterson</vCard:Family>
	<vCard:Given>Carsten</vCard:Given>
	</vCard:N>
	<vCard:EMAIL>carsten@thep.lu.se</vCard:EMAIL>
	<vCard:ORG rdf:parseType="Resource">
	<vCard:Orgname>Lund Strategic Research Centre for Stem Cell Biology and Cell Therapy, Lund University, Sweden.</vCard:Orgname>
	</vCard:ORG>
	</rdf:li>
	<rdf:li rdf:parseType="Resource">
	<vCard:N rdf:parseType="Resource">
	<vCard:Family>Chelliah</vCard:Family>
	<vCard:Given>Vijayalakshmi</vCard:Given>
	</vCard:N>
	<vCard:EMAIL>viji@ebi.ac.uk</vCard:EMAIL>
	<vCard:ORG rdf:parseType="Resource">
	<vCard:Orgname>EMBL-EBI</vCard:Orgname>
	</vCard:ORG>
	</rdf:li>
	</rdf:Bag>
	</dc:creator>
	<dcterms:created rdf:parseType="Resource">
	<dcterms:W3CDTF>2008-12-05T15:38:48Z</dcterms:W3CDTF>
	</dcterms:created>
	<dcterms:modified rdf:parseType="Resource">
	<dcterms:W3CDTF>2013-06-05T16:41:07Z</dcterms:W3CDTF>
	</dcterms:modified>
	<bqmodel:is>
	<rdf:Bag>
	<rdf:li rdf:resource="http://identifiers.org/biomodels.db/MODEL8389825246"/>
	</rdf:Bag>
	</bqmodel:is>
	<bqmodel:is>
	<rdf:Bag>
	<rdf:li rdf:resource="http://identifiers.org/biomodels.db/BIOMD0000000210"/>
	</rdf:Bag>
	</bqmodel:is>
	<bqmodel:isDescribedBy>
	<rdf:Bag>
	<rdf:li rdf:resource="http://identifiers.org/pubmed/18941526"/>
	</rdf:Bag>
	</bqmodel:isDescribedBy>
	<bqmodel:isDerivedFrom>
	<rdf:Bag>
	<rdf:li rdf:resource="http://identifiers.org/biomodels.db/BIOMD0000000204"/>
	<rdf:li rdf:resource="http://identifiers.org/biomodels.db/BIOMD0000000203"/>
	</rdf:Bag>
	</bqmodel:isDerivedFrom>
	<bqbiol:isVersionOf>
	<rdf:Bag>
	<rdf:li rdf:resource="http://identifiers.org/go/GO:0048863"/>
	<rdf:li rdf:resource="http://identifiers.org/go/GO:0001830"/>
	<rdf:li rdf:resource="http://identifiers.org/go/GO:0042663"/>
	</rdf:Bag>
	</bqbiol:isVersionOf>
	<bqbiol:hasTaxon>
	<rdf:Bag>
	<rdf:li rdf:resource="http://identifiers.org/taxonomy/9606"/>
	</rdf:Bag>
	</bqbiol:hasTaxon>
	</rdf:Description>
	
      </rdf:RDF>
    </annotation>
      <listOfCompartments>
      <compartment id="cell" metaid="metaid_0000003" name="cell" size="1"/>
    </listOfCompartments>
    <listOfSpecies>
      <species boundaryCondition="true" compartment="cell" id="OCT4_Gene" initialConcentration="0" metaid="metaid_0000053">
        <annotation>
          <rdf:RDF xmlns:rdf="http://www.w3.org/1999/02/22-rdf-syntax-ns#" xmlns:bqmodel="http://biomodels.net/model-qualifiers/" xmlns:bqbiol="http://biomodels.net/biology-qualifiers/">
            <rdf:Description rdf:about="#metaid_0000053">
              <bqbiol:isVersionOf>
	<rdf:Bag>
	<rdf:li rdf:resource="http://identifiers.org/ensembl/ENSG00000204531"/>
	</rdf:Bag>
	</bqbiol:isVersionOf>
	
	<bqbiol:encodes>
	<rdf:Bag>
	<rdf:li rdf:resource="http://identifiers.org/uniprot/Q01860"/>
	</rdf:Bag>
	</bqbiol:encodes>
	</rdf:Description>
	
          </rdf:RDF>
        </annotation>
            </species>
      <species boundaryCondition="true" compartment="cell" id="NANOG_Gene" initialConcentration="0" metaid="metaid_0000054">
        <annotation>
          <rdf:RDF xmlns:rdf="http://www.w3.org/1999/02/22-rdf-syntax-ns#" xmlns:bqmodel="http://biomodels.net/model-qualifiers/" xmlns:bqbiol="http://biomodels.net/biology-qualifiers/">
            <rdf:Description rdf:about="#metaid_0000054">
              <bqbiol:isVersionOf>
	<rdf:Bag>
	<rdf:li rdf:resource="http://identifiers.org/ensembl/ENSG00000176654"/>
	</rdf:Bag>
	</bqbiol:isVersionOf>
	
	<bqbiol:encodes>
	<rdf:Bag>
	<rdf:li rdf:resource="http://identifiers.org/uniprot/Q8N7R0"/>
	</rdf:Bag>
	</bqbiol:encodes>
	</rdf:Description>
	
          </rdf:RDF>
        </annotation>
            </species>
      <species boundaryCondition="true" compartment="cell" id="SOX2_Gene" initialConcentration="0" metaid="metaid_0000055">
        <annotation>
          <rdf:RDF xmlns:rdf="http://www.w3.org/1999/02/22-rdf-syntax-ns#" xmlns:bqmodel="http://biomodels.net/model-qualifiers/" xmlns:bqbiol="http://biomodels.net/biology-qualifiers/">
            <rdf:Description rdf:about="#metaid_0000055">
              <bqbiol:isVersionOf>
	<rdf:Bag>
	<rdf:li rdf:resource="http://identifiers.org/ensembl/ENSG00000165661"/>
	</rdf:Bag>
	</bqbiol:isVersionOf>
	
	<bqbiol:encodes>
	<rdf:Bag>
	<rdf:li rdf:resource="http://identifiers.org/uniprot/Q6ZRP7"/>
	</rdf:Bag>
	</bqbiol:encodes>
	</rdf:Description>
	
          </rdf:RDF>
        </annotation>
            </species>
      <species boundaryCondition="true" compartment="cell" id="GATA6_Gene" initialConcentration="0" metaid="metaid_0000056">
        <annotation>
          <rdf:RDF xmlns:rdf="http://www.w3.org/1999/02/22-rdf-syntax-ns#" xmlns:bqmodel="http://biomodels.net/model-qualifiers/" xmlns:bqbiol="http://biomodels.net/biology-qualifiers/">
            <rdf:Description rdf:about="#metaid_0000056">
              <bqbiol:isVersionOf>
	<rdf:Bag>
	<rdf:li rdf:resource="http://identifiers.org/ensembl/ENSG00000141448"/>
	</rdf:Bag>
	</bqbiol:isVersionOf>
	
	<bqbiol:encodes>
	<rdf:Bag>
	<rdf:li rdf:resource="http://identifiers.org/uniprot/Q92908"/>
	</rdf:Bag>
	</bqbiol:encodes>
	</rdf:Description>
	
          </rdf:RDF>
        </annotation>
            </species>
      <species boundaryCondition="true" compartment="cell" id="CDX2_Gene" initialConcentration="0" metaid="metaid_0000057">
        <annotation>
          <rdf:RDF xmlns:rdf="http://www.w3.org/1999/02/22-rdf-syntax-ns#" xmlns:bqmodel="http://biomodels.net/model-qualifiers/" xmlns:bqbiol="http://biomodels.net/biology-qualifiers/">
            <rdf:Description rdf:about="#metaid_0000057">
              <bqbiol:isVersionOf>
	<rdf:Bag>
	<rdf:li rdf:resource="http://identifiers.org/ensembl/ENSG00000165556"/>
	</rdf:Bag>
	</bqbiol:isVersionOf>
	
	<bqbiol:encodes>
	<rdf:Bag>
	<rdf:li rdf:resource="http://identifiers.org/uniprot/Q99626"/>
	</rdf:Bag>
	</bqbiol:encodes>
	</rdf:Description>
	
          </rdf:RDF>
        </annotation>
            </species>
      <species boundaryCondition="true" compartment="cell" id="GCNF_Gene" initialConcentration="0" metaid="metaid_0000058">
        <annotation>
          <rdf:RDF xmlns:rdf="http://www.w3.org/1999/02/22-rdf-syntax-ns#" xmlns:bqmodel="http://biomodels.net/model-qualifiers/" xmlns:bqbiol="http://biomodels.net/biology-qualifiers/">
            <rdf:Description rdf:about="#metaid_0000058">
              <bqbiol:isVersionOf>
	<rdf:Bag>
	<rdf:li rdf:resource="http://identifiers.org/ensembl/ENSG00000148200"/>
	</rdf:Bag>
	</bqbiol:isVersionOf>
	
	<bqbiol:encodes>
	<rdf:Bag>
	<rdf:li rdf:resource="http://identifiers.org/uniprot/Q15406"/>
	</rdf:Bag>
	</bqbiol:encodes>
	</rdf:Description>
	
          </rdf:RDF>
        </annotation>
            </species>
      <species boundaryCondition="true" compartment="cell" id="targetGene" initialConcentration="0.01" metaid="metaid_0000059"/>
      <species boundaryCondition="true" compartment="cell" id="degradation" initialConcentration="0" metaid="metaid_0000060"/>
      <species boundaryCondition="true" compartment="cell" id="p53" initialConcentration="0" metaid="metaid_0000061">
        <annotation>
          <rdf:RDF xmlns:rdf="http://www.w3.org/1999/02/22-rdf-syntax-ns#" xmlns:bqmodel="http://biomodels.net/model-qualifiers/" xmlns:bqbiol="http://biomodels.net/biology-qualifiers/">
            <rdf:Description rdf:about="#metaid_0000061">
	<bqbiol:isVersionOf>
	<rdf:Bag>
	<rdf:li rdf:resource="http://identifiers.org/uniprot/P04637"/>
	</rdf:Bag>
	</bqbiol:isVersionOf>
	</rdf:Description>
	
          </rdf:RDF>
        </annotation>
            </species>
      <species boundaryCondition="true" compartment="cell" id="A" initialConcentration="10" metaid="metaid_0000062">
        <annotation>
          <rdf:RDF xmlns:rdf="http://www.w3.org/1999/02/22-rdf-syntax-ns#" xmlns:bqmodel="http://biomodels.net/model-qualifiers/" xmlns:bqbiol="http://biomodels.net/biology-qualifiers/">
            <rdf:Description rdf:about="#metaid_0000062">
	<bqbiol:isVersionOf>
	<rdf:Bag>
	<rdf:li rdf:resource="http://identifiers.org/go/GO:0042813"/>
	</rdf:Bag>
	</bqbiol:isVersionOf>
	</rdf:Description>
	
          </rdf:RDF>
        </annotation>
            </species>
      <species compartment="cell" id="OCT4" initialConcentration="0.01" metaid="metaid_0000063">
        <annotation>
          <rdf:RDF xmlns:rdf="http://www.w3.org/1999/02/22-rdf-syntax-ns#" xmlns:bqmodel="http://biomodels.net/model-qualifiers/" xmlns:bqbiol="http://biomodels.net/biology-qualifiers/">
            <rdf:Description rdf:about="#metaid_0000063">
	<bqbiol:isVersionOf>
	<rdf:Bag>
	<rdf:li rdf:resource="http://identifiers.org/uniprot/Q01860"/>
	</rdf:Bag>
	</bqbiol:isVersionOf>
	</rdf:Description>
	
          </rdf:RDF>
        </annotation>
            </species>
      <species compartment="cell" id="SOX2" initialConcentration="0.01" metaid="metaid_0000064">
        <annotation>
          <rdf:RDF xmlns:rdf="http://www.w3.org/1999/02/22-rdf-syntax-ns#" xmlns:bqmodel="http://biomodels.net/model-qualifiers/" xmlns:bqbiol="http://biomodels.net/biology-qualifiers/">
            <rdf:Description rdf:about="#metaid_0000064">
	<bqbiol:isVersionOf>
	<rdf:Bag>
	<rdf:li rdf:resource="http://identifiers.org/uniprot/Q6ZRP7"/>
	</rdf:Bag>
	</bqbiol:isVersionOf>
	</rdf:Description>
	
          </rdf:RDF>
        </annotation>
            </species>
      <species compartment="cell" id="NANOG" initialConcentration="0.01" metaid="metaid_0000065">
        <annotation>
          <rdf:RDF xmlns:rdf="http://www.w3.org/1999/02/22-rdf-syntax-ns#" xmlns:bqmodel="http://biomodels.net/model-qualifiers/" xmlns:bqbiol="http://biomodels.net/biology-qualifiers/">
            <rdf:Description rdf:about="#metaid_0000065">
	<bqbiol:isVersionOf>
	<rdf:Bag>
	<rdf:li rdf:resource="http://identifiers.org/uniprot/Q8N7R0"/>
	</rdf:Bag>
	</bqbiol:isVersionOf>
	</rdf:Description>
	
          </rdf:RDF>
        </annotation>
            </species>
      <species compartment="cell" id="GATA6" initialConcentration="0.01" metaid="metaid_0000066">
        <annotation>
          <rdf:RDF xmlns:rdf="http://www.w3.org/1999/02/22-rdf-syntax-ns#" xmlns:bqmodel="http://biomodels.net/model-qualifiers/" xmlns:bqbiol="http://biomodels.net/biology-qualifiers/">
            <rdf:Description rdf:about="#metaid_0000066">
	<bqbiol:isVersionOf>
	<rdf:Bag>
	<rdf:li rdf:resource="http://identifiers.org/uniprot/Q92908"/>
	</rdf:Bag>
	</bqbiol:isVersionOf>
	</rdf:Description>
	
          </rdf:RDF>
        </annotation>
            </species>
      <species compartment="cell" id="CDX2" initialConcentration="0.01" metaid="metaid_0000067">
        <annotation>
          <rdf:RDF xmlns:rdf="http://www.w3.org/1999/02/22-rdf-syntax-ns#" xmlns:bqmodel="http://biomodels.net/model-qualifiers/" xmlns:bqbiol="http://biomodels.net/biology-qualifiers/">
            <rdf:Description rdf:about="#metaid_0000067">
	<bqbiol:isVersionOf>
	<rdf:Bag>
	<rdf:li rdf:resource="http://identifiers.org/uniprot/Q99626"/>
	</rdf:Bag>
	</bqbiol:isVersionOf>
	</rdf:Description>
	
          </rdf:RDF>
        </annotation>
            </species>
      <species compartment="cell" id="GCNF" initialConcentration="0.01" metaid="metaid_0000068">
        <annotation>
          <rdf:RDF xmlns:rdf="http://www.w3.org/1999/02/22-rdf-syntax-ns#" xmlns:bqmodel="http://biomodels.net/model-qualifiers/" xmlns:bqbiol="http://biomodels.net/biology-qualifiers/">
            <rdf:Description rdf:about="#metaid_0000068">
	<bqbiol:isVersionOf>
	<rdf:Bag>
	<rdf:li rdf:resource="http://identifiers.org/uniprot/Q15406"/>
	</rdf:Bag>
	</bqbiol:isVersionOf>
	</rdf:Description>
	
          </rdf:RDF>
        </annotation>
            </species>
      <species compartment="cell" id="OCT4_SOX2" initialConcentration="0.1" metaid="metaid_0000069">
        <annotation>
          <rdf:RDF xmlns:rdf="http://www.w3.org/1999/02/22-rdf-syntax-ns#" xmlns:bqmodel="http://biomodels.net/model-qualifiers/" xmlns:bqbiol="http://biomodels.net/biology-qualifiers/">
            <rdf:Description rdf:about="#metaid_0000069">
              <bqbiol:hasPart>
	<rdf:Bag>
	<rdf:li rdf:resource="http://identifiers.org/uniprot/Q6ZRP7"/>
	</rdf:Bag>
	</bqbiol:hasPart>
	
	<bqbiol:hasPart>
	<rdf:Bag>
	<rdf:li rdf:resource="http://identifiers.org/uniprot/Q01860"/>
	</rdf:Bag>
	</bqbiol:hasPart>
	</rdf:Description>
	
          </rdf:RDF>
        </annotation>
            </species>
      <species compartment="cell" id="Protein" initialConcentration="0" metaid="metaid_0000070"/>
    </listOfSpecies>
    <listOfParameters>
      <parameter id="a0" metaid="metaid_0000007" name="a0" value="0.001"/>
      <parameter id="a1" metaid="metaid_0000008" name="a1" value="0.02"/>
      <parameter id="a2" metaid="metaid_0000009" name="a2" value="0.0125"/>
      <parameter id="a3" metaid="metaid_0000010" name="a3" value="0.025"/>
      <parameter id="b0" metaid="metaid_0000011" name="b0" value="1"/>
      <parameter id="b1" metaid="metaid_0000012" name="b1" value="0.02"/>
      <parameter id="b2" metaid="metaid_0000013" name="b2" value="0.0125"/>
      <parameter id="b3" metaid="metaid_0000014" name="b3" value="0.03"/>
      <parameter id="b4" metaid="metaid_0000015" name="b4" value="10"/>
      <parameter id="b5" metaid="metaid_0000016" name="b5" value="10"/>
      <parameter id="gamma1" metaid="metaid_0000017" name="gamma1" value="0.1"/>
      <parameter id="c0" metaid="metaid_0000018" name="c0" value="0.001"/>
      <parameter id="c1" metaid="metaid_0000019" name="c1" value="0.05"/>
      <parameter id="c2" metaid="metaid_0000020" name="c2" value="0.0125"/>
      <parameter id="d0" metaid="metaid_0000021" name="d0" value="0.001"/>
      <parameter id="d1" metaid="metaid_0000022" name="d1" value="0.05"/>
      <parameter id="d2" metaid="metaid_0000023" name="d2" value="0.0125"/>
      <parameter id="d3" metaid="metaid_0000024" name="d3" value="0.05"/>
      <parameter id="gamma2" metaid="metaid_0000025" name="gamma2" value="0.1"/>
      <parameter id="e0" metaid="metaid_0000026" name="e0" value="0.001"/>
      <parameter id="e1" metaid="metaid_0000027" name="e1" value="0.1"/>
      <parameter id="e2" metaid="metaid_0000028" name="e2" value="0.1"/>
      <parameter id="f0" metaid="metaid_0000029" name="f0" value="0.001"/>
      <parameter id="f1" metaid="metaid_0000030" name="f1" value="0.1"/>
      <parameter id="f2" metaid="metaid_0000031" name="f2" value="0.1"/>
      <parameter id="f3" metaid="metaid_0000032" name="f3" value="10"/>
      <parameter id="gamma3" metaid="metaid_0000033" name="gamma3" value="0.1"/>
      <parameter id="g0" metaid="metaid_0000034" name="g0" value="0.001"/>
      <parameter id="g1" metaid="metaid_0000035" name="g1" value="2"/>
      <parameter id="h0" metaid="metaid_0000036" name="h0" value="2"/>
      <parameter id="h1" metaid="metaid_0000037" name="h1" value="5"/>
      <parameter id="gamma4" metaid="metaid_0000038" name="gamma4" value="0.1"/>
      <parameter id="i0" metaid="metaid_0000039" name="i0" value="0.001"/>
      <parameter id="i1" metaid="metaid_0000040" name="i1" value="0.1"/>
      <parameter id="i2" metaid="metaid_0000041" name="i2" value="0.1"/>
      <parameter id="j0" metaid="metaid_0000042" name="j0" value="0.1"/>
      <parameter id="j1" metaid="metaid_0000043" name="j1" value="0.1"/>
      <parameter id="gamma5" metaid="metaid_0000044" name="gamma5" value="0.1"/>
      <parameter id="p0" metaid="metaid_0000045" name="p0" value="0.1"/>
      <parameter id="p1" metaid="metaid_0000046" name="p1" value="1"/>
      <parameter id="p2" metaid="metaid_0000047" name="p2" value="0.00025"/>
      <parameter id="q0" metaid="metaid_0000048" name="q0" value="1"/>
      <parameter id="q1" metaid="metaid_0000049" name="q1" value="0.00025"/>
      <parameter id="q2" metaid="metaid_0000050" name="q2" value="15"/>
      <parameter id="gammag" metaid="metaid_0000051" name="gammag" value="0.01"/>
      <parameter id="gamman" metaid="metaid_0000052" name="gamman" value="0.01"/>
    </listOfParameters>
    <listOfReactions>
      <reaction id="R1" metaid="metaid_0000071" name="R1" reversible="false">
        <annotation>
          <rdf:RDF xmlns:rdf="http://www.w3.org/1999/02/22-rdf-syntax-ns#" xmlns:bqmodel="http://biomodels.net/model-qualifiers/" xmlns:bqbiol="http://biomodels.net/biology-qualifiers/">
            <rdf:Description rdf:about="#metaid_0000071">
	<bqbiol:isVersionOf>
	<rdf:Bag>
	<rdf:li rdf:resource="http://identifiers.org/go/GO:0010467"/>
	</rdf:Bag>
	</bqbiol:isVersionOf>
	</rdf:Description>
	
          </rdf:RDF>
        </annotation>
              <listOfReactants>
          <speciesReference metaid="_473081" species="OCT4_Gene"/>
        </listOfReactants>
        <listOfProducts>
          <speciesReference metaid="_473093" species="OCT4"/>
        </listOfProducts>
        <listOfModifiers>
          <modifierSpeciesReference metaid="_473105" species="A"/>
          <modifierSpeciesReference metaid="_473117" species="SOX2"/>
          <modifierSpeciesReference metaid="_473129" species="NANOG"/>
          <modifierSpeciesReference metaid="_473142" species="CDX2"/>
          <modifierSpeciesReference metaid="_473154" species="GCNF"/>
        </listOfModifiers>
        <kineticLaw metaid="_473166">
          <math xmlns="http://www.w3.org/1998/Math/MathML">          
            <apply>
              <divide/>
              <apply>
                <plus/>
                <ci> a0 </ci>
                <apply>
                  <times/>
                  <ci> a1 </ci>
                  <ci> A </ci>
                </apply>
                <apply>
                  <times/>
                  <ci> a2 </ci>
                  <ci> OCT4 </ci>
                  <ci> SOX2 </ci>
                </apply>
                <apply>
                  <times/>
                  <ci> a3 </ci>
                  <ci> OCT4 </ci>
                  <ci> SOX2 </ci>
                  <ci> NANOG </ci>
                </apply>
              </apply>
              <apply>
                <plus/>
                <cn type="integer"> 1 </cn>
                <apply>
                  <times/>
                  <ci> b0 </ci>
                  <ci> A </ci>
                </apply>
                <apply>
                  <times/>
                  <ci> b1 </ci>
                  <ci> OCT4 </ci>
                </apply>
                <apply>
                  <times/>
                  <ci> b2 </ci>
                  <ci> OCT4 </ci>
                  <ci> SOX2 </ci>
                </apply>
                <apply>
                  <times/>
                  <ci> b3 </ci>
                  <ci> OCT4 </ci>
                  <ci> SOX2 </ci>
                  <ci> NANOG </ci>
                </apply>
                <apply>
                  <times/>
                  <ci> b4 </ci>
                  <ci> CDX2 </ci>
                  <ci> OCT4 </ci>
                </apply>
                <apply>
                  <times/>
                  <ci> b5 </ci>
                  <ci> GCNF </ci>
                </apply>
              </apply>
            </apply>
          </math>
                </kineticLaw>
      </reaction>
      <reaction id="R2" metaid="metaid_0000072" name="R2" reversible="false">
        <annotation>
          <rdf:RDF xmlns:rdf="http://www.w3.org/1999/02/22-rdf-syntax-ns#" xmlns:bqmodel="http://biomodels.net/model-qualifiers/" xmlns:bqbiol="http://biomodels.net/biology-qualifiers/">
            <rdf:Description rdf:about="#metaid_0000072">
	<bqbiol:isVersionOf>
	<rdf:Bag>
	<rdf:li rdf:resource="http://identifiers.org/go/GO:0030163"/>
	</rdf:Bag>
	</bqbiol:isVersionOf>
	</rdf:Description>
	
          </rdf:RDF>
        </annotation>
              <listOfReactants>
          <speciesReference metaid="_473178" species="OCT4"/>
        </listOfReactants>
        <listOfProducts>
          <speciesReference metaid="_473190" species="degradation"/>
        </listOfProducts>
        <kineticLaw metaid="_473202">
          <math xmlns="http://www.w3.org/1998/Math/MathML">          
            <apply>
              <times/>
              <ci> gamma1 </ci>
              <ci> OCT4 </ci>
            </apply>
          </math>
                </kineticLaw>
      </reaction>
      <reaction id="R3" metaid="metaid_0000073" name="R3" reversible="false">
        <annotation>
          <rdf:RDF xmlns:rdf="http://www.w3.org/1999/02/22-rdf-syntax-ns#" xmlns:bqmodel="http://biomodels.net/model-qualifiers/" xmlns:bqbiol="http://biomodels.net/biology-qualifiers/">
            <rdf:Description rdf:about="#metaid_0000073">
	<bqbiol:isVersionOf>
	<rdf:Bag>
	<rdf:li rdf:resource="http://identifiers.org/go/GO:0010467"/>
	</rdf:Bag>
	</bqbiol:isVersionOf>
	</rdf:Description>
	
          </rdf:RDF>
        </annotation>
              <listOfReactants>
          <speciesReference metaid="_473214" species="SOX2_Gene"/>
        </listOfReactants>
        <listOfProducts>
          <speciesReference metaid="_473226" species="SOX2"/>
        </listOfProducts>
        <listOfModifiers>
          <modifierSpeciesReference metaid="_473238" species="OCT4"/>
          <modifierSpeciesReference metaid="_473250" species="NANOG"/>
        </listOfModifiers>
        <kineticLaw metaid="_473262">
          <math xmlns="http://www.w3.org/1998/Math/MathML">          
            <apply>
              <divide/>
              <apply>
                <plus/>
                <ci> c0 </ci>
                <apply>
                  <times/>
                  <ci> c1 </ci>
                  <ci> OCT4 </ci>
                  <ci> SOX2 </ci>
                </apply>
                <apply>
                  <times/>
                  <ci> c2 </ci>
                  <ci> OCT4 </ci>
                  <ci> SOX2 </ci>
                  <ci> NANOG </ci>
                </apply>
              </apply>
              <apply>
                <plus/>
                <cn type="integer"> 1 </cn>
                <apply>
                  <times/>
                  <ci> d0 </ci>
                  <ci> OCT4 </ci>
                </apply>
                <apply>
                  <times/>
                  <ci> d1 </ci>
                  <ci> OCT4 </ci>
                  <ci> SOX2 </ci>
                </apply>
                <apply>
                  <times/>
                  <ci> d2 </ci>
                  <ci> OCT4 </ci>
                  <ci> SOX2 </ci>
                  <ci> NANOG </ci>
                </apply>
              </apply>
            </apply>
          </math>
                </kineticLaw>
      </reaction>
      <reaction id="R4" metaid="metaid_0000074" name="R4" reversible="false">
        <annotation>
          <rdf:RDF xmlns:rdf="http://www.w3.org/1999/02/22-rdf-syntax-ns#" xmlns:bqmodel="http://biomodels.net/model-qualifiers/" xmlns:bqbiol="http://biomodels.net/biology-qualifiers/">
            <rdf:Description rdf:about="#metaid_0000074">
	<bqbiol:isVersionOf>
	<rdf:Bag>
	<rdf:li rdf:resource="http://identifiers.org/go/GO:0030163"/>
	</rdf:Bag>
	</bqbiol:isVersionOf>
	</rdf:Description>
	
          </rdf:RDF>
        </annotation>
              <listOfReactants>
          <speciesReference metaid="_473274" species="SOX2"/>
        </listOfReactants>
        <listOfProducts>
          <speciesReference metaid="_473286" species="degradation"/>
        </listOfProducts>
        <kineticLaw metaid="_473298">
          <math xmlns="http://www.w3.org/1998/Math/MathML">          
            <apply>
              <times/>
              <ci> gamma2 </ci>
              <ci> SOX2 </ci>
            </apply>
          </math>
                </kineticLaw>
      </reaction>
      <reaction id="R5" metaid="metaid_0000075" name="R5" reversible="false">
        <annotation>
          <rdf:RDF xmlns:rdf="http://www.w3.org/1999/02/22-rdf-syntax-ns#" xmlns:bqmodel="http://biomodels.net/model-qualifiers/" xmlns:bqbiol="http://biomodels.net/biology-qualifiers/">
            <rdf:Description rdf:about="#metaid_0000075">
	<bqbiol:isVersionOf>
	<rdf:Bag>
	<rdf:li rdf:resource="http://identifiers.org/go/GO:0010467"/>
	</rdf:Bag>
	</bqbiol:isVersionOf>
	</rdf:Description>
	
          </rdf:RDF>
        </annotation>
              <listOfReactants>
          <speciesReference metaid="_473310" species="NANOG_Gene"/>
        </listOfReactants>
        <listOfProducts>
          <speciesReference metaid="_473322" species="NANOG"/>
        </listOfProducts>
        <listOfModifiers>
          <modifierSpeciesReference metaid="_473334" species="OCT4_SOX2"/>
          <modifierSpeciesReference metaid="_473346" species="GATA6"/>
        </listOfModifiers>
        <kineticLaw metaid="_473358">
          <math xmlns="http://www.w3.org/1998/Math/MathML">          
            <apply>
              <divide/>
              <apply>
                <plus/>
                <apply>
                  <times/>
                  <ci> a1 </ci>
                  <ci> OCT4_SOX2 </ci>
                </apply>
                <apply>
                  <times/>
                  <ci> a2 </ci>
                  <ci> OCT4_SOX2 </ci>
                  <ci> NANOG </ci>
                </apply>
              </apply>
              <apply>
                <plus/>
                <cn type="integer"> 1 </cn>
                <apply>
                  <times/>
                  <ci> b1 </ci>
                  <ci> OCT4_SOX2 </ci>
                </apply>
                <apply>
                  <times/>
                  <ci> b2 </ci>
                  <ci> OCT4_SOX2 </ci>
                  <ci> NANOG </ci>
                </apply>
                <apply>
                  <times/>
                  <ci> b3 </ci>
                  <ci> OCT4_SOX2 </ci>
                  <ci> GATA6 </ci>
                </apply>
              </apply>
            </apply>
          </math>
                </kineticLaw>
      </reaction>
      <reaction id="R6" metaid="metaid_0000076" name="R6" reversible="false">
        <annotation>
          <rdf:RDF xmlns:rdf="http://www.w3.org/1999/02/22-rdf-syntax-ns#" xmlns:bqmodel="http://biomodels.net/model-qualifiers/" xmlns:bqbiol="http://biomodels.net/biology-qualifiers/">
            <rdf:Description rdf:about="#metaid_0000076">
	<bqbiol:isVersionOf>
	<rdf:Bag>
	<rdf:li rdf:resource="http://identifiers.org/go/GO:0030163"/>
	</rdf:Bag>
	</bqbiol:isVersionOf>
	</rdf:Description>
	
          </rdf:RDF>
        </annotation>
              <listOfReactants>
          <speciesReference metaid="_473370" species="NANOG"/>
        </listOfReactants>
        <listOfProducts>
          <speciesReference metaid="_473382" species="degradation"/>
        </listOfProducts>
        <kineticLaw metaid="_473394">
          <math xmlns="http://www.w3.org/1998/Math/MathML">          
            <apply>
              <times/>
              <ci> gamman </ci>
              <ci> NANOG </ci>
            </apply>
          </math>
                </kineticLaw>
      </reaction>
      <reaction id="R7" metaid="metaid_0000077" name="R7" reversible="false">
        <annotation>
          <rdf:RDF xmlns:rdf="http://www.w3.org/1999/02/22-rdf-syntax-ns#" xmlns:bqmodel="http://biomodels.net/model-qualifiers/" xmlns:bqbiol="http://biomodels.net/biology-qualifiers/">
            <rdf:Description rdf:about="#metaid_0000077">
	<bqbiol:isVersionOf>
	<rdf:Bag>
	<rdf:li rdf:resource="http://identifiers.org/go/GO:0010467"/>
	</rdf:Bag>
	</bqbiol:isVersionOf>
	</rdf:Description>
	
          </rdf:RDF>
        </annotation>
              <listOfReactants>
          <speciesReference metaid="_473406" species="CDX2_Gene"/>
        </listOfReactants>
        <listOfProducts>
          <speciesReference metaid="_473418" species="CDX2"/>
        </listOfProducts>
        <listOfModifiers>
          <modifierSpeciesReference metaid="_473430" species="OCT4"/>
        </listOfModifiers>
        <kineticLaw metaid="_473442">
          <math xmlns="http://www.w3.org/1998/Math/MathML">          
            <apply>
              <divide/>
              <apply>
                <plus/>
                <ci> g0 </ci>
                <apply>
                  <times/>
                  <ci> g1 </ci>
                  <ci> CDX2 </ci>
                </apply>
              </apply>
              <apply>
                <plus/>
                <cn type="integer"> 1 </cn>
                <apply>
                  <times/>
                  <ci> h0 </ci>
                  <ci> CDX2 </ci>
                </apply>
                <apply>
                  <times/>
                  <ci> h1 </ci>
                  <ci> CDX2 </ci>
                  <ci> OCT4 </ci>
                </apply>
              </apply>
            </apply>
          </math>
                </kineticLaw>
      </reaction>
      <reaction id="R8" metaid="metaid_0000078" name="R8" reversible="false">
        <annotation>
          <rdf:RDF xmlns:rdf="http://www.w3.org/1999/02/22-rdf-syntax-ns#" xmlns:bqmodel="http://biomodels.net/model-qualifiers/" xmlns:bqbiol="http://biomodels.net/biology-qualifiers/">
            <rdf:Description rdf:about="#metaid_0000078">
	<bqbiol:isVersionOf>
	<rdf:Bag>
	<rdf:li rdf:resource="http://identifiers.org/go/GO:0030163"/>
	</rdf:Bag>
	</bqbiol:isVersionOf>
	</rdf:Description>
	
          </rdf:RDF>
        </annotation>
              <listOfReactants>
          <speciesReference metaid="_473454" species="CDX2"/>
        </listOfReactants>
        <listOfProducts>
          <speciesReference metaid="_473466" species="degradation"/>
        </listOfProducts>
        <kineticLaw metaid="_473478">
          <math xmlns="http://www.w3.org/1998/Math/MathML">          
            <apply>
              <times/>
              <ci> gamma4 </ci>
              <ci> CDX2 </ci>
            </apply>
          </math>
                </kineticLaw>
      </reaction>
      <reaction id="R9" metaid="metaid_0000079" name="R9" reversible="false">
        <annotation>
          <rdf:RDF xmlns:rdf="http://www.w3.org/1999/02/22-rdf-syntax-ns#" xmlns:bqmodel="http://biomodels.net/model-qualifiers/" xmlns:bqbiol="http://biomodels.net/biology-qualifiers/">
            <rdf:Description rdf:about="#metaid_0000079">
	<bqbiol:isVersionOf>
	<rdf:Bag>
	<rdf:li rdf:resource="http://identifiers.org/go/GO:0010467"/>
	</rdf:Bag>
	</bqbiol:isVersionOf>
	</rdf:Description>
	
          </rdf:RDF>
        </annotation>
              <listOfReactants>
          <speciesReference metaid="_473490" species="GCNF_Gene"/>
        </listOfReactants>
        <listOfProducts>
          <speciesReference metaid="_473502" species="GCNF"/>
        </listOfProducts>
        <listOfModifiers>
          <modifierSpeciesReference metaid="_473514" species="CDX2"/>
          <modifierSpeciesReference metaid="_473526" species="GATA6"/>
        </listOfModifiers>
        <kineticLaw metaid="_473538">
          <math xmlns="http://www.w3.org/1998/Math/MathML">          
            <apply>
              <divide/>
              <apply>
                <plus/>
                <ci> i0 </ci>
                <apply>
                  <times/>
                  <ci> i1 </ci>
                  <ci> CDX2 </ci>
                </apply>
                <apply>
                  <times/>
                  <ci> i2 </ci>
                  <ci> GATA6 </ci>
                </apply>
              </apply>
              <apply>
                <plus/>
                <cn type="integer"> 1 </cn>
                <apply>
                  <times/>
                  <ci> j0 </ci>
                  <ci> CDX2 </ci>
                </apply>
                <apply>
                  <times/>
                  <ci> j1 </ci>
                  <ci> GATA6 </ci>
                </apply>
              </apply>
            </apply>
          </math>
                </kineticLaw>
      </reaction>
      <reaction id="R10" metaid="metaid_0000080" name="R10" reversible="false">
        <annotation>
          <rdf:RDF xmlns:rdf="http://www.w3.org/1999/02/22-rdf-syntax-ns#" xmlns:bqmodel="http://biomodels.net/model-qualifiers/" xmlns:bqbiol="http://biomodels.net/biology-qualifiers/">
            <rdf:Description rdf:about="#metaid_0000080">
	<bqbiol:isVersionOf>
	<rdf:Bag>
	<rdf:li rdf:resource="http://identifiers.org/go/GO:0030163"/>
	</rdf:Bag>
	</bqbiol:isVersionOf>
	</rdf:Description>
	
          </rdf:RDF>
        </annotation>
              <listOfReactants>
          <speciesReference metaid="_473550" species="GCNF"/>
        </listOfReactants>
        <listOfProducts>
          <speciesReference metaid="_473562" species="degradation"/>
        </listOfProducts>
        <kineticLaw metaid="_473574">
          <math xmlns="http://www.w3.org/1998/Math/MathML">          
            <apply>
              <times/>
              <ci> gamma5 </ci>
              <ci> GCNF </ci>
            </apply>
          </math>
                </kineticLaw>
      </reaction>
      <reaction id="R11" metaid="metaid_0000081" name="R11" reversible="false">
        <annotation>
          <rdf:RDF xmlns:rdf="http://www.w3.org/1999/02/22-rdf-syntax-ns#" xmlns:bqmodel="http://biomodels.net/model-qualifiers/" xmlns:bqbiol="http://biomodels.net/biology-qualifiers/">
            <rdf:Description rdf:about="#metaid_0000081">
	<bqbiol:isVersionOf>
	<rdf:Bag>
	<rdf:li rdf:resource="http://identifiers.org/go/GO:0010467"/>
	</rdf:Bag>
	</bqbiol:isVersionOf>
	</rdf:Description>
	
          </rdf:RDF>
        </annotation>
              <listOfReactants>
          <speciesReference metaid="_473586" species="GATA6_Gene"/>
        </listOfReactants>
        <listOfProducts>
          <speciesReference metaid="_473598" species="GATA6"/>
        </listOfProducts>
        <listOfModifiers>
          <modifierSpeciesReference metaid="_473610" species="OCT4_SOX2"/>
          <modifierSpeciesReference metaid="_473622" species="NANOG"/>
        </listOfModifiers>
        <kineticLaw metaid="_473634">
          <math xmlns="http://www.w3.org/1998/Math/MathML">          
            <apply>
              <divide/>
              <apply>
                <plus/>
                <apply>
                  <times/>
                  <ci> c1 </ci>
                  <ci> OCT4_SOX2 </ci>
                </apply>
                <apply>
                  <times/>
                  <ci> c2 </ci>
                  <ci> GATA6 </ci>
                </apply>
              </apply>
              <apply>
                <plus/>
                <cn type="integer"> 1 </cn>
                <apply>
                  <times/>
                  <ci> d1 </ci>
                  <ci> OCT4_SOX2 </ci>
                </apply>
                <apply>
                  <times/>
                  <ci> d2 </ci>
                  <ci> GATA6 </ci>
                </apply>
                <apply>
                  <times/>
                  <ci> d3 </ci>
                  <ci> NANOG </ci>
                </apply>
              </apply>
            </apply>
          </math>
                </kineticLaw>
      </reaction>
      <reaction id="R12" metaid="metaid_0000082" name="R12" reversible="false">
        <annotation>
          <rdf:RDF xmlns:rdf="http://www.w3.org/1999/02/22-rdf-syntax-ns#" xmlns:bqmodel="http://biomodels.net/model-qualifiers/" xmlns:bqbiol="http://biomodels.net/biology-qualifiers/">
            <rdf:Description rdf:about="#metaid_0000082">
	<bqbiol:isVersionOf>
	<rdf:Bag>
	<rdf:li rdf:resource="http://identifiers.org/go/GO:0030163"/>
	</rdf:Bag>
	</bqbiol:isVersionOf>
	</rdf:Description>
	
          </rdf:RDF>
        </annotation>
              <listOfReactants>
          <speciesReference metaid="_473646" species="GATA6"/>
        </listOfReactants>
        <listOfProducts>
          <speciesReference metaid="_473658" species="degradation"/>
        </listOfProducts>
        <kineticLaw metaid="_473671">
          <math xmlns="http://www.w3.org/1998/Math/MathML">          
            <apply>
              <times/>
              <ci> gammag </ci>
              <ci> GATA6 </ci>
            </apply>
          </math>
                </kineticLaw>
      </reaction>
    </listOfReactions>
  </model>
</sbml>
