<?xml version="1.0" encoding="UTF-8" standalone="no"?>
<sbml xmlns="http://www.sbml.org/sbml/level2/version4" level="2" metaid="ed46b8ba-1817-4330-926c-1e5ac17a0ee1" version="4">
  <model id="Model_1" metaid="_0" name="Panteleev2002_TFPImechanism_schmema1">
    <annotation>
	<rdf:RDF xmlns:rdf="http://www.w3.org/1999/02/22-rdf-syntax-ns#" xmlns:dc="http://purl.org/dc/elements/1.1/" xmlns:vCard="http://www.w3.org/2001/vcard-rdf/3.0#" xmlns:dcterms="http://purl.org/dc/terms/" xmlns:bqmodel="http://biomodels.net/model-qualifiers/" xmlns:bqbiol="http://biomodels.net/biology-qualifiers/">
        <rdf:Description rdf:about="#_0">
	<dc:creator>
	<rdf:Bag>
	<rdf:li rdf:parseType="Resource">
	<vCard:N rdf:parseType="Resource">
	<vCard:Family>Schubert</vCard:Family>
	<vCard:Given>Michael</vCard:Given>
	</vCard:N>
	<vCard:EMAIL>schubert@ebi.ac.uk</vCard:EMAIL>
	<vCard:ORG rdf:parseType="Resource">
	<vCard:Orgname>EBI</vCard:Orgname>
	</vCard:ORG>
	</rdf:li>
	</rdf:Bag>
	</dc:creator>
	<dcterms:created rdf:parseType="Resource">
	<dcterms:W3CDTF>2011-08-26T16:36:34Z</dcterms:W3CDTF>
	</dcterms:created>
	<dcterms:modified rdf:parseType="Resource">
	<dcterms:W3CDTF>2014-05-28T16:30:39Z</dcterms:W3CDTF>
	</dcterms:modified>
	<bqmodel:is>
	<rdf:Bag>
	<rdf:li rdf:resource="http://identifiers.org/biomodels.db/MODEL1108260006"/>
	</rdf:Bag>
	</bqmodel:is>
	<bqmodel:is>
	<rdf:Bag>
	<rdf:li rdf:resource="http://identifiers.org/biomodels.db/BIOMD0000000361"/>
	</rdf:Bag>
	</bqmodel:is>
	<bqmodel:isDescribedBy>
	<rdf:Bag>
	<rdf:li rdf:resource="http://identifiers.org/pubmed/11985578"/>
	</rdf:Bag>
	</bqmodel:isDescribedBy>
	<bqmodel:isDerivedFrom>
	<rdf:Bag>
	<rdf:li rdf:resource="http://identifiers.org/pubmed/9468448"/>
	</rdf:Bag>
	</bqmodel:isDerivedFrom>
	<bqbiol:isVersionOf>
	<rdf:Bag>
	<rdf:li rdf:resource="http://identifiers.org/go/GO:0007596"/>
	</rdf:Bag>
	</bqbiol:isVersionOf>
	<bqbiol:hasTaxon>
	<rdf:Bag>
	<rdf:li rdf:resource="http://identifiers.org/taxonomy/2759"/>
	</rdf:Bag>
	</bqbiol:hasTaxon>
	</rdf:Description>
	
	</rdf:RDF>
	</annotation>
      <listOfUnitDefinitions>
      <unitDefinition id="time" metaid="d74fc563-13df-4560-92f8-e915ff5f258b" name="time">
        <listOfUnits>
          <unit kind="second" metaid="ece1118c-9a29-4176-af31-3cc7d545d9fd" multiplier="60"/>
        </listOfUnits>
      </unitDefinition>
      <unitDefinition id="substance" metaid="_5c14cf3a-5ab4-483d-af7d-9a8ab47604b2" name="substance">
        <listOfUnits>
          <unit kind="mole" metaid="c5528eff-f7be-4603-b3af-a0d323132bf8" scale="-9"/>
        </listOfUnits>
      </unitDefinition>
    </listOfUnitDefinitions>
    <listOfCompartments>
      <compartment id="compartment" metaid="_14" name="compartment" size="1"/>
    </listOfCompartments>
    <listOfSpecies>
      <species compartment="compartment" id="VIIa_TF" initialConcentration="0.9999997" metaid="_1" name="VIIa_TF">
        <annotation>
	<rdf:RDF xmlns:rdf="http://www.w3.org/1999/02/22-rdf-syntax-ns#" xmlns:bqmodel="http://biomodels.net/model-qualifiers/" xmlns:bqbiol="http://biomodels.net/biology-qualifiers/">
            <rdf:Description rdf:about="#_1">
	<bqbiol:hasPart>
	<rdf:Bag>
	<rdf:li rdf:resource="http://identifiers.org/uniprot/P08709"/>
	<rdf:li rdf:resource="http://identifiers.org/uniprot/P13726"/>
	</rdf:Bag>
	</bqbiol:hasPart>
	</rdf:Description>
	
	</rdf:RDF>
	</annotation>
            </species>
      <species compartment="compartment" id="X" initialConcentration="169.9999" metaid="_2" name="X">
        <annotation>
	<rdf:RDF xmlns:rdf="http://www.w3.org/1999/02/22-rdf-syntax-ns#" xmlns:bqmodel="http://biomodels.net/model-qualifiers/" xmlns:bqbiol="http://biomodels.net/biology-qualifiers/">
            <rdf:Description rdf:about="#_2">
	<bqbiol:is>
	<rdf:Bag>
	<rdf:li rdf:resource="http://identifiers.org/uniprot/P00742"/>
	</rdf:Bag>
	</bqbiol:is>
	</rdf:Description>
	
	</rdf:RDF>
	</annotation>
            </species>
      <species compartment="compartment" id="VIIa_TF_X" initialConcentration="0" metaid="_3" name="VIIa_TF_X">
        <annotation>
	<rdf:RDF xmlns:rdf="http://www.w3.org/1999/02/22-rdf-syntax-ns#" xmlns:bqmodel="http://biomodels.net/model-qualifiers/" xmlns:bqbiol="http://biomodels.net/biology-qualifiers/">
            <rdf:Description rdf:about="#_3">
	<bqbiol:hasPart>
	<rdf:Bag>
	<rdf:li rdf:resource="http://identifiers.org/uniprot/P08709"/>
	<rdf:li rdf:resource="http://identifiers.org/uniprot/P13726"/>
	<rdf:li rdf:resource="http://identifiers.org/uniprot/P00742"/>
	</rdf:Bag>
	</bqbiol:hasPart>
	</rdf:Description>
	
	</rdf:RDF>
	</annotation>
            </species>
      <species compartment="compartment" id="VIIa_TF_Xa" initialConcentration="0" metaid="_4" name="VIIa_TF_Xa">
        <annotation>
	<rdf:RDF xmlns:rdf="http://www.w3.org/1999/02/22-rdf-syntax-ns#" xmlns:bqmodel="http://biomodels.net/model-qualifiers/" xmlns:bqbiol="http://biomodels.net/biology-qualifiers/">
            <rdf:Description rdf:about="#_4">
	<bqbiol:hasPart>
	<rdf:Bag>
	<rdf:li rdf:resource="http://identifiers.org/uniprot/P08709"/>
	<rdf:li rdf:resource="http://identifiers.org/uniprot/P13726"/>
	<rdf:li rdf:resource="http://identifiers.org/uniprot/P00742"/>
	</rdf:Bag>
	</bqbiol:hasPart>
	</rdf:Description>
	
	</rdf:RDF>
	</annotation>
            </species>
      <species compartment="compartment" id="Xa" initialConcentration="0" metaid="_5" name="Xa">
        <annotation>
	<rdf:RDF xmlns:rdf="http://www.w3.org/1999/02/22-rdf-syntax-ns#" xmlns:bqmodel="http://biomodels.net/model-qualifiers/" xmlns:bqbiol="http://biomodels.net/biology-qualifiers/">
            <rdf:Description rdf:about="#_5">
	<bqbiol:is>
	<rdf:Bag>
	<rdf:li rdf:resource="http://identifiers.org/uniprot/P00742"/>
	</rdf:Bag>
	</bqbiol:is>
	</rdf:Description>
	
	</rdf:RDF>
	</annotation>
            </species>
      <species compartment="compartment" id="TFPI" initialConcentration="2.399999" metaid="_6" name="TFPI">
        <annotation>
	<rdf:RDF xmlns:rdf="http://www.w3.org/1999/02/22-rdf-syntax-ns#" xmlns:bqmodel="http://biomodels.net/model-qualifiers/" xmlns:bqbiol="http://biomodels.net/biology-qualifiers/">
            <rdf:Description rdf:about="#_6">
	<bqbiol:is>
	<rdf:Bag>
	<rdf:li rdf:resource="http://identifiers.org/uniprot/P10646"/>
	</rdf:Bag>
	</bqbiol:is>
	</rdf:Description>
	
	</rdf:RDF>
	</annotation>
            </species>
      <species compartment="compartment" id="Xa_TFPI" initialConcentration="0" metaid="_7" name="Xa_TFPI">
        <annotation>
	<rdf:RDF xmlns:rdf="http://www.w3.org/1999/02/22-rdf-syntax-ns#" xmlns:bqmodel="http://biomodels.net/model-qualifiers/" xmlns:bqbiol="http://biomodels.net/biology-qualifiers/">
            <rdf:Description rdf:about="#_7">
	<bqbiol:hasPart>
	<rdf:Bag>
	<rdf:li rdf:resource="http://identifiers.org/uniprot/P00742"/>
	<rdf:li rdf:resource="http://identifiers.org/uniprot/P10646"/>
	</rdf:Bag>
	</bqbiol:hasPart>
	</rdf:Description>
	
	</rdf:RDF>
	</annotation>
            </species>
      <species compartment="compartment" id="Xa_TFPI_VIIa_TF" initialConcentration="0" metaid="_8" name="Xa_TFPI_VIIa_TF">
        <annotation>
	<rdf:RDF xmlns:rdf="http://www.w3.org/1999/02/22-rdf-syntax-ns#" xmlns:bqmodel="http://biomodels.net/model-qualifiers/" xmlns:bqbiol="http://biomodels.net/biology-qualifiers/">
            <rdf:Description rdf:about="#_8">
	<bqbiol:hasPart>
	<rdf:Bag>
	<rdf:li rdf:resource="http://identifiers.org/uniprot/P00742"/>
	<rdf:li rdf:resource="http://identifiers.org/uniprot/P10646"/>
	<rdf:li rdf:resource="http://identifiers.org/uniprot/P08709"/>
	<rdf:li rdf:resource="http://identifiers.org/uniprot/P13726"/>
	</rdf:Bag>
	</bqbiol:hasPart>
	</rdf:Description>
	
	</rdf:RDF>
	</annotation>
            </species>
    </listOfSpecies>
    <listOfReactions>
      <reaction id="reaction_1" metaid="_9" name="reaction_1">
        <listOfReactants>
          <speciesReference metaid="a664a8ca-3299-4358-a4c5-637c67921428" sboTerm="SBO:0000010" species="X"/>
          <speciesReference metaid="_648d9cf7-ae39-4342-84c4-12c9f5c1eed0" sboTerm="SBO:0000010" species="VIIa_TF"/>
        </listOfReactants>
        <listOfProducts>
          <speciesReference metaid="_76012f99-a114-4128-9570-c9949f75c7fa" sboTerm="SBO:0000011" species="VIIa_TF_X"/>
        </listOfProducts>
        <kineticLaw metaid="_2a9d629a-9d38-4696-9f9c-bac3a284a5ba" sboTerm="SBO:0000101">
          <math xmlns="http://www.w3.org/1998/Math/MathML">          
            <apply>
              <times/>
              <ci> compartment </ci>
              <apply>
                <minus/>
                <apply>
                  <times/>
                  <ci> k1 </ci>
                  <ci> X </ci>
                  <ci> VIIa_TF </ci>
                </apply>
                <apply>
                  <times/>
                  <ci> k2 </ci>
                  <ci> VIIa_TF_X </ci>
                </apply>
              </apply>
            </apply>
          </math>
                  <listOfParameters>
            <parameter id="k1" metaid="_992944" name="k1" sboTerm="SBO:0000036" value="5"/>
            <parameter id="k2" metaid="_992947" name="k2" sboTerm="SBO:0000038" value="770"/>
          </listOfParameters>
        </kineticLaw>
      </reaction>
      <reaction id="reaction_2" metaid="_10" name="reaction_2" reversible="false">
        <listOfReactants>
          <speciesReference metaid="_9a3e740a-243e-40ee-8fdf-d07e0df9a63a" sboTerm="SBO:0000010" species="VIIa_TF_X"/>
        </listOfReactants>
        <listOfProducts>
          <speciesReference metaid="_4bb344bb-3bc7-4459-a5b4-cd3176183f1a" sboTerm="SBO:0000011" species="VIIa_TF_Xa"/>
        </listOfProducts>
        <kineticLaw metaid="_6d901c13-02cb-4e96-b656-4b0b549ef32c" sboTerm="SBO:0000049">
          <math xmlns="http://www.w3.org/1998/Math/MathML">          
            <apply>
              <times/>
              <ci> compartment </ci>
              <ci> k1 </ci>
              <ci> VIIa_TF_X </ci>
            </apply>
          </math>
                  <listOfParameters>
            <parameter id="k1" metaid="_992948" name="k1" sboTerm="SBO:0000035" value="420"/>
          </listOfParameters>
        </kineticLaw>
      </reaction>
      <reaction id="reaction_3" metaid="_11" name="reaction_3">
        <listOfReactants>
          <speciesReference metaid="dec8adb4-158d-44da-901e-a5489d98972b" sboTerm="SBO:0000010" species="VIIa_TF_Xa"/>
        </listOfReactants>
        <listOfProducts>
          <speciesReference metaid="_90266f8a-7f05-417d-bc7d-fefed480acf3" sboTerm="SBO:0000011" species="Xa"/>
          <speciesReference metaid="_40a389ed-102b-4aa3-a02d-4c91804e2133" sboTerm="SBO:0000011" species="VIIa_TF"/>
        </listOfProducts>
        <kineticLaw metaid="e9f39594-4e78-45dc-8f85-3958b07d2811" sboTerm="SBO:0000083">
          <math xmlns="http://www.w3.org/1998/Math/MathML">          
            <apply>
              <times/>
              <ci> compartment </ci>
              <apply>
                <minus/>
                <apply>
                  <times/>
                  <ci> k1 </ci>
                  <ci> VIIa_TF_Xa </ci>
                </apply>
                <apply>
                  <times/>
                  <ci> k2 </ci>
                  <ci> Xa </ci>
                  <ci> VIIa_TF </ci>
                </apply>
              </apply>
            </apply>
          </math>
                  <listOfParameters>
            <parameter id="k1" metaid="_992949" name="k1" sboTerm="SBO:0000035" value="770"/>
            <parameter id="k2" metaid="_992950" name="k2" sboTerm="SBO:0000039" value="5"/>
          </listOfParameters>
        </kineticLaw>
      </reaction>
      <reaction id="reaction_4" metaid="_12" name="reaction_4">
        <listOfReactants>
          <speciesReference metaid="_45edc421-d487-433e-b248-520051b56e52" sboTerm="SBO:0000010" species="Xa"/>
          <speciesReference metaid="_620a48fb-6943-4c07-89be-2f17ca4d03b7" sboTerm="SBO:0000010" species="TFPI"/>
        </listOfReactants>
        <listOfProducts>
          <speciesReference metaid="fa0efd38-0d50-4956-8421-c08a37166801" sboTerm="SBO:0000011" species="Xa_TFPI"/>
        </listOfProducts>
        <kineticLaw metaid="_88f7ebde-dbb9-4b2a-88a9-031d1e5718cb" sboTerm="SBO:0000101">
          <math xmlns="http://www.w3.org/1998/Math/MathML">          
            <apply>
              <times/>
              <ci> compartment </ci>
              <apply>
                <minus/>
                <apply>
                  <times/>
                  <ci> k1 </ci>
                  <ci> Xa </ci>
                  <ci> TFPI </ci>
                </apply>
                <apply>
                  <times/>
                  <ci> k2 </ci>
                  <ci> Xa_TFPI </ci>
                </apply>
              </apply>
            </apply>
          </math>
                  <listOfParameters>
            <parameter id="k1" metaid="_992951" name="k1" sboTerm="SBO:0000036" value="0.054"/>
            <parameter id="k2" metaid="_992952" name="k2" sboTerm="SBO:0000038" value="0.02"/>
          </listOfParameters>
        </kineticLaw>
      </reaction>
      <reaction id="reaction_5" metaid="_13" name="reaction_5">
        <listOfReactants>
          <speciesReference metaid="_130a41c3-6aca-4b88-acdc-0e3e0285de78" sboTerm="SBO:0000010" species="VIIa_TF"/>
          <speciesReference metaid="_6fa444c3-b263-4e96-972d-ae81a7400b6d" sboTerm="SBO:0000010" species="Xa_TFPI"/>
        </listOfReactants>
        <listOfProducts>
          <speciesReference metaid="_13b1bf3b-c492-487d-ac26-8fbdfb57451a" sboTerm="SBO:0000011" species="Xa_TFPI_VIIa_TF"/>
        </listOfProducts>
        <kineticLaw metaid="_63bb49aa-d992-4fad-9428-9c5b74ca5500" sboTerm="SBO:0000101">
          <math xmlns="http://www.w3.org/1998/Math/MathML">          
            <apply>
              <times/>
              <ci> compartment </ci>
              <apply>
                <minus/>
                <apply>
                  <times/>
                  <ci> k1 </ci>
                  <ci> VIIa_TF </ci>
                  <ci> Xa_TFPI </ci>
                </apply>
                <apply>
                  <times/>
                  <ci> k2 </ci>
                  <ci> Xa_TFPI_VIIa_TF </ci>
                </apply>
              </apply>
            </apply>
          </math>
                  <listOfParameters>
            <parameter id="k1" metaid="_992954" name="k1" sboTerm="SBO:0000036" value="0.44"/>
            <parameter id="k2" metaid="_992957" name="k2" sboTerm="SBO:0000038" value="0.066"/>
          </listOfParameters>
        </kineticLaw>
      </reaction>
    </listOfReactions>
  </model>
</sbml>
