<?xml version="1.0" encoding="UTF-8" standalone="no"?>
<sbml xmlns="http://www.sbml.org/sbml/level2/version3" xmlns:celldesigner="http://www.sbml.org/2001/ns/celldesigner" xmlns:jd2="http://www.sys-bio.org/sbml/jd2" level="2" metaid="_378479" version="3">
  <model id="Folate2004" metaid="metaid_0000002" name="Nijhout2004_Folate_Cycle">
    <notes>
      <body xmlns="http://www.w3.org/1999/xhtml">
        <p>This is an SBML version of the folate cycle model model from:      <br/>
                <b>A mathematical model of the folate cycle: new insights into folate homeostasis.</b>
                <br/>
                <em>Nijhout HF, Reed MC, Budu P, Ulrich CM</em>
          J. Biol. Chem.,2004,      <b>279</b>
          (53),55008-16      <br/>
          pubmedID:      <a href="http://www.ncbi.nlm.nih.gov/pubmed/15496403">15496403</a>
                <br/>
          Abstract:      <br/>
          A mathematical model is developed for the folate cycle based on standard biochemical kinetics. We use the model to provide new insights into several different mechanisms of folate homeostasis. The model reproduces the known pool sizes of folate substrates and the fluxes through each of the loops of the folate cycle and has the qualitative behavior observed in a variety of experimental studies. Vitamin B(12) deficiency, modeled as a reduction in the V(max) of the methionine synthase reaction, results in a secondary folate deficiency via the accumulation of folate as 5-methyltetrahydrofolate (the "methyl trap"). One form of homeostasis is revealed by the fact that a 100-fold up-regulation of thymidylate synthase and dihydrofolate reductase (known to occur at the G(1)/S transition) dramatically increases pyrimidine production without affecting the other reactions of the folate cycle. The model also predicts that an almost total inhibition of dihydrofolate reductase is required to significantly inhibit the thymidylate synthase reaction, consistent with experimental and clinical studies on the effects of methotrexate. Sensitivity to variation in enzymatic parameters tends to be local in the cycle and inversely proportional to the number of reactions that interconvert two folate substrates. Another form of homeostasis is a consequence of the nonenzymatic binding of folate substrates to folate enzymes. Without folate binding, the velocities of the reactions decrease approximately linearly as total folate is decreased. In the presence of folate binding and allosteric inhibition, the velocities show a remarkable constancy as total folate is decreased.      <br/>
          This model was encoded by Michal Galdzicki from a MatLab file send to him by Prof. Michael Reed. There some differences in this model compared to the one described in the article, possible due to typos in the publication:      <br/>
          1) reaction NE (THF + H2CO &lt;=&gt; 5,10-CH2-THF) in the article has H2C=O as a
reactant and is mentioned to display pseudo first order mass action
kinetics, while in the matlab file formic acid, also used in reaction FTS, is included in the rate law for the forward reaction.      <br/>
          2) the reaction MS is modeled after Reed et al. 2004, which is not
explicitly mentioned in the article, although Kd and the parameters
from Reed et al. 2004 are given.      <br/>
          3) in the kinetic law of the SHTM reaction (THF + Ser &lt;=&gt;
5,10-CH2-THF + Gly), there are separate values given for Km,Gly
and Km,5,10-CH2-THF in the article. in the matlab file and the SBML
model Km,Ser and Km,THF are used instead of Km,Gly and Km,5,10-CH2-THF
for the backwards reaction.      </p>
            <br/>
            <p>To the extent possible under law, all copyright and related or neighbouring rights to this encoded model have been dedicated to the public domain worldwide. Please refer to      <a href="http://creativecommons.org/publicdomain/zero/1.0/" title="Creative Commons CC0">CC0 Public Domain Dedication</a>
          for more information.      </p>
            <p>In summary, you are entitled to use this encoded model in absolutely any manner you deem suitable, verbatim, or with modification, alone or embedded it in a larger context, redistribute it, commercially or not, in a restricted way or not.</p>
            <br/>
            <p>To cite BioModels Database, please use:      <a href="http://www.ncbi.nlm.nih.gov/pubmed/20587024" target="_blank">Li C, Donizelli M, Rodriguez N, Dharuri H, Endler L, Chelliah V, Li L, He E, Henry A, Stefan MI, Snoep JL, Hucka M, Le Novère N, Laibe C (2010) BioModels Database: An enhanced, curated and annotated resource for published quantitative kinetic models. BMC Syst Biol., 4:92.</a>
                </p>
            </body>
      
    </notes>
    <annotation>
	<rdf:RDF xmlns:rdf="http://www.w3.org/1999/02/22-rdf-syntax-ns#" xmlns:dc="http://purl.org/dc/elements/1.1/" xmlns:vCard="http://www.w3.org/2001/vcard-rdf/3.0#" xmlns:dcterms="http://purl.org/dc/terms/" xmlns:bqmodel="http://biomodels.net/model-qualifiers/" xmlns:bqbiol="http://biomodels.net/biology-qualifiers/">
        <rdf:Description rdf:about="#metaid_0000002">
	<dc:creator>
	<rdf:Bag>
	<rdf:li rdf:parseType="Resource">
	<vCard:N rdf:parseType="Resource">
	<vCard:Family>Galdzicki</vCard:Family>
	<vCard:Given>Michal</vCard:Given>
	</vCard:N>
	<vCard:EMAIL>mgaldzic@u.washington.edu</vCard:EMAIL>
	<vCard:ORG rdf:parseType="Resource">
	<vCard:Orgname>University of Washington</vCard:Orgname>
	</vCard:ORG>
	</rdf:li>
	</rdf:Bag>
	</dc:creator>
	<dcterms:created rdf:parseType="Resource">
	<dcterms:W3CDTF>2009-03-25T13:33:53Z</dcterms:W3CDTF>
	</dcterms:created>
	<dcterms:modified rdf:parseType="Resource">
	<dcterms:W3CDTF>2016-04-08T16:02:28Z</dcterms:W3CDTF>
	</dcterms:modified>
	<bqmodel:is>
	<rdf:Bag>
	<rdf:li rdf:resource="http://identifiers.org/biomodels.db/MODEL4336555445"/>
	</rdf:Bag>
	</bqmodel:is>
	<bqmodel:is>
	<rdf:Bag>
	<rdf:li rdf:resource="http://identifiers.org/biomodels.db/BIOMD0000000213"/>
	</rdf:Bag>
	</bqmodel:is>
	<bqmodel:isDescribedBy>
	<rdf:Bag>
	<rdf:li rdf:resource="http://identifiers.org/pubmed/15496403"/>
	</rdf:Bag>
	</bqmodel:isDescribedBy>
	<bqbiol:isVersionOf>
	<rdf:Bag>
	<rdf:li rdf:resource="http://identifiers.org/go/GO:0046655"/>
	</rdf:Bag>
	</bqbiol:isVersionOf>
	<bqbiol:hasTaxon>
	<rdf:Bag>
	<rdf:li rdf:resource="http://identifiers.org/taxonomy/40674"/>
	</rdf:Bag>
	</bqbiol:hasTaxon>
	</rdf:Description>
	
	</rdf:RDF>
	</annotation>
      <listOfCompartments>
      <compartment id="compartment" metaid="_032287" sboTerm="SBO:0000290" size="1">
        <annotation>
	<rdf:RDF xmlns:rdf="http://www.w3.org/1999/02/22-rdf-syntax-ns#" xmlns:bqbiol="http://biomodels.net/biology-qualifiers/">
            <rdf:Description rdf:about="#_032287">
	<bqbiol:isVersionOf>
	<rdf:Bag>
	<rdf:li rdf:resource="http://identifiers.org/go/GO:0005623"/>
	</rdf:Bag>
	</bqbiol:isVersionOf>
	</rdf:Description>
	
	</rdf:RDF>
	</annotation>
            </compartment>
    </listOfCompartments>
    <listOfSpecies>
      <species compartment="compartment" id="_5mTHF" initialConcentration="5.16" metaid="_032288" sboTerm="SBO:0000247">
        <annotation>
	<rdf:RDF xmlns:rdf="http://www.w3.org/1999/02/22-rdf-syntax-ns#" xmlns:bqbiol="http://biomodels.net/biology-qualifiers/">
            <rdf:Description rdf:about="#_032288">
	<bqbiol:is>
	<rdf:Bag>
	<rdf:li rdf:resource="http://identifiers.org/chebi/CHEBI:15641"/>
	<rdf:li rdf:resource="http://identifiers.org/kegg.compound/C00440"/>
	</rdf:Bag>
	</bqbiol:is>
	</rdf:Description>
	
	</rdf:RDF>
	</annotation>
            </species>
      <species compartment="compartment" id="THF" initialConcentration="6.73" metaid="_032290" sboTerm="SBO:0000247">
        <annotation>
	<rdf:RDF xmlns:rdf="http://www.w3.org/1999/02/22-rdf-syntax-ns#" xmlns:bqbiol="http://biomodels.net/biology-qualifiers/">
            <rdf:Description rdf:about="#_032290">
	<bqbiol:is>
	<rdf:Bag>
	<rdf:li rdf:resource="http://identifiers.org/chebi/CHEBI:15635"/>
	<rdf:li rdf:resource="http://identifiers.org/kegg.compound/C00101"/>
	</rdf:Bag>
	</bqbiol:is>
	</rdf:Description>
	
	</rdf:RDF>
	</annotation>
            </species>
      <species compartment="compartment" id="DHF" initialConcentration="0.027" metaid="_032291" sboTerm="SBO:0000247">
        <annotation>
	<rdf:RDF xmlns:rdf="http://www.w3.org/1999/02/22-rdf-syntax-ns#" xmlns:bqbiol="http://biomodels.net/biology-qualifiers/">
            <rdf:Description rdf:about="#_032291">
	<bqbiol:is>
	<rdf:Bag>
	<rdf:li rdf:resource="http://identifiers.org/chebi/CHEBI:15633"/>
	<rdf:li rdf:resource="http://identifiers.org/kegg.compound/C00415"/>
	</rdf:Bag>
	</bqbiol:is>
	</rdf:Description>
	
	</rdf:RDF>
	</annotation>
            </species>
      <species compartment="compartment" id="_5_10_CH2THF" initialConcentration="0.94" metaid="_032293" sboTerm="SBO:0000247">
        <annotation>
	<rdf:RDF xmlns:rdf="http://www.w3.org/1999/02/22-rdf-syntax-ns#" xmlns:bqbiol="http://biomodels.net/biology-qualifiers/">
            <rdf:Description rdf:about="#_032293">
	<bqbiol:is>
	<rdf:Bag>
	<rdf:li rdf:resource="http://identifiers.org/chebi/CHEBI:1989"/>
	<rdf:li rdf:resource="http://identifiers.org/kegg.compound/C00143"/>
	</rdf:Bag>
	</bqbiol:is>
	</rdf:Description>
	
	</rdf:RDF>
	</annotation>
            </species>
      <species compartment="compartment" id="_5_10_CHTHF" initialConcentration="1.153" metaid="_032294" sboTerm="SBO:0000247">
        <annotation>
	<rdf:RDF xmlns:rdf="http://www.w3.org/1999/02/22-rdf-syntax-ns#" xmlns:bqbiol="http://biomodels.net/biology-qualifiers/">
            <rdf:Description rdf:about="#_032294">
	<bqbiol:is>
	<rdf:Bag>
	<rdf:li rdf:resource="http://identifiers.org/chebi/CHEBI:15638"/>
	<rdf:li rdf:resource="http://identifiers.org/kegg.compound/C00445"/>
	</rdf:Bag>
	</bqbiol:is>
	</rdf:Description>
	
	</rdf:RDF>
	</annotation>
            </species>
      <species compartment="compartment" id="_10fTHF" initialConcentration="5.99" metaid="_032296" sboTerm="SBO:0000247">
        <annotation>
	<rdf:RDF xmlns:rdf="http://www.w3.org/1999/02/22-rdf-syntax-ns#" xmlns:bqbiol="http://biomodels.net/biology-qualifiers/">
            <rdf:Description rdf:about="#_032296">
	<bqbiol:is>
	<rdf:Bag>
	<rdf:li rdf:resource="http://identifiers.org/chebi/CHEBI:15637"/>
	<rdf:li rdf:resource="http://identifiers.org/kegg.compound/C00234"/>
	</rdf:Bag>
	</bqbiol:is>
	</rdf:Description>
	
	</rdf:RDF>
	</annotation>
            </species>
      <species boundaryCondition="true" compartment="compartment" id="Ser" initialConcentration="468" metaid="_032297" sboTerm="SBO:0000247">
        <annotation>
	<rdf:RDF xmlns:rdf="http://www.w3.org/1999/02/22-rdf-syntax-ns#" xmlns:bqbiol="http://biomodels.net/biology-qualifiers/">
            <rdf:Description rdf:about="#_032297">
	<bqbiol:isVersionOf>
	<rdf:Bag>
	<rdf:li rdf:resource="http://identifiers.org/chebi/CHEBI:17822"/>
	<rdf:li rdf:resource="http://identifiers.org/kegg.compound/C00716"/>
	</rdf:Bag>
	</bqbiol:isVersionOf>
	</rdf:Description>
	
	</rdf:RDF>
	</annotation>
            </species>
      <species boundaryCondition="true" compartment="compartment" id="Gly" initialConcentration="1850" metaid="_032299" sboTerm="SBO:0000247">
        <annotation>
	<rdf:RDF xmlns:rdf="http://www.w3.org/1999/02/22-rdf-syntax-ns#" xmlns:bqbiol="http://biomodels.net/biology-qualifiers/">
            <rdf:Description rdf:about="#_032299">
	<bqbiol:is>
	<rdf:Bag>
	<rdf:li rdf:resource="http://identifiers.org/chebi/CHEBI:15428"/>
	<rdf:li rdf:resource="http://identifiers.org/kegg.compound/C00037"/>
	</rdf:Bag>
	</bqbiol:is>
	</rdf:Description>
	
	</rdf:RDF>
	</annotation>
            </species>
      <species boundaryCondition="true" compartment="compartment" id="dUMP" initialConcentration="20" metaid="_032300" sboTerm="SBO:0000247">
        <annotation>
	<rdf:RDF xmlns:rdf="http://www.w3.org/1999/02/22-rdf-syntax-ns#" xmlns:bqbiol="http://biomodels.net/biology-qualifiers/">
            <rdf:Description rdf:about="#_032300">
	<bqbiol:is>
	<rdf:Bag>
	<rdf:li rdf:resource="http://identifiers.org/chebi/CHEBI:17622"/>
	<rdf:li rdf:resource="http://identifiers.org/kegg.compound/C00365"/>
	</rdf:Bag>
	</bqbiol:is>
	</rdf:Description>
	
	</rdf:RDF>
	</annotation>
            </species>
      <species boundaryCondition="true" compartment="compartment" id="GAR" initialConcentration="10" metaid="_032302" sboTerm="SBO:0000247">
        <annotation>
	<rdf:RDF xmlns:rdf="http://www.w3.org/1999/02/22-rdf-syntax-ns#" xmlns:bqbiol="http://biomodels.net/biology-qualifiers/">
            <rdf:Description rdf:about="#_032302">
              <bqbiol:is>
	<rdf:Bag>
	<rdf:li rdf:resource="http://identifiers.org/chebi/CHEBI:18272"/>
	<rdf:li rdf:resource="http://identifiers.org/kegg.compound/C04376"/>
	</rdf:Bag>
	</bqbiol:is>
	
	<bqbiol:isVersionOf>
	<rdf:Bag>
	<rdf:li rdf:resource="http://identifiers.org/chebi/CHEBI:24367"/>
	</rdf:Bag>
	</bqbiol:isVersionOf>
	</rdf:Description>
	
	</rdf:RDF>
	</annotation>
            </species>
      <species boundaryCondition="true" compartment="compartment" id="AICAR" initialConcentration="2.1" metaid="_032303" sboTerm="SBO:0000247">
        <annotation>
	<rdf:RDF xmlns:rdf="http://www.w3.org/1999/02/22-rdf-syntax-ns#" xmlns:bqbiol="http://biomodels.net/biology-qualifiers/">
            <rdf:Description rdf:about="#_032303">
	<bqbiol:isVersionOf>
	<rdf:Bag>
	<rdf:li rdf:resource="http://identifiers.org/chebi/CHEBI:18406"/>
	<rdf:li rdf:resource="http://identifiers.org/kegg.compound/C04677"/>
	</rdf:Bag>
	</bqbiol:isVersionOf>
	</rdf:Description>
	
	</rdf:RDF>
	</annotation>
            </species>
      <species boundaryCondition="true" compartment="compartment" id="HCOOH" initialConcentration="900" metaid="_032305" sboTerm="SBO:0000247">
        <annotation>
	<rdf:RDF xmlns:rdf="http://www.w3.org/1999/02/22-rdf-syntax-ns#" xmlns:bqbiol="http://biomodels.net/biology-qualifiers/">
            <rdf:Description rdf:about="#_032305">
	<bqbiol:isVersionOf>
	<rdf:Bag>
	<rdf:li rdf:resource="http://identifiers.org/chebi/CHEBI:30751"/>
	<rdf:li rdf:resource="http://identifiers.org/kegg.compound/C00058"/>
	</rdf:Bag>
	</bqbiol:isVersionOf>
	</rdf:Description>
	
	</rdf:RDF>
	</annotation>
            </species>
      <species boundaryCondition="true" compartment="compartment" id="NADPH" initialConcentration="50" metaid="_032306" sboTerm="SBO:0000247">
        <annotation>
	<rdf:RDF xmlns:rdf="http://www.w3.org/1999/02/22-rdf-syntax-ns#" xmlns:bqbiol="http://biomodels.net/biology-qualifiers/">
            <rdf:Description rdf:about="#_032306">
	<bqbiol:is>
	<rdf:Bag>
	<rdf:li rdf:resource="http://identifiers.org/chebi/CHEBI:16474"/>
	<rdf:li rdf:resource="http://identifiers.org/kegg.compound/C00005"/>
	</rdf:Bag>
	</bqbiol:is>
	</rdf:Description>
	
	</rdf:RDF>
	</annotation>
            </species>
      <species boundaryCondition="true" compartment="compartment" id="Hcy" initialConcentration="1" metaid="_032308" sboTerm="SBO:0000247">
        <annotation>
	<rdf:RDF xmlns:rdf="http://www.w3.org/1999/02/22-rdf-syntax-ns#" xmlns:bqbiol="http://biomodels.net/biology-qualifiers/">
            <rdf:Description rdf:about="#_032308">
	<bqbiol:is>
	<rdf:Bag>
	<rdf:li rdf:resource="http://identifiers.org/chebi/CHEBI:17230"/>
	<rdf:li rdf:resource="http://identifiers.org/kegg.compound/C05330"/>
	</rdf:Bag>
	</bqbiol:is>
	</rdf:Description>
	
	</rdf:RDF>
	</annotation>
            </species>
    </listOfSpecies>
    <listOfParameters>
      <parameter id="NE_k1" metaid="_032331" value="0.15"/>
      <parameter id="NE_k2" metaid="_032332" value="12"/>
      <parameter id="MS_Vmax" metaid="_032334" value="500"/>
      <parameter id="MS_Km_5mTHF" metaid="_032335" value="25"/>
      <parameter id="MS_Km_Hcy" metaid="_032337" value="0.1"/>
      <parameter id="MS_Kd" metaid="_032338" value="1"/>
      <parameter id="MTHFR_Vmax" metaid="_032340" value="6000"/>
      <parameter id="MTHFR_Km_NADPH" metaid="_032341" value="16"/>
      <parameter id="MTHFR_Km_5_10_CH2THF" metaid="_032343" value="50"/>
      <parameter id="FTD_Vmax" metaid="_032344" value="14000"/>
      <parameter id="FTD_Km_10fTHF" metaid="_032346" value="20"/>
      <parameter id="FTS_Vmax" metaid="_032347" value="2000"/>
      <parameter id="FTS_Km_HCOOH" metaid="_032349" value="43"/>
      <parameter id="FTS_Km_THF" metaid="_032350" value="3"/>
      <parameter id="AICART_Vmax" metaid="_032352" value="45000"/>
      <parameter id="AICART_Km_AICAR" metaid="_032353" value="100"/>
      <parameter id="AICART_Km_10fTHF" metaid="_032355" value="5.9"/>
      <parameter id="PGT_Vmax" metaid="_032356" value="16200"/>
      <parameter id="PGT_Km_GAR" metaid="_032358" value="520"/>
      <parameter id="PGT_Km_10fTHF" metaid="_032359" value="4.9"/>
      <parameter id="TS_Vmax" metaid="_032361" value="50"/>
      <parameter id="TS_Km_dUMP" metaid="_032362" value="6.3"/>
      <parameter id="TS_Km_5_10_CH2THF" metaid="_032364" value="14"/>
      <parameter id="DHFR_Vmax" metaid="_032365" value="50"/>
      <parameter id="DHFR_Km_NADPH" metaid="_032367" value="4"/>
      <parameter id="DHFR_Km_DHF" metaid="_032368" value="0.5"/>
      <parameter id="MTCH_VmaxF" metaid="_032370" value="800000"/>
      <parameter id="MTCH_Km_5_10_CHTHF" metaid="_032371" value="250"/>
      <parameter id="MTCH_VmaxR" metaid="_032373" value="20000"/>
      <parameter id="MTCH_Km_10fTHF" metaid="_032374" value="100"/>
      <parameter id="SHMT_VmaxF" metaid="_032376" value="40000"/>
      <parameter id="SHMT_Km_Ser" metaid="_032377" value="600"/>
      <parameter id="SHMT_Km_THF" metaid="_032379" value="50"/>
      <parameter id="SHMT_VmaxR" metaid="_032380" value="25000"/>
      <parameter id="MTD_VmaxF" metaid="_032382" value="200000"/>
      <parameter id="MTD_Km_5_10_CH2THF" metaid="_032383" value="2"/>
      <parameter id="MTD_VmaxR" metaid="_032385" value="594000"/>
      <parameter id="MTD_Km_5_10_CHTHF" metaid="_032386" value="10"/>
    </listOfParameters>
    <listOfReactions>
      <reaction id="V_NE" metaid="_032309" reversible="false" sboTerm="SBO:0000210">
        <annotation>
	<rdf:RDF xmlns:rdf="http://www.w3.org/1999/02/22-rdf-syntax-ns#" xmlns:bqbiol="http://biomodels.net/biology-qualifiers/">
            <rdf:Description rdf:about="#_032309">
	<bqbiol:isVersionOf>
	<rdf:Bag>
	<rdf:li rdf:resource="http://identifiers.org/go/GO:0046653"/>
	</rdf:Bag>
	</bqbiol:isVersionOf>
	</rdf:Description>
	
	</rdf:RDF>
	</annotation>
              <listOfReactants>
          <speciesReference metaid="_378491" species="THF"/>
        </listOfReactants>
        <listOfProducts>
          <speciesReference metaid="_378503" species="_5_10_CH2THF"/>
        </listOfProducts>
        <listOfModifiers>
          <modifierSpeciesReference metaid="_378515" species="HCOOH"/>
        </listOfModifiers>
        <kineticLaw metaid="_378527">
          <math xmlns="http://www.w3.org/1998/Math/MathML">          
            <apply>
              <minus/>
              <apply>
                <times/>
                <ci> HCOOH </ci>
                <ci> NE_k1 </ci>
                <ci> THF </ci>
              </apply>
              <apply>
                <times/>
                <ci> NE_k2 </ci>
                <ci> _5_10_CH2THF </ci>
              </apply>
            </apply>
          </math>
                </kineticLaw>
      </reaction>
      <reaction id="V_MS" metaid="_032310" reversible="false" sboTerm="SBO:0000402">
        <annotation>
	<rdf:RDF xmlns:rdf="http://www.w3.org/1999/02/22-rdf-syntax-ns#" xmlns:bqbiol="http://biomodels.net/biology-qualifiers/">
            <rdf:Description rdf:about="#_032310">
              <bqbiol:isVersionOf>
	<rdf:Bag>
	<rdf:li rdf:resource="http://identifiers.org/ec-code/2.1.1.13"/>
	<rdf:li rdf:resource="http://identifiers.org/kegg.reaction/R00946"/>
	<rdf:li rdf:resource="http://identifiers.org/go/GO:0008705"/>
	</rdf:Bag>
	</bqbiol:isVersionOf>
	
	<bqbiol:isHomologTo>
	<rdf:Bag>
	<rdf:li rdf:resource="http://identifiers.org/reactome/REACT_6739"/>
	</rdf:Bag>
	</bqbiol:isHomologTo>
	</rdf:Description>
	
	</rdf:RDF>
	</annotation>
              <listOfReactants>
          <speciesReference metaid="_378539" species="_5mTHF"/>
        </listOfReactants>
        <listOfProducts>
          <speciesReference metaid="_378551" species="THF"/>
        </listOfProducts>
        <listOfModifiers>
          <modifierSpeciesReference metaid="_378563" species="Hcy"/>
        </listOfModifiers>
        <kineticLaw metaid="_378575">
          <math xmlns="http://www.w3.org/1998/Math/MathML">          
            <apply>
              <divide/>
              <apply>
                <times/>
                <ci> MS_Vmax </ci>
                <apply>
                  <divide/>
                  <ci> _5mTHF </ci>
                  <ci> MS_Km_5mTHF </ci>
                </apply>
                <apply>
                  <divide/>
                  <ci> Hcy </ci>
                  <ci> MS_Km_Hcy </ci>
                </apply>
              </apply>
              <apply>
                <plus/>
                <apply>
                  <divide/>
                  <ci> MS_Kd </ci>
                  <ci> MS_Km_5mTHF </ci>
                </apply>
                <apply>
                  <divide/>
                  <ci> _5mTHF </ci>
                  <ci> MS_Km_5mTHF </ci>
                </apply>
                <apply>
                  <divide/>
                  <ci> Hcy </ci>
                  <ci> MS_Km_Hcy </ci>
                </apply>
                <apply>
                  <divide/>
                  <apply>
                    <times/>
                    <ci> _5mTHF </ci>
                    <ci> Hcy </ci>
                  </apply>
                  <apply>
                    <times/>
                    <ci> MS_Km_5mTHF </ci>
                    <ci> MS_Km_Hcy </ci>
                  </apply>
                </apply>
              </apply>
            </apply>
          </math>
                </kineticLaw>
      </reaction>
      <reaction id="V_MTHFR" metaid="_032312" reversible="false" sboTerm="SBO:0000202">
        <annotation>
	<rdf:RDF xmlns:rdf="http://www.w3.org/1999/02/22-rdf-syntax-ns#" xmlns:bqbiol="http://biomodels.net/biology-qualifiers/">
            <rdf:Description rdf:about="#_032312">
              <bqbiol:isVersionOf>
	<rdf:Bag>
	<rdf:li rdf:resource="http://identifiers.org/ec-code/1.5.1.20"/>
	<rdf:li rdf:resource="http://identifiers.org/kegg.reaction/R01224"/>
	<rdf:li rdf:resource="http://identifiers.org/go/GO:0004489"/>
	</rdf:Bag>
	</bqbiol:isVersionOf>
	
	<bqbiol:isHomologTo>
	<rdf:Bag>
	<rdf:li rdf:resource="http://identifiers.org/reactome/REACT_11102"/>
	</rdf:Bag>
	</bqbiol:isHomologTo>
	</rdf:Description>
	
	</rdf:RDF>
	</annotation>
              <listOfReactants>
          <speciesReference metaid="_378587" species="_5_10_CH2THF"/>
        </listOfReactants>
        <listOfProducts>
          <speciesReference metaid="_378599" species="_5mTHF"/>
        </listOfProducts>
        <listOfModifiers>
          <modifierSpeciesReference metaid="_378611" species="NADPH"/>
        </listOfModifiers>
        <kineticLaw metaid="_378623">
          <math xmlns="http://www.w3.org/1998/Math/MathML">          
            <apply>
              <times/>
              <ci> MTHFR_Vmax </ci>
              <apply>
                <divide/>
                <ci> NADPH </ci>
                <apply>
                  <plus/>
                  <ci> MTHFR_Km_NADPH </ci>
                  <ci> NADPH </ci>
                </apply>
              </apply>
              <apply>
                <divide/>
                <ci> _5_10_CH2THF </ci>
                <apply>
                  <plus/>
                  <ci> MTHFR_Km_5_10_CH2THF </ci>
                  <ci> _5_10_CH2THF </ci>
                </apply>
              </apply>
            </apply>
          </math>
                </kineticLaw>
      </reaction>
      <reaction id="V_FTD" metaid="_032313" reversible="false" sboTerm="SBO:0000402">
        <annotation>
	<rdf:RDF xmlns:rdf="http://www.w3.org/1999/02/22-rdf-syntax-ns#" xmlns:bqbiol="http://biomodels.net/biology-qualifiers/">
            <rdf:Description rdf:about="#_032313">
              <bqbiol:isVersionOf>
	<rdf:Bag>
	<rdf:li rdf:resource="http://identifiers.org/ec-code/1.5.1.6"/>
	<rdf:li rdf:resource="http://identifiers.org/kegg.reaction/R00941"/>
	<rdf:li rdf:resource="http://identifiers.org/go/GO:0016155"/>
	</rdf:Bag>
	</bqbiol:isVersionOf>
	
	<bqbiol:isHomologTo>
	<rdf:Bag>
	<rdf:li rdf:resource="http://identifiers.org/reactome/REACT_11170"/>
	</rdf:Bag>
	</bqbiol:isHomologTo>
	</rdf:Description>
	
	</rdf:RDF>
	</annotation>
              <listOfReactants>
          <speciesReference metaid="_378635" species="_10fTHF"/>
        </listOfReactants>
        <listOfProducts>
          <speciesReference metaid="_378647" species="THF"/>
        </listOfProducts>
        <kineticLaw metaid="_378659">
          <math xmlns="http://www.w3.org/1998/Math/MathML">          
            <apply>
              <times/>
              <ci> FTD_Vmax </ci>
              <apply>
                <divide/>
                <ci> _10fTHF </ci>
                <apply>
                  <plus/>
                  <ci> FTD_Km_10fTHF </ci>
                  <ci> _10fTHF </ci>
                </apply>
              </apply>
            </apply>
          </math>
                </kineticLaw>
      </reaction>
      <reaction id="V_FTS" metaid="_032315" reversible="false" sboTerm="SBO:0000402">
        <annotation>
	<rdf:RDF xmlns:rdf="http://www.w3.org/1999/02/22-rdf-syntax-ns#" xmlns:bqbiol="http://biomodels.net/biology-qualifiers/">
            <rdf:Description rdf:about="#_032315">
              <bqbiol:isVersionOf>
	<rdf:Bag>
	<rdf:li rdf:resource="http://identifiers.org/ec-code/6.3.4.3"/>
	<rdf:li rdf:resource="http://identifiers.org/kegg.reaction/R00943"/>
	<rdf:li rdf:resource="http://identifiers.org/go/GO:0004329"/>
	</rdf:Bag>
	</bqbiol:isVersionOf>
	
	<bqbiol:isHomologTo>
	<rdf:Bag>
	<rdf:li rdf:resource="http://identifiers.org/reactome/REACT_11109"/>
	</rdf:Bag>
	</bqbiol:isHomologTo>
	</rdf:Description>
	
	</rdf:RDF>
	</annotation>
              <listOfReactants>
          <speciesReference metaid="_378671" species="THF"/>
        </listOfReactants>
        <listOfProducts>
          <speciesReference metaid="_378683" species="_10fTHF"/>
        </listOfProducts>
        <listOfModifiers>
          <modifierSpeciesReference metaid="_378695" species="HCOOH"/>
        </listOfModifiers>
        <kineticLaw metaid="_378707">
          <math xmlns="http://www.w3.org/1998/Math/MathML">          
            <apply>
              <times/>
              <ci> FTS_Vmax </ci>
              <apply>
                <divide/>
                <ci> HCOOH </ci>
                <apply>
                  <plus/>
                  <ci> FTS_Km_HCOOH </ci>
                  <ci> HCOOH </ci>
                </apply>
              </apply>
              <apply>
                <divide/>
                <ci> THF </ci>
                <apply>
                  <plus/>
                  <ci> FTS_Km_THF </ci>
                  <ci> THF </ci>
                </apply>
              </apply>
            </apply>
          </math>
                </kineticLaw>
      </reaction>
      <reaction id="V_AICART" metaid="_032316" reversible="false" sboTerm="SBO:0000402">
        <annotation>
	<rdf:RDF xmlns:rdf="http://www.w3.org/1999/02/22-rdf-syntax-ns#" xmlns:bqbiol="http://biomodels.net/biology-qualifiers/">
            <rdf:Description rdf:about="#_032316">
              <bqbiol:isVersionOf>
	<rdf:Bag>
	<rdf:li rdf:resource="http://identifiers.org/ec-code/2.1.2.3"/>
	<rdf:li rdf:resource="http://identifiers.org/kegg.reaction/R04560"/>
	<rdf:li rdf:resource="http://identifiers.org/go/GO:0004643"/>
	</rdf:Bag>
	</bqbiol:isVersionOf>
	
	<bqbiol:isHomologTo>
	<rdf:Bag>
	<rdf:li rdf:resource="http://identifiers.org/reactome/REACT_812"/>
	</rdf:Bag>
	</bqbiol:isHomologTo>
	</rdf:Description>
	
	</rdf:RDF>
	</annotation>
              <listOfReactants>
          <speciesReference metaid="_378719" species="_10fTHF"/>
        </listOfReactants>
        <listOfProducts>
          <speciesReference metaid="_378731" species="THF"/>
        </listOfProducts>
        <listOfModifiers>
          <modifierSpeciesReference metaid="_378743" species="AICAR"/>
        </listOfModifiers>
        <kineticLaw metaid="_378755">
          <math xmlns="http://www.w3.org/1998/Math/MathML">          
            <apply>
              <times/>
              <ci> AICART_Vmax </ci>
              <apply>
                <divide/>
                <ci> AICAR </ci>
                <apply>
                  <plus/>
                  <ci> AICART_Km_AICAR </ci>
                  <ci> AICAR </ci>
                </apply>
              </apply>
              <apply>
                <divide/>
                <ci> _10fTHF </ci>
                <apply>
                  <plus/>
                  <ci> AICART_Km_10fTHF </ci>
                  <ci> _10fTHF </ci>
                </apply>
              </apply>
            </apply>
          </math>
                </kineticLaw>
      </reaction>
      <reaction id="V_PGT" metaid="_032318" reversible="false" sboTerm="SBO:0000402">
        <annotation>
	<rdf:RDF xmlns:rdf="http://www.w3.org/1999/02/22-rdf-syntax-ns#" xmlns:bqbiol="http://biomodels.net/biology-qualifiers/">
            <rdf:Description rdf:about="#_032318">
              <bqbiol:isHomologTo>
	<rdf:Bag>
	<rdf:li rdf:resource="http://identifiers.org/reactome/REACT_1509"/>
	</rdf:Bag>
	</bqbiol:isHomologTo>
	
	<bqbiol:isVersionOf>
	<rdf:Bag>
	<rdf:li rdf:resource="http://identifiers.org/ec-code/2.1.2.2"/>
	<rdf:li rdf:resource="http://identifiers.org/kegg.reaction/R04325"/>
	<rdf:li rdf:resource="http://identifiers.org/go/GO:0004644"/>
	</rdf:Bag>
	</bqbiol:isVersionOf>
	</rdf:Description>
	
	</rdf:RDF>
	</annotation>
              <listOfReactants>
          <speciesReference metaid="_378767" species="_10fTHF"/>
        </listOfReactants>
        <listOfProducts>
          <speciesReference metaid="_378779" species="THF"/>
        </listOfProducts>
        <listOfModifiers>
          <modifierSpeciesReference metaid="_378791" species="GAR"/>
        </listOfModifiers>
        <kineticLaw metaid="_378803">
          <math xmlns="http://www.w3.org/1998/Math/MathML">          
            <apply>
              <times/>
              <ci> PGT_Vmax </ci>
              <apply>
                <divide/>
                <ci> GAR </ci>
                <apply>
                  <plus/>
                  <ci> PGT_Km_GAR </ci>
                  <ci> GAR </ci>
                </apply>
              </apply>
              <apply>
                <divide/>
                <ci> _10fTHF </ci>
                <apply>
                  <plus/>
                  <ci> PGT_Km_10fTHF </ci>
                  <ci> _10fTHF </ci>
                </apply>
              </apply>
            </apply>
          </math>
                </kineticLaw>
      </reaction>
      <reaction id="V_TS" metaid="_032319" reversible="false" sboTerm="SBO:0000402">
        <annotation>
	<rdf:RDF xmlns:rdf="http://www.w3.org/1999/02/22-rdf-syntax-ns#" xmlns:bqbiol="http://biomodels.net/biology-qualifiers/">
            <rdf:Description rdf:about="#_032319">
              <bqbiol:isVersionOf>
	<rdf:Bag>
	<rdf:li rdf:resource="http://identifiers.org/ec-code/2.1.1.45"/>
	<rdf:li rdf:resource="http://identifiers.org/kegg.reaction/R02101"/>
	<rdf:li rdf:resource="http://identifiers.org/go/GO:0004799"/>
	</rdf:Bag>
	</bqbiol:isVersionOf>
	
	<bqbiol:isHomologTo>
	<rdf:Bag>
	<rdf:li rdf:resource="http://identifiers.org/reactome/REACT_1679"/>
	</rdf:Bag>
	</bqbiol:isHomologTo>
	</rdf:Description>
	
	</rdf:RDF>
	</annotation>
              <listOfReactants>
          <speciesReference metaid="_378815" species="_5_10_CH2THF"/>
        </listOfReactants>
        <listOfProducts>
          <speciesReference metaid="_378827" species="DHF"/>
        </listOfProducts>
        <listOfModifiers>
          <modifierSpeciesReference metaid="_378839" species="dUMP"/>
        </listOfModifiers>
        <kineticLaw metaid="_378851">
          <math xmlns="http://www.w3.org/1998/Math/MathML">          
            <apply>
              <times/>
              <ci> TS_Vmax </ci>
              <apply>
                <divide/>
                <ci> dUMP </ci>
                <apply>
                  <plus/>
                  <ci> TS_Km_dUMP </ci>
                  <ci> dUMP </ci>
                </apply>
              </apply>
              <apply>
                <divide/>
                <ci> _5_10_CH2THF </ci>
                <apply>
                  <plus/>
                  <ci> TS_Km_5_10_CH2THF </ci>
                  <ci> _5_10_CH2THF </ci>
                </apply>
              </apply>
            </apply>
          </math>
                </kineticLaw>
      </reaction>
      <reaction id="V_DHFR" metaid="_032321" reversible="false" sboTerm="SBO:0000202">
        <annotation>
	<rdf:RDF xmlns:rdf="http://www.w3.org/1999/02/22-rdf-syntax-ns#" xmlns:bqbiol="http://biomodels.net/biology-qualifiers/">
            <rdf:Description rdf:about="#_032321">
              <bqbiol:isVersionOf>
	<rdf:Bag>
	<rdf:li rdf:resource="http://identifiers.org/ec-code/1.5.1.3"/>
	<rdf:li rdf:resource="http://identifiers.org/kegg.reaction/R00939"/>
	<rdf:li rdf:resource="http://identifiers.org/go/GO:0004146"/>
	</rdf:Bag>
	</bqbiol:isVersionOf>
	
	<bqbiol:isHomologTo>
	<rdf:Bag>
	<rdf:li rdf:resource="http://identifiers.org/reactome/REACT_11170"/>
	</rdf:Bag>
	</bqbiol:isHomologTo>
	</rdf:Description>
	
	</rdf:RDF>
	</annotation>
              <listOfReactants>
          <speciesReference metaid="_378863" species="DHF"/>
        </listOfReactants>
        <listOfProducts>
          <speciesReference metaid="_378875" species="THF"/>
        </listOfProducts>
        <listOfModifiers>
          <modifierSpeciesReference metaid="_378887" species="NADPH"/>
        </listOfModifiers>
        <kineticLaw metaid="_378899">
          <math xmlns="http://www.w3.org/1998/Math/MathML">          
            <apply>
              <times/>
              <ci> DHFR_Vmax </ci>
              <apply>
                <divide/>
                <ci> NADPH </ci>
                <apply>
                  <plus/>
                  <ci> DHFR_Km_NADPH </ci>
                  <ci> NADPH </ci>
                </apply>
              </apply>
              <apply>
                <divide/>
                <ci> DHF </ci>
                <apply>
                  <plus/>
                  <ci> DHFR_Km_DHF </ci>
                  <ci> DHF </ci>
                </apply>
              </apply>
            </apply>
          </math>
                </kineticLaw>
      </reaction>
      <reaction id="V_MTCH" metaid="_032322" reversible="false" sboTerm="SBO:0000376">
        <annotation>
	<rdf:RDF xmlns:rdf="http://www.w3.org/1999/02/22-rdf-syntax-ns#" xmlns:bqbiol="http://biomodels.net/biology-qualifiers/">
            <rdf:Description rdf:about="#_032322">
              <bqbiol:isVersionOf>
	<rdf:Bag>
	<rdf:li rdf:resource="http://identifiers.org/ec-code/3.5.4.9"/>
	<rdf:li rdf:resource="http://identifiers.org/kegg.reaction/R01655"/>
	<rdf:li rdf:resource="http://identifiers.org/go/GO:0004477"/>
	</rdf:Bag>
	</bqbiol:isVersionOf>
	
	<bqbiol:isHomologTo>
	<rdf:Bag>
	<rdf:li rdf:resource="http://identifiers.org/reactome/REACT_11074"/>
	</rdf:Bag>
	</bqbiol:isHomologTo>
	</rdf:Description>
	
	</rdf:RDF>
	</annotation>
              <listOfReactants>
          <speciesReference metaid="_378911" species="_5_10_CHTHF"/>
        </listOfReactants>
        <listOfProducts>
          <speciesReference metaid="_378923" species="_10fTHF"/>
        </listOfProducts>
        <kineticLaw metaid="_378935">
          <math xmlns="http://www.w3.org/1998/Math/MathML">          
            <apply>
              <minus/>
              <apply>
                <times/>
                <ci> MTCH_VmaxF </ci>
                <apply>
                  <divide/>
                  <ci> _5_10_CHTHF </ci>
                  <apply>
                    <plus/>
                    <ci> MTCH_Km_5_10_CHTHF </ci>
                    <ci> _5_10_CHTHF </ci>
                  </apply>
                </apply>
              </apply>
              <apply>
                <times/>
                <ci> MTCH_VmaxR </ci>
                <apply>
                  <divide/>
                  <ci> _10fTHF </ci>
                  <apply>
                    <plus/>
                    <ci> MTCH_Km_10fTHF </ci>
                    <ci> _10fTHF </ci>
                  </apply>
                </apply>
              </apply>
            </apply>
          </math>
                </kineticLaw>
      </reaction>
      <reaction id="V_SHMT" metaid="_032324" reversible="false" sboTerm="SBO:0000402">
        <annotation>
	<rdf:RDF xmlns:rdf="http://www.w3.org/1999/02/22-rdf-syntax-ns#" xmlns:bqbiol="http://biomodels.net/biology-qualifiers/">
            <rdf:Description rdf:about="#_032324">
              <bqbiol:isHomologTo>
	<rdf:Bag>
	<rdf:li rdf:resource="http://identifiers.org/reactome/REACT_11159"/>
	</rdf:Bag>
	</bqbiol:isHomologTo>
	
	<bqbiol:isVersionOf>
	<rdf:Bag>
	<rdf:li rdf:resource="http://identifiers.org/ec-code/2.1.2.1"/>
	<rdf:li rdf:resource="http://identifiers.org/kegg.reaction/R00945"/>
	<rdf:li rdf:resource="http://identifiers.org/go/GO:0004372"/>
	</rdf:Bag>
	</bqbiol:isVersionOf>
	</rdf:Description>
	
	</rdf:RDF>
	</annotation>
              <listOfReactants>
          <speciesReference metaid="_378947" species="THF"/>
        </listOfReactants>
        <listOfProducts>
          <speciesReference metaid="_378959" species="_5_10_CH2THF"/>
        </listOfProducts>
        <listOfModifiers>
          <modifierSpeciesReference metaid="_378971" species="Ser"/>
          <modifierSpeciesReference metaid="_378983" species="Gly"/>
        </listOfModifiers>
        <kineticLaw metaid="_378995">
          <math xmlns="http://www.w3.org/1998/Math/MathML">          
            <apply>
              <minus/>
              <apply>
                <times/>
                <ci> SHMT_VmaxF </ci>
                <apply>
                  <divide/>
                  <ci> Ser </ci>
                  <apply>
                    <plus/>
                    <ci> SHMT_Km_Ser </ci>
                    <ci> Ser </ci>
                  </apply>
                </apply>
                <apply>
                  <divide/>
                  <ci> THF </ci>
                  <apply>
                    <plus/>
                    <ci> SHMT_Km_THF </ci>
                    <ci> THF </ci>
                  </apply>
                </apply>
              </apply>
              <apply>
                <times/>
                <ci> SHMT_VmaxR </ci>
                <apply>
                  <divide/>
                  <ci> Gly </ci>
                  <apply>
                    <plus/>
                    <ci> SHMT_Km_Ser </ci>
                    <ci> Gly </ci>
                  </apply>
                </apply>
                <apply>
                  <divide/>
                  <ci> _5_10_CH2THF </ci>
                  <apply>
                    <plus/>
                    <ci> SHMT_Km_THF </ci>
                    <ci> _5_10_CH2THF </ci>
                  </apply>
                </apply>
              </apply>
            </apply>
          </math>
                </kineticLaw>
      </reaction>
      <reaction id="V_MTD" metaid="_032325" reversible="false" sboTerm="SBO:0000201">
        <annotation>
	<rdf:RDF xmlns:rdf="http://www.w3.org/1999/02/22-rdf-syntax-ns#" xmlns:bqbiol="http://biomodels.net/biology-qualifiers/">
            <rdf:Description rdf:about="#_032325">
              <bqbiol:isHomologTo>
	<rdf:Bag>
	<rdf:li rdf:resource="http://identifiers.org/reactome/REACT_11187"/>
	</rdf:Bag>
	</bqbiol:isHomologTo>
	
	<bqbiol:isVersionOf>
	<rdf:Bag>
	<rdf:li rdf:resource="http://identifiers.org/ec-code/1.5.1.5"/>
	<rdf:li rdf:resource="http://identifiers.org/kegg.reaction/R01220"/>
	<rdf:li rdf:resource="http://identifiers.org/go/GO:0004488"/>
	</rdf:Bag>
	</bqbiol:isVersionOf>
	</rdf:Description>
	
	</rdf:RDF>
	</annotation>
              <listOfReactants>
          <speciesReference metaid="_379007" species="_5_10_CH2THF"/>
        </listOfReactants>
        <listOfProducts>
          <speciesReference metaid="_379019" species="_5_10_CHTHF"/>
        </listOfProducts>
        <kineticLaw metaid="_379031">
          <math xmlns="http://www.w3.org/1998/Math/MathML">          
            <apply>
              <minus/>
              <apply>
                <times/>
                <ci> MTD_VmaxF </ci>
                <apply>
                  <divide/>
                  <ci> _5_10_CH2THF </ci>
                  <apply>
                    <plus/>
                    <ci> MTD_Km_5_10_CH2THF </ci>
                    <ci> _5_10_CH2THF </ci>
                  </apply>
                </apply>
              </apply>
              <apply>
                <times/>
                <ci> MTD_VmaxR </ci>
                <apply>
                  <divide/>
                  <ci> _5_10_CHTHF </ci>
                  <apply>
                    <plus/>
                    <ci> MTD_Km_5_10_CHTHF </ci>
                    <ci> _5_10_CHTHF </ci>
                  </apply>
                </apply>
              </apply>
            </apply>
          </math>
                </kineticLaw>
      </reaction>
    </listOfReactions>
  </model>
</sbml>
