<?xml version="1.0" encoding="UTF-8" standalone="no"?>
<sbml xmlns="http://www.sbml.org/sbml/level2/version4" level="2" metaid="_631217" version="4">
  <model id="MODEL1302080001" metaid="_51f80e24_a2e8_4bed_9f9f_238b68275c66" name="Liebal2012 - B.subtilis post-transcriptional instability model">
    <notes>
      <body xmlns="http://www.w3.org/1999/xhtml">
        <div class="dc:title">Liebal2012 - B.subtilis post-transcription instability model</div>
            <div class="dc:description">      <p>An important transcription factor of B.subsilis is sigma        <sup>B</sup>
            . Liebal et al. (2012) have performed experiments in B.subtilis wild type and mutant straits to test and validate a mathematical model of the dynamics of sigma        <sup>B</sup>
            activity. The following three models were constructed and their ability to fit the experimental data were tested. 1) Transcription inhibition model (MODEL1212180000), 2) sigma        <sup>B</sup>
            proteolysis model (MODEL1302080000) and 3) Post-transcriptional instability model (MODEL1302080001). This model corresponds to the post-transcription instability model (MODEL1302080001).        </p>
                </div>
            <div class="dc:bibliographicCitation">      <p>This model is described in the article:</p>
                <div class="bibo:title">        <a href="http://identifiers.org/pubmed/22511268" title="Access to this publication">Proteolysis of beta-galactosidase following SigmaB activation in Bacillus subtilis.</a>
                    </div>
                <div class="bibo:authorList">Liebal UW, Sappa PK, Millat T, Steil L, Homuth G, Völker U, Wolkenhauer O.</div>
                <div class="bibo:Journal">2012 Jun;8(6):1806-14.</div>
                <p>Abstract:</p>
                <div class="bibo:abstract">        <p>In Bacillus subtilis the σ(B) mediated general stress response provides protection against various environmental and energy related stress conditions. To better understand the general stress response, we need to explore the mechanism by which the components interact. Here, we performed experiments in B. subtilis wild type and mutant strains to test and validate a mathematical model of the dynamics of σ(B) activity. In the mutant strain BSA115, σ(B) transcription is inducible by the addition of IPTG and negative control of σ(B) activity by the anti-sigma factor RsbW is absent. In contrast to our expectations of a continuous β-galactosidase activity from a ctc::lacZ fusion, we observed a transient activity in the mutant. To explain this experimental finding, we constructed mathematical models reflecting different hypotheses regarding the regulation of σ(B) and β-galactosidase dynamics. Only the model assuming instability of either ctc::lacZ mRNA or β-galactosidase protein is able to reproduce the experiments in silico. Subsequent Northern blot experiments revealed stable high-level ctc::lacZ mRNA concentrations after the induction of the σ(B) response. Therefore, we conclude that protein instability following σ(B) activation is the most likely explanation for the experimental observations. Our results thus support the idea that B. subtilis increases the cytoplasmic proteolytic degradation to adapt the proteome in face of environmental challenges following activation of the general stress response. The findings also have practical implications for the analysis of stress response dynamics using lacZ reporter gene fusions, a frequently used strategy for the σ(B) response.</p>
                    </div>
                </div>
            <div class="bm:curation">      <p>Figure 3a of the reference article has been reproduced. beta-galactosidase (lacz in model) activity at different concentrations of IPTG (100M, 200M and 1000M) has been reproduced. SED-ML (Simulation Experiment Description Markup Language) file is available for this model (see curation tab).</p>
                </div>
            <div class="dc:publisher">      <p>This model is hosted on        <a href="http://www.ebi.ac.uk/biomodels/">BioModels Database</a>
            and identified
by:        <a href="http://identifiers.org/biomodels.db/MODEL1302080001">MODEL1302080001</a>
            .        </p>
                <p>To cite BioModels Database, please use:        <a href="http://identifiers.org/pubmed/20587024" title="Latest BioModels Database publication">BioModels Database: An enhanced, curated and annotated resource
for published quantitative kinetic models</a>
            .        </p>
                </div>
            <div class="dc:license">      <p>To the extent possible under law, all copyright and related or
neighbouring rights to this encoded model have been dedicated to the public
domain worldwide. Please refer to        <a href="http://creativecommons.org/publicdomain/zero/1.0/" title="Access to: CC0 1.0 Universal (CC0 1.0), Public Domain Dedication">CC0 Public Domain
Dedication</a>
            for more information.        </p>
                </div>
            </body>
      
    </notes>
    <annotation>
	<rdf:RDF xmlns:rdf="http://www.w3.org/1999/02/22-rdf-syntax-ns#" xmlns:dc="http://purl.org/dc/elements/1.1/" xmlns:vCard="http://www.w3.org/2001/vcard-rdf/3.0#" xmlns:dcterms="http://purl.org/dc/terms/" xmlns:bqmodel="http://biomodels.net/model-qualifiers/" xmlns:bqbiol="http://biomodels.net/biology-qualifiers/">
        <rdf:Description rdf:about="#_51f80e24_a2e8_4bed_9f9f_238b68275c66">
	<dc:creator>
	<rdf:Bag>
	<rdf:li rdf:parseType="Resource">
	<vCard:N rdf:parseType="Resource">
	<vCard:Family>Chelliah</vCard:Family>
	<vCard:Given>Vijayalakshmi</vCard:Given>
	</vCard:N>
	<vCard:EMAIL>viji@ebi.ac.uk</vCard:EMAIL>
	<vCard:ORG rdf:parseType="Resource">
	<vCard:Orgname>EMBL-EBI</vCard:Orgname>
	</vCard:ORG>
	</rdf:li>
	<rdf:li rdf:parseType="Resource">
	<vCard:N rdf:parseType="Resource">
	<vCard:Family>Liebal</vCard:Family>
	<vCard:Given>Ulf</vCard:Given>
	</vCard:N>
	<vCard:EMAIL>ulf.liebal@uni-rostock.de</vCard:EMAIL>
	<vCard:ORG rdf:parseType="Resource">
	<vCard:Orgname>The University of Rostock</vCard:Orgname>
	</vCard:ORG>
	</rdf:li>
	</rdf:Bag>
	</dc:creator>
	<dcterms:created rdf:parseType="Resource">
	<dcterms:W3CDTF>2013-06-06T19:26:06Z</dcterms:W3CDTF>
	</dcterms:created>
	<dcterms:modified rdf:parseType="Resource">
	<dcterms:W3CDTF>2014-04-04T15:44:28Z</dcterms:W3CDTF>
	</dcterms:modified>
	<bqmodel:is>
	<rdf:Bag>
	<rdf:li rdf:resource="http://identifiers.org/biomodels.db/MODEL1302080001"/>
	</rdf:Bag>
	</bqmodel:is>
	<bqmodel:is>
	<rdf:Bag>
	<rdf:li rdf:resource="http://identifiers.org/biomodels.db/BIOMD0000000459"/>
	</rdf:Bag>
	</bqmodel:is>
	<bqmodel:isDescribedBy>
	<rdf:Bag>
	<rdf:li rdf:resource="http://identifiers.org/pubmed/22511268"/>
	</rdf:Bag>
	</bqmodel:isDescribedBy>
	<bqbiol:hasProperty>
	<rdf:Bag>
	<rdf:li rdf:resource="http://identifiers.org/go/GO:0030162"/>
	</rdf:Bag>
	</bqbiol:hasProperty>
	<bqbiol:hasTaxon>
	<rdf:Bag>
	<rdf:li rdf:resource="http://identifiers.org/taxonomy/1423"/>
	</rdf:Bag>
	</bqbiol:hasTaxon>
	</rdf:Description>
	
	</rdf:RDF>
	</annotation>
      <listOfCompartments>
      <compartment id="compartment" metaid="compartment_meta" name="compartment" size="1">
        <annotation>
	<rdf:RDF xmlns:rdf="http://www.w3.org/1999/02/22-rdf-syntax-ns#" xmlns:bqmodel="http://biomodels.net/model-qualifiers/" xmlns:bqbiol="http://biomodels.net/biology-qualifiers/">
            <rdf:Description rdf:about="#compartment_meta">
	<bqbiol:is>
	<rdf:Bag>
	<rdf:li rdf:resource="http://identifiers.org/go/GO:0005623"/>
	</rdf:Bag>
	</bqbiol:is>
	</rdf:Description>
	
	</rdf:RDF>
	</annotation>
            </compartment>
    </listOfCompartments>
    <listOfSpecies>
      <species boundaryCondition="true" compartment="compartment" constant="true" id="IPTG" initialConcentration="100" metaid="IPTG_meta" name="IPTG">
        <annotation>
	<rdf:RDF xmlns:rdf="http://www.w3.org/1999/02/22-rdf-syntax-ns#" xmlns:bqmodel="http://biomodels.net/model-qualifiers/" xmlns:bqbiol="http://biomodels.net/biology-qualifiers/">
            <rdf:Description rdf:about="#IPTG_meta">
	<bqbiol:is>
	<rdf:Bag>
	<rdf:li rdf:resource="http://identifiers.org/chebi/CHEBI:61448"/>
	</rdf:Bag>
	</bqbiol:is>
	</rdf:Description>
	
	</rdf:RDF>
	</annotation>
            </species>
      <species compartment="compartment" id="sigb" initialConcentration="0" metaid="sigb_meta" name="sigb">
        <annotation>
	<rdf:RDF xmlns:rdf="http://www.w3.org/1999/02/22-rdf-syntax-ns#" xmlns:bqmodel="http://biomodels.net/model-qualifiers/" xmlns:bqbiol="http://biomodels.net/biology-qualifiers/">
            <rdf:Description rdf:about="#sigb_meta">
	<bqbiol:is>
	<rdf:Bag>
	<rdf:li rdf:resource="http://identifiers.org/interpro/IPR006288"/>
	</rdf:Bag>
	</bqbiol:is>
	</rdf:Description>
	
	</rdf:RDF>
	</annotation>
            </species>
      <species compartment="compartment" id="lacz" initialConcentration="0" metaid="lacz_meta" name="lacz">
        <annotation>
	<rdf:RDF xmlns:rdf="http://www.w3.org/1999/02/22-rdf-syntax-ns#" xmlns:bqmodel="http://biomodels.net/model-qualifiers/" xmlns:bqbiol="http://biomodels.net/biology-qualifiers/">
            <rdf:Description rdf:about="#lacz_meta">
	<bqbiol:is>
	<rdf:Bag>
	<rdf:li rdf:resource="http://identifiers.org/go/GO:0015925"/>
	</rdf:Bag>
	</bqbiol:is>
	</rdf:Description>
	
	</rdf:RDF>
	</annotation>
            </species>
      <species compartment="compartment" id="x" initialConcentration="0" metaid="x_meta" name="x">
        <annotation>
	<rdf:RDF xmlns:rdf="http://www.w3.org/1999/02/22-rdf-syntax-ns#" xmlns:bqmodel="http://biomodels.net/model-qualifiers/" xmlns:bqbiol="http://biomodels.net/biology-qualifiers/">
            <rdf:Description rdf:about="#x_meta">
	<bqbiol:is>
	<rdf:Bag>
	<rdf:li rdf:resource="http://identifiers.org/chebi/CHEBI:35222"/>
	</rdf:Bag>
	</bqbiol:is>
	</rdf:Description>
	
	</rdf:RDF>
	</annotation>
            </species>
    </listOfSpecies>
    <listOfParameters>
      <parameter id="kbd" metaid="kbd_meta" name="kbd" value="0.0164812">
        <annotation>
	<rdf:RDF xmlns:rdf="http://www.w3.org/1999/02/22-rdf-syntax-ns#" xmlns:bqmodel="http://biomodels.net/model-qualifiers/" xmlns:bqbiol="http://biomodels.net/biology-qualifiers/">
            <rdf:Description rdf:about="#kbd_meta">
	<bqbiol:is>
	<rdf:Bag>
	<rdf:li rdf:resource="http://identifiers.org/go/GO:0006508"/>
	</rdf:Bag>
	</bqbiol:is>
	</rdf:Description>
	
	</rdf:RDF>
	</annotation>
            </parameter>
      <parameter id="kbs" metaid="kbs_meta" name="kbs" value="100">
        <annotation>
	<rdf:RDF xmlns:rdf="http://www.w3.org/1999/02/22-rdf-syntax-ns#" xmlns:bqmodel="http://biomodels.net/model-qualifiers/" xmlns:bqbiol="http://biomodels.net/biology-qualifiers/">
            <rdf:Description rdf:about="#kbs_meta">
	<bqbiol:is>
	<rdf:Bag>
	<rdf:li rdf:resource="http://identifiers.org/go/GO:0009058"/>
	</rdf:Bag>
	</bqbiol:is>
	</rdf:Description>
	
	</rdf:RDF>
	</annotation>
            </parameter>
      <parameter id="kxd" metaid="kxd_meta" name="kxd" value="1.08559E-9">
        <annotation>
	<rdf:RDF xmlns:rdf="http://www.w3.org/1999/02/22-rdf-syntax-ns#" xmlns:bqmodel="http://biomodels.net/model-qualifiers/" xmlns:bqbiol="http://biomodels.net/biology-qualifiers/">
            <rdf:Description rdf:about="#kxd_meta">
	<bqbiol:is>
	<rdf:Bag>
	<rdf:li rdf:resource="http://identifiers.org/go/GO:0006508"/>
	</rdf:Bag>
	</bqbiol:is>
	</rdf:Description>
	
	</rdf:RDF>
	</annotation>
            </parameter>
      <parameter id="kxs" metaid="kxs_meta" name="kxs" value="9.32517E-8">
        <annotation>
	<rdf:RDF xmlns:rdf="http://www.w3.org/1999/02/22-rdf-syntax-ns#" xmlns:bqmodel="http://biomodels.net/model-qualifiers/" xmlns:bqbiol="http://biomodels.net/biology-qualifiers/">
            <rdf:Description rdf:about="#kxs_meta">
	<bqbiol:is>
	<rdf:Bag>
	<rdf:li rdf:resource="http://identifiers.org/go/GO:0009058"/>
	</rdf:Bag>
	</bqbiol:is>
	</rdf:Description>
	
	</rdf:RDF>
	</annotation>
            </parameter>
      <parameter id="kzd" metaid="kzd_meta" name="kzd" value="1.34615E-7">
        <annotation>
	<rdf:RDF xmlns:rdf="http://www.w3.org/1999/02/22-rdf-syntax-ns#" xmlns:bqmodel="http://biomodels.net/model-qualifiers/" xmlns:bqbiol="http://biomodels.net/biology-qualifiers/">
            <rdf:Description rdf:about="#kzd_meta">
	<bqbiol:is>
	<rdf:Bag>
	<rdf:li rdf:resource="http://identifiers.org/go/GO:0006508"/>
	</rdf:Bag>
	</bqbiol:is>
	</rdf:Description>
	
	</rdf:RDF>
	</annotation>
            </parameter>
      <parameter id="kzs" metaid="kzs_meta" name="kzs" value="9.03538E-7">
        <annotation>
	<rdf:RDF xmlns:rdf="http://www.w3.org/1999/02/22-rdf-syntax-ns#" xmlns:bqmodel="http://biomodels.net/model-qualifiers/" xmlns:bqbiol="http://biomodels.net/biology-qualifiers/">
            <rdf:Description rdf:about="#kzs_meta">
	<bqbiol:is>
	<rdf:Bag>
	<rdf:li rdf:resource="http://identifiers.org/go/GO:0009058"/>
	</rdf:Bag>
	</bqbiol:is>
	</rdf:Description>
	
	</rdf:RDF>
	</annotation>
            </parameter>
      <parameter id="kzx" metaid="kzx_meta" name="kzx" value="0.00317772">
        <annotation>
	<rdf:RDF xmlns:rdf="http://www.w3.org/1999/02/22-rdf-syntax-ns#" xmlns:bqmodel="http://biomodels.net/model-qualifiers/" xmlns:bqbiol="http://biomodels.net/biology-qualifiers/">
            <rdf:Description rdf:about="#kzx_meta">
	<bqbiol:is>
	<rdf:Bag>
	<rdf:li rdf:resource="http://identifiers.org/chebi/CHEBI:35222"/>
	</rdf:Bag>
	</bqbiol:is>
	</rdf:Description>
	
	</rdf:RDF>
	</annotation>
            </parameter>
    </listOfParameters>
    <listOfReactions>
      <reaction id="v1" metaid="v1_meta" name="v1">
        <annotation>
	<rdf:RDF xmlns:rdf="http://www.w3.org/1999/02/22-rdf-syntax-ns#" xmlns:bqmodel="http://biomodels.net/model-qualifiers/" xmlns:bqbiol="http://biomodels.net/biology-qualifiers/">
            <rdf:Description rdf:about="#v1_meta">
	<bqbiol:is>
	<rdf:Bag>
	<rdf:li rdf:resource="http://identifiers.org/go/GO:0006508"/>
	<rdf:li rdf:resource="http://identifiers.org/go/GO:0009058"/>
	</rdf:Bag>
	</bqbiol:is>
	</rdf:Description>
	
	</rdf:RDF>
	</annotation>
              <listOfReactants>
          <speciesReference metaid="_631230" species="IPTG"/>
        </listOfReactants>
        <listOfProducts>
          <speciesReference metaid="_631243" species="sigb"/>
        </listOfProducts>
        <listOfModifiers>
          <modifierSpeciesReference metaid="e73f5694_b51d_445c_ab57_39e9596785c2" species="IPTG"/>
          <modifierSpeciesReference metaid="aae446d7_59c8_42fc_8a76_4724a2bce1ba" species="sigb"/>
        </listOfModifiers>
        <kineticLaw metaid="_631256">
          <math xmlns="http://www.w3.org/1998/Math/MathML">          
            <apply>
              <minus/>
              <apply>
                <times/>
                <ci> IPTG </ci>
                <ci> kbs </ci>
              </apply>
              <apply>
                <times/>
                <ci> kbd </ci>
                <ci> sigb </ci>
              </apply>
            </apply>
          </math>
                </kineticLaw>
      </reaction>
      <reaction id="v2" metaid="v2_meta" name="v2">
        <annotation>
	<rdf:RDF xmlns:rdf="http://www.w3.org/1999/02/22-rdf-syntax-ns#" xmlns:bqmodel="http://biomodels.net/model-qualifiers/" xmlns:bqbiol="http://biomodels.net/biology-qualifiers/">
            <rdf:Description rdf:about="#v2_meta">
	<bqbiol:is>
	<rdf:Bag>
	<rdf:li rdf:resource="http://identifiers.org/go/GO:0006508"/>
	<rdf:li rdf:resource="http://identifiers.org/go/GO:0009058"/>
	</rdf:Bag>
	</bqbiol:is>
	</rdf:Description>
	
	</rdf:RDF>
	</annotation>
              <listOfReactants>
          <speciesReference metaid="_631269" species="sigb"/>
        </listOfReactants>
        <listOfProducts>
          <speciesReference metaid="_631282" species="lacz"/>
        </listOfProducts>
        <listOfModifiers>
          <modifierSpeciesReference metaid="_631295" species="x"/>
          <modifierSpeciesReference metaid="cf2cc6a3_b0cd_47c8_90c8_4a9f00a1764c" species="sigb"/>
          <modifierSpeciesReference metaid="_3c0c1e37_7c47_4436_a2c6_3e45dedf16aa" species="lacz"/>
          <modifierSpeciesReference metaid="_9803118b_138a_409d_b8be_ed70b236cd51" species="x"/>
        </listOfModifiers>
        <kineticLaw metaid="_631308">
          <math xmlns="http://www.w3.org/1998/Math/MathML">          
            <apply>
              <minus/>
              <apply>
                <times/>
                <ci> kzs </ci>
                <ci> sigb </ci>
              </apply>
              <apply>
                <times/>
                <ci> lacz </ci>
                <apply>
                  <plus/>
                  <ci> kzd </ci>
                  <apply>
                    <times/>
                    <ci> kzx </ci>
                    <ci> x </ci>
                  </apply>
                </apply>
              </apply>
            </apply>
          </math>
                </kineticLaw>
      </reaction>
      <reaction id="v3" metaid="v3_meta" name="v3">
        <annotation>
	<rdf:RDF xmlns:rdf="http://www.w3.org/1999/02/22-rdf-syntax-ns#" xmlns:bqmodel="http://biomodels.net/model-qualifiers/" xmlns:bqbiol="http://biomodels.net/biology-qualifiers/">
            <rdf:Description rdf:about="#v3_meta">
	<bqbiol:is>
	<rdf:Bag>
	<rdf:li rdf:resource="http://identifiers.org/go/GO:0006508"/>
	<rdf:li rdf:resource="http://identifiers.org/go/GO:0009058"/>
	</rdf:Bag>
	</bqbiol:is>
	</rdf:Description>
	
	</rdf:RDF>
	</annotation>
              <listOfReactants>
          <speciesReference metaid="_631321" species="sigb"/>
        </listOfReactants>
        <listOfProducts>
          <speciesReference metaid="_631334" species="x"/>
        </listOfProducts>
        <listOfModifiers>
          <modifierSpeciesReference metaid="b337f7e4_1cca_42c8_996f_f517842108e1" species="sigb"/>
          <modifierSpeciesReference metaid="_30895277_5776_4a6f_a18e_399acf160dd8" species="x"/>
        </listOfModifiers>
        <kineticLaw metaid="_631347">
          <math xmlns="http://www.w3.org/1998/Math/MathML">          
            <apply>
              <minus/>
              <apply>
                <times/>
                <ci> kxs </ci>
                <ci> sigb </ci>
              </apply>
              <apply>
                <times/>
                <ci> kxd </ci>
                <ci> x </ci>
              </apply>
            </apply>
          </math>
                </kineticLaw>
      </reaction>
    </listOfReactions>
  </model>
</sbml>
