<?xml version="1.0" encoding="UTF-8" standalone="no"?>
<sbml xmlns="http://www.sbml.org/sbml/level2/version4" level="2" metaid="_0b41d0d5-3b89-4ff1-bc86-cac1da19c684" version="4">
  <model id="Model_1" metaid="COPASI1" name="Fujita2010_Akt_Signalling_NGF">
    <notes>
      <body xmlns="http://www.w3.org/1999/xhtml">
        <p>      <span style="font-size:16pt">NGF dependent Akt pathway model</span>
                </p>
            <p>      <span style="font-size:8pt">made by Kazuhiro A. Fujita.</span>
                </p>
            <p>This is the      <strong>NGF</strong>
          dependent Akt pathway model described in:      <br/>
                <strong>Decoupling of receptor and downstream signals in the Akt pathway by its low-pass filter characteristics.</strong>
                <br/>
          Fujita KA, Toyoshima Y, Uda S, Ozaki Y, Kubota H, and Kuroda S.      <em>Sci Signal.</em>
          2010 Jul 27;3(132):ra56. PMID:      <a href="http://www.ncbi.nlm.nih.gov/pubmed/20664065">20664065</a>
          ; DOI:      <a href="http://dx.doi.org/10.1126/scisignal.2000810">10.1126/scisignal.2000810</a>
                <br/>
          Abstract:      <br/>
          In cellular signal transduction, the information in an external stimulus is encoded in temporal patterns in the activities of signaling molecules; for example, pulses of a stimulus may produce an increasing response or may produce pulsatile responses in the signaling molecules. Here, we show how the Akt pathway, which is involved in cell growth, specifically transmits temporal information contained in upstream signals to downstream effectors. We modeled the epidermal growth factor (EGF)–dependent Akt pathway in PC12 cells on the basis of experimental results. We obtained counterintuitive results indicating that the sizes of the peak amplitudes of receptor and downstream effector phosphorylation were decoupled; weak, sustained EGF receptor (EGFR) phosphorylation, rather than strong, transient phosphorylation, strongly induced phosphorylation of the ribosomal protein S6, a molecule downstream of Akt. Using frequency response analysis, we found that a three-component Akt pathway exhibited the property of a low-pass filter and that this property could explain decoupling of the peak amplitudes of receptor phosphorylation and that of downstream effectors. Furthermore, we found that lapatinib, an EGFR inhibitor used as an anticancer drug, converted strong, transient Akt phosphorylation into weak, sustained Akt phosphorylation, and, because of the low-pass filter characteristics of the Akt pathway, this led to stronger S6 phosphorylation than occurred in the absence of the inhibitor. Thus, an EGFR inhibitor can potentially act as a downstream activator of some effectors.      </p>
            <p>The different versions of input, step, pulse and ramp, can be simulated using the parameters      <em>NGF_conc_pulse</em>
          ,      <em>NGF_conc_step</em>
          and      <em>NGF_conc_ramp</em>
          . Depending on which one is set unequal to 0, either a continous pulse with value      <em>NGF_conc_pulse</em>
          , a 60 second step with      <em>NGF_conc_step</em>
          or a signal increasing from 0 to      <em>NGF_conc_pulse</em>
          over a time periode of 3600 seconds are used as input. In case more than one parameter is set to values greater than 0 these input profiles are added to each other.  The pulse time and the time over which the ramp input increases can be set by      <em>pulse_time</em>
          and      <em>ramp_time</em>
          .      </p>
            <p>This model originates from BioModels Database: A Database of Annotated Published Models. It is copyright (c) 2005-2010 The BioModels Team.      <br/>
          For more information see the      <a href="http://www.ebi.ac.uk/biomodels/legal.html" target="_blank">terms of use</a>
          .      <br/>
          To cite BioModels Database, please use      <a href="http://www.pubmedcentral.nih.gov/articlerender.fcgi?tool=pubmed&amp;pubmedid=16381960" target="_blank">Le Novère N., Bornstein B., Broicher A., Courtot M., Donizelli M., Dharuri H., Li L., Sauro H., Schilstra M., Shapiro B., Snoep J.L., Hucka M. (2006) BioModels Database: A Free, Centralized Database of Curated, Published, Quantitative Kinetic Models of Biochemical and Cellular Systems Nucleic Acids Res., 34: D689-D691.</a>
                </p>
            </body>
      
    </notes>
    <annotation>
      <rdf:RDF xmlns:rdf="http://www.w3.org/1999/02/22-rdf-syntax-ns#" xmlns:bqmodel="http://biomodels.net/model-qualifiers/" xmlns:vCard="http://www.w3.org/2001/vcard-rdf/3.0#" xmlns:dc="http://purl.org/dc/elements/1.1/" xmlns:dcterms="http://purl.org/dc/terms/" xmlns:bqbiol="http://biomodels.net/biology-qualifiers/">
        <rdf:Description rdf:about="#COPASI1">
	<dc:creator>
	<rdf:Bag>
	<rdf:li rdf:parseType="Resource">
	<vCard:N rdf:parseType="Resource">
	<vCard:Family>Endler</vCard:Family>
	<vCard:Given>Lukas</vCard:Given>
	</vCard:N>
	<vCard:EMAIL>lukas@ebi.ac.uk</vCard:EMAIL>
	<vCard:ORG rdf:parseType="Resource">
	<vCard:Orgname>EMBL-EBI</vCard:Orgname>
	</vCard:ORG>
	</rdf:li>
	<rdf:li rdf:parseType="Resource">
	<vCard:N rdf:parseType="Resource">
	<vCard:Family>Fujita</vCard:Family>
	<vCard:Given>Kazuhiro</vCard:Given>
	</vCard:N>
	<vCard:EMAIL>kazuhiro.fujita@gmail.com</vCard:EMAIL>
	<vCard:ORG rdf:parseType="Resource">
	<vCard:Orgname>University of Tokyo</vCard:Orgname>
	</vCard:ORG>
	</rdf:li>
	</rdf:Bag>
	</dc:creator>
	<dcterms:created rdf:parseType="Resource">
	<dcterms:W3CDTF>2010-08-24T12:00:29Z</dcterms:W3CDTF>
	</dcterms:created>
	<dcterms:modified rdf:parseType="Resource">
	<dcterms:W3CDTF>2014-02-21T11:25:30Z</dcterms:W3CDTF>
	</dcterms:modified>
	<bqmodel:is>
	<rdf:Bag>
	<rdf:li rdf:resource="http://identifiers.org/biomodels.db/MODEL1004060002"/>
	</rdf:Bag>
	</bqmodel:is>
	<bqmodel:is>
	<rdf:Bag>
	<rdf:li rdf:resource="http://identifiers.org/biomodels.db/BIOMD0000000263"/>
	</rdf:Bag>
	</bqmodel:is>
	<bqmodel:isDescribedBy>
	<rdf:Bag>
	<rdf:li rdf:resource="http://identifiers.org/pubmed/20664065"/>
	</rdf:Bag>
	</bqmodel:isDescribedBy>
	<bqbiol:hasVersion>
	<rdf:Bag>
	<rdf:li rdf:resource="http://identifiers.org/reactome/REACT_12056"/>
	<rdf:li rdf:resource="http://identifiers.org/reactome/REACT_12464.1"/>
	<rdf:li rdf:resource="http://identifiers.org/go/GO:0043491"/>
	<rdf:li rdf:resource="http://identifiers.org/go/GO:0048011"/>
	</rdf:Bag>
	</bqbiol:hasVersion>
	<bqbiol:occursIn>
	<rdf:Bag>
	<rdf:li rdf:resource="http://identifiers.org/bto/BTO:0001009"/>
	</rdf:Bag>
	</bqbiol:occursIn>
	<bqbiol:hasTaxon>
	<rdf:Bag>
	<rdf:li rdf:resource="http://identifiers.org/taxonomy/10116"/>
	</rdf:Bag>
	</bqbiol:hasTaxon>
	</rdf:Description>
	
      </rdf:RDF>
    </annotation>
      <listOfUnitDefinitions>
      <unitDefinition id="substance" metaid="_1e34b481-bfd5-4dc1-a47b-f52a912b17f4" name="arbitrary_amount">
        <listOfUnits>
          <unit kind="dimensionless" metaid="c36e74bf-4d84-4e55-adb6-27c3ac06ea54"/>
        </listOfUnits>
      </unitDefinition>
      <unitDefinition id="conc" metaid="ee7d4926-4cad-4a38-84df-35fe42aaed8d" name="arbitrary_conc">
        <listOfUnits>
          <unit kind="dimensionless" metaid="_586e451f-4c0a-4f68-8d82-bf0874afe60a"/>
          <unit exponent="-1" kind="litre" metaid="ca9ffa95-9b88-4a4e-9bfb-97c2ba528eaf" scale="-3"/>
        </listOfUnits>
      </unitDefinition>
      <unitDefinition id="time" metaid="_1c19b575-a957-48d6-af17-c42a2d071f7b" name="seconds">
        <listOfUnits>
          <unit kind="second" metaid="baad1d29-788a-46f8-89fb-3b659a16ca51"/>
        </listOfUnits>
      </unitDefinition>
      <unitDefinition id="volume" metaid="_0a152166-6271-476b-b19d-15f00f7e97eb" name="ml">
        <listOfUnits>
          <unit kind="litre" metaid="de8d2b53-d3e1-4d29-9809-28db184a59dc" scale="-3"/>
        </listOfUnits>
      </unitDefinition>
      <unitDefinition id="per_sec" metaid="_422d00ff-4547-4da8-8ffa-8d46e004799f" name="per second">
        <listOfUnits>
          <unit exponent="-1" kind="second" metaid="_912dd021-dab7-4478-b0a8-70100ade41d5"/>
        </listOfUnits>
      </unitDefinition>
      <unitDefinition id="ng" metaid="a551c511-9fc1-45b5-a954-af3cdc02bc4b" name="ng">
        <listOfUnits>
          <unit kind="gram" metaid="e82792d2-ce34-4147-aaaf-b27b3a1581cf" scale="-9"/>
        </listOfUnits>
      </unitDefinition>
      <unitDefinition id="ng_per_ml" metaid="_4bf11136-528b-44c1-bd43-e0d2f73332e5" name="ng_per_ml">
        <listOfUnits>
          <unit kind="gram" metaid="_7ca44a01-cdab-4790-8df0-84feff31baac" scale="-9"/>
          <unit exponent="-1" kind="litre" metaid="ca63a0ef-0eba-4fe9-9db4-33c1d8e70b88" scale="-3"/>
        </listOfUnits>
      </unitDefinition>
      <unitDefinition id="per_conc_per_sec" metaid="_4b5739ab-997b-416b-8229-b67db23c6635" name="per conc per second">
        <listOfUnits>
          <unit kind="litre" metaid="e2638593-7a51-4049-a291-456640b20faf" scale="-3"/>
          <unit kind="dimensionless" metaid="f06e3e5a-362c-4bcf-a88f-c77b9077e1e9"/>
          <unit exponent="-1" kind="second" metaid="fd3ad7dd-d498-4bb0-9ed2-616e17e74ed8"/>
        </listOfUnits>
      </unitDefinition>
    </listOfUnitDefinitions>
    <listOfCompartments>
      <compartment id="Cell" metaid="_627721" name="Cell" sboTerm="SBO:0000290" size="1">
        <annotation>
          <rdf:RDF xmlns:rdf="http://www.w3.org/1999/02/22-rdf-syntax-ns#" xmlns:bqmodel="http://biomodels.net/model-qualifiers/" xmlns:bqbiol="http://biomodels.net/biology-qualifiers/">
            <rdf:Description rdf:about="#_627721">
	<bqbiol:is>
	<rdf:Bag>
	<rdf:li rdf:resource="http://identifiers.org/go/GO:0005623"/>
	</rdf:Bag>
	</bqbiol:is>
	</rdf:Description>
	
          </rdf:RDF>
        </annotation>
            </compartment>
    </listOfCompartments>
    <listOfSpecies>
      <species boundaryCondition="true" compartment="Cell" id="NGF" initialConcentration="0" metaid="_627723" name="NGF" sboTerm="SBO:0000252" substanceUnits="ng">
        <annotation>
          <rdf:RDF xmlns:rdf="http://www.w3.org/1999/02/22-rdf-syntax-ns#" xmlns:bqmodel="http://biomodels.net/model-qualifiers/" xmlns:bqbiol="http://biomodels.net/biology-qualifiers/">
            <rdf:Description rdf:about="#_627723">
	<bqbiol:isVersionOf>
	<rdf:Bag>
	<rdf:li rdf:resource="http://identifiers.org/uniprot/P25427"/>
	</rdf:Bag>
	</bqbiol:isVersionOf>
	</rdf:Description>
	
          </rdf:RDF>
        </annotation>
            </species>
      <species compartment="Cell" id="TrkA" initialConcentration="8.52065090518276" metaid="_627724" name="TrkA" sboTerm="SBO:0000252">
        <annotation>
          <rdf:RDF xmlns:rdf="http://www.w3.org/1999/02/22-rdf-syntax-ns#" xmlns:bqmodel="http://biomodels.net/model-qualifiers/" xmlns:bqbiol="http://biomodels.net/biology-qualifiers/">
            <rdf:Description rdf:about="#_627724">
	<bqbiol:isVersionOf>
	<rdf:Bag>
	<rdf:li rdf:resource="http://identifiers.org/uniprot/P35739"/>
	</rdf:Bag>
	</bqbiol:isVersionOf>
	</rdf:Description>
	
          </rdf:RDF>
        </annotation>
            </species>
      <species compartment="Cell" id="pTrkA" initialConcentration="0" metaid="_627726" name="pTrkA" sboTerm="SBO:0000252">
        <annotation>
          <rdf:RDF xmlns:rdf="http://www.w3.org/1999/02/22-rdf-syntax-ns#" xmlns:bqmodel="http://biomodels.net/model-qualifiers/" xmlns:bqbiol="http://biomodels.net/biology-qualifiers/">
            <rdf:Description rdf:about="#_627726">
	<bqbiol:isVersionOf>
	<rdf:Bag>
	<rdf:li rdf:resource="http://identifiers.org/uniprot/P35739"/>
	</rdf:Bag>
	</bqbiol:isVersionOf>
	</rdf:Description>
	
          </rdf:RDF>
        </annotation>
            </species>
      <species compartment="Cell" id="pTrkA_Akt" initialConcentration="0" metaid="_627727" name="pTrkA_Akt" sboTerm="SBO:0000297">
        <annotation>
          <rdf:RDF xmlns:rdf="http://www.w3.org/1999/02/22-rdf-syntax-ns#" xmlns:bqmodel="http://biomodels.net/model-qualifiers/" xmlns:bqbiol="http://biomodels.net/biology-qualifiers/">
            <rdf:Description rdf:about="#_627727">
              <bqbiol:hasPart>
	<rdf:Bag>
	<rdf:li rdf:resource="http://identifiers.org/uniprot/P35739"/>
	<rdf:li rdf:resource="http://identifiers.org/uniprot/Q63484"/>
	</rdf:Bag>
	</bqbiol:hasPart>
	
	<bqbiol:hasVersion>
	<rdf:Bag>
	<rdf:li rdf:resource="http://identifiers.org/kegg.compound/C00562"/>
	</rdf:Bag>
	</bqbiol:hasVersion>
	</rdf:Description>
	
          </rdf:RDF>
        </annotation>
            </species>
      <species compartment="Cell" id="Akt" initialConcentration="1.15594897919397" metaid="_627728" name="Akt" sboTerm="SBO:0000297">
        <annotation>
          <rdf:RDF xmlns:rdf="http://www.w3.org/1999/02/22-rdf-syntax-ns#" xmlns:bqmodel="http://biomodels.net/model-qualifiers/" xmlns:bqbiol="http://biomodels.net/biology-qualifiers/">
            <rdf:Description rdf:about="#_627728">
	<bqbiol:isVersionOf>
	<rdf:Bag>
	<rdf:li rdf:resource="http://identifiers.org/uniprot/Q63484"/>
	</rdf:Bag>
	</bqbiol:isVersionOf>
	</rdf:Description>
	
          </rdf:RDF>
        </annotation>
            </species>
      <species compartment="Cell" id="pAkt" initialConcentration="0" metaid="_627731" name="pAkt" sboTerm="SBO:0000297">
        <annotation>
          <rdf:RDF xmlns:rdf="http://www.w3.org/1999/02/22-rdf-syntax-ns#" xmlns:bqmodel="http://biomodels.net/model-qualifiers/" xmlns:bqbiol="http://biomodels.net/biology-qualifiers/">
            <rdf:Description rdf:about="#_627731">
              <bqbiol:isVersionOf>
	<rdf:Bag>
	<rdf:li rdf:resource="http://identifiers.org/kegg.compound/C00562"/>
	</rdf:Bag>
	</bqbiol:isVersionOf>
	
	<bqbiol:isHomologTo>
	<rdf:Bag>
	<rdf:li rdf:resource="http://identifiers.org/reactome/REACT_13319"/>
	</rdf:Bag>
	</bqbiol:isHomologTo>
	</rdf:Description>
	
          </rdf:RDF>
        </annotation>
            </species>
      <species compartment="Cell" id="S6" initialConcentration="3.552336039555" metaid="_627732" name="S6" sboTerm="SBO:0000252">
        <annotation>
          <rdf:RDF xmlns:rdf="http://www.w3.org/1999/02/22-rdf-syntax-ns#" xmlns:bqmodel="http://biomodels.net/model-qualifiers/" xmlns:bqbiol="http://biomodels.net/biology-qualifiers/">
            <rdf:Description rdf:about="#_627732">
	<bqbiol:isVersionOf>
	<rdf:Bag>
	<rdf:li rdf:resource="http://identifiers.org/uniprot/P62755"/>
	</rdf:Bag>
	</bqbiol:isVersionOf>
	</rdf:Description>
	
          </rdf:RDF>
        </annotation>
            </species>
      <species compartment="Cell" id="pAkt_S6" initialConcentration="0" metaid="_627733" name="pAkt_S6" sboTerm="SBO:0000297">
        <annotation>
          <rdf:RDF xmlns:rdf="http://www.w3.org/1999/02/22-rdf-syntax-ns#" xmlns:bqmodel="http://biomodels.net/model-qualifiers/" xmlns:bqbiol="http://biomodels.net/biology-qualifiers/">
            <rdf:Description rdf:about="#_627733">
              <bqbiol:hasVersion>
	<rdf:Bag>
	<rdf:li rdf:resource="http://identifiers.org/uniprot/Q63484"/>
	</rdf:Bag>
	</bqbiol:hasVersion>
	
	<bqbiol:hasVersion>
	<rdf:Bag>
	<rdf:li rdf:resource="http://identifiers.org/uniprot/P62755"/>
	<rdf:li rdf:resource="http://identifiers.org/kegg.compound/C00562"/>
	</rdf:Bag>
	</bqbiol:hasVersion>
	</rdf:Description>
	
          </rdf:RDF>
        </annotation>
            </species>
      <species compartment="Cell" id="pS6" initialConcentration="0" metaid="_627736" name="pS6" sboTerm="SBO:0000252">
        <annotation>
          <rdf:RDF xmlns:rdf="http://www.w3.org/1999/02/22-rdf-syntax-ns#" xmlns:bqmodel="http://biomodels.net/model-qualifiers/" xmlns:bqbiol="http://biomodels.net/biology-qualifiers/">
            <rdf:Description rdf:about="#_627736">
              <bqbiol:isVersionOf>
	<rdf:Bag>
	<rdf:li rdf:resource="http://identifiers.org/kegg.compound/C00562"/>
	</rdf:Bag>
	</bqbiol:isVersionOf>
	
	<bqbiol:isVersionOf>
	<rdf:Bag>
	<rdf:li rdf:resource="http://identifiers.org/uniprot/P62755"/>
	</rdf:Bag>
	</bqbiol:isVersionOf>
	</rdf:Description>
	
          </rdf:RDF>
        </annotation>
            </species>
      <species boundaryCondition="true" compartment="Cell" constant="true" id="pro_TrkA" initialConcentration="8.52065090518276" metaid="_627737" name="pro_TrkA" sboTerm="SBO:0000252">
        <annotation>
          <rdf:RDF xmlns:rdf="http://www.w3.org/1999/02/22-rdf-syntax-ns#" xmlns:bqmodel="http://biomodels.net/model-qualifiers/" xmlns:bqbiol="http://biomodels.net/biology-qualifiers/">
            <rdf:Description rdf:about="#_627737">
	<bqbiol:isVersionOf>
	<rdf:Bag>
	<rdf:li rdf:resource="http://identifiers.org/uniprot/P35739"/>
	</rdf:Bag>
	</bqbiol:isVersionOf>
	</rdf:Description>
	
          </rdf:RDF>
        </annotation>
            </species>
      <species compartment="Cell" id="NGF_TrkA" initialConcentration="0" metaid="_627738" name="NGF_TrkA" sboTerm="SBO:0000297">
        <annotation>
          <rdf:RDF xmlns:rdf="http://www.w3.org/1999/02/22-rdf-syntax-ns#" xmlns:bqmodel="http://biomodels.net/model-qualifiers/" xmlns:bqbiol="http://biomodels.net/biology-qualifiers/">
            <rdf:Description rdf:about="#_627738">
	<bqbiol:hasPart>
	<rdf:Bag>
	<rdf:li rdf:resource="http://identifiers.org/uniprot/P35739"/>
	<rdf:li rdf:resource="http://identifiers.org/uniprot/P25427"/>
	</rdf:Bag>
	</bqbiol:hasPart>
	</rdf:Description>
	
          </rdf:RDF>
        </annotation>
            </species>
    </listOfSpecies>
    <listOfParameters>
      <parameter constant="false" id="pTrkA_total" metaid="_627780" name="pTrkA_total" units="ng_per_ml" value="0">
        <annotation>
          <rdf:RDF xmlns:rdf="http://www.w3.org/1999/02/22-rdf-syntax-ns#" xmlns:bqmodel="http://biomodels.net/model-qualifiers/" xmlns:bqbiol="http://biomodels.net/biology-qualifiers/">
            <rdf:Description rdf:about="#_627780">
              <bqbiol:isVersionOf>
	<rdf:Bag>
	<rdf:li rdf:resource="http://identifiers.org/go/GO:0048406"/>
	</rdf:Bag>
	</bqbiol:isVersionOf>
	
	<bqbiol:isVersionOf>
	<rdf:Bag>
	<rdf:li rdf:resource="http://identifiers.org/uniprot/P35739"/>
	<rdf:li rdf:resource="http://identifiers.org/kegg.compound/C00562"/>
	</rdf:Bag>
	</bqbiol:isVersionOf>
	</rdf:Description>
	
          </rdf:RDF>
        </annotation>
            </parameter>
      <parameter constant="false" id="pAkt_total" metaid="_627783" name="pAkt_total" units="ng_per_ml" value="0">
        <annotation>
          <rdf:RDF xmlns:rdf="http://www.w3.org/1999/02/22-rdf-syntax-ns#" xmlns:bqmodel="http://biomodels.net/model-qualifiers/" xmlns:bqbiol="http://biomodels.net/biology-qualifiers/">
            <rdf:Description rdf:about="#_627783">
              <bqbiol:isVersionOf>
	<rdf:Bag>
	<rdf:li rdf:resource="http://identifiers.org/kegg.compound/C00562"/>
	</rdf:Bag>
	</bqbiol:isVersionOf>
	
	<bqbiol:hasVersion>
	<rdf:Bag>
	<rdf:li rdf:resource="http://identifiers.org/uniprot/Q63484"/>
	</rdf:Bag>
	</bqbiol:hasVersion>
	</rdf:Description>
	
          </rdf:RDF>
        </annotation>
            </parameter>
      <parameter id="pTrkA_scaleFactor" metaid="_627784" name="pTrkA_scaleFactor" units="ng" value="0.848783474941268"/>
      <parameter id="pAkt_scaleFactor" metaid="_627785" name="pAkt_scaleFactor" units="ng" value="2.42381211094508"/>
      <parameter id="pS6_scaleFactor" metaid="_627788" name="pS6_scaleFactor" units="ng" value="0.525842718263069"/>
      <parameter constant="false" id="pS6_total" metaid="_627789" name="pS6_total" units="ng_per_ml" value="0">
        <annotation>
          <rdf:RDF xmlns:rdf="http://www.w3.org/1999/02/22-rdf-syntax-ns#" xmlns:bqmodel="http://biomodels.net/model-qualifiers/" xmlns:bqbiol="http://biomodels.net/biology-qualifiers/">
            <rdf:Description rdf:about="#_627789">
              <bqbiol:isVersionOf>
	<rdf:Bag>
	<rdf:li rdf:resource="http://identifiers.org/uniprot/P62755"/>
	</rdf:Bag>
	</bqbiol:isVersionOf>
	
	<bqbiol:isVersionOf>
	<rdf:Bag>
	<rdf:li rdf:resource="http://identifiers.org/kegg.compound/C00562"/>
	</rdf:Bag>
	</bqbiol:isVersionOf>
	</rdf:Description>
	
          </rdf:RDF>
        </annotation>
            </parameter>
      <parameter id="NGF_conc_step" metaid="_627790" name="NGF_conc_step" units="ng_per_ml" value="0"/>
      <parameter id="NGF_conc_pulse" metaid="_627793" name="NGF_conc_pulse" units="ng_per_ml" value="0"/>
      <parameter id="NGF_conc_ramp" metaid="_627794" name="NGF_conc_ramp" units="ng_per_ml" value="30"/>
      <parameter id="TrkA_turnover" metaid="_627795" name="TrkA_turnover" units="per_sec" value="0.0011032440769796"/>
      <parameter id="pulse_time" metaid="_627798" name="pulse_time" units="time" value="60"/>
      <parameter id="ramp_time" metaid="_627799" name="ramp_time" units="time" value="3600"/>
    </listOfParameters>
    <listOfInitialAssignments>
      <initialAssignment metaid="_5c3962ae-dc62-462c-8e0b-ca6e8569e8d9" symbol="TrkA">
        <math xmlns="http://www.w3.org/1998/Math/MathML">        
          <ci> pro_TrkA </ci>
        </math>
            </initialAssignment>
    </listOfInitialAssignments>
    <listOfRules>
      <assignmentRule metaid="_627773" variable="pS6_total">
        <math xmlns="http://www.w3.org/1998/Math/MathML">        
          <apply>
            <times/>
            <ci> pS6 </ci>
            <ci> pS6_scaleFactor </ci>
          </apply>
        </math>
            </assignmentRule>
      <assignmentRule metaid="_627776" variable="pAkt_total">
        <math xmlns="http://www.w3.org/1998/Math/MathML">        
          <apply>
            <times/>
            <apply>
              <plus/>
              <ci> pAkt </ci>
              <ci> pAkt_S6 </ci>
            </apply>
            <ci> pAkt_scaleFactor </ci>
          </apply>
        </math>
            </assignmentRule>
      <assignmentRule metaid="_627777" variable="pTrkA_total">
        <math xmlns="http://www.w3.org/1998/Math/MathML">        
          <apply>
            <times/>
            <apply>
              <plus/>
              <ci> pTrkA </ci>
              <ci> pTrkA_Akt </ci>
            </apply>
            <ci> pTrkA_scaleFactor </ci>
          </apply>
        </math>
            </assignmentRule>
      <assignmentRule metaid="_627778" variable="NGF">
        <math xmlns="http://www.w3.org/1998/Math/MathML">        
          <apply>
            <plus/>
            <ci> NGF_conc_step </ci>
            <piecewise>
              <piece>
                <ci> NGF_conc_pulse </ci>
                <apply>
                  <leq/>
                  <csymbol encoding="text" definitionURL="http://www.sbml.org/sbml/symbols/time"> time </csymbol>
                  <ci> pulse_time </ci>
                </apply>
              </piece>
              <otherwise>
                <cn> 0 </cn>
              </otherwise>
            </piecewise>
            <apply>
              <divide/>
              <apply>
                <times/>
                <ci> NGF_conc_ramp </ci>
                <csymbol encoding="text" definitionURL="http://www.sbml.org/sbml/symbols/time"> time </csymbol>
              </apply>
              <ci> ramp_time </ci>
            </apply>
          </apply>
        </math>
            </assignmentRule>
    </listOfRules>
    <listOfReactions>
      <reaction id="reaction_1" metaid="_627739" name="NGF+TrkA" sboTerm="SBO:0000177">
        <annotation>
          <rdf:RDF xmlns:rdf="http://www.w3.org/1999/02/22-rdf-syntax-ns#" xmlns:bqmodel="http://biomodels.net/model-qualifiers/" xmlns:bqbiol="http://biomodels.net/biology-qualifiers/">
            <rdf:Description rdf:about="#_627739">
              <bqbiol:isVersionOf>
	<rdf:Bag>
	<rdf:li rdf:resource="http://identifiers.org/reactome/REACT_10088"/>
	</rdf:Bag>
	</bqbiol:isVersionOf>
	
	<bqbiol:isVersionOf>
	<rdf:Bag>
	<rdf:li rdf:resource="http://identifiers.org/go/GO:0005167"/>
	</rdf:Bag>
	</bqbiol:isVersionOf>
	</rdf:Description>
	
          </rdf:RDF>
        </annotation>
              <listOfReactants>
          <speciesReference metaid="_749a4503-7cf5-47f6-ac43-3947486e2687" species="NGF"/>
          <speciesReference metaid="_3f763773-6a96-4ac6-93ac-5ffcf27af4df" species="TrkA"/>
        </listOfReactants>
        <listOfProducts>
          <speciesReference metaid="_5c2b58c6-2563-42ef-86bd-be6740668c9d" species="NGF_TrkA"/>
        </listOfProducts>
        <kineticLaw metaid="c1a5b6be-34fb-43cb-bda1-1dddce862664">
          <math xmlns="http://www.w3.org/1998/Math/MathML">          
            <apply>
              <times/>
              <ci> Cell </ci>
              <apply>
                <minus/>
                <apply>
                  <times/>
                  <ci> k1 </ci>
                  <ci> NGF </ci>
                  <ci> TrkA </ci>
                </apply>
                <apply>
                  <times/>
                  <ci> k2 </ci>
                  <ci> NGF_TrkA </ci>
                </apply>
              </apply>
            </apply>
          </math>
                  <listOfParameters>
            <parameter id="k1" metaid="_627756" name="k1" value="0.00269408"/>
            <parameter id="k2" metaid="_627757" name="k2" value="0.0133747"/>
          </listOfParameters>
        </kineticLaw>
      </reaction>
      <reaction id="reaction_2" metaid="_627740" name="pTrkA+Akt" sboTerm="SBO:0000177">
        <annotation>
          <rdf:RDF xmlns:rdf="http://www.w3.org/1999/02/22-rdf-syntax-ns#" xmlns:bqmodel="http://biomodels.net/model-qualifiers/" xmlns:bqbiol="http://biomodels.net/biology-qualifiers/">
            <rdf:Description rdf:about="#_627740">
	<bqbiol:isVersionOf>
	<rdf:Bag>
	<rdf:li rdf:resource="http://identifiers.org/go/GO:0005515"/>
	</rdf:Bag>
	</bqbiol:isVersionOf>
	</rdf:Description>
	
          </rdf:RDF>
        </annotation>
              <listOfReactants>
          <speciesReference metaid="f4b0a9ec-98d3-436e-840a-128ce9347b71" species="pTrkA"/>
          <speciesReference metaid="_14366fa5-5a39-4d01-b917-7c64f3446bb4" species="Akt"/>
        </listOfReactants>
        <listOfProducts>
          <speciesReference metaid="d0785f48-9799-4188-9923-48e66a0008ed" species="pTrkA_Akt"/>
        </listOfProducts>
        <kineticLaw metaid="a5d16a87-ebd0-4a37-a841-ea49631973ba">
          <math xmlns="http://www.w3.org/1998/Math/MathML">          
            <apply>
              <times/>
              <ci> Cell </ci>
              <apply>
                <minus/>
                <apply>
                  <times/>
                  <ci> k1 </ci>
                  <ci> pTrkA </ci>
                  <ci> Akt </ci>
                </apply>
                <apply>
                  <times/>
                  <ci> k2 </ci>
                  <ci> pTrkA_Akt </ci>
                </apply>
              </apply>
            </apply>
          </math>
                  <listOfParameters>
            <parameter id="k1" metaid="_627758" name="k1" units="per_conc_per_sec" value="0.0882701"/>
            <parameter id="k2" metaid="_627759" name="k2" units="per_sec" value="1.47518E-10"/>
          </listOfParameters>
        </kineticLaw>
      </reaction>
      <reaction id="reaction_3" metaid="_627743" name="Akt_phosphorylation" reversible="false" sboTerm="SBO:0000216">
        <annotation>
          <rdf:RDF xmlns:rdf="http://www.w3.org/1999/02/22-rdf-syntax-ns#" xmlns:bqmodel="http://biomodels.net/model-qualifiers/" xmlns:bqbiol="http://biomodels.net/biology-qualifiers/">
            <rdf:Description rdf:about="#_627743">
	<bqbiol:isVersionOf>
	<rdf:Bag>
	<rdf:li rdf:resource="http://identifiers.org/go/GO:0004672"/>
	</rdf:Bag>
	</bqbiol:isVersionOf>
	</rdf:Description>
	
          </rdf:RDF>
        </annotation>
              <listOfReactants>
          <speciesReference metaid="_90415b83-ab43-4942-96d1-bdacad1e6290" species="pTrkA_Akt"/>
        </listOfReactants>
        <listOfProducts>
          <speciesReference metaid="b9b6879a-0019-4ca2-9f04-a327d00e1834" species="pTrkA"/>
          <speciesReference metaid="_71bed698-163b-46d9-bbdc-192a5f560b78" species="pAkt"/>
        </listOfProducts>
        <kineticLaw metaid="_062ae621-6cd1-42c7-a2e8-040bbf657be7">
          <math xmlns="http://www.w3.org/1998/Math/MathML">          
            <apply>
              <times/>
              <ci> Cell </ci>
              <ci> k1 </ci>
              <ci> pTrkA_Akt </ci>
            </apply>
          </math>
                  <listOfParameters>
            <parameter id="k1" metaid="_627760" name="k1" value="0.0202517"/>
          </listOfParameters>
        </kineticLaw>
      </reaction>
      <reaction id="reaction_4" metaid="_627744" name="pTrkA_degradation" reversible="false" sboTerm="SBO:0000179">
        <annotation>
          <rdf:RDF xmlns:rdf="http://www.w3.org/1999/02/22-rdf-syntax-ns#" xmlns:bqmodel="http://biomodels.net/model-qualifiers/" xmlns:bqbiol="http://biomodels.net/biology-qualifiers/">
            <rdf:Description rdf:about="#_627744">
	<bqbiol:isVersionOf>
	<rdf:Bag>
	<rdf:li rdf:resource="http://identifiers.org/go/GO:0030163"/>
	</rdf:Bag>
	</bqbiol:isVersionOf>
	</rdf:Description>
	
          </rdf:RDF>
        </annotation>
              <listOfReactants>
          <speciesReference metaid="ac6f43ed-73b1-4115-8d5c-157bd5033426" species="pTrkA"/>
        </listOfReactants>
        <kineticLaw metaid="_6f631a2e-4089-423e-922c-0f3d87dec284">
          <math xmlns="http://www.w3.org/1998/Math/MathML">          
            <apply>
              <times/>
              <ci> Cell </ci>
              <ci> k1 </ci>
              <ci> pTrkA </ci>
            </apply>
          </math>
                  <listOfParameters>
            <parameter id="k1" metaid="_627762" name="k1" units="per_sec" value="0.0684084"/>
          </listOfParameters>
        </kineticLaw>
      </reaction>
      <reaction id="reaction_5" metaid="_627745" name="pAkt+S6" sboTerm="SBO:0000177">
        <annotation>
          <rdf:RDF xmlns:rdf="http://www.w3.org/1999/02/22-rdf-syntax-ns#" xmlns:bqmodel="http://biomodels.net/model-qualifiers/" xmlns:bqbiol="http://biomodels.net/biology-qualifiers/">
            <rdf:Description rdf:about="#_627745">
              <bqbiol:isVersionOf>
	<rdf:Bag>
	<rdf:li rdf:resource="http://identifiers.org/reactome/REACT_12442"/>
	</rdf:Bag>
	</bqbiol:isVersionOf>
	
	<bqbiol:isVersionOf>
	<rdf:Bag>
	<rdf:li rdf:resource="http://identifiers.org/go/GO:0005515"/>
	</rdf:Bag>
	</bqbiol:isVersionOf>
	</rdf:Description>
	
          </rdf:RDF>
        </annotation>
              <listOfReactants>
          <speciesReference metaid="eb33c27c-92b0-4ab5-a810-10f6c4cc25d7" species="pAkt"/>
          <speciesReference metaid="_3ddc3df0-0eb0-4d90-ae5c-08bcfb253857" species="S6"/>
        </listOfReactants>
        <listOfProducts>
          <speciesReference metaid="_64e42165-ab50-48f3-9150-96cbd256d549" species="pAkt_S6"/>
        </listOfProducts>
        <kineticLaw metaid="_467deafe-b621-4a7c-a11b-9ec533dce0ca">
          <math xmlns="http://www.w3.org/1998/Math/MathML">          
            <apply>
              <times/>
              <ci> Cell </ci>
              <apply>
                <minus/>
                <apply>
                  <times/>
                  <ci> k1 </ci>
                  <ci> pAkt </ci>
                  <ci> S6 </ci>
                </apply>
                <apply>
                  <times/>
                  <ci> k2 </ci>
                  <ci> pAkt_S6 </ci>
                </apply>
              </apply>
            </apply>
          </math>
                  <listOfParameters>
            <parameter id="k1" metaid="_627763" name="k1" units="per_conc_per_sec" value="68.3666"/>
            <parameter id="k2" metaid="_627764" name="k2" units="per_sec" value="5.23519"/>
          </listOfParameters>
        </kineticLaw>
      </reaction>
      <reaction id="reaction_6" metaid="_627748" name="S6_phosphorylation" reversible="false" sboTerm="SBO:0000216">
        <annotation>
          <rdf:RDF xmlns:rdf="http://www.w3.org/1999/02/22-rdf-syntax-ns#" xmlns:bqmodel="http://biomodels.net/model-qualifiers/" xmlns:bqbiol="http://biomodels.net/biology-qualifiers/">
            <rdf:Description rdf:about="#_627748">
              <bqbiol:isVersionOf>
	<rdf:Bag>
	<rdf:li rdf:resource="http://identifiers.org/go/GO:0004672"/>
	</rdf:Bag>
	</bqbiol:isVersionOf>
	
	<bqbiol:hasVersion>
	<rdf:Bag>
	<rdf:li rdf:resource="http://identifiers.org/reactome/REACT_12442"/>
	</rdf:Bag>
	</bqbiol:hasVersion>
	</rdf:Description>
	
          </rdf:RDF>
        </annotation>
              <listOfReactants>
          <speciesReference metaid="_77ebda54-552a-416c-9eb5-ab3102990c05" species="pAkt_S6"/>
        </listOfReactants>
        <listOfProducts>
          <speciesReference metaid="_39911ea1-13eb-45d3-9970-8098188ea17a" species="pAkt"/>
          <speciesReference metaid="_0aa93023-11cf-445d-b6e2-23fb8f0347ac" species="pS6"/>
        </listOfProducts>
        <kineticLaw metaid="_52b0ab35-d426-4ff8-8ee3-e9f9e0e51d23">
          <math xmlns="http://www.w3.org/1998/Math/MathML">          
            <apply>
              <times/>
              <ci> Cell </ci>
              <ci> k1 </ci>
              <ci> pAkt_S6 </ci>
            </apply>
          </math>
                  <listOfParameters>
            <parameter id="k1" metaid="_627765" name="k1" units="per_sec" value="0.0056515"/>
          </listOfParameters>
        </kineticLaw>
      </reaction>
      <reaction id="reaction_7" metaid="_627749" name="pAkt_dephospho" reversible="false" sboTerm="SBO:0000330">
        <annotation>
          <rdf:RDF xmlns:rdf="http://www.w3.org/1999/02/22-rdf-syntax-ns#" xmlns:bqmodel="http://biomodels.net/model-qualifiers/" xmlns:bqbiol="http://biomodels.net/biology-qualifiers/">
            <rdf:Description rdf:about="#_627749">
	<bqbiol:isVersionOf>
	<rdf:Bag>
	<rdf:li rdf:resource="http://identifiers.org/go/GO:0004721"/>
	</rdf:Bag>
	</bqbiol:isVersionOf>
	</rdf:Description>
	
          </rdf:RDF>
        </annotation>
              <listOfReactants>
          <speciesReference metaid="b2d4e886-6c5e-4d52-b94b-4b0697f56c42" species="pAkt"/>
        </listOfReactants>
        <listOfProducts>
          <speciesReference metaid="a6602801-49ff-4149-9663-ea8c1f3a59c7" species="Akt"/>
        </listOfProducts>
        <kineticLaw metaid="_4eb6c91e-dd53-4063-ba8e-6133b6bbf238">
          <math xmlns="http://www.w3.org/1998/Math/MathML">          
            <apply>
              <times/>
              <ci> Cell </ci>
              <ci> k1 </ci>
              <ci> pAkt </ci>
            </apply>
          </math>
                  <listOfParameters>
            <parameter id="k1" metaid="_627766" name="k1" units="per_sec" value="1.28135"/>
          </listOfParameters>
        </kineticLaw>
      </reaction>
      <reaction id="reaction_8" metaid="_627750" name="pS6_dephospho" reversible="false" sboTerm="SBO:0000330">
        <annotation>
          <rdf:RDF xmlns:rdf="http://www.w3.org/1999/02/22-rdf-syntax-ns#" xmlns:bqmodel="http://biomodels.net/model-qualifiers/" xmlns:bqbiol="http://biomodels.net/biology-qualifiers/">
            <rdf:Description rdf:about="#_627750">
	<bqbiol:isVersionOf>
	<rdf:Bag>
	<rdf:li rdf:resource="http://identifiers.org/go/GO:0004721"/>
	</rdf:Bag>
	</bqbiol:isVersionOf>
	</rdf:Description>
	
          </rdf:RDF>
        </annotation>
              <listOfReactants>
          <speciesReference metaid="_9b8ab906-c9dd-45ff-a7de-c24b9c08f525" species="pS6"/>
        </listOfReactants>
        <listOfProducts>
          <speciesReference metaid="_2074d72d-95be-488d-abfe-91de4d631999" species="S6"/>
        </listOfProducts>
        <kineticLaw metaid="_6654e31e-92cc-4bdb-b0e4-b35c6417d7dd">
          <math xmlns="http://www.w3.org/1998/Math/MathML">          
            <apply>
              <times/>
              <ci> Cell </ci>
              <ci> k1 </ci>
              <ci> pS6 </ci>
            </apply>
          </math>
                  <listOfParameters>
            <parameter id="k1" metaid="_627768" name="k1" units="per_sec" value="0.000293167"/>
          </listOfParameters>
        </kineticLaw>
      </reaction>
      <reaction id="reaction_9" metaid="_627753" name="TrkA_synthesis" reversible="false" sboTerm="SBO:0000184">
        <annotation>
          <rdf:RDF xmlns:rdf="http://www.w3.org/1999/02/22-rdf-syntax-ns#" xmlns:bqmodel="http://biomodels.net/model-qualifiers/" xmlns:bqbiol="http://biomodels.net/biology-qualifiers/">
            <rdf:Description rdf:about="#_627753">
	<bqbiol:isVersionOf>
	<rdf:Bag>
	<rdf:li rdf:resource="http://identifiers.org/go/GO:0010467"/>
	</rdf:Bag>
	</bqbiol:isVersionOf>
	</rdf:Description>
	
          </rdf:RDF>
        </annotation>
              <listOfReactants>
          <speciesReference metaid="_1b417df2-81cc-439b-b818-8810b109d208" species="pro_TrkA"/>
        </listOfReactants>
        <listOfProducts>
          <speciesReference metaid="_8bc52161-116b-42c9-9a16-0fdc0b676c0c" species="TrkA"/>
        </listOfProducts>
        <kineticLaw metaid="e7cdece7-d40a-46cc-9999-8122d8ec0762">
          <math xmlns="http://www.w3.org/1998/Math/MathML">          
            <apply>
              <times/>
              <ci> Cell </ci>
              <ci> TrkA_turnover </ci>
              <ci> pro_TrkA </ci>
            </apply>
          </math>
                </kineticLaw>
      </reaction>
      <reaction id="reaction_10" metaid="_627754" name="TrkA_phosphorylation" reversible="false" sboTerm="SBO:0000216">
        <annotation>
          <rdf:RDF xmlns:rdf="http://www.w3.org/1999/02/22-rdf-syntax-ns#" xmlns:bqmodel="http://biomodels.net/model-qualifiers/" xmlns:bqbiol="http://biomodels.net/biology-qualifiers/">
            <rdf:Description rdf:about="#_627754">
	<bqbiol:isVersionOf>
	<rdf:Bag>
	<rdf:li rdf:resource="http://identifiers.org/go/GO:0004672"/>
	</rdf:Bag>
	</bqbiol:isVersionOf>
	</rdf:Description>
	
          </rdf:RDF>
        </annotation>
              <listOfReactants>
          <speciesReference metaid="_2853449f-f639-4702-9cfa-a3f444732f7a" species="NGF_TrkA"/>
        </listOfReactants>
        <listOfProducts>
          <speciesReference metaid="_7e480a5b-69c3-47e3-850b-12cab994c811" species="pTrkA"/>
        </listOfProducts>
        <kineticLaw metaid="fba08ceb-a62c-427c-abce-8c5f017afed1">
          <math xmlns="http://www.w3.org/1998/Math/MathML">          
            <apply>
              <times/>
              <ci> Cell </ci>
              <ci> k1 </ci>
              <ci> NGF_TrkA </ci>
            </apply>
          </math>
                  <listOfParameters>
            <parameter id="k1" metaid="_627770" name="k1" units="per_sec" value="0.00833178"/>
          </listOfParameters>
        </kineticLaw>
      </reaction>
      <reaction id="reaction_11" metaid="_627755" name="TrkA_degradation" reversible="false" sboTerm="SBO:0000179">
        <annotation>
          <rdf:RDF xmlns:rdf="http://www.w3.org/1999/02/22-rdf-syntax-ns#" xmlns:bqmodel="http://biomodels.net/model-qualifiers/" xmlns:bqbiol="http://biomodels.net/biology-qualifiers/">
            <rdf:Description rdf:about="#_627755">
	<bqbiol:isVersionOf>
	<rdf:Bag>
	<rdf:li rdf:resource="http://identifiers.org/go/GO:0030163"/>
	</rdf:Bag>
	</bqbiol:isVersionOf>
	</rdf:Description>
	
          </rdf:RDF>
        </annotation>
              <listOfReactants>
          <speciesReference metaid="_9897af17-7cd2-4bbb-b5ee-4ae76fd63984" species="TrkA"/>
        </listOfReactants>
        <kineticLaw metaid="_92e4f242-29b6-4ce2-a210-14e83f411ca4">
          <math xmlns="http://www.w3.org/1998/Math/MathML">          
            <apply>
              <times/>
              <ci> Cell </ci>
              <ci> TrkA_turnover </ci>
              <ci> TrkA </ci>
            </apply>
          </math>
                </kineticLaw>
      </reaction>
    </listOfReactions>
  </model>
</sbml>
