<?xml version="1.0" encoding="UTF-8" standalone="no"?>
<sbml xmlns="http://www.sbml.org/sbml/level2/version4" level="2" metaid="_495213" version="4">
  <model id="Kim2011_Oscillator_SimpleI" metaid="COPASI1" name="Kim2011_Oscillator_SimpleI">
    <notes>
      <body xmlns="http://www.w3.org/1999/xhtml">
        <p>This a model from the article:      <br/>
                <strong>Synthetic in vitro transcriptional oscillators.</strong>
                <br/>
          Kim J, Winfree E      <em>Mol. Syst. Biol.</em>
          2011 Feb 1;7:465.      <a href="http://www.ncbi.nlm.nih.gov/pubmed/21283141">21283141</a>
          ,      <br/>
                <strong>Abstract:</strong>
                <br/>
          The construction of synthetic biochemical circuits from simple components illuminates how complex beha
viors can arise in chemistry and builds a foundation for future biological technologies. A simplified
analog of genetic regulatory networks, in vitro transcriptional circuits, provides a modular platform
for the systematic construction of arbitrary circuits and requires only two essential enzymes, bacteri
ophage T7 RNA polymerase and Escherichia coli ribonuclease H, to produce and degrade RNA signals. In t
his study, we design and experimentally demonstrate three transcriptional oscillators in vitro. First,
 a negative feedback oscillator comprising two switches, regulated by excitatory and inhibitory RNA si
gnals, showed up to five complete cycles. To demonstrate modularity and to explore the design space fu
rther, a positive-feedback loop was added that modulates and extends the oscillatory regime. Finally,
a three-switch ring oscillator was constructed and analyzed. Mathematical modeling guided the design p
rocess, identified experimental conditions likely to yield oscillations, and explained the system's ro
bust response to interference by short degradation products. Synthetic transcriptional oscillators cou
ld prove valuable for systematic exploration of biochemical circuit design principles and for controll
ing nanoscale devices and orchestrating processes within artificial cells.      </p>
            <p>      <b>Note:</b>
                </p>
            <p>The paper describes 7 models (MODEL1012090000-6) and all these are submitted by the authors. This
model (MODEL1012090000) corresponds to the Simple model for both mode I and II (Design I and II). 
The model reproduces timecourse figure plotted in the supplementary material (page 10 of Supplementary 
material) of the reference publication.</p>
            <br/>
            <p>To the extent possible under law, all copyright and related or neighbouring rights to this encoded model have been dedicated to the public domain worldwide. Please refer to      <a href="http://creativecommons.org/publicdomain/zero/1.0/" title="Creative Commons CC0">CC0 Public Domain Dedication</a>
          for more information.      </p>
            <p>In summary, you are entitled to use this encoded model in absolutely any manner you deem suitable, verbatim, or with modification, alone or embedded it in a larger context, redistribute it, commercially or not, in a restricted way or not.</p>
            <br/>
            <p>To cite BioModels Database, please use:      <a href="http://www.ncbi.nlm.nih.gov/pubmed/20587024" target="_blank">Li C, Donizelli M, Rodriguez N, Dharuri H, Endler L, Chelliah V, Li L, He E, Henry A, Stefan MI, Snoep JL, Hucka M, Le Novère N, Laibe C (2010) BioModels Database: An enhanced, curated and annotated resource for published quantitative kinetic models. BMC Syst Biol., 4:92.</a>
                </p>
            </body>
      
    </notes>
    <annotation>
<COPASI xmlns="http://www.copasi.org/static/sbml">
    <rdf:RDF xmlns:dcterms="http://purl.org/dc/terms/" xmlns:rdf="http://www.w3.org/1999/02/22-rdf-syntax-ns#">
      <rdf:Description rdf:about="#COPASI1">
        <dcterms:created>
          <rdf:Description>
            <dcterms:W3CDTF>2010-12-08T15:19:59Z</dcterms:W3CDTF>
          </rdf:Description>
        </dcterms:created>
      </rdf:Description>
    </rdf:RDF>
  </COPASI>
                                    <rdf:RDF xmlns:rdf="http://www.w3.org/1999/02/22-rdf-syntax-ns#" xmlns:bqmodel="http://biomodels.net/model-qualifiers/" xmlns:vCard="http://www.w3.org/2001/vcard-rdf/3.0#" xmlns:dc="http://purl.org/dc/elements/1.1/" xmlns:dcterms="http://purl.org/dc/terms/" xmlns:bqbiol="http://biomodels.net/biology-qualifiers/">
        <rdf:Description rdf:about="#COPASI1">
	<dc:creator>
	<rdf:Bag>
	<rdf:li rdf:parseType="Resource">
	<vCard:N rdf:parseType="Resource">
	<vCard:Family>Chelliah</vCard:Family>
	<vCard:Given>Vijayalakshmi</vCard:Given>
	</vCard:N>
	<vCard:EMAIL>viji@ebi.ac.uk</vCard:EMAIL>
	<vCard:ORG rdf:parseType="Resource">
	<vCard:Orgname>EMBL-EBI</vCard:Orgname>
	</vCard:ORG>
	</rdf:li>
	<rdf:li rdf:parseType="Resource">
	<vCard:N rdf:parseType="Resource">
	<vCard:Family>Kim</vCard:Family>
	<vCard:Given>Jongmin</vCard:Given>
	</vCard:N>
	<vCard:EMAIL>jongmin@centrosome.dna.caltech.edu</vCard:EMAIL>
	<vCard:ORG rdf:parseType="Resource">
	<vCard:Orgname>Department of Bioengineering, California Institute of Technology, Pasadena, CA, USA.</vCard:Orgname>
	</vCard:ORG>
	</rdf:li>
	</rdf:Bag>
	</dc:creator>
	<dcterms:created rdf:parseType="Resource">
	<dcterms:W3CDTF>2010-12-08T15:19:59Z</dcterms:W3CDTF>
	</dcterms:created>
	<dcterms:modified rdf:parseType="Resource">
	<dcterms:W3CDTF>2013-06-07T15:14:22Z</dcterms:W3CDTF>
	</dcterms:modified>
	<bqmodel:is>
	<rdf:Bag>
	<rdf:li rdf:resource="http://identifiers.org/biomodels.db/MODEL1012090000"/>
	</rdf:Bag>
	</bqmodel:is>
	<bqmodel:is>
	<rdf:Bag>
	<rdf:li rdf:resource="http://identifiers.org/biomodels.db/BIOMD0000000322"/>
	</rdf:Bag>
	</bqmodel:is>
	<bqmodel:isDescribedBy>
	<rdf:Bag>
	<rdf:li rdf:resource="http://identifiers.org/pubmed/21283141"/>
	</rdf:Bag>
	</bqmodel:isDescribedBy>
	<bqbiol:hasTaxon>
	<rdf:Bag>
	<rdf:li rdf:resource="http://identifiers.org/taxonomy/131567"/>
	</rdf:Bag>
	</bqbiol:hasTaxon>
	<bqbiol:isVersionOf>
	<rdf:Bag>
	<rdf:li rdf:resource="http://identifiers.org/go/GO:0010468"/>
	</rdf:Bag>
	</bqbiol:isVersionOf>
	</rdf:Description>
	
      </rdf:RDF>
    </annotation>
      <listOfFunctionDefinitions>
      <functionDefinition id="function_2" metaid="COPASI17" name="Hill Cooperativity">
        <annotation>
<COPASI xmlns="http://www.copasi.org/static/sbml">
        <rdf:RDF xmlns:dcterms="http://purl.org/dc/terms/" xmlns:rdf="http://www.w3.org/1999/02/22-rdf-syntax-ns#">
          <rdf:Description rdf:about="#COPASI17">
            <dcterms:created>
              <rdf:Description>
                <dcterms:W3CDTF>2010-12-08T15:40:07Z</dcterms:W3CDTF>
              </rdf:Description>
            </dcterms:created>
          </rdf:Description>
        </rdf:RDF>
      </COPASI>
                                    </annotation>
        <math xmlns="http://www.w3.org/1998/Math/MathML">        
          <lambda>
            <bvar>
              <ci> substrate </ci>
            </bvar>
            <bvar>
              <ci> Shalve </ci>
            </bvar>
            <bvar>
              <ci> V </ci>
            </bvar>
            <bvar>
              <ci> h </ci>
            </bvar>
            <apply>
              <divide/>
              <apply>
                <times/>
                <ci> V </ci>
                <apply>
                  <power/>
                  <ci> substrate </ci>
                  <ci> h </ci>
                </apply>
              </apply>
              <apply>
                <plus/>
                <apply>
                  <power/>
                  <ci> Shalve </ci>
                  <ci> h </ci>
                </apply>
                <apply>
                  <power/>
                  <ci> substrate </ci>
                  <ci> h </ci>
                </apply>
              </apply>
            </apply>
          </lambda>
        </math>
            </functionDefinition>
      <functionDefinition id="function_1" metaid="COPASI18" name="Hill inhibition">
        <annotation>
<COPASI xmlns="http://www.copasi.org/static/sbml">
        <rdf:RDF xmlns:dcterms="http://purl.org/dc/terms/" xmlns:rdf="http://www.w3.org/1999/02/22-rdf-syntax-ns#">
          <rdf:Description rdf:about="#COPASI18">
            <dcterms:created>
              <rdf:Description>
                <dcterms:W3CDTF>2010-12-08T16:18:02Z</dcterms:W3CDTF>
              </rdf:Description>
            </dcterms:created>
          </rdf:Description>
        </rdf:RDF>
      </COPASI>
                                    </annotation>
        <math xmlns="http://www.w3.org/1998/Math/MathML">        
          <lambda>
            <bvar>
              <ci> V </ci>
            </bvar>
            <bvar>
              <ci> Shalve </ci>
            </bvar>
            <bvar>
              <ci> h </ci>
            </bvar>
            <bvar>
              <ci> substrate </ci>
            </bvar>
            <apply>
              <divide/>
              <ci> V </ci>
              <apply>
                <plus/>
                <apply>
                  <power/>
                  <ci> Shalve </ci>
                  <ci> h </ci>
                </apply>
                <apply>
                  <power/>
                  <ci> substrate </ci>
                  <ci> h </ci>
                </apply>
              </apply>
            </apply>
          </lambda>
        </math>
            </functionDefinition>
    </listOfFunctionDefinitions>
    <listOfUnitDefinitions>
      <unitDefinition id="volume" metaid="_495225">
        <listOfUnits>
          <unit kind="dimensionless" metaid="_495237"/>
        </listOfUnits>
      </unitDefinition>
      <unitDefinition id="time" metaid="_495249">
        <listOfUnits>
          <unit kind="dimensionless" metaid="_495263"/>
        </listOfUnits>
      </unitDefinition>
      <unitDefinition id="substance" metaid="_495275">
        <listOfUnits>
          <unit kind="dimensionless" metaid="_495287"/>
        </listOfUnits>
      </unitDefinition>
    </listOfUnitDefinitions>
    <listOfCompartments>
      <compartment id="compartment_1" metaid="_187944" name="compartment" sboTerm="SBO:0000290" size="1">
        <annotation>
          <rdf:RDF xmlns:rdf="http://www.w3.org/1999/02/22-rdf-syntax-ns#" xmlns:bqmodel="http://biomodels.net/model-qualifiers/" xmlns:bqbiol="http://biomodels.net/biology-qualifiers/">
            <rdf:Description rdf:about="#_187944">
	<bqbiol:isVersionOf>
	<rdf:Bag>
	<rdf:li rdf:resource="http://identifiers.org/go/GO:0005623"/>
	</rdf:Bag>
	</bqbiol:isVersionOf>
	</rdf:Description>
	
          </rdf:RDF>
        </annotation>
            </compartment>
    </listOfCompartments>
    <listOfSpecies>
      <species compartment="compartment_1" id="species_1" initialConcentration="0.1" metaid="_187946" name="x" sboTerm="SBO:0000459">
        <annotation>
          <rdf:RDF xmlns:rdf="http://www.w3.org/1999/02/22-rdf-syntax-ns#" xmlns:bqmodel="http://biomodels.net/model-qualifiers/" xmlns:bqbiol="http://biomodels.net/biology-qualifiers/">
            <rdf:Description rdf:about="#_187946">
	<bqbiol:isVersionOf>
	<rdf:Bag>
	<rdf:li rdf:resource="http://identifiers.org/chebi/CHEBI:33697"/>
	</rdf:Bag>
	</bqbiol:isVersionOf>
	</rdf:Description>
	
          </rdf:RDF>
        </annotation>
            </species>
      <species compartment="compartment_1" id="species_2" initialConcentration="0.1" metaid="_187948" name="y" sboTerm="SBO:0000020">
        <annotation>
          <rdf:RDF xmlns:rdf="http://www.w3.org/1999/02/22-rdf-syntax-ns#" xmlns:bqmodel="http://biomodels.net/model-qualifiers/" xmlns:bqbiol="http://biomodels.net/biology-qualifiers/">
            <rdf:Description rdf:about="#_187948">
	<bqbiol:isVersionOf>
	<rdf:Bag>
	<rdf:li rdf:resource="http://identifiers.org/chebi/CHEBI:35222"/>
	<rdf:li rdf:resource="http://identifiers.org/chebi/CHEBI:33697"/>
	</rdf:Bag>
	</bqbiol:isVersionOf>
	</rdf:Description>
	
          </rdf:RDF>
        </annotation>
            </species>
      <species compartment="compartment_1" id="species_3" initialConcentration="0.1" metaid="_187949" name="u" sboTerm="SBO:0000540"/>
      <species compartment="compartment_1" id="species_4" initialConcentration="0.1" metaid="_187950" name="v" sboTerm="SBO:0000540"/>
    </listOfSpecies>
    <listOfParameters>
      <parameter id="parameter_1" metaid="COPASI2" name="alpha" sboTerm="SBO:0000009" value="0.57">
        <annotation>
<COPASI xmlns="http://www.copasi.org/static/sbml">
        <rdf:RDF xmlns:dcterms="http://purl.org/dc/terms/" xmlns:rdf="http://www.w3.org/1999/02/22-rdf-syntax-ns#">
          <rdf:Description rdf:about="#COPASI2">
            <dcterms:created>
              <rdf:Description>
                <dcterms:W3CDTF>2010-12-08T16:00:18Z</dcterms:W3CDTF>
              </rdf:Description>
            </dcterms:created>
          </rdf:Description>
        </rdf:RDF>
      </COPASI>
                                    </annotation>
            </parameter>
      <parameter id="parameter_2" metaid="COPASI3" name="beta" sboTerm="SBO:0000009" value="2.5">
        <annotation>
<COPASI xmlns="http://www.copasi.org/static/sbml">
        <rdf:RDF xmlns:dcterms="http://purl.org/dc/terms/" xmlns:rdf="http://www.w3.org/1999/02/22-rdf-syntax-ns#">
          <rdf:Description rdf:about="#COPASI3">
            <dcterms:created>
              <rdf:Description>
                <dcterms:W3CDTF>2010-12-08T16:00:31Z</dcterms:W3CDTF>
              </rdf:Description>
            </dcterms:created>
          </rdf:Description>
        </rdf:RDF>
      </COPASI>
                                    </annotation>
            </parameter>
      <parameter id="parameter_3" metaid="COPASI4" name="gamma" sboTerm="SBO:0000009" value="1">
        <annotation>
<COPASI xmlns="http://www.copasi.org/static/sbml">
        <rdf:RDF xmlns:dcterms="http://purl.org/dc/terms/" xmlns:rdf="http://www.w3.org/1999/02/22-rdf-syntax-ns#">
          <rdf:Description rdf:about="#COPASI4">
            <dcterms:created>
              <rdf:Description>
                <dcterms:W3CDTF>2010-12-08T16:00:35Z</dcterms:W3CDTF>
              </rdf:Description>
            </dcterms:created>
          </rdf:Description>
        </rdf:RDF>
      </COPASI>
                                    </annotation>
            </parameter>
      <parameter id="parameter_4" metaid="COPASI5" name="n" sboTerm="SBO:0000190" value="6.5">
        <annotation>
<COPASI xmlns="http://www.copasi.org/static/sbml">
        <rdf:RDF xmlns:dcterms="http://purl.org/dc/terms/" xmlns:rdf="http://www.w3.org/1999/02/22-rdf-syntax-ns#">
          <rdf:Description rdf:about="#COPASI5">
            <dcterms:created>
              <rdf:Description>
                <dcterms:W3CDTF>2010-12-08T16:00:42Z</dcterms:W3CDTF>
              </rdf:Description>
            </dcterms:created>
          </rdf:Description>
        </rdf:RDF>
      </COPASI>
                                    </annotation>
            </parameter>
      <parameter id="parameter_5" metaid="COPASI6" name="m" sboTerm="SBO:0000190" value="6.5">
        <annotation>
<COPASI xmlns="http://www.copasi.org/static/sbml">
        <rdf:RDF xmlns:dcterms="http://purl.org/dc/terms/" xmlns:rdf="http://www.w3.org/1999/02/22-rdf-syntax-ns#">
          <rdf:Description rdf:about="#COPASI6">
            <dcterms:created>
              <rdf:Description>
                <dcterms:W3CDTF>2010-12-08T16:00:37Z</dcterms:W3CDTF>
              </rdf:Description>
            </dcterms:created>
          </rdf:Description>
        </rdf:RDF>
      </COPASI>
                                    </annotation>
            </parameter>
      <parameter id="parameter_6" metaid="COPASI7" name="delta" sboTerm="SBO:0000009" value="1.5">
        <annotation>
<COPASI xmlns="http://www.copasi.org/static/sbml">
        <rdf:RDF xmlns:dcterms="http://purl.org/dc/terms/" xmlns:rdf="http://www.w3.org/1999/02/22-rdf-syntax-ns#">
          <rdf:Description rdf:about="#COPASI7">
            <dcterms:created>
              <rdf:Description>
                <dcterms:W3CDTF>2010-12-08T16:33:29Z</dcterms:W3CDTF>
              </rdf:Description>
            </dcterms:created>
          </rdf:Description>
        </rdf:RDF>
      </COPASI>
                                    </annotation>
            </parameter>
    </listOfParameters>
    <listOfReactions>
      <reaction id="reaction_1" metaid="COPASI8" name="reaction1" reversible="false">
        <annotation>
<COPASI xmlns="http://www.copasi.org/static/sbml">
        <rdf:RDF xmlns:dcterms="http://purl.org/dc/terms/" xmlns:rdf="http://www.w3.org/1999/02/22-rdf-syntax-ns#">
          <rdf:Description rdf:about="#COPASI8">
            <dcterms:created>
              <rdf:Description>
                <dcterms:W3CDTF>2010-12-08T15:26:29Z</dcterms:W3CDTF>
              </rdf:Description>
            </dcterms:created>
          </rdf:Description>
        </rdf:RDF>
      </COPASI>
                                    </annotation>
              <listOfReactants>
          <speciesReference metaid="_495299" species="species_1"/>
        </listOfReactants>
        <kineticLaw metaid="_495311">
          <math xmlns="http://www.w3.org/1998/Math/MathML">          
            <apply>
              <times/>
              <ci> compartment_1 </ci>
              <ci> k1 </ci>
              <ci> species_1 </ci>
            </apply>
          </math>
                  <listOfParameters>
            <parameter id="k1" metaid="_188132" name="k1" sboTerm="SBO:0000009" value="1"/>
          </listOfParameters>
        </kineticLaw>
      </reaction>
      <reaction id="reaction_2" metaid="COPASI9" name="reaction2" reversible="false">
        <annotation>
<COPASI xmlns="http://www.copasi.org/static/sbml">
        <rdf:RDF xmlns:dcterms="http://purl.org/dc/terms/" xmlns:rdf="http://www.w3.org/1999/02/22-rdf-syntax-ns#">
          <rdf:Description rdf:about="#COPASI9">
            <dcterms:created>
              <rdf:Description>
                <dcterms:W3CDTF>2010-12-08T15:41:05Z</dcterms:W3CDTF>
              </rdf:Description>
            </dcterms:created>
          </rdf:Description>
        </rdf:RDF>
      </COPASI>
                                    </annotation>
              <listOfReactants>
          <speciesReference metaid="_495323" species="species_2"/>
        </listOfReactants>
        <kineticLaw metaid="_495335">
          <math xmlns="http://www.w3.org/1998/Math/MathML">          
            <apply>
              <times/>
              <ci> compartment_1 </ci>
              <ci> k1 </ci>
              <ci> species_2 </ci>
            </apply>
          </math>
                  <listOfParameters>
            <parameter id="k1" metaid="_188133" name="k1" sboTerm="SBO:0000009" value="1"/>
          </listOfParameters>
        </kineticLaw>
      </reaction>
      <reaction id="reaction_3" metaid="COPASI10" name="reaction3" reversible="false">
        <annotation>
<COPASI xmlns="http://www.copasi.org/static/sbml">
        <rdf:RDF xmlns:dcterms="http://purl.org/dc/terms/" xmlns:rdf="http://www.w3.org/1999/02/22-rdf-syntax-ns#">
          <rdf:Description rdf:about="#COPASI10">
            <dcterms:created>
              <rdf:Description>
                <dcterms:W3CDTF>2010-12-08T15:42:06Z</dcterms:W3CDTF>
              </rdf:Description>
            </dcterms:created>
          </rdf:Description>
        </rdf:RDF>
      </COPASI>
                                    </annotation>
              <listOfReactants>
          <speciesReference metaid="_495347" species="species_3"/>
        </listOfReactants>
        <kineticLaw metaid="_495359">
          <math xmlns="http://www.w3.org/1998/Math/MathML">          
            <apply>
              <times/>
              <ci> compartment_1 </ci>
              <ci> k1 </ci>
              <ci> species_3 </ci>
            </apply>
          </math>
                  <listOfParameters>
            <parameter id="k1" metaid="_188134" name="k1" sboTerm="SBO:0000009" value="1"/>
          </listOfParameters>
        </kineticLaw>
      </reaction>
      <reaction id="reaction_4" metaid="COPASI11" name="reaction4" reversible="false">
        <annotation>
<COPASI xmlns="http://www.copasi.org/static/sbml">
        <rdf:RDF xmlns:dcterms="http://purl.org/dc/terms/" xmlns:rdf="http://www.w3.org/1999/02/22-rdf-syntax-ns#">
          <rdf:Description rdf:about="#COPASI11">
            <dcterms:created>
              <rdf:Description>
                <dcterms:W3CDTF>2010-12-08T15:56:14Z</dcterms:W3CDTF>
              </rdf:Description>
            </dcterms:created>
          </rdf:Description>
        </rdf:RDF>
      </COPASI>
                                    </annotation>
              <listOfReactants>
          <speciesReference metaid="_495371" species="species_4"/>
        </listOfReactants>
        <kineticLaw metaid="_495383">
          <math xmlns="http://www.w3.org/1998/Math/MathML">          
            <apply>
              <times/>
              <ci> compartment_1 </ci>
              <ci> k1 </ci>
              <ci> species_4 </ci>
            </apply>
          </math>
                  <listOfParameters>
            <parameter id="k1" metaid="_188136" name="k1" sboTerm="SBO:0000009" value="1"/>
          </listOfParameters>
        </kineticLaw>
      </reaction>
      <reaction id="reaction_5" metaid="COPASI12" name="reaction5" reversible="false">
        <annotation>
<COPASI xmlns="http://www.copasi.org/static/sbml">
        <rdf:RDF xmlns:dcterms="http://purl.org/dc/terms/" xmlns:rdf="http://www.w3.org/1999/02/22-rdf-syntax-ns#">
          <rdf:Description rdf:about="#COPASI12">
            <dcterms:created>
              <rdf:Description>
                <dcterms:W3CDTF>2010-12-08T15:42:56Z</dcterms:W3CDTF>
              </rdf:Description>
            </dcterms:created>
          </rdf:Description>
        </rdf:RDF>
      </COPASI>
                                    </annotation>
              <listOfReactants>
          <speciesReference metaid="_495395" species="species_3"/>
        </listOfReactants>
        <listOfProducts>
          <speciesReference metaid="_495407" species="species_3"/>
          <speciesReference metaid="_495419" species="species_1"/>
        </listOfProducts>
        <kineticLaw metaid="_495431">
          <math xmlns="http://www.w3.org/1998/Math/MathML">          
            <apply>
              <times/>
              <ci> compartment_1 </ci>
              <ci> parameter_1 </ci>
              <ci> species_3 </ci>
            </apply>
          </math>
                </kineticLaw>
      </reaction>
      <reaction id="reaction_6" metaid="COPASI13" name="reaction6" reversible="false">
        <annotation>
<COPASI xmlns="http://www.copasi.org/static/sbml">
        <rdf:RDF xmlns:dcterms="http://purl.org/dc/terms/" xmlns:rdf="http://www.w3.org/1999/02/22-rdf-syntax-ns#">
          <rdf:Description rdf:about="#COPASI13">
            <dcterms:created>
              <rdf:Description>
                <dcterms:W3CDTF>2010-12-08T16:01:37Z</dcterms:W3CDTF>
              </rdf:Description>
            </dcterms:created>
          </rdf:Description>
        </rdf:RDF>
      </COPASI>
                                    </annotation>
              <listOfReactants>
          <speciesReference metaid="_495443" species="species_4"/>
        </listOfReactants>
        <listOfProducts>
          <speciesReference metaid="_495455" species="species_4"/>
          <speciesReference metaid="_495467" species="species_2"/>
        </listOfProducts>
        <kineticLaw metaid="_495479">
          <math xmlns="http://www.w3.org/1998/Math/MathML">          
            <apply>
              <times/>
              <ci> compartment_1 </ci>
              <ci> parameter_2 </ci>
              <ci> species_4 </ci>
            </apply>
          </math>
                </kineticLaw>
      </reaction>
      <reaction id="reaction_7" metaid="COPASI14" name="reaction7" reversible="false">
        <annotation>
<COPASI xmlns="http://www.copasi.org/static/sbml">
        <rdf:RDF xmlns:dcterms="http://purl.org/dc/terms/" xmlns:rdf="http://www.w3.org/1999/02/22-rdf-syntax-ns#">
          <rdf:Description rdf:about="#COPASI14">
            <dcterms:created>
              <rdf:Description>
                <dcterms:W3CDTF>2010-12-08T16:02:09Z</dcterms:W3CDTF>
              </rdf:Description>
            </dcterms:created>
          </rdf:Description>
        </rdf:RDF>
      </COPASI>
                                    </annotation>
              <listOfReactants>
          <speciesReference metaid="_495491" species="species_2"/>
        </listOfReactants>
        <listOfProducts>
          <speciesReference metaid="_495503" species="species_2"/>
          <speciesReference metaid="_495515" species="species_3"/>
        </listOfProducts>
        <kineticLaw metaid="_495527">
          <math xmlns="http://www.w3.org/1998/Math/MathML">          
            <apply>
              <times/>
              <ci> compartment_1 </ci>
              <apply>
                <ci> function_1 </ci>
                <ci> V </ci>
                <ci> Shalve </ci>
                <ci> parameter_4 </ci>
                <ci> species_2 </ci>
              </apply>
            </apply>
          </math>
                  <listOfParameters>
            <parameter id="V" metaid="_188138" name="V" sboTerm="SBO:0000009" value="1"/>
            <parameter id="Shalve" metaid="_188139" name="Shalve" sboTerm="SBO:0000009" value="1"/>
          </listOfParameters>
        </kineticLaw>
      </reaction>
      <reaction id="reaction_8" metaid="COPASI15" name="reaction8" reversible="false">
        <annotation>
<COPASI xmlns="http://www.copasi.org/static/sbml">
        <rdf:RDF xmlns:dcterms="http://purl.org/dc/terms/" xmlns:rdf="http://www.w3.org/1999/02/22-rdf-syntax-ns#">
          <rdf:Description rdf:about="#COPASI15">
            <dcterms:created>
              <rdf:Description>
                <dcterms:W3CDTF>2010-12-08T16:08:42Z</dcterms:W3CDTF>
              </rdf:Description>
            </dcterms:created>
          </rdf:Description>
        </rdf:RDF>
      </COPASI>
                                    </annotation>
              <listOfReactants>
          <speciesReference metaid="_495539" species="species_1"/>
        </listOfReactants>
        <listOfProducts>
          <speciesReference metaid="_495551" species="species_1"/>
          <speciesReference metaid="_495563" species="species_4"/>
        </listOfProducts>
        <kineticLaw metaid="_495575">
          <math xmlns="http://www.w3.org/1998/Math/MathML">          
            <apply>
              <times/>
              <ci> compartment_1 </ci>
              <apply>
                <ci> function_2 </ci>
                <ci> species_1 </ci>
                <ci> Shalve </ci>
                <ci> V </ci>
                <ci> parameter_5 </ci>
              </apply>
            </apply>
          </math>
                  <listOfParameters>
            <parameter id="Shalve" metaid="_188140" name="Shalve" sboTerm="SBO:0000009" value="1"/>
            <parameter id="V" metaid="_188141" name="V" sboTerm="SBO:0000009" value="1"/>
          </listOfParameters>
        </kineticLaw>
      </reaction>
      <reaction id="reaction_9" metaid="COPASI16" name="reaction9" reversible="false">
        <annotation>
<COPASI xmlns="http://www.copasi.org/static/sbml">
        <rdf:RDF xmlns:dcterms="http://purl.org/dc/terms/" xmlns:rdf="http://www.w3.org/1999/02/22-rdf-syntax-ns#">
          <rdf:Description rdf:about="#COPASI16">
            <dcterms:created>
              <rdf:Description>
                <dcterms:W3CDTF>2010-12-08T16:33:55Z</dcterms:W3CDTF>
              </rdf:Description>
            </dcterms:created>
          </rdf:Description>
        </rdf:RDF>
      </COPASI>
                                    </annotation>
              <listOfReactants>
          <speciesReference metaid="_495587" species="species_4"/>
        </listOfReactants>
        <listOfProducts>
          <speciesReference metaid="_495599" species="species_4"/>
          <speciesReference metaid="_495611" species="species_1"/>
        </listOfProducts>
        <kineticLaw metaid="_495623">
          <math xmlns="http://www.w3.org/1998/Math/MathML">          
            <apply>
              <times/>
              <ci> compartment_1 </ci>
              <ci> parameter_6 </ci>
              <ci> species_4 </ci>
            </apply>
          </math>
                </kineticLaw>
      </reaction>
    </listOfReactions>
  </model>
</sbml>
