<?xml version="1.0" encoding="UTF-8" standalone="no"?>
<sbml xmlns="http://www.sbml.org/sbml/level2/version4" level="2" metaid="metaid_0000001" version="4">
  <model id="Qu2003_CellCycle" metaid="metaid_0000002" name="Qu2003_CellCycle">
    <notes>
      <body xmlns="http://www.w3.org/1999/xhtml">
        <p>
      This model is from the article:
      <br/>
        <strong> Dynamics of the cell cycle: checkpoints, sizers, and timers. 
</strong>
        <br/>
 	  Qu Z,  MacLellan WR,  Weiss JN 
      <em>Biophys. J.</em>2003 Dec; 85(6): 3600-11 
      <a href="http://www.ncbi.nlm.nih.gov/pubmed/14645053">14645053</a>,
      <br/>
        <strong>Abstract:</strong>
        <br/>
We have developed a generic mathematical model of a cell cycle signaling network in higher eukaryotes that can be used to simulate both the G1/S and G2/M transitions. In our model, the positive feedback facilitated by CDC25 and wee1 causes bistability in cyclin-dependent kinase activity, whereas the negative feedback facilitated by SKP2 or anaphase-promoting-complex turns this bistable behavior into limit cycle behavior. The cell cycle checkpoint is a Hopf bifurcation point. These behaviors are coordinated by growth and division to maintain normal cell cycle and size homeostasis. This model successfully reproduces sizer, timer, and the restriction point features of the eukaryotic cell cycle, in addition to other experimental findings.
   </p>
        <br/>
        <p> Figure6B has been reproduced by both SBMLodeSolver online and MathSBML. We do not include the synthesis of cyclins is proportional to cell size (Equation 2 in Page3604 of the paper) in this model. The author of the paper keep all the variables and parameters dimensionless. But in the model, we choose to use default units of SBML.</p>
        <p xmlns="http://www.w3.org/1999/xhtml">This model originates from BioModels Database: A Database of Annotated Published Models. It is copyright (c) 2005-2009 The BioModels Team.<br/>For more information see the <a href="http://www.ebi.ac.uk/biomodels/legal.html" target="_blank">terms of use</a>.<br/>To cite BioModels Database, please use <a href="http://www.pubmedcentral.nih.gov/articlerender.fcgi?tool=pubmed&amp;pubmedid=16381960" target="_blank">Le Novère N., Bornstein B., Broicher A., Courtot M., Donizelli M., Dharuri H., Li L., Sauro H., Schilstra M., Shapiro B., Snoep J.L., Hucka M. (2006) BioModels Database: A Free, Centralized Database of Curated, Published, Quantitative Kinetic Models of Biochemical and Cellular Systems Nucleic Acids Res., 34: D689-D691.</a>
      </p>
    </body>
  </notes>
    <annotation>
	<rdf:RDF xmlns:rdf="http://www.w3.org/1999/02/22-rdf-syntax-ns#" xmlns:dc="http://purl.org/dc/elements/1.1/" xmlns:vCard="http://www.w3.org/2001/vcard-rdf/3.0#" xmlns:dcterms="http://purl.org/dc/terms/" xmlns:bqmodel="http://biomodels.net/model-qualifiers/" xmlns:bqbiol="http://biomodels.net/biology-qualifiers/">
        <rdf:Description rdf:about="#metaid_0000002">
	<dc:creator>
	<rdf:Bag>
	<rdf:li rdf:parseType="Resource">
	<vCard:N rdf:parseType="Resource">
	<vCard:Family>He</vCard:Family>
	<vCard:Given>Enuo</vCard:Given>
	</vCard:N>
	<vCard:EMAIL>enuo@caltech.edu</vCard:EMAIL>
	<vCard:ORG rdf:parseType="Resource">
	<vCard:Orgname>BNMC</vCard:Orgname>
	</vCard:ORG>
	</rdf:li>
	<rdf:li rdf:parseType="Resource">
	<vCard:N rdf:parseType="Resource">
	<vCard:Family>Endler</vCard:Family>
	<vCard:Given>Lukas</vCard:Given>
	</vCard:N>
	<vCard:EMAIL>lukas@ebi.ac.uk</vCard:EMAIL>
	<vCard:ORG rdf:parseType="Resource">
	<vCard:Orgname>EMBL-EBI</vCard:Orgname>
	</vCard:ORG>
	</rdf:li>
	</rdf:Bag>
	</dc:creator>
	<dcterms:created rdf:parseType="Resource">
	<dcterms:W3CDTF>2008-09-29T13:00:19Z</dcterms:W3CDTF>
	</dcterms:created>
	<dcterms:modified rdf:parseType="Resource">
	<dcterms:W3CDTF>2015-02-25T11:11:02Z</dcterms:W3CDTF>
	</dcterms:modified>
	<bqmodel:is>
	<rdf:Bag>
	<rdf:li rdf:resource="http://identifiers.org/biomodels.db/MODEL6931308526"/>
	</rdf:Bag>
	</bqmodel:is>
	<bqmodel:is>
	<rdf:Bag>
	<rdf:li rdf:resource="http://identifiers.org/biomodels.db/BIOMD0000000110"/>
	</rdf:Bag>
	</bqmodel:is>
	<bqmodel:isDescribedBy>
	<rdf:Bag>
	<rdf:li rdf:resource="http://identifiers.org/pubmed/14645053"/>
	</rdf:Bag>
	</bqmodel:isDescribedBy>
	<bqbiol:hasVersion>
	<rdf:Bag>
	<rdf:li rdf:resource="http://identifiers.org/kegg.pathway/sce04111"/>
	<rdf:li rdf:resource="http://identifiers.org/reactome/REACT_152"/>
	</rdf:Bag>
	</bqbiol:hasVersion>
	<bqbiol:hasTaxon>
	<rdf:Bag>
	<rdf:li rdf:resource="http://identifiers.org/taxonomy/2759"/>
	</rdf:Bag>
	</bqbiol:hasTaxon>
	<bqbiol:isVersionOf>
	<rdf:Bag>
	<rdf:li rdf:resource="http://identifiers.org/go/GO:0044839"/>
	<rdf:li rdf:resource="http://identifiers.org/go/GO:0044843"/>
	</rdf:Bag>
	</bqbiol:isVersionOf>
	</rdf:Description>
	
	</rdf:RDF>
	</annotation>
      <listOfUnitDefinitions>
      <unitDefinition id="substance" metaid="metaid_0000083" name="arbitrary subst.">
        <listOfUnits>
          <unit kind="dimensionless" metaid="_7dc31c06-f8f6-4cb3-a682-ceaedf757786"/>
        </listOfUnits>
      </unitDefinition>
      <unitDefinition id="volume" metaid="metaid_0000084" name="arbitrary vol">
        <listOfUnits>
          <unit kind="dimensionless" metaid="_80b20874-dd7c-4603-b64b-c2cc4e201fcd"/>
        </listOfUnits>
      </unitDefinition>
    </listOfUnitDefinitions>
    <listOfCompartments>
      <compartment id="cell" metaid="metaid_0000003" name="cell" size="1">
        <annotation>
	<rdf:RDF xmlns:rdf="http://www.w3.org/1999/02/22-rdf-syntax-ns#" xmlns:bqmodel="http://biomodels.net/model-qualifiers/" xmlns:bqbiol="http://biomodels.net/biology-qualifiers/">
            <rdf:Description rdf:about="#metaid_0000003">
	<bqbiol:isVersionOf>
	<rdf:Bag>
	<rdf:li rdf:resource="http://identifiers.org/go/GO:0005623"/>
	</rdf:Bag>
	</bqbiol:isVersionOf>
	</rdf:Description>
	
	</rdf:RDF>
	</annotation>
            </compartment>
    </listOfCompartments>
    <listOfSpecies>
      <species compartment="cell" id="x1" initialConcentration="0.1" metaid="metaid_0000005" name=" Inactive Cyclin:CDK complex">
        <annotation>
	<rdf:RDF xmlns:rdf="http://www.w3.org/1999/02/22-rdf-syntax-ns#" xmlns:bqmodel="http://biomodels.net/model-qualifiers/" xmlns:bqbiol="http://biomodels.net/biology-qualifiers/">
            <rdf:Description rdf:about="#metaid_0000005">
	<bqbiol:hasPart>
	<rdf:Bag>
	<rdf:li rdf:resource="http://identifiers.org/interpro/IPR006670"/>
	<rdf:li rdf:resource="http://identifiers.org/go/GO:0000307"/>
	</rdf:Bag>
	</bqbiol:hasPart>
	</rdf:Description>
	
	</rdf:RDF>
	</annotation>
            </species>
      <species compartment="cell" id="x" initialConcentration="0.1" metaid="metaid_0000007" name="Active Cyclin:CDK complex">
        <annotation>
	<rdf:RDF xmlns:rdf="http://www.w3.org/1999/02/22-rdf-syntax-ns#" xmlns:bqmodel="http://biomodels.net/model-qualifiers/" xmlns:bqbiol="http://biomodels.net/biology-qualifiers/">
            <rdf:Description rdf:about="#metaid_0000007">
	<bqbiol:hasPart>
	<rdf:Bag>
	<rdf:li rdf:resource="http://identifiers.org/interpro/IPR006670"/>
	<rdf:li rdf:resource="http://identifiers.org/go/GO:0000307"/>
	</rdf:Bag>
	</bqbiol:hasPart>
	</rdf:Description>
	
	</rdf:RDF>
	</annotation>
            </species>
      <species compartment="cell" id="c0" initialConcentration="200" metaid="metaid_0000008" name="Total CDK">
        <annotation>
	<rdf:RDF xmlns:rdf="http://www.w3.org/1999/02/22-rdf-syntax-ns#" xmlns:bqmodel="http://biomodels.net/model-qualifiers/" xmlns:bqbiol="http://biomodels.net/biology-qualifiers/">
            <rdf:Description rdf:about="#metaid_0000008">
	<bqbiol:isVersionOf>
	<rdf:Bag>
	<rdf:li rdf:resource="http://identifiers.org/go/GO:0000307"/>
	</rdf:Bag>
	</bqbiol:isVersionOf>
	</rdf:Description>
	
	</rdf:RDF>
	</annotation>
            </species>
      <species compartment="cell" id="c" initialConcentration="0" metaid="metaid_0000009" name="Free CDK">
        <annotation>
	<rdf:RDF xmlns:rdf="http://www.w3.org/1999/02/22-rdf-syntax-ns#" xmlns:bqmodel="http://biomodels.net/model-qualifiers/" xmlns:bqbiol="http://biomodels.net/biology-qualifiers/">
            <rdf:Description rdf:about="#metaid_0000009">
	<bqbiol:isVersionOf>
	<rdf:Bag>
	<rdf:li rdf:resource="http://identifiers.org/go/GO:0000307"/>
	</rdf:Bag>
	</bqbiol:isVersionOf>
	</rdf:Description>
	
	</rdf:RDF>
	</annotation>
            </species>
      <species compartment="cell" id="z0" initialConcentration="0" metaid="metaid_0000010" name="Unphosphorylated CDC25">
        <annotation>
	<rdf:RDF xmlns:rdf="http://www.w3.org/1999/02/22-rdf-syntax-ns#" xmlns:bqmodel="http://biomodels.net/model-qualifiers/" xmlns:bqbiol="http://biomodels.net/biology-qualifiers/">
            <rdf:Description rdf:about="#metaid_0000010">
	<bqbiol:hasVersion>
	<rdf:Bag>
	<rdf:li rdf:resource="http://identifiers.org/uniprot/P04821"/>
	</rdf:Bag>
	</bqbiol:hasVersion>
	</rdf:Description>
	
	</rdf:RDF>
	</annotation>
            </species>
      <species compartment="cell" id="z1" initialConcentration="0" metaid="metaid_0000011" name="One-site phosphorylated CDC25">
        <annotation>
	<rdf:RDF xmlns:rdf="http://www.w3.org/1999/02/22-rdf-syntax-ns#" xmlns:bqmodel="http://biomodels.net/model-qualifiers/" xmlns:bqbiol="http://biomodels.net/biology-qualifiers/">
            <rdf:Description rdf:about="#metaid_0000011">
	<bqbiol:hasVersion>
	<rdf:Bag>
	<rdf:li rdf:resource="http://identifiers.org/uniprot/P04821"/>
	</rdf:Bag>
	</bqbiol:hasVersion>
	</rdf:Description>
	
	</rdf:RDF>
	</annotation>
            </species>
      <species compartment="cell" id="z2" initialConcentration="0" metaid="metaid_0000012" name="Two-site phosphorylated CDC25">
        <annotation>
	<rdf:RDF xmlns:rdf="http://www.w3.org/1999/02/22-rdf-syntax-ns#" xmlns:bqmodel="http://biomodels.net/model-qualifiers/" xmlns:bqbiol="http://biomodels.net/biology-qualifiers/">
            <rdf:Description rdf:about="#metaid_0000012">
	<bqbiol:hasVersion>
	<rdf:Bag>
	<rdf:li rdf:resource="http://identifiers.org/uniprot/P04821"/>
	</rdf:Bag>
	</bqbiol:hasVersion>
	</rdf:Description>
	
	</rdf:RDF>
	</annotation>
            </species>
      <species compartment="cell" id="w0" initialConcentration="0" metaid="metaid_0000013" name="Unphosphorylated wee1">
        <annotation>
	<rdf:RDF xmlns:rdf="http://www.w3.org/1999/02/22-rdf-syntax-ns#" xmlns:bqmodel="http://biomodels.net/model-qualifiers/" xmlns:bqbiol="http://biomodels.net/biology-qualifiers/">
            <rdf:Description rdf:about="#metaid_0000013">
	<bqbiol:isHomologTo>
	<rdf:Bag>
	<rdf:li rdf:resource="http://identifiers.org/uniprot/P30291"/>
	</rdf:Bag>
	</bqbiol:isHomologTo>
	</rdf:Description>
	
	</rdf:RDF>
	</annotation>
            </species>
      <species compartment="cell" id="w1" initialConcentration="0" metaid="metaid_0000014" name="phosphorylated wee1">
        <annotation>
	<rdf:RDF xmlns:rdf="http://www.w3.org/1999/02/22-rdf-syntax-ns#" xmlns:bqmodel="http://biomodels.net/model-qualifiers/" xmlns:bqbiol="http://biomodels.net/biology-qualifiers/">
            <rdf:Description rdf:about="#metaid_0000014">
	<bqbiol:isHomologTo>
	<rdf:Bag>
	<rdf:li rdf:resource="http://identifiers.org/uniprot/P30291"/>
	</rdf:Bag>
	</bqbiol:isHomologTo>
	</rdf:Description>
	
	</rdf:RDF>
	</annotation>
            </species>
      <species compartment="cell" id="u" initialConcentration="0" metaid="metaid_0000015" name="Active SKP2 or APC">
        <annotation>
	<rdf:RDF xmlns:rdf="http://www.w3.org/1999/02/22-rdf-syntax-ns#" xmlns:bqmodel="http://biomodels.net/model-qualifiers/" xmlns:bqbiol="http://biomodels.net/biology-qualifiers/">
            <rdf:Description rdf:about="#metaid_0000015">
	<bqbiol:isVersionOf>
	<rdf:Bag>
	<rdf:li rdf:resource="http://identifiers.org/interpro/IPR001810"/>
	<rdf:li rdf:resource="http://identifiers.org/go/GO:0005680"/>
	</rdf:Bag>
	</bqbiol:isVersionOf>
	</rdf:Description>
	
	</rdf:RDF>
	</annotation>
            </species>
      <species compartment="cell" id="i" initialConcentration="0" metaid="metaid_0000016" name="Free CKI">
        <annotation>
	<rdf:RDF xmlns:rdf="http://www.w3.org/1999/02/22-rdf-syntax-ns#" xmlns:bqmodel="http://biomodels.net/model-qualifiers/" xmlns:bqbiol="http://biomodels.net/biology-qualifiers/">
            <rdf:Description rdf:about="#metaid_0000016">
	<bqbiol:isVersionOf>
	<rdf:Bag>
	<rdf:li rdf:resource="http://identifiers.org/interpro/IPR003175"/>
	</rdf:Bag>
	</bqbiol:isVersionOf>
	</rdf:Description>
	
	</rdf:RDF>
	</annotation>
            </species>
      <species compartment="cell" id="ix" initialConcentration="0" metaid="metaid_0000017" name="Cyclin:CDK:CKI complex with CKI unphosphorylated">
        <annotation>
	<rdf:RDF xmlns:rdf="http://www.w3.org/1999/02/22-rdf-syntax-ns#" xmlns:bqmodel="http://biomodels.net/model-qualifiers/" xmlns:bqbiol="http://biomodels.net/biology-qualifiers/">
            <rdf:Description rdf:about="#metaid_0000017">
	<bqbiol:hasPart>
	<rdf:Bag>
	<rdf:li rdf:resource="http://identifiers.org/interpro/IPR003175"/>
	<rdf:li rdf:resource="http://identifiers.org/interpro/IPR006670"/>
	<rdf:li rdf:resource="http://identifiers.org/go/GO:0000307"/>
	</rdf:Bag>
	</bqbiol:hasPart>
	</rdf:Description>
	
	</rdf:RDF>
	</annotation>
            </species>
      <species compartment="cell" id="ixp" initialConcentration="0" metaid="metaid_0000018" name="Cyclin:CDK:CKI complex with CKI phosphorylated">
        <annotation>
	<rdf:RDF xmlns:rdf="http://www.w3.org/1999/02/22-rdf-syntax-ns#" xmlns:bqmodel="http://biomodels.net/model-qualifiers/" xmlns:bqbiol="http://biomodels.net/biology-qualifiers/">
            <rdf:Description rdf:about="#metaid_0000018">
	<bqbiol:hasPart>
	<rdf:Bag>
	<rdf:li rdf:resource="http://identifiers.org/interpro/IPR003175"/>
	<rdf:li rdf:resource="http://identifiers.org/interpro/IPR006670"/>
	<rdf:li rdf:resource="http://identifiers.org/go/GO:0000307"/>
	</rdf:Bag>
	</bqbiol:hasPart>
	</rdf:Description>
	
	</rdf:RDF>
	</annotation>
            </species>
      <species compartment="cell" id="y" initialConcentration="0" metaid="metaid_0000050" name="Free cyclin">
        <annotation>
	<rdf:RDF xmlns:rdf="http://www.w3.org/1999/02/22-rdf-syntax-ns#" xmlns:bqmodel="http://biomodels.net/model-qualifiers/" xmlns:bqbiol="http://biomodels.net/biology-qualifiers/">
            <rdf:Description rdf:about="#metaid_0000050">
	<bqbiol:isVersionOf>
	<rdf:Bag>
	<rdf:li rdf:resource="http://identifiers.org/interpro/IPR006670"/>
	</rdf:Bag>
	</bqbiol:isVersionOf>
	</rdf:Description>
	
	</rdf:RDF>
	</annotation>
            </species>
      <species compartment="cell" id="totalCyclin" initialConcentration="0" metaid="metaid_0000070">
        <annotation>
	<rdf:RDF xmlns:rdf="http://www.w3.org/1999/02/22-rdf-syntax-ns#" xmlns:bqmodel="http://biomodels.net/model-qualifiers/" xmlns:bqbiol="http://biomodels.net/biology-qualifiers/">
            <rdf:Description rdf:about="#metaid_0000070">
	<bqbiol:isVersionOf>
	<rdf:Bag>
	<rdf:li rdf:resource="http://identifiers.org/interpro/IPR006670"/>
	</rdf:Bag>
	</bqbiol:isVersionOf>
	</rdf:Description>
	
	</rdf:RDF>
	</annotation>
            </species>
    </listOfSpecies>
    <listOfParameters>
      <parameter id="k1" metaid="metaid_0000019" value="300"/>
      <parameter id="k2" metaid="metaid_0000020" value="5"/>
      <parameter id="k3" metaid="metaid_0000021" value="30"/>
      <parameter id="k4" metaid="metaid_0000022" value="30"/>
      <parameter id="k5" metaid="metaid_0000023" value="0.1"/>
      <parameter id="k6" metaid="metaid_0000024" value="1"/>
      <parameter id="k7" metaid="metaid_0000025" value="10"/>
      <parameter id="k8" metaid="metaid_0000026" value="100"/>
      <parameter id="k9" metaid="metaid_0000027" value="1"/>
      <parameter id="k10" metaid="metaid_0000028" value="10"/>
      <parameter id="k11" metaid="metaid_0000029" value="1"/>
      <parameter id="k12" metaid="metaid_0000030" value="0"/>
      <parameter id="k13" metaid="metaid_0000031" value="1"/>
      <parameter id="k14" metaid="metaid_0000032" value="1"/>
      <parameter id="k15" metaid="metaid_0000033" value="1"/>
      <parameter id="k16" metaid="metaid_0000034" value="2"/>
      <parameter id="k2u" metaid="metaid_0000035" value="50"/>
      <parameter id="k7u" metaid="metaid_0000036" value="0"/>
      <parameter id="k16u" metaid="metaid_0000037" value="25"/>
      <parameter id="a" metaid="metaid_0000039" value="4"/>
      <parameter id="az" metaid="metaid_0000041" value="10"/>
      <parameter id="aw" metaid="metaid_0000042" value="10"/>
      <parameter id="ai" metaid="metaid_0000043" value="10"/>
      <parameter id="bz" metaid="metaid_0000044" value="0.1"/>
      <parameter id="bw" metaid="metaid_0000045" value="0.1"/>
      <parameter id="bi" metaid="metaid_0000046" value="0.1"/>
      <parameter id="cz" metaid="metaid_0000047" value="1"/>
      <parameter id="cw" metaid="metaid_0000048" value="1"/>
      <parameter id="ci" metaid="metaid_0000049" value="1"/>
      <parameter id="Tau" metaid="metaid_0000072" value="25"/>
    </listOfParameters>
    <listOfRules>
      <assignmentRule metaid="metaid_0000065" variable="c">
        <notes>
        <p xmlns="http://www.w3.org/1999/xhtml">Free CDK ( normalized with c0 )c=(c0-x-x1-ix-ixp)/c0.</p>
      </notes>
        <math xmlns="http://www.w3.org/1998/Math/MathML">        
          <apply>
            <divide/>
            <apply>
              <minus/>
              <ci> c0 </ci>
              <apply>
                <plus/>
                <ci> x </ci>
                <ci> x1 </ci>
                <ci> ix </ci>
                <ci> ixp </ci>
              </apply>
            </apply>
            <apply>
              <times/>
              <ci> c0 </ci>
              <ci> cell </ci>
            </apply>
          </apply>
        </math>
            </assignmentRule>
      <assignmentRule metaid="metaid_0000071" variable="totalCyclin">
        <notes>
        <p xmlns="http://www.w3.org/1999/xhtml">Total cyclin (x+x1+y)</p>
      </notes>
        <math xmlns="http://www.w3.org/1998/Math/MathML">        
          <apply>
            <plus/>
            <ci> x </ci>
            <ci> x1 </ci>
            <ci> y </ci>
          </apply>
        </math>
            </assignmentRule>
    </listOfRules>
    <listOfReactions>
      <reaction id="reaction_0000001" metaid="metaid_0000051" name="Free cyclin synthesis" reversible="false">
        <annotation>
	<rdf:RDF xmlns:rdf="http://www.w3.org/1999/02/22-rdf-syntax-ns#" xmlns:bqmodel="http://biomodels.net/model-qualifiers/" xmlns:bqbiol="http://biomodels.net/biology-qualifiers/">
            <rdf:Description rdf:about="#metaid_0000051">
	<bqbiol:isVersionOf>
	<rdf:Bag>
	<rdf:li rdf:resource="http://identifiers.org/go/GO:0044249"/>
	</rdf:Bag>
	</bqbiol:isVersionOf>
	</rdf:Description>
	
	</rdf:RDF>
	</annotation>
              <listOfProducts>
          <speciesReference metaid="_4af031b6-b989-478e-bff8-d5a0452000bb" species="y"/>
        </listOfProducts>
        <kineticLaw metaid="a21ed011-01d1-4494-bcfd-ff82f94b2610">
          <math xmlns="http://www.w3.org/1998/Math/MathML">          
            <apply>
              <times/>
              <ci> k1 </ci>
              <ci> cell </ci>
            </apply>
          </math>
                </kineticLaw>
      </reaction>
      <reaction id="reaction_0000002" metaid="metaid_0000052" name="Cyclin binding with CDK">
        <annotation>
	<rdf:RDF xmlns:rdf="http://www.w3.org/1999/02/22-rdf-syntax-ns#" xmlns:bqmodel="http://biomodels.net/model-qualifiers/" xmlns:bqbiol="http://biomodels.net/biology-qualifiers/">
            <rdf:Description rdf:about="#metaid_0000052">
	<bqbiol:isVersionOf>
	<rdf:Bag>
	<rdf:li rdf:resource="http://identifiers.org/go/GO:0005515"/>
	<rdf:li rdf:resource="http://identifiers.org/go/GO:0030332"/>
	</rdf:Bag>
	</bqbiol:isVersionOf>
	</rdf:Description>
	
	</rdf:RDF>
	</annotation>
              <listOfReactants>
          <speciesReference metaid="_91b9115b-fef9-48e0-950e-18fd67cb96e5" species="y"/>
        </listOfReactants>
        <listOfProducts>
          <speciesReference metaid="d19e7535-c465-4970-9db4-b50d40089583" species="x1"/>
        </listOfProducts>
        <listOfModifiers>
          <modifierSpeciesReference metaid="_428142ae-190d-468b-87f7-fec8b305c652" species="c"/>
        </listOfModifiers>
        <kineticLaw metaid="_25b323b7-1296-452e-bf66-c0986bd18161">
          <math xmlns="http://www.w3.org/1998/Math/MathML">          
            <apply>
              <times/>
              <ci> cell </ci>
              <apply>
                <minus/>
                <apply>
                  <times/>
                  <ci> k3 </ci>
                  <ci> c </ci>
                  <ci> y </ci>
                </apply>
                <apply>
                  <times/>
                  <ci> x1 </ci>
                  <ci> k4 </ci>
                </apply>
              </apply>
            </apply>
          </math>
                </kineticLaw>
      </reaction>
      <reaction id="reaction_0000003" metaid="metaid_0000055" name="Cyclin degradation" reversible="false">
        <annotation>
	<rdf:RDF xmlns:rdf="http://www.w3.org/1999/02/22-rdf-syntax-ns#" xmlns:bqmodel="http://biomodels.net/model-qualifiers/" xmlns:bqbiol="http://biomodels.net/biology-qualifiers/">
            <rdf:Description rdf:about="#metaid_0000055">
	<bqbiol:isVersionOf>
	<rdf:Bag>
	<rdf:li rdf:resource="http://identifiers.org/go/GO:0008054"/>
	</rdf:Bag>
	</bqbiol:isVersionOf>
	</rdf:Description>
	
	</rdf:RDF>
	</annotation>
              <listOfReactants>
          <speciesReference metaid="b69b4514-b1a9-4427-b71b-24088e7fbdac" species="y"/>
        </listOfReactants>
        <listOfModifiers>
          <modifierSpeciesReference metaid="_7a668c5c-7303-48a8-bcd3-92c6d18f231a" species="u"/>
        </listOfModifiers>
        <kineticLaw metaid="_87c70567-2822-465d-af64-098a51a0b4ef">
          <math xmlns="http://www.w3.org/1998/Math/MathML">          
            <apply>
              <times/>
              <ci> cell </ci>
              <apply>
                <plus/>
                <ci> k2 </ci>
                <apply>
                  <times/>
                  <ci> k2u </ci>
                  <ci> u </ci>
                </apply>
              </apply>
              <ci> y </ci>
            </apply>
          </math>
                </kineticLaw>
      </reaction>
      <reaction id="reaction_0000004" metaid="metaid_0000056" name="z0 phosphorylation">
        <annotation>
	<rdf:RDF xmlns:rdf="http://www.w3.org/1999/02/22-rdf-syntax-ns#" xmlns:bqmodel="http://biomodels.net/model-qualifiers/" xmlns:bqbiol="http://biomodels.net/biology-qualifiers/">
            <rdf:Description rdf:about="#metaid_0000056">
	<bqbiol:isVersionOf>
	<rdf:Bag>
	<rdf:li rdf:resource="http://identifiers.org/go/GO:0006468"/>
	</rdf:Bag>
	</bqbiol:isVersionOf>
	</rdf:Description>
	
	</rdf:RDF>
	</annotation>
              <listOfReactants>
          <speciesReference metaid="_58fa7b79-1ada-41f7-ae6e-9fe4d83b2859" species="z0"/>
        </listOfReactants>
        <listOfProducts>
          <speciesReference metaid="ad1f00c4-93e3-4d57-8db0-57f74338028b" species="z1"/>
        </listOfProducts>
        <listOfModifiers>
          <modifierSpeciesReference metaid="fdbe0723-23b5-4cff-b3e8-4232dce76cd3" species="x"/>
        </listOfModifiers>
        <kineticLaw metaid="_351ce3c2-46d3-405b-bdd9-94386425573b">
          <math xmlns="http://www.w3.org/1998/Math/MathML">          
            <apply>
              <times/>
              <ci> cell </ci>
              <apply>
                <minus/>
                <apply>
                  <times/>
                  <apply>
                    <plus/>
                    <ci> bz </ci>
                    <apply>
                      <times/>
                      <ci> cz </ci>
                      <ci> x </ci>
                    </apply>
                  </apply>
                  <ci> z0 </ci>
                </apply>
                <apply>
                  <times/>
                  <ci> z1 </ci>
                  <ci> az </ci>
                </apply>
              </apply>
            </apply>
          </math>
                </kineticLaw>
      </reaction>
      <reaction id="reaction_0000005" metaid="metaid_0000057" name="x phosphorylation">
        <annotation>
	<rdf:RDF xmlns:rdf="http://www.w3.org/1999/02/22-rdf-syntax-ns#" xmlns:bqmodel="http://biomodels.net/model-qualifiers/" xmlns:bqbiol="http://biomodels.net/biology-qualifiers/">
            <rdf:Description rdf:about="#metaid_0000057">
	<bqbiol:isVersionOf>
	<rdf:Bag>
	<rdf:li rdf:resource="http://identifiers.org/go/GO:0045736"/>
	</rdf:Bag>
	</bqbiol:isVersionOf>
	</rdf:Description>
	
	</rdf:RDF>
	</annotation>
              <listOfReactants>
          <speciesReference metaid="de0baf73-e2b6-451b-8a64-8f8bdd1f4a27" species="x"/>
        </listOfReactants>
        <listOfProducts>
          <speciesReference metaid="_73141d5f-ae68-4db2-a43c-5b4bc2df3270" species="x1"/>
        </listOfProducts>
        <listOfModifiers>
          <modifierSpeciesReference metaid="_61a732d5-c20b-42f4-a1f7-849ef5b5f866" species="z2"/>
          <modifierSpeciesReference metaid="dcfe6e0d-2cf3-4bc5-9152-381f0ba8c109" species="w0"/>
        </listOfModifiers>
        <kineticLaw metaid="_8bf51d33-582d-49d0-98e0-0265be502343">
          <math xmlns="http://www.w3.org/1998/Math/MathML">          
            <apply>
              <times/>
              <ci> cell </ci>
              <apply>
                <minus/>
                <apply>
                  <times/>
                  <apply>
                    <plus/>
                    <ci> k6 </ci>
                    <ci> w0 </ci>
                  </apply>
                  <ci> x </ci>
                </apply>
                <apply>
                  <times/>
                  <apply>
                    <plus/>
                    <ci> k5 </ci>
                    <ci> z2 </ci>
                  </apply>
                  <ci> x1 </ci>
                </apply>
              </apply>
            </apply>
          </math>
                </kineticLaw>
      </reaction>
      <reaction id="reaction_0000006" metaid="metaid_0000058" name="z1 phosphorylation">
        <annotation>
	<rdf:RDF xmlns:rdf="http://www.w3.org/1999/02/22-rdf-syntax-ns#" xmlns:bqmodel="http://biomodels.net/model-qualifiers/" xmlns:bqbiol="http://biomodels.net/biology-qualifiers/">
            <rdf:Description rdf:about="#metaid_0000058">
	<bqbiol:isVersionOf>
	<rdf:Bag>
	<rdf:li rdf:resource="http://identifiers.org/go/GO:0006468"/>
	</rdf:Bag>
	</bqbiol:isVersionOf>
	</rdf:Description>
	
	</rdf:RDF>
	</annotation>
              <listOfReactants>
          <speciesReference metaid="_89a88b74-bce0-4d6e-9d03-343f9a208494" species="z1"/>
        </listOfReactants>
        <listOfProducts>
          <speciesReference metaid="ad513749-4938-4955-9a62-9e0e6677fec0" species="z2"/>
        </listOfProducts>
        <listOfModifiers>
          <modifierSpeciesReference metaid="_7b8aec04-a2eb-4d06-b49a-49fba8886881" species="x"/>
        </listOfModifiers>
        <kineticLaw metaid="_2fe91e28-3e67-4e5c-b7ae-65fec78614e4">
          <math xmlns="http://www.w3.org/1998/Math/MathML">          
            <apply>
              <times/>
              <ci> cell </ci>
              <apply>
                <minus/>
                <apply>
                  <times/>
                  <apply>
                    <plus/>
                    <ci> bz </ci>
                    <apply>
                      <times/>
                      <ci> cz </ci>
                      <ci> x </ci>
                    </apply>
                  </apply>
                  <ci> z1 </ci>
                </apply>
                <apply>
                  <times/>
                  <ci> az </ci>
                  <ci> z2 </ci>
                </apply>
              </apply>
            </apply>
          </math>
                </kineticLaw>
      </reaction>
      <reaction id="reaction_0000007" metaid="metaid_0000059" name="unphosphorylated wee1 synthesis" reversible="false">
        <annotation>
	<rdf:RDF xmlns:rdf="http://www.w3.org/1999/02/22-rdf-syntax-ns#" xmlns:bqmodel="http://biomodels.net/model-qualifiers/" xmlns:bqbiol="http://biomodels.net/biology-qualifiers/">
            <rdf:Description rdf:about="#metaid_0000059">
	<bqbiol:isVersionOf>
	<rdf:Bag>
	<rdf:li rdf:resource="http://identifiers.org/go/GO:0044249"/>
	</rdf:Bag>
	</bqbiol:isVersionOf>
	</rdf:Description>
	
	</rdf:RDF>
	</annotation>
              <listOfProducts>
          <speciesReference metaid="_2f056c95-7c98-45f5-9410-eb67092a5d77" species="w0"/>
        </listOfProducts>
        <kineticLaw metaid="_6b18db13-3060-4075-a7f9-d9c0915de413">
          <math xmlns="http://www.w3.org/1998/Math/MathML">          
            <apply>
              <times/>
              <ci> k10 </ci>
              <ci> cell </ci>
            </apply>
          </math>
                </kineticLaw>
      </reaction>
      <reaction id="reaction_000008" metaid="metaid_0000060" name="wee1 phosphorylation">
        <annotation>
	<rdf:RDF xmlns:rdf="http://www.w3.org/1999/02/22-rdf-syntax-ns#" xmlns:bqmodel="http://biomodels.net/model-qualifiers/" xmlns:bqbiol="http://biomodels.net/biology-qualifiers/">
            <rdf:Description rdf:about="#metaid_0000060">
	<bqbiol:isVersionOf>
	<rdf:Bag>
	<rdf:li rdf:resource="http://identifiers.org/go/GO:0006468"/>
	</rdf:Bag>
	</bqbiol:isVersionOf>
	</rdf:Description>
	
	</rdf:RDF>
	</annotation>
              <listOfReactants>
          <speciesReference metaid="bce39339-ebc4-4d26-8586-abed12b49e0a" species="w0"/>
        </listOfReactants>
        <listOfProducts>
          <speciesReference metaid="ea64613d-c892-433e-bc85-09f1fdad6589" species="w1"/>
        </listOfProducts>
        <listOfModifiers>
          <modifierSpeciesReference metaid="b610b9a8-df56-4385-88b1-d7f78e27257e" species="x"/>
        </listOfModifiers>
        <kineticLaw metaid="_86e676f0-dcef-4f75-9db4-5a25424ad749">
          <math xmlns="http://www.w3.org/1998/Math/MathML">          
            <apply>
              <times/>
              <ci> cell </ci>
              <apply>
                <minus/>
                <apply>
                  <times/>
                  <apply>
                    <plus/>
                    <ci> bw </ci>
                    <apply>
                      <times/>
                      <ci> cw </ci>
                      <ci> x </ci>
                    </apply>
                  </apply>
                  <ci> w0 </ci>
                </apply>
                <apply>
                  <times/>
                  <ci> aw </ci>
                  <ci> w1 </ci>
                </apply>
              </apply>
            </apply>
          </math>
                </kineticLaw>
      </reaction>
      <reaction id="reaction_000009" metaid="metaid_0000061" name="SKP2 synthesis" reversible="false">
        <annotation>
	<rdf:RDF xmlns:rdf="http://www.w3.org/1999/02/22-rdf-syntax-ns#" xmlns:bqmodel="http://biomodels.net/model-qualifiers/" xmlns:bqbiol="http://biomodels.net/biology-qualifiers/">
            <rdf:Description rdf:about="#metaid_0000061">
	<bqbiol:isVersionOf>
	<rdf:Bag>
	<rdf:li rdf:resource="http://identifiers.org/go/GO:0044249"/>
	<rdf:li rdf:resource="http://identifiers.org/go/GO:0051488"/>
	</rdf:Bag>
	</bqbiol:isVersionOf>
	</rdf:Description>
	
	</rdf:RDF>
	</annotation>
              <listOfProducts>
          <speciesReference metaid="cf34ce5f-18e8-46e8-a5c9-a94261c8ee1d" species="u"/>
        </listOfProducts>
        <listOfModifiers>
          <modifierSpeciesReference metaid="e9a7d8be-e0a4-4f83-8ca1-9f0ed9307edc" species="x"/>
        </listOfModifiers>
        <kineticLaw metaid="fc78ddef-2efc-42af-986a-cf6a688e653d">
          <math xmlns="http://www.w3.org/1998/Math/MathML">          
            <apply>
              <divide/>
              <apply>
                <divide/>
                <apply>
                  <times/>
                  <ci> cell </ci>
                  <apply>
                    <power/>
                    <ci> x </ci>
                    <cn type="integer"> 2 </cn>
                  </apply>
                </apply>
                <apply>
                  <plus/>
                  <apply>
                    <power/>
                    <ci> a </ci>
                    <cn type="integer"> 2 </cn>
                  </apply>
                  <apply>
                    <power/>
                    <ci> x </ci>
                    <cn type="integer"> 2 </cn>
                  </apply>
                </apply>
              </apply>
              <ci> Tau </ci>
            </apply>
          </math>
                </kineticLaw>
      </reaction>
      <reaction id="reaction_0000010" metaid="metaid_0000062" name="CKI synthesis" reversible="false">
        <annotation>
	<rdf:RDF xmlns:rdf="http://www.w3.org/1999/02/22-rdf-syntax-ns#" xmlns:bqmodel="http://biomodels.net/model-qualifiers/" xmlns:bqbiol="http://biomodels.net/biology-qualifiers/">
            <rdf:Description rdf:about="#metaid_0000062">
	<bqbiol:isVersionOf>
	<rdf:Bag>
	<rdf:li rdf:resource="http://identifiers.org/go/GO:0044249"/>
	</rdf:Bag>
	</bqbiol:isVersionOf>
	</rdf:Description>
	
	</rdf:RDF>
	</annotation>
              <listOfProducts>
          <speciesReference metaid="_309e679c-18b5-4b5f-b206-b5d73716dff1" species="i"/>
        </listOfProducts>
        <kineticLaw metaid="_8319b5be-8066-45a8-9cd4-5656d1eb4003">
          <math xmlns="http://www.w3.org/1998/Math/MathML">          
            <apply>
              <times/>
              <ci> k12 </ci>
              <ci> cell </ci>
            </apply>
          </math>
                </kineticLaw>
      </reaction>
      <reaction id="reaction_0000011" metaid="metaid_0000063" name="CKI binding to Active Cyclin:CDK complex">
        <annotation>
	<rdf:RDF xmlns:rdf="http://www.w3.org/1999/02/22-rdf-syntax-ns#" xmlns:bqmodel="http://biomodels.net/model-qualifiers/" xmlns:bqbiol="http://biomodels.net/biology-qualifiers/">
            <rdf:Description rdf:about="#metaid_0000063">
	<bqbiol:isVersionOf>
	<rdf:Bag>
	<rdf:li rdf:resource="http://identifiers.org/go/GO:0004861"/>
	<rdf:li rdf:resource="http://identifiers.org/go/GO:0032403"/>
	</rdf:Bag>
	</bqbiol:isVersionOf>
	</rdf:Description>
	
	</rdf:RDF>
	</annotation>
              <listOfReactants>
          <speciesReference metaid="_7cd8b22f-adeb-49ef-abf3-2aca7706e367" species="i"/>
          <speciesReference metaid="_4c4e3be8-43a7-4365-9916-a969b3e1514f" species="x"/>
        </listOfReactants>
        <listOfProducts>
          <speciesReference metaid="_4ab55c33-3407-4e2a-8404-265440c674f7" species="ix"/>
        </listOfProducts>
        <kineticLaw metaid="_0a5573a3-3c87-48c0-b2d3-9f4ededcfcf6">
          <math xmlns="http://www.w3.org/1998/Math/MathML">          
            <apply>
              <times/>
              <apply>
                <minus/>
                <apply>
                  <times/>
                  <ci> k14 </ci>
                  <ci> x </ci>
                  <ci> i </ci>
                </apply>
                <apply>
                  <times/>
                  <ci> k15 </ci>
                  <ci> ix </ci>
                </apply>
              </apply>
              <ci> cell </ci>
            </apply>
          </math>
                </kineticLaw>
      </reaction>
      <reaction id="reaction_0000014" metaid="metaid_0000064" name="ix phosphorylation">
        <annotation>
	<rdf:RDF xmlns:rdf="http://www.w3.org/1999/02/22-rdf-syntax-ns#" xmlns:bqmodel="http://biomodels.net/model-qualifiers/" xmlns:bqbiol="http://biomodels.net/biology-qualifiers/">
            <rdf:Description rdf:about="#metaid_0000064">
	<bqbiol:isVersionOf>
	<rdf:Bag>
	<rdf:li rdf:resource="http://identifiers.org/go/GO:0004693"/>
	<rdf:li rdf:resource="http://identifiers.org/go/GO:0006468"/>
	</rdf:Bag>
	</bqbiol:isVersionOf>
	</rdf:Description>
	
	</rdf:RDF>
	</annotation>
              <listOfReactants>
          <speciesReference metaid="b4ff61c4-cd04-4388-bc49-08bc07939fcc" species="ix"/>
        </listOfReactants>
        <listOfProducts>
          <speciesReference metaid="dbf88302-aaac-42fc-b81e-450e84f103f8" species="ixp"/>
        </listOfProducts>
        <listOfModifiers>
          <modifierSpeciesReference metaid="ef63d79a-0d88-483b-99d7-57b9a9c46a4d" species="x"/>
        </listOfModifiers>
        <kineticLaw metaid="_7ed56e7b-7ecd-4653-88cf-3e13a8e9271a">
          <math xmlns="http://www.w3.org/1998/Math/MathML">          
            <apply>
              <times/>
              <ci> cell </ci>
              <apply>
                <minus/>
                <apply>
                  <times/>
                  <apply>
                    <plus/>
                    <ci> bi </ci>
                    <apply>
                      <times/>
                      <ci> ci </ci>
                      <ci> x </ci>
                    </apply>
                  </apply>
                  <ci> ix </ci>
                </apply>
                <apply>
                  <times/>
                  <ci> ai </ci>
                  <ci> ixp </ci>
                </apply>
              </apply>
            </apply>
          </math>
                </kineticLaw>
      </reaction>
      <reaction id="reaction_0000013" metaid="metaid_0000073" name="SKP2 degradation" reversible="false">
        <annotation>
	<rdf:RDF xmlns:rdf="http://www.w3.org/1999/02/22-rdf-syntax-ns#" xmlns:bqmodel="http://biomodels.net/model-qualifiers/" xmlns:bqbiol="http://biomodels.net/biology-qualifiers/">
            <rdf:Description rdf:about="#metaid_0000073">
	<bqbiol:isVersionOf>
	<rdf:Bag>
	<rdf:li rdf:resource="http://identifiers.org/go/GO:0030163"/>
	</rdf:Bag>
	</bqbiol:isVersionOf>
	</rdf:Description>
	
	</rdf:RDF>
	</annotation>
              <listOfReactants>
          <speciesReference metaid="fed27b58-2a21-4aa1-99b0-6635df21f571" species="u"/>
        </listOfReactants>
        <kineticLaw metaid="_31159f14-4767-4b67-9a2f-94b0486964fd">
          <math xmlns="http://www.w3.org/1998/Math/MathML">          
            <apply>
              <divide/>
              <apply>
                <times/>
                <ci> cell </ci>
                <ci> u </ci>
              </apply>
              <ci> Tau </ci>
            </apply>
          </math>
                </kineticLaw>
      </reaction>
      <reaction id="reaction_0000015" metaid="metaid_0000074" name="CKI degradation" reversible="false">
        <annotation>
	<rdf:RDF xmlns:rdf="http://www.w3.org/1999/02/22-rdf-syntax-ns#" xmlns:bqmodel="http://biomodels.net/model-qualifiers/" xmlns:bqbiol="http://biomodels.net/biology-qualifiers/">
            <rdf:Description rdf:about="#metaid_0000074">
	<bqbiol:isVersionOf>
	<rdf:Bag>
	<rdf:li rdf:resource="http://identifiers.org/go/GO:0030163"/>
	</rdf:Bag>
	</bqbiol:isVersionOf>
	</rdf:Description>
	
	</rdf:RDF>
	</annotation>
              <listOfReactants>
          <speciesReference metaid="_72b40098-40a7-4ad6-b7b6-c260d470ee7c" species="i"/>
        </listOfReactants>
        <kineticLaw metaid="_94f86421-ea85-4a61-bf5c-5c2c2f598442">
          <math xmlns="http://www.w3.org/1998/Math/MathML">          
            <apply>
              <times/>
              <ci> cell </ci>
              <ci> k13 </ci>
              <ci> i </ci>
            </apply>
          </math>
                </kineticLaw>
      </reaction>
      <reaction id="reaction_0000016" metaid="metaid_0000075" name="Cyclin:CDK:CKIp degradation" reversible="false">
        <annotation>
	<rdf:RDF xmlns:rdf="http://www.w3.org/1999/02/22-rdf-syntax-ns#" xmlns:bqmodel="http://biomodels.net/model-qualifiers/" xmlns:bqbiol="http://biomodels.net/biology-qualifiers/">
            <rdf:Description rdf:about="#metaid_0000075">
	<bqbiol:isVersionOf>
	<rdf:Bag>
	<rdf:li rdf:resource="http://identifiers.org/go/GO:0043624"/>
	</rdf:Bag>
	</bqbiol:isVersionOf>
	</rdf:Description>
	
	</rdf:RDF>
	</annotation>
              <listOfReactants>
          <speciesReference metaid="_10b8aee5-4ad8-48c3-8e12-1fc7066cb82a" species="ixp"/>
        </listOfReactants>
        <listOfProducts>
          <speciesReference metaid="c6f27494-a213-4aff-a30e-241da5850418" species="x"/>
        </listOfProducts>
        <kineticLaw metaid="_72ae3033-59ce-47d3-a08b-fa4333d1b9b3">
          <math xmlns="http://www.w3.org/1998/Math/MathML">          
            <apply>
              <times/>
              <ci> cell </ci>
              <ci> k16 </ci>
              <ci> k16u </ci>
              <ci> ixp </ci>
            </apply>
          </math>
                </kineticLaw>
      </reaction>
      <reaction id="reaction_0000017" metaid="metaid_0000076" name="unphosphorylated wee1 degradation" reversible="false">
        <annotation>
	<rdf:RDF xmlns:rdf="http://www.w3.org/1999/02/22-rdf-syntax-ns#" xmlns:bqmodel="http://biomodels.net/model-qualifiers/" xmlns:bqbiol="http://biomodels.net/biology-qualifiers/">
            <rdf:Description rdf:about="#metaid_0000076">
	<bqbiol:isVersionOf>
	<rdf:Bag>
	<rdf:li rdf:resource="http://identifiers.org/go/GO:0030163"/>
	</rdf:Bag>
	</bqbiol:isVersionOf>
	</rdf:Description>
	
	</rdf:RDF>
	</annotation>
              <listOfReactants>
          <speciesReference metaid="cc06ab7b-2e69-4467-a87b-2fa832fd319e" species="w0"/>
        </listOfReactants>
        <kineticLaw metaid="_55b7652d-7296-46b6-be5e-c5f41d2e28a3">
          <math xmlns="http://www.w3.org/1998/Math/MathML">          
            <apply>
              <times/>
              <ci> cell </ci>
              <ci> w0 </ci>
              <ci> k11 </ci>
            </apply>
          </math>
                </kineticLaw>
      </reaction>
      <reaction id="reaction_0000018" metaid="metaid_0000077" name="phosphorylated wee1 degradation" reversible="false">
        <annotation>
	<rdf:RDF xmlns:rdf="http://www.w3.org/1999/02/22-rdf-syntax-ns#" xmlns:bqmodel="http://biomodels.net/model-qualifiers/" xmlns:bqbiol="http://biomodels.net/biology-qualifiers/">
            <rdf:Description rdf:about="#metaid_0000077">
	<bqbiol:isVersionOf>
	<rdf:Bag>
	<rdf:li rdf:resource="http://identifiers.org/go/GO:0030163"/>
	</rdf:Bag>
	</bqbiol:isVersionOf>
	</rdf:Description>
	
	</rdf:RDF>
	</annotation>
              <listOfReactants>
          <speciesReference metaid="cb6a92a4-2f7b-4ee0-a9da-87a1f1d92918" species="w1"/>
        </listOfReactants>
        <kineticLaw metaid="_5646320f-075f-4931-8a6a-2417ff85a21b">
          <math xmlns="http://www.w3.org/1998/Math/MathML">          
            <apply>
              <times/>
              <ci> cell </ci>
              <ci> k11 </ci>
              <ci> w1 </ci>
            </apply>
          </math>
                </kineticLaw>
      </reaction>
      <reaction id="reaction_0000019" metaid="metaid_0000078" name="Unphosphorylated CDC25 degradation" reversible="false">
        <annotation>
	<rdf:RDF xmlns:rdf="http://www.w3.org/1999/02/22-rdf-syntax-ns#" xmlns:bqmodel="http://biomodels.net/model-qualifiers/" xmlns:bqbiol="http://biomodels.net/biology-qualifiers/">
            <rdf:Description rdf:about="#metaid_0000078">
	<bqbiol:isVersionOf>
	<rdf:Bag>
	<rdf:li rdf:resource="http://identifiers.org/go/GO:0030163"/>
	</rdf:Bag>
	</bqbiol:isVersionOf>
	</rdf:Description>
	
	</rdf:RDF>
	</annotation>
              <listOfReactants>
          <speciesReference metaid="_4e64f533-f127-4788-b920-3c9d052c41ef" species="z0"/>
        </listOfReactants>
        <kineticLaw metaid="_235b6dea-5420-4fd5-8de8-257938c0b31e">
          <math xmlns="http://www.w3.org/1998/Math/MathML">          
            <apply>
              <times/>
              <ci> cell </ci>
              <ci> k9 </ci>
              <ci> z0 </ci>
            </apply>
          </math>
                </kineticLaw>
      </reaction>
      <reaction id="reaction_0000020" metaid="metaid_0000079" name="One site phosphorylated CDC25 degradaton" reversible="false">
        <annotation>
	<rdf:RDF xmlns:rdf="http://www.w3.org/1999/02/22-rdf-syntax-ns#" xmlns:bqmodel="http://biomodels.net/model-qualifiers/" xmlns:bqbiol="http://biomodels.net/biology-qualifiers/">
            <rdf:Description rdf:about="#metaid_0000079">
	<bqbiol:isVersionOf>
	<rdf:Bag>
	<rdf:li rdf:resource="http://identifiers.org/go/GO:0030163"/>
	</rdf:Bag>
	</bqbiol:isVersionOf>
	</rdf:Description>
	
	</rdf:RDF>
	</annotation>
              <listOfReactants>
          <speciesReference metaid="_378904de-0df5-4733-ba58-d22d2084ec73" species="z1"/>
        </listOfReactants>
        <kineticLaw metaid="b9a04b70-b15f-4c69-8d40-104688786fb4">
          <math xmlns="http://www.w3.org/1998/Math/MathML">          
            <apply>
              <times/>
              <ci> cell </ci>
              <ci> k9 </ci>
              <ci> z1 </ci>
            </apply>
          </math>
                </kineticLaw>
      </reaction>
      <reaction id="reaction_0000021" metaid="metaid_0000080" name="Two site phosphorylated CDC25 degradation">
        <annotation>
	<rdf:RDF xmlns:rdf="http://www.w3.org/1999/02/22-rdf-syntax-ns#" xmlns:bqmodel="http://biomodels.net/model-qualifiers/" xmlns:bqbiol="http://biomodels.net/biology-qualifiers/">
            <rdf:Description rdf:about="#metaid_0000080">
	<bqbiol:isVersionOf>
	<rdf:Bag>
	<rdf:li rdf:resource="http://identifiers.org/go/GO:0030163"/>
	</rdf:Bag>
	</bqbiol:isVersionOf>
	</rdf:Description>
	
	</rdf:RDF>
	</annotation>
              <listOfReactants>
          <speciesReference metaid="_544f1e23-f608-418a-948b-5c58c460c19f" species="z2"/>
        </listOfReactants>
        <kineticLaw metaid="acd7e55e-ead6-4194-af1b-451c1fc9fd3d">
          <math xmlns="http://www.w3.org/1998/Math/MathML">          
            <apply>
              <times/>
              <ci> cell </ci>
              <ci> k9 </ci>
              <ci> z2 </ci>
            </apply>
          </math>
                </kineticLaw>
      </reaction>
      <reaction id="reaction_0000022" metaid="metaid_0000081" name="Unphosphorylation CDC25 synthesis" reversible="false">
        <annotation>
	<rdf:RDF xmlns:rdf="http://www.w3.org/1999/02/22-rdf-syntax-ns#" xmlns:bqmodel="http://biomodels.net/model-qualifiers/" xmlns:bqbiol="http://biomodels.net/biology-qualifiers/">
            <rdf:Description rdf:about="#metaid_0000081">
	<bqbiol:isVersionOf>
	<rdf:Bag>
	<rdf:li rdf:resource="http://identifiers.org/go/GO:0044249"/>
	</rdf:Bag>
	</bqbiol:isVersionOf>
	</rdf:Description>
	
	</rdf:RDF>
	</annotation>
              <listOfProducts>
          <speciesReference metaid="_896e03c3-71eb-4d84-b0eb-4a021dba9c5b" species="z0"/>
        </listOfProducts>
        <kineticLaw metaid="_8ac7a215-e058-4902-a5e9-fea982f2d656">
          <math xmlns="http://www.w3.org/1998/Math/MathML">          
            <apply>
              <times/>
              <ci> cell </ci>
              <ci> k8 </ci>
            </apply>
          </math>
                </kineticLaw>
      </reaction>
      <reaction id="reaction_0000023" metaid="metaid_0000082" name="Active cyclin:CDK complex degradation" reversible="false">
        <annotation>
	<rdf:RDF xmlns:rdf="http://www.w3.org/1999/02/22-rdf-syntax-ns#" xmlns:bqmodel="http://biomodels.net/model-qualifiers/" xmlns:bqbiol="http://biomodels.net/biology-qualifiers/">
            <rdf:Description rdf:about="#metaid_0000082">
	<bqbiol:isVersionOf>
	<rdf:Bag>
	<rdf:li rdf:resource="http://identifiers.org/go/GO:0030163"/>
	</rdf:Bag>
	</bqbiol:isVersionOf>
	</rdf:Description>
	
	</rdf:RDF>
	</annotation>
              <listOfReactants>
          <speciesReference metaid="_0869d411-b9bc-4837-8be0-1647d691f0e2" species="x"/>
        </listOfReactants>
        <listOfModifiers>
          <modifierSpeciesReference metaid="_97a0f26f-28b2-4307-a7ec-b8c350e57a26" species="u"/>
        </listOfModifiers>
        <kineticLaw metaid="_681833d5-c81a-4192-9df6-3d2cc3072215">
          <math xmlns="http://www.w3.org/1998/Math/MathML">          
            <apply>
              <times/>
              <ci> cell </ci>
              <apply>
                <plus/>
                <ci> k7 </ci>
                <apply>
                  <times/>
                  <ci> k7u </ci>
                  <ci> u </ci>
                </apply>
              </apply>
              <ci> x </ci>
            </apply>
          </math>
                </kineticLaw>
      </reaction>
    </listOfReactions>
  </model>
</sbml>
