<?xml version="1.0" encoding="UTF-8" standalone="no"?>
<sbml xmlns="http://www.sbml.org/sbml/level2" level="2" metaid="metaid_0000001" version="1">
  <model id="Leloup1999_CircClock_periodic" metaid="metaid_0000002" name="Leloup1999_CircClock">
    <notes>
      <body xmlns="http://www.w3.org/1999/xhtml">
        <p>This model originates from BioModels Database: A Database of Annotated Published Models. It is copyright (c) 2005-2009 The BioModels Team.<br/>For more information see the <a href="http://www.ebi.ac.uk/biomodels/legal.html" target="_blank">terms of use</a>.<br/>To cite BioModels Database, please use <a href="http://www.pubmedcentral.nih.gov/articlerender.fcgi?tool=pubmed&amp;pubmedid=16381960" target="_blank">Le Novère N., Bornstein B., Broicher A., Courtot M., Donizelli M., Dharuri H., Li L., Sauro H., Schilstra M., Shapiro B., Snoep J.L., Hucka M. (2006) BioModels Database: A Free, Centralized Database of Curated, Published, Quantitative Kinetic Models of Biochemical and Cellular Systems Nucleic Acids Res., 34: D689-D691.</a>
      </p>
    </body>
  </notes>
    <annotation>
	<rdf:RDF xmlns:rdf="http://www.w3.org/1999/02/22-rdf-syntax-ns#" xmlns:dc="http://purl.org/dc/elements/1.1/" xmlns:vCard="http://www.w3.org/2001/vcard-rdf/3.0#" xmlns:dcterms="http://purl.org/dc/terms/" xmlns:bqmodel="http://biomodels.net/model-qualifiers/" xmlns:bqbiol="http://biomodels.net/biology-qualifiers/">
        <rdf:Description rdf:about="#metaid_0000002">
	<dc:creator>
	<rdf:Bag>
	<rdf:li rdf:parseType="Resource">
	<vCard:N rdf:parseType="Resource">
	<vCard:Family>Le Novère</vCard:Family>
	<vCard:Given>Nicolas</vCard:Given>
	</vCard:N>
	<vCard:EMAIL>lenov@ebi.ac.uk</vCard:EMAIL>
	<vCard:ORG rdf:parseType="Resource">
	<vCard:Orgname>EMBL-EBI</vCard:Orgname>
	</vCard:ORG>
	</rdf:li>
	<rdf:li rdf:parseType="Resource">
	<vCard:N rdf:parseType="Resource">
	<vCard:Family>Shapiro</vCard:Family>
	<vCard:Given>Bruce</vCard:Given>
	</vCard:N>
	<vCard:EMAIL>bshapiro@jpl.nasa.gov</vCard:EMAIL>
	<vCard:ORG rdf:parseType="Resource">
	<vCard:Orgname>NASA Jet Propulsion Laboratory</vCard:Orgname>
	</vCard:ORG>
	</rdf:li>
	</rdf:Bag>
	</dc:creator>
	<dcterms:created rdf:parseType="Resource">
	<dcterms:W3CDTF>2005-06-29T10:27:52Z</dcterms:W3CDTF>
	</dcterms:created>
	<dcterms:modified rdf:parseType="Resource">
	<dcterms:W3CDTF>2015-02-25T13:16:43Z</dcterms:W3CDTF>
	</dcterms:modified>
	<bqmodel:is>
	<rdf:Bag>
	<rdf:li rdf:resource="http://identifiers.org/biomodels.db/MODEL6617834203"/>
	</rdf:Bag>
	</bqmodel:is>
	<bqmodel:is>
	<rdf:Bag>
	<rdf:li rdf:resource="http://identifiers.org/biomodels.db/BIOMD0000000021"/>
	</rdf:Bag>
	</bqmodel:is>
	<bqmodel:isDescribedBy>
	<rdf:Bag>
	<rdf:li rdf:resource="http://identifiers.org/pubmed/10366496"/>
	</rdf:Bag>
	</bqmodel:isDescribedBy>
	<bqmodel:isDerivedFrom>
	<rdf:Bag>
	<rdf:li rdf:resource="http://identifiers.org/biomodels.db/BIOMD0000000171"/>
	</rdf:Bag>
	</bqmodel:isDerivedFrom>
	<bqbiol:hasTaxon>
	<rdf:Bag>
	<rdf:li rdf:resource="http://identifiers.org/taxonomy/7227"/>
	</rdf:Bag>
	</bqbiol:hasTaxon>
	<bqbiol:is>
	<rdf:Bag>
	<rdf:li rdf:resource="http://identifiers.org/kegg.pathway/dme04710"/>
	</rdf:Bag>
	</bqbiol:is>
	<bqbiol:isVersionOf>
	<rdf:Bag>
	<rdf:li rdf:resource="http://identifiers.org/go/GO:0042752"/>
	</rdf:Bag>
	</bqbiol:isVersionOf>
	</rdf:Description>
	
	</rdf:RDF>
	</annotation>
      <listOfUnitDefinitions>
      <unitDefinition id="substance" metaid="metaid_0000003" name="nanomole (default)">
        <listOfUnits>
          <unit kind="mole" metaid="be6ed642-357c-44e8-b5eb-60592d20150d" scale="-9"/>
        </listOfUnits>
      </unitDefinition>
      <unitDefinition id="time" metaid="metaid_0000005" name="hour (default)">
        <listOfUnits>
          <unit kind="second" metaid="_82138a11-f6dd-4f59-b4c0-7370deb90814" multiplier="3600"/>
        </listOfUnits>
      </unitDefinition>
    </listOfUnitDefinitions>
    <listOfCompartments>
      <compartment id="Cell" metaid="metaid_0000012" name="cytoplasm" size="1">
        <annotation>
	<rdf:RDF xmlns:rdf="http://www.w3.org/1999/02/22-rdf-syntax-ns#" xmlns:bqmodel="http://biomodels.net/model-qualifiers/" xmlns:bqbiol="http://biomodels.net/biology-qualifiers/">
            <rdf:Description rdf:about="#metaid_0000012">
	<bqbiol:is>
	<rdf:Bag>
	<rdf:li rdf:resource="http://identifiers.org/go/GO:0005737"/>
	</rdf:Bag>
	</bqbiol:is>
	</rdf:Description>
	
	</rdf:RDF>
	</annotation>
            </compartment>
      <compartment id="compartment_0000002" metaid="metaid_0000049" name="nucleus" outside="Cell" size="1">
        <annotation>
	<rdf:RDF xmlns:rdf="http://www.w3.org/1999/02/22-rdf-syntax-ns#" xmlns:bqmodel="http://biomodels.net/model-qualifiers/" xmlns:bqbiol="http://biomodels.net/biology-qualifiers/">
            <rdf:Description rdf:about="#metaid_0000049">
	<bqbiol:is>
	<rdf:Bag>
	<rdf:li rdf:resource="http://identifiers.org/go/GO:0005634"/>
	</rdf:Bag>
	</bqbiol:is>
	</rdf:Description>
	
	</rdf:RDF>
	</annotation>
            </compartment>
    </listOfCompartments>
    <listOfSpecies>
      <species compartment="Cell" id="P0" initialConcentration="0" metaid="metaid_0000013" name="PER Protein (unphosphorylated)">
        <annotation>
	<rdf:RDF xmlns:rdf="http://www.w3.org/1999/02/22-rdf-syntax-ns#" xmlns:bqmodel="http://biomodels.net/model-qualifiers/" xmlns:bqbiol="http://biomodels.net/biology-qualifiers/">
            <rdf:Description rdf:about="#metaid_0000013">
	<bqbiol:isVersionOf>
	<rdf:Bag>
	<rdf:li rdf:resource="http://identifiers.org/uniprot/P07663"/>
	</rdf:Bag>
	</bqbiol:isVersionOf>
	</rdf:Description>
	
	</rdf:RDF>
	</annotation>
            </species>
      <species compartment="Cell" id="T0" initialConcentration="0" metaid="metaid_0000014" name="TIM Protein (unphosphorylated)">
        <annotation>
	<rdf:RDF xmlns:rdf="http://www.w3.org/1999/02/22-rdf-syntax-ns#" xmlns:bqmodel="http://biomodels.net/model-qualifiers/" xmlns:bqbiol="http://biomodels.net/biology-qualifiers/">
            <rdf:Description rdf:about="#metaid_0000014">
	<bqbiol:isVersionOf>
	<rdf:Bag>
	<rdf:li rdf:resource="http://identifiers.org/uniprot/P49021"/>
	</rdf:Bag>
	</bqbiol:isVersionOf>
	</rdf:Description>
	
	</rdf:RDF>
	</annotation>
            </species>
      <species compartment="Cell" id="P1" initialConcentration="0" metaid="metaid_0000015" name="PER Protein (mono-phosphorylated)">
        <annotation>
	<rdf:RDF xmlns:rdf="http://www.w3.org/1999/02/22-rdf-syntax-ns#" xmlns:bqmodel="http://biomodels.net/model-qualifiers/" xmlns:bqbiol="http://biomodels.net/biology-qualifiers/">
            <rdf:Description rdf:about="#metaid_0000015">
	<bqbiol:isVersionOf>
	<rdf:Bag>
	<rdf:li rdf:resource="http://identifiers.org/uniprot/P07663"/>
	</rdf:Bag>
	</bqbiol:isVersionOf>
	</rdf:Description>
	
	</rdf:RDF>
	</annotation>
            </species>
      <species compartment="Cell" id="T1" initialConcentration="0" metaid="metaid_0000016" name="TIM Protein (mono-phosphorylated)">
        <annotation>
	<rdf:RDF xmlns:rdf="http://www.w3.org/1999/02/22-rdf-syntax-ns#" xmlns:bqmodel="http://biomodels.net/model-qualifiers/" xmlns:bqbiol="http://biomodels.net/biology-qualifiers/">
            <rdf:Description rdf:about="#metaid_0000016">
	<bqbiol:isVersionOf>
	<rdf:Bag>
	<rdf:li rdf:resource="http://identifiers.org/uniprot/P49021"/>
	</rdf:Bag>
	</bqbiol:isVersionOf>
	</rdf:Description>
	
	</rdf:RDF>
	</annotation>
            </species>
      <species compartment="Cell" id="P2" initialConcentration="0" metaid="metaid_0000017" name="PER Protein (bi-phosphorylated)">
        <annotation>
	<rdf:RDF xmlns:rdf="http://www.w3.org/1999/02/22-rdf-syntax-ns#" xmlns:bqmodel="http://biomodels.net/model-qualifiers/" xmlns:bqbiol="http://biomodels.net/biology-qualifiers/">
            <rdf:Description rdf:about="#metaid_0000017">
	<bqbiol:isVersionOf>
	<rdf:Bag>
	<rdf:li rdf:resource="http://identifiers.org/uniprot/P07663"/>
	</rdf:Bag>
	</bqbiol:isVersionOf>
	</rdf:Description>
	
	</rdf:RDF>
	</annotation>
            </species>
      <species compartment="Cell" id="T2" initialConcentration="0" metaid="metaid_0000018" name="TIM Protein (bi-phosphorylated)">
        <annotation>
	<rdf:RDF xmlns:rdf="http://www.w3.org/1999/02/22-rdf-syntax-ns#" xmlns:bqmodel="http://biomodels.net/model-qualifiers/" xmlns:bqbiol="http://biomodels.net/biology-qualifiers/">
            <rdf:Description rdf:about="#metaid_0000018">
	<bqbiol:isVersionOf>
	<rdf:Bag>
	<rdf:li rdf:resource="http://identifiers.org/uniprot/P49021"/>
	</rdf:Bag>
	</bqbiol:isVersionOf>
	</rdf:Description>
	
	</rdf:RDF>
	</annotation>
            </species>
      <species compartment="Cell" id="CC" initialConcentration="0" metaid="metaid_0000019" name="Cytosolic PER-TIM Complex">
        <annotation>
	<rdf:RDF xmlns:rdf="http://www.w3.org/1999/02/22-rdf-syntax-ns#" xmlns:bqmodel="http://biomodels.net/model-qualifiers/" xmlns:bqbiol="http://biomodels.net/biology-qualifiers/">
            <rdf:Description rdf:about="#metaid_0000019">
	<bqbiol:hasPart>
	<rdf:Bag>
	<rdf:li rdf:resource="http://identifiers.org/uniprot/P49021"/>
	<rdf:li rdf:resource="http://identifiers.org/uniprot/P07663"/>
	</rdf:Bag>
	</bqbiol:hasPart>
	</rdf:Description>
	
	</rdf:RDF>
	</annotation>
            </species>
      <species compartment="compartment_0000002" id="Cn" initialConcentration="0" metaid="metaid_0000020" name="Nuclear PER-TIM Complex">
        <annotation>
	<rdf:RDF xmlns:rdf="http://www.w3.org/1999/02/22-rdf-syntax-ns#" xmlns:bqmodel="http://biomodels.net/model-qualifiers/" xmlns:bqbiol="http://biomodels.net/biology-qualifiers/">
            <rdf:Description rdf:about="#metaid_0000020">
	<bqbiol:hasPart>
	<rdf:Bag>
	<rdf:li rdf:resource="http://identifiers.org/uniprot/P49021"/>
	<rdf:li rdf:resource="http://identifiers.org/uniprot/P07663"/>
	</rdf:Bag>
	</bqbiol:hasPart>
	</rdf:Description>
	
	</rdf:RDF>
	</annotation>
            </species>
      <species compartment="Cell" id="Mp" initialConcentration="0" metaid="metaid_0000021" name="PER mRNA">
        <annotation>
	<rdf:RDF xmlns:rdf="http://www.w3.org/1999/02/22-rdf-syntax-ns#" xmlns:bqmodel="http://biomodels.net/model-qualifiers/" xmlns:bqbiol="http://biomodels.net/biology-qualifiers/">
            <rdf:Description rdf:about="#metaid_0000021">
	<bqbiol:isVersionOf>
	<rdf:Bag>
	<rdf:li rdf:resource="http://identifiers.org/chebi/CHEBI:33699"/>
	<rdf:li rdf:resource="http://identifiers.org/kegg.compound/C00046"/>
	</rdf:Bag>
	</bqbiol:isVersionOf>
	</rdf:Description>
	
	</rdf:RDF>
	</annotation>
            </species>
      <species compartment="Cell" id="Mt" initialConcentration="0" metaid="metaid_0000022" name="TIM mRNA">
        <annotation>
	<rdf:RDF xmlns:rdf="http://www.w3.org/1999/02/22-rdf-syntax-ns#" xmlns:bqmodel="http://biomodels.net/model-qualifiers/" xmlns:bqbiol="http://biomodels.net/biology-qualifiers/">
            <rdf:Description rdf:about="#metaid_0000022">
	<bqbiol:isVersionOf>
	<rdf:Bag>
	<rdf:li rdf:resource="http://identifiers.org/chebi/CHEBI:33699"/>
	<rdf:li rdf:resource="http://identifiers.org/kegg.compound/C00046"/>
	</rdf:Bag>
	</bqbiol:isVersionOf>
	</rdf:Description>
	
	</rdf:RDF>
	</annotation>
            </species>
    </listOfSpecies>
    <listOfParameters>
      <parameter constant="false" id="Pt" metaid="metaid_0000008" name="Total Per"/>
      <parameter constant="false" id="Tt" metaid="metaid_0000009" name="Total Tim"/>
      <parameter id="V_mT" metaid="metaid_0000010" value="0.7">
        <notes>
        <body xmlns="http://www.w3.org/1999/xhtml">
          <p>V_mT=.7 (physiological oscillations); 0.28 (chaos); .4 or .99 (biorhythmicity example)</p>
        </body>
      </notes>
      </parameter>
      <parameter id="V_dT" metaid="metaid_0000011" value="2">
        <notes>
        <body xmlns="http://www.w3.org/1999/xhtml">
          <p>V_dT=2 (physiological oscillations); 4.8 (chaos); 3.8 or 2 (biorhythmicity example)</p>
        </body>
      </notes>
      </parameter>
    </listOfParameters>
    <listOfRules>
      <assignmentRule metaid="metaid_0000023" variable="Pt">
        <math xmlns="http://www.w3.org/1998/Math/MathML">        
          <apply>
            <plus/>
            <ci> CC </ci>
            <ci> Cn </ci>
            <ci> P0 </ci>
            <ci> P1 </ci>
            <ci> P2 </ci>
          </apply>
        </math>
            </assignmentRule>
      <assignmentRule metaid="metaid_0000024" variable="Tt">
        <math xmlns="http://www.w3.org/1998/Math/MathML">        
          <apply>
            <plus/>
            <ci> CC </ci>
            <ci> Cn </ci>
            <ci> T0 </ci>
            <ci> T1 </ci>
            <ci> T2 </ci>
          </apply>
        </math>
            </assignmentRule>
    </listOfRules>
    <listOfReactions>
      <reaction id="P0_to_P1" metaid="metaid_0000025" name="First Phosphorylation of PER" reversible="false">
        <notes>
        <body xmlns="http://www.w3.org/1999/xhtml">
          <p>This phosphorylation is triggered by the protein product of the gene <em>double-time</em> (DBT, <a href="http://www.uniprot.org/entry/O76324">DCO_DROME</a>). Not explicitely represented in the model.</p>
        </body>
      </notes>
        <annotation>
	<rdf:RDF xmlns:rdf="http://www.w3.org/1999/02/22-rdf-syntax-ns#" xmlns:bqmodel="http://biomodels.net/model-qualifiers/" xmlns:bqbiol="http://biomodels.net/biology-qualifiers/">
            <rdf:Description rdf:about="#metaid_0000025">
	<bqbiol:isVersionOf>
	<rdf:Bag>
	<rdf:li rdf:resource="http://identifiers.org/ec-code/2.7.11.1"/>
	<rdf:li rdf:resource="http://identifiers.org/go/GO:0006468"/>
	</rdf:Bag>
	</bqbiol:isVersionOf>
	</rdf:Description>
	
	</rdf:RDF>
	</annotation>
              <listOfReactants>
          <speciesReference metaid="eb7323b4-c644-4067-9c3e-bb4a81c1c1ef" species="P0"/>
        </listOfReactants>
        <listOfProducts>
          <speciesReference metaid="_1762bf51-7790-410e-818a-d71779a0a6c0" species="P1"/>
        </listOfProducts>
        <kineticLaw metaid="ac180c81-5336-4f1a-b790-6b06b0191fb1">
          <math xmlns="http://www.w3.org/1998/Math/MathML">          
            <apply>
              <divide/>
              <apply>
                <times/>
                <ci> Cell </ci>
                <ci> V_1P </ci>
                <ci> P0 </ci>
              </apply>
              <apply>
                <plus/>
                <ci> K1_P </ci>
                <ci> P0 </ci>
              </apply>
            </apply>
          </math>
                  <listOfParameters>
            <parameter id="K1_P" metaid="_727239" value="2"/>
            <parameter id="V_1P" metaid="_727241" value="8"/>
          </listOfParameters>
        </kineticLaw>
      </reaction>
      <reaction id="T0_to_T1" metaid="metaid_0000026" name="First Phosphorylation of TIM" reversible="false">
        <annotation>
	<rdf:RDF xmlns:rdf="http://www.w3.org/1999/02/22-rdf-syntax-ns#" xmlns:bqmodel="http://biomodels.net/model-qualifiers/" xmlns:bqbiol="http://biomodels.net/biology-qualifiers/">
            <rdf:Description rdf:about="#metaid_0000026">
	<bqbiol:isVersionOf>
	<rdf:Bag>
	<rdf:li rdf:resource="http://identifiers.org/ec-code/2.7.11.1"/>
	<rdf:li rdf:resource="http://identifiers.org/go/GO:0006468"/>
	</rdf:Bag>
	</bqbiol:isVersionOf>
	</rdf:Description>
	
	</rdf:RDF>
	</annotation>
              <listOfReactants>
          <speciesReference metaid="_3f373a66-baa5-41cc-9e21-c470153254fc" species="T0"/>
        </listOfReactants>
        <listOfProducts>
          <speciesReference metaid="d19b9930-b416-46c2-a25a-fc7940ee82ef" species="T1"/>
        </listOfProducts>
        <kineticLaw metaid="_88e2474a-a46c-4c74-b8b7-85bbdce5fd9e">
          <math xmlns="http://www.w3.org/1998/Math/MathML">          
            <apply>
              <divide/>
              <apply>
                <times/>
                <ci> Cell </ci>
                <ci> V_1T </ci>
                <ci> T0 </ci>
              </apply>
              <apply>
                <plus/>
                <ci> K_1T </ci>
                <ci> T0 </ci>
              </apply>
            </apply>
          </math>
                  <listOfParameters>
            <parameter id="K_1T" metaid="_727243" value="2"/>
            <parameter id="V_1T" metaid="_727245" value="8"/>
          </listOfParameters>
        </kineticLaw>
      </reaction>
      <reaction id="P1_to_P0" metaid="metaid_0000027" name="Dephosphorylation of PER (1st P)" reversible="false">
        <annotation>
	<rdf:RDF xmlns:rdf="http://www.w3.org/1999/02/22-rdf-syntax-ns#" xmlns:bqmodel="http://biomodels.net/model-qualifiers/" xmlns:bqbiol="http://biomodels.net/biology-qualifiers/">
            <rdf:Description rdf:about="#metaid_0000027">
	<bqbiol:isVersionOf>
	<rdf:Bag>
	<rdf:li rdf:resource="http://identifiers.org/ec-code/3.1.3.16"/>
	<rdf:li rdf:resource="http://identifiers.org/go/GO:0006470"/>
	</rdf:Bag>
	</bqbiol:isVersionOf>
	</rdf:Description>
	
	</rdf:RDF>
	</annotation>
              <listOfReactants>
          <speciesReference metaid="_4effb747-e348-4b51-bb81-3637dbada2a5" species="P1"/>
        </listOfReactants>
        <listOfProducts>
          <speciesReference metaid="_99d36cf1-3873-43ea-88e3-8e1145c2038a" species="P0"/>
        </listOfProducts>
        <kineticLaw metaid="_2f892d79-9043-433e-94d3-f7a0c789eedf">
          <math xmlns="http://www.w3.org/1998/Math/MathML">          
            <apply>
              <divide/>
              <apply>
                <times/>
                <ci> Cell </ci>
                <ci> V_2P </ci>
                <ci> P1 </ci>
              </apply>
              <apply>
                <plus/>
                <ci> K_2P </ci>
                <ci> P1 </ci>
              </apply>
            </apply>
          </math>
                  <listOfParameters>
            <parameter id="K_2P" metaid="_727247" value="2"/>
            <parameter id="V_2P" metaid="_727249" value="1"/>
          </listOfParameters>
        </kineticLaw>
      </reaction>
      <reaction id="T1_to_T0" metaid="metaid_0000028" name="Dephosphorylation of TIM (1st P)" reversible="false">
        <annotation>
	<rdf:RDF xmlns:rdf="http://www.w3.org/1999/02/22-rdf-syntax-ns#" xmlns:bqmodel="http://biomodels.net/model-qualifiers/" xmlns:bqbiol="http://biomodels.net/biology-qualifiers/">
            <rdf:Description rdf:about="#metaid_0000028">
	<bqbiol:isVersionOf>
	<rdf:Bag>
	<rdf:li rdf:resource="http://identifiers.org/ec-code/3.1.3.16"/>
	<rdf:li rdf:resource="http://identifiers.org/go/GO:0006470"/>
	</rdf:Bag>
	</bqbiol:isVersionOf>
	</rdf:Description>
	
	</rdf:RDF>
	</annotation>
              <listOfReactants>
          <speciesReference metaid="_4e846094-8b8c-4d61-8210-7a0c781d8057" species="T1"/>
        </listOfReactants>
        <listOfProducts>
          <speciesReference metaid="_70a72dd5-fcf5-4305-b29b-bc5881e219f3" species="T0"/>
        </listOfProducts>
        <kineticLaw metaid="_5024104c-d32b-4d5e-b8bf-bc391f8d3933">
          <math xmlns="http://www.w3.org/1998/Math/MathML">          
            <apply>
              <divide/>
              <apply>
                <times/>
                <ci> Cell </ci>
                <ci> V_2T </ci>
                <ci> T1 </ci>
              </apply>
              <apply>
                <plus/>
                <ci> K_2T </ci>
                <ci> T1 </ci>
              </apply>
            </apply>
          </math>
                  <listOfParameters>
            <parameter id="K_2T" metaid="_727251" value="2"/>
            <parameter id="V_2T" metaid="_727253" value="1"/>
          </listOfParameters>
        </kineticLaw>
      </reaction>
      <reaction id="P1_to_P2" metaid="metaid_0000029" name="Second Phosphorylation of PER" reversible="false">
        <notes>
        <body xmlns="http://www.w3.org/1999/xhtml">
          <p>This phosphorylation is triggered by the protein product of the gene <em>double-time</em> (DBT, <a href="http://www.uniprot.org/entry/O76324">DCO_DROME</a>). Not explicitely represented in the model.</p>
        </body>
      </notes>
        <annotation>
	<rdf:RDF xmlns:rdf="http://www.w3.org/1999/02/22-rdf-syntax-ns#" xmlns:bqmodel="http://biomodels.net/model-qualifiers/" xmlns:bqbiol="http://biomodels.net/biology-qualifiers/">
            <rdf:Description rdf:about="#metaid_0000029">
	<bqbiol:isVersionOf>
	<rdf:Bag>
	<rdf:li rdf:resource="http://identifiers.org/ec-code/2.7.11.1"/>
	<rdf:li rdf:resource="http://identifiers.org/go/GO:0006468"/>
	</rdf:Bag>
	</bqbiol:isVersionOf>
	</rdf:Description>
	
	</rdf:RDF>
	</annotation>
              <listOfReactants>
          <speciesReference metaid="_0bc6c8c0-47bd-4d4e-82c3-c62ad60d34c3" species="P1"/>
        </listOfReactants>
        <listOfProducts>
          <speciesReference metaid="f64833fa-1d3a-4e6f-8614-55cec2941585" species="P2"/>
        </listOfProducts>
        <kineticLaw metaid="_54163e56-0fb4-4502-928b-b7f622cf09d1">
          <math xmlns="http://www.w3.org/1998/Math/MathML">          
            <apply>
              <divide/>
              <apply>
                <times/>
                <ci> Cell </ci>
                <ci> V_3P </ci>
                <ci> P1 </ci>
              </apply>
              <apply>
                <plus/>
                <ci> K_3P </ci>
                <ci> P1 </ci>
              </apply>
            </apply>
          </math>
                  <listOfParameters>
            <parameter id="K_3P" metaid="_727255" value="2"/>
            <parameter id="V_3P" metaid="_727257" value="8"/>
          </listOfParameters>
        </kineticLaw>
      </reaction>
      <reaction id="T1_to_T2" metaid="metaid_0000030" name="Second Phosphorylation of TIM" reversible="false">
        <annotation>
	<rdf:RDF xmlns:rdf="http://www.w3.org/1999/02/22-rdf-syntax-ns#" xmlns:bqmodel="http://biomodels.net/model-qualifiers/" xmlns:bqbiol="http://biomodels.net/biology-qualifiers/">
            <rdf:Description rdf:about="#metaid_0000030">
	<bqbiol:isVersionOf>
	<rdf:Bag>
	<rdf:li rdf:resource="http://identifiers.org/ec-code/2.7.11.1"/>
	<rdf:li rdf:resource="http://identifiers.org/go/GO:0006468"/>
	</rdf:Bag>
	</bqbiol:isVersionOf>
	</rdf:Description>
	
	</rdf:RDF>
	</annotation>
              <listOfReactants>
          <speciesReference metaid="_6278ec2c-54b8-4077-aa3a-c15726c81775" species="T1"/>
        </listOfReactants>
        <listOfProducts>
          <speciesReference metaid="a6c73c32-8b91-4090-bbfc-bd436282a97e" species="T2"/>
        </listOfProducts>
        <kineticLaw metaid="_752dffc9-4a5e-40a1-8b7b-ddbac8dd040f">
          <math xmlns="http://www.w3.org/1998/Math/MathML">          
            <apply>
              <divide/>
              <apply>
                <times/>
                <ci> Cell </ci>
                <ci> V_3T </ci>
                <ci> T1 </ci>
              </apply>
              <apply>
                <plus/>
                <ci> K_3T </ci>
                <ci> T1 </ci>
              </apply>
            </apply>
          </math>
                  <listOfParameters>
            <parameter id="K_3T" metaid="_727259" value="2"/>
            <parameter id="V_3T" metaid="_727261" value="8"/>
          </listOfParameters>
        </kineticLaw>
      </reaction>
      <reaction id="P2_to_P1" metaid="metaid_0000031" name="Dephosphorylation of PER (2nd P)" reversible="false">
        <annotation>
	<rdf:RDF xmlns:rdf="http://www.w3.org/1999/02/22-rdf-syntax-ns#" xmlns:bqmodel="http://biomodels.net/model-qualifiers/" xmlns:bqbiol="http://biomodels.net/biology-qualifiers/">
            <rdf:Description rdf:about="#metaid_0000031">
	<bqbiol:isVersionOf>
	<rdf:Bag>
	<rdf:li rdf:resource="http://identifiers.org/ec-code/3.1.3.16"/>
	<rdf:li rdf:resource="http://identifiers.org/go/GO:0006470"/>
	</rdf:Bag>
	</bqbiol:isVersionOf>
	</rdf:Description>
	
	</rdf:RDF>
	</annotation>
              <listOfReactants>
          <speciesReference metaid="_0e390c99-d2d4-4e32-a39b-90217e3813ea" species="P2"/>
        </listOfReactants>
        <listOfProducts>
          <speciesReference metaid="a2b77f9c-4528-4bd5-8237-23854f4bfd28" species="P1"/>
        </listOfProducts>
        <kineticLaw metaid="_72ffae63-65fa-4853-a931-4fdd55761104">
          <math xmlns="http://www.w3.org/1998/Math/MathML">          
            <apply>
              <divide/>
              <apply>
                <times/>
                <ci> Cell </ci>
                <ci> V_4P </ci>
                <ci> P2 </ci>
              </apply>
              <apply>
                <plus/>
                <ci> K_4P </ci>
                <ci> P2 </ci>
              </apply>
            </apply>
          </math>
                  <listOfParameters>
            <parameter id="K_4P" metaid="_727263" value="2"/>
            <parameter id="V_4P" metaid="_727265" value="1"/>
          </listOfParameters>
        </kineticLaw>
      </reaction>
      <reaction id="T2_to_T1" metaid="metaid_0000032" name="Dephosphorylation of TIM (2nd P)" reversible="false">
        <annotation>
	<rdf:RDF xmlns:rdf="http://www.w3.org/1999/02/22-rdf-syntax-ns#" xmlns:bqmodel="http://biomodels.net/model-qualifiers/" xmlns:bqbiol="http://biomodels.net/biology-qualifiers/">
            <rdf:Description rdf:about="#metaid_0000032">
	<bqbiol:isVersionOf>
	<rdf:Bag>
	<rdf:li rdf:resource="http://identifiers.org/ec-code/3.1.3.16"/>
	<rdf:li rdf:resource="http://identifiers.org/go/GO:0006470"/>
	</rdf:Bag>
	</bqbiol:isVersionOf>
	</rdf:Description>
	
	</rdf:RDF>
	</annotation>
              <listOfReactants>
          <speciesReference metaid="_7e42605d-88c8-4b54-b62a-dcc393f3022e" species="T2"/>
        </listOfReactants>
        <listOfProducts>
          <speciesReference metaid="f8b9fb1f-58e1-4161-93d2-34e0439d70de" species="T1"/>
        </listOfProducts>
        <kineticLaw metaid="_962193bc-72bc-4cfc-977c-f6aef4d75fe9">
          <math xmlns="http://www.w3.org/1998/Math/MathML">          
            <apply>
              <divide/>
              <apply>
                <times/>
                <ci> Cell </ci>
                <ci> V_4T </ci>
                <ci> T2 </ci>
              </apply>
              <apply>
                <plus/>
                <ci> K_4T </ci>
                <ci> T2 </ci>
              </apply>
            </apply>
          </math>
                  <listOfParameters>
            <parameter id="K_4T" metaid="_727267" value="2"/>
            <parameter id="V_4T" metaid="_727269" value="1"/>
          </listOfParameters>
        </kineticLaw>
      </reaction>
      <reaction id="P0_degradation" metaid="metaid_0000033" name="PER degradation" reversible="false">
        <annotation>
	<rdf:RDF xmlns:rdf="http://www.w3.org/1999/02/22-rdf-syntax-ns#" xmlns:bqmodel="http://biomodels.net/model-qualifiers/" xmlns:bqbiol="http://biomodels.net/biology-qualifiers/">
            <rdf:Description rdf:about="#metaid_0000033">
	<bqbiol:isVersionOf>
	<rdf:Bag>
	<rdf:li rdf:resource="http://identifiers.org/go/GO:0030163"/>
	</rdf:Bag>
	</bqbiol:isVersionOf>
	</rdf:Description>
	
	</rdf:RDF>
	</annotation>
              <listOfReactants>
          <speciesReference metaid="_1f91e609-52e0-464a-b5fb-3456c21f02b8" species="P0"/>
        </listOfReactants>
        <kineticLaw metaid="_12a9636a-242e-4fbe-911d-209386c34ecc">
          <math xmlns="http://www.w3.org/1998/Math/MathML">          
            <apply>
              <times/>
              <ci> Cell </ci>
              <ci> k_d </ci>
              <ci> P0 </ci>
            </apply>
          </math>
                  <listOfParameters>
            <parameter id="k_d" metaid="_727271" value="0.01"/>
          </listOfParameters>
        </kineticLaw>
      </reaction>
      <reaction id="T0_degradation" metaid="metaid_0000034" name="TIM degradation" reversible="false">
        <annotation>
	<rdf:RDF xmlns:rdf="http://www.w3.org/1999/02/22-rdf-syntax-ns#" xmlns:bqmodel="http://biomodels.net/model-qualifiers/" xmlns:bqbiol="http://biomodels.net/biology-qualifiers/">
            <rdf:Description rdf:about="#metaid_0000034">
	<bqbiol:isVersionOf>
	<rdf:Bag>
	<rdf:li rdf:resource="http://identifiers.org/go/GO:0030163"/>
	</rdf:Bag>
	</bqbiol:isVersionOf>
	</rdf:Description>
	
	</rdf:RDF>
	</annotation>
              <listOfReactants>
          <speciesReference metaid="_66fc0702-facc-4857-afbb-b23706dd0f83" species="T0"/>
        </listOfReactants>
        <kineticLaw metaid="_19088145-b75a-44d9-b2f0-5d4789d75f59">
          <math xmlns="http://www.w3.org/1998/Math/MathML">          
            <apply>
              <times/>
              <ci> Cell </ci>
              <ci> k_d </ci>
              <ci> T0 </ci>
            </apply>
          </math>
                  <listOfParameters>
            <parameter id="k_d" metaid="_727272" value="0.01"/>
          </listOfParameters>
        </kineticLaw>
      </reaction>
      <reaction id="P1_degradation" metaid="metaid_0000035" name="PER-1 degradation" reversible="false">
        <annotation>
	<rdf:RDF xmlns:rdf="http://www.w3.org/1999/02/22-rdf-syntax-ns#" xmlns:bqmodel="http://biomodels.net/model-qualifiers/" xmlns:bqbiol="http://biomodels.net/biology-qualifiers/">
            <rdf:Description rdf:about="#metaid_0000035">
	<bqbiol:isVersionOf>
	<rdf:Bag>
	<rdf:li rdf:resource="http://identifiers.org/go/GO:0030163"/>
	</rdf:Bag>
	</bqbiol:isVersionOf>
	</rdf:Description>
	
	</rdf:RDF>
	</annotation>
              <listOfReactants>
          <speciesReference metaid="_824ddd9b-9fd6-4159-a7f1-eeb8e03aa59b" species="P1"/>
        </listOfReactants>
        <kineticLaw metaid="_707a63ac-0df2-4c7e-b451-ae9ed4adf238">
          <math xmlns="http://www.w3.org/1998/Math/MathML">          
            <apply>
              <times/>
              <ci> Cell </ci>
              <ci> k_d </ci>
              <ci> P1 </ci>
            </apply>
          </math>
                  <listOfParameters>
            <parameter id="k_d" metaid="_727273" value="0.01"/>
          </listOfParameters>
        </kineticLaw>
      </reaction>
      <reaction id="T1_degradation" metaid="metaid_0000036" name="TIM-1 degradation" reversible="false">
        <annotation>
	<rdf:RDF xmlns:rdf="http://www.w3.org/1999/02/22-rdf-syntax-ns#" xmlns:bqmodel="http://biomodels.net/model-qualifiers/" xmlns:bqbiol="http://biomodels.net/biology-qualifiers/">
            <rdf:Description rdf:about="#metaid_0000036">
	<bqbiol:isVersionOf>
	<rdf:Bag>
	<rdf:li rdf:resource="http://identifiers.org/go/GO:0030163"/>
	</rdf:Bag>
	</bqbiol:isVersionOf>
	</rdf:Description>
	
	</rdf:RDF>
	</annotation>
              <listOfReactants>
          <speciesReference metaid="_4d420e93-4b35-49ca-b607-a03122a6b924" species="T1"/>
        </listOfReactants>
        <kineticLaw metaid="ac4f8c01-1269-48c6-827e-0bd4286169c5">
          <math xmlns="http://www.w3.org/1998/Math/MathML">          
            <apply>
              <times/>
              <ci> Cell </ci>
              <ci> k_d </ci>
              <ci> T1 </ci>
            </apply>
          </math>
                  <listOfParameters>
            <parameter id="k_d" metaid="_727275" value="0.01"/>
          </listOfParameters>
        </kineticLaw>
      </reaction>
      <reaction id="P2_degradation" metaid="metaid_0000037" name="PER-2 degradation" reversible="false">
        <annotation>
	<rdf:RDF xmlns:rdf="http://www.w3.org/1999/02/22-rdf-syntax-ns#" xmlns:bqmodel="http://biomodels.net/model-qualifiers/" xmlns:bqbiol="http://biomodels.net/biology-qualifiers/">
            <rdf:Description rdf:about="#metaid_0000037">
	<bqbiol:isVersionOf>
	<rdf:Bag>
	<rdf:li rdf:resource="http://identifiers.org/go/GO:0030163"/>
	</rdf:Bag>
	</bqbiol:isVersionOf>
	</rdf:Description>
	
	</rdf:RDF>
	</annotation>
              <listOfReactants>
          <speciesReference metaid="_5a10e740-a44c-453c-bca9-2c9e5bbd82db" species="P2"/>
        </listOfReactants>
        <kineticLaw metaid="b0dfc84a-b8f9-424e-8a4a-475730920e89">
          <math xmlns="http://www.w3.org/1998/Math/MathML">          
            <apply>
              <plus/>
              <apply>
                <times/>
                <ci> Cell </ci>
                <ci> k_d </ci>
                <ci> P2 </ci>
              </apply>
              <apply>
                <divide/>
                <apply>
                  <times/>
                  <ci> Cell </ci>
                  <ci> V_dP </ci>
                  <ci> P2 </ci>
                </apply>
                <apply>
                  <plus/>
                  <ci> K_dP </ci>
                  <ci> P2 </ci>
                </apply>
              </apply>
            </apply>
          </math>
                  <listOfParameters>
            <parameter id="k_d" metaid="_727276" value="0.01"/>
            <parameter id="V_dP" metaid="_727277" value="2"/>
            <parameter id="K_dP" metaid="_727279" value="0.2"/>
          </listOfParameters>
        </kineticLaw>
      </reaction>
      <reaction id="T2_degradation" metaid="metaid_0000038" name="TIM-2 degradation" reversible="false">
        <annotation>
	<rdf:RDF xmlns:rdf="http://www.w3.org/1999/02/22-rdf-syntax-ns#" xmlns:bqmodel="http://biomodels.net/model-qualifiers/" xmlns:bqbiol="http://biomodels.net/biology-qualifiers/">
            <rdf:Description rdf:about="#metaid_0000038">
	<bqbiol:isVersionOf>
	<rdf:Bag>
	<rdf:li rdf:resource="http://identifiers.org/go/GO:0030163"/>
	</rdf:Bag>
	</bqbiol:isVersionOf>
	</rdf:Description>
	
	</rdf:RDF>
	</annotation>
              <listOfReactants>
          <speciesReference metaid="d1d4c269-0efc-4622-a591-5783c74c0cba" species="T2"/>
        </listOfReactants>
        <kineticLaw metaid="_59168c32-a607-4a6a-bde3-44f8ddacf569">
          <math xmlns="http://www.w3.org/1998/Math/MathML">          
            <apply>
              <plus/>
              <apply>
                <times/>
                <ci> Cell </ci>
                <ci> k_d </ci>
                <ci> T2 </ci>
              </apply>
              <apply>
                <divide/>
                <apply>
                  <times/>
                  <ci> Cell </ci>
                  <ci> V_dT </ci>
                  <ci> T2 </ci>
                </apply>
                <apply>
                  <plus/>
                  <ci> K_dT </ci>
                  <ci> T2 </ci>
                </apply>
              </apply>
            </apply>
          </math>
                  <listOfParameters>
            <parameter id="k_d" metaid="_727281" value="0.01"/>
            <parameter id="K_dT" metaid="_727283" value="0.2"/>
          </listOfParameters>
        </kineticLaw>
      </reaction>
      <reaction id="PT_complex_formation" metaid="metaid_0000039" name="PER-TIM complex formation">
        <annotation>
	<rdf:RDF xmlns:rdf="http://www.w3.org/1999/02/22-rdf-syntax-ns#" xmlns:bqmodel="http://biomodels.net/model-qualifiers/" xmlns:bqbiol="http://biomodels.net/biology-qualifiers/">
            <rdf:Description rdf:about="#metaid_0000039">
	<bqbiol:isVersionOf>
	<rdf:Bag>
	<rdf:li rdf:resource="http://identifiers.org/go/GO:0006461"/>
	</rdf:Bag>
	</bqbiol:isVersionOf>
	</rdf:Description>
	
	</rdf:RDF>
	</annotation>
              <listOfReactants>
          <speciesReference metaid="ded8e8ea-76d3-4598-be99-01fc1236245b" species="P2"/>
          <speciesReference metaid="_83066b32-4bab-4ae1-9a0b-1332d27f0271" species="T2"/>
        </listOfReactants>
        <listOfProducts>
          <speciesReference metaid="d7db0c02-f36b-4cd6-b720-da7e44766a87" species="CC"/>
        </listOfProducts>
        <kineticLaw metaid="fcce4871-d2a6-4c87-8c15-169d5e45ded7">
          <math xmlns="http://www.w3.org/1998/Math/MathML">          
            <apply>
              <minus/>
              <apply>
                <times/>
                <ci> Cell </ci>
                <ci> k3 </ci>
                <ci> P2 </ci>
                <ci> T2 </ci>
              </apply>
              <apply>
                <times/>
                <ci> Cell </ci>
                <ci> k4 </ci>
                <ci> CC </ci>
              </apply>
            </apply>
          </math>
                  <listOfParameters>
            <parameter id="k3" metaid="_727285" value="1.2"/>
            <parameter id="k4" metaid="_727287" value="0.6"/>
          </listOfParameters>
        </kineticLaw>
      </reaction>
      <reaction id="PT_complex_nucleation" metaid="metaid_0000040" name="PER-TIM complex nucleation">
        <annotation>
	<rdf:RDF xmlns:rdf="http://www.w3.org/1999/02/22-rdf-syntax-ns#" xmlns:bqmodel="http://biomodels.net/model-qualifiers/" xmlns:bqbiol="http://biomodels.net/biology-qualifiers/">
            <rdf:Description rdf:about="#metaid_0000040">
	<bqbiol:isVersionOf>
	<rdf:Bag>
	<rdf:li rdf:resource="http://identifiers.org/go/GO:0006606"/>
	</rdf:Bag>
	</bqbiol:isVersionOf>
	</rdf:Description>
	
	</rdf:RDF>
	</annotation>
              <listOfReactants>
          <speciesReference metaid="_6116b0ca-972d-4527-9ca5-c5e00347d329" species="CC"/>
        </listOfReactants>
        <listOfProducts>
          <speciesReference metaid="_5efdcf22-a5f4-496d-a0a2-189a10eb2d09" species="Cn"/>
        </listOfProducts>
        <kineticLaw metaid="d429e613-b9d2-4797-a9dd-b7afa8ef8b5c">
          <math xmlns="http://www.w3.org/1998/Math/MathML">          
            <apply>
              <minus/>
              <apply>
                <times/>
                <ci> Cell </ci>
                <ci> k1 </ci>
                <ci> CC </ci>
              </apply>
              <apply>
                <times/>
                <ci> compartment_0000002 </ci>
                <ci> k2 </ci>
                <ci> Cn </ci>
              </apply>
            </apply>
          </math>
                  <listOfParameters>
            <parameter id="k1" metaid="_727289" value="0.6"/>
            <parameter id="k2" metaid="_727291" value="0.2"/>
          </listOfParameters>
        </kineticLaw>
      </reaction>
      <reaction id="PT_complex_degradation" metaid="metaid_0000041" name="PER-TIM complex degradation (cytosol)" reversible="false">
        <annotation>
	<rdf:RDF xmlns:rdf="http://www.w3.org/1999/02/22-rdf-syntax-ns#" xmlns:bqmodel="http://biomodels.net/model-qualifiers/" xmlns:bqbiol="http://biomodels.net/biology-qualifiers/">
            <rdf:Description rdf:about="#metaid_0000041">
	<bqbiol:isVersionOf>
	<rdf:Bag>
	<rdf:li rdf:resource="http://identifiers.org/go/GO:0030163"/>
	</rdf:Bag>
	</bqbiol:isVersionOf>
	</rdf:Description>
	
	</rdf:RDF>
	</annotation>
              <listOfReactants>
          <speciesReference metaid="_55382236-b33b-4c25-9f0d-8aed74a35bb8" species="CC"/>
        </listOfReactants>
        <kineticLaw metaid="_6c547fe1-0939-4662-8f5d-52ab552911ef">
          <math xmlns="http://www.w3.org/1998/Math/MathML">          
            <apply>
              <times/>
              <ci> Cell </ci>
              <ci> k_dC </ci>
              <ci> CC </ci>
            </apply>
          </math>
                  <listOfParameters>
            <parameter id="k_dC" metaid="_727293" value="0.01"/>
          </listOfParameters>
        </kineticLaw>
      </reaction>
      <reaction id="PTnucl_complex_degradation" metaid="metaid_0000042" name="PER-TIM complex degradation (nuclear)" reversible="false">
        <annotation>
	<rdf:RDF xmlns:rdf="http://www.w3.org/1999/02/22-rdf-syntax-ns#" xmlns:bqmodel="http://biomodels.net/model-qualifiers/" xmlns:bqbiol="http://biomodels.net/biology-qualifiers/">
            <rdf:Description rdf:about="#metaid_0000042">
	<bqbiol:isVersionOf>
	<rdf:Bag>
	<rdf:li rdf:resource="http://identifiers.org/go/GO:0030163"/>
	</rdf:Bag>
	</bqbiol:isVersionOf>
	</rdf:Description>
	
	</rdf:RDF>
	</annotation>
              <listOfReactants>
          <speciesReference metaid="_1dd7e968-0174-46e2-949c-5a96bd73ed43" species="Cn"/>
        </listOfReactants>
        <kineticLaw metaid="_223c61da-a933-4e64-baca-bb126664f4fb">
          <math xmlns="http://www.w3.org/1998/Math/MathML">          
            <apply>
              <times/>
              <ci> compartment_0000002 </ci>
              <ci> k_dN </ci>
              <ci> Cn </ci>
            </apply>
          </math>
                  <listOfParameters>
            <parameter id="k_dN" metaid="_727294" value="0.01"/>
          </listOfParameters>
        </kineticLaw>
      </reaction>
      <reaction id="Mp_production" metaid="metaid_0000043" name="PER mRNA production" reversible="false">
        <annotation>
	<rdf:RDF xmlns:rdf="http://www.w3.org/1999/02/22-rdf-syntax-ns#" xmlns:bqmodel="http://biomodels.net/model-qualifiers/" xmlns:bqbiol="http://biomodels.net/biology-qualifiers/">
            <rdf:Description rdf:about="#metaid_0000043">
	<bqbiol:isVersionOf>
	<rdf:Bag>
	<rdf:li rdf:resource="http://identifiers.org/go/GO:0009299"/>
	<rdf:li rdf:resource="http://identifiers.org/go/GO:0006355"/>
	</rdf:Bag>
	</bqbiol:isVersionOf>
	</rdf:Description>
	
	</rdf:RDF>
	</annotation>
              <listOfProducts>
          <speciesReference metaid="_16d7e551-8f7e-445e-baf9-8ee5f6dec135" species="Mp"/>
        </listOfProducts>
        <listOfModifiers>
          <modifierSpeciesReference metaid="_4ea46937-e153-4a09-b182-5a12470ce929" species="Cn"/>
        </listOfModifiers>
        <kineticLaw metaid="_8e9f3b0a-ccd1-4c2e-91e9-d9d6c043ddaf">
          <math xmlns="http://www.w3.org/1998/Math/MathML">          
            <apply>
              <divide/>
              <apply>
                <times/>
                <ci> Cell </ci>
                <ci> v_sP </ci>
                <apply>
                  <power/>
                  <ci> K_IP </ci>
                  <ci> n </ci>
                </apply>
              </apply>
              <apply>
                <plus/>
                <apply>
                  <power/>
                  <ci> K_IP </ci>
                  <ci> n </ci>
                </apply>
                <apply>
                  <power/>
                  <ci> Cn </ci>
                  <ci> n </ci>
                </apply>
              </apply>
            </apply>
          </math>
                  <listOfParameters>
            <parameter id="v_sP" metaid="_727295" value="1"/>
            <parameter id="K_IP" metaid="_727296" value="1"/>
            <parameter id="n" metaid="_727297" value="4"/>
          </listOfParameters>
        </kineticLaw>
      </reaction>
      <reaction id="Mt_production" metaid="metaid_0000044" name="TIM mRNA production" reversible="false">
        <annotation>
	<rdf:RDF xmlns:rdf="http://www.w3.org/1999/02/22-rdf-syntax-ns#" xmlns:bqmodel="http://biomodels.net/model-qualifiers/" xmlns:bqbiol="http://biomodels.net/biology-qualifiers/">
            <rdf:Description rdf:about="#metaid_0000044">
	<bqbiol:isVersionOf>
	<rdf:Bag>
	<rdf:li rdf:resource="http://identifiers.org/go/GO:0009299"/>
	<rdf:li rdf:resource="http://identifiers.org/go/GO:0006355"/>
	</rdf:Bag>
	</bqbiol:isVersionOf>
	</rdf:Description>
	
	</rdf:RDF>
	</annotation>
              <listOfProducts>
          <speciesReference metaid="_59cfd0a3-f740-48f0-bc21-84a9531ee76e" species="Mt"/>
        </listOfProducts>
        <listOfModifiers>
          <modifierSpeciesReference metaid="_394e38bf-5ca0-44ac-bd30-9dd93d8b9e66" species="Cn"/>
        </listOfModifiers>
        <kineticLaw metaid="_496d05d5-4d8f-4649-b49a-0f536c725788">
          <math xmlns="http://www.w3.org/1998/Math/MathML">          
            <apply>
              <divide/>
              <apply>
                <times/>
                <ci> Cell </ci>
                <ci> V_sT </ci>
                <apply>
                  <power/>
                  <ci> K_IT </ci>
                  <ci> n </ci>
                </apply>
              </apply>
              <apply>
                <plus/>
                <apply>
                  <power/>
                  <ci> K_IT </ci>
                  <ci> n </ci>
                </apply>
                <apply>
                  <power/>
                  <ci> Cn </ci>
                  <ci> n </ci>
                </apply>
              </apply>
            </apply>
          </math>
                  <listOfParameters>
            <parameter id="V_sT" metaid="_727298" value="1"/>
            <parameter id="K_IT" metaid="_727299" value="1"/>
            <parameter id="n" metaid="_727301" value="4"/>
          </listOfParameters>
        </kineticLaw>
      </reaction>
      <reaction id="P0_production" metaid="metaid_0000045" name="PER production" reversible="false">
        <annotation>
	<rdf:RDF xmlns:rdf="http://www.w3.org/1999/02/22-rdf-syntax-ns#" xmlns:bqmodel="http://biomodels.net/model-qualifiers/" xmlns:bqbiol="http://biomodels.net/biology-qualifiers/">
            <rdf:Description rdf:about="#metaid_0000045">
	<bqbiol:isVersionOf>
	<rdf:Bag>
	<rdf:li rdf:resource="http://identifiers.org/go/GO:0006412"/>
	</rdf:Bag>
	</bqbiol:isVersionOf>
	</rdf:Description>
	
	</rdf:RDF>
	</annotation>
              <listOfProducts>
          <speciesReference metaid="_0de26dae-ab04-4c5c-87bf-70ecefeed722" species="P0"/>
        </listOfProducts>
        <listOfModifiers>
          <modifierSpeciesReference metaid="_388a860b-d473-4e86-b77a-d6eea61491d6" species="Mp"/>
        </listOfModifiers>
        <kineticLaw metaid="_9d2b5391-5c31-48ed-a3de-d7a7dfc27530">
          <math xmlns="http://www.w3.org/1998/Math/MathML">          
            <apply>
              <times/>
              <ci> Cell </ci>
              <ci> k_sP </ci>
              <ci> Mp </ci>
            </apply>
          </math>
                  <listOfParameters>
            <parameter id="k_sP" metaid="_727303" value="0.9"/>
          </listOfParameters>
        </kineticLaw>
      </reaction>
      <reaction id="T0_production" metaid="metaid_0000046" name="TIM production" reversible="false">
        <annotation>
	<rdf:RDF xmlns:rdf="http://www.w3.org/1999/02/22-rdf-syntax-ns#" xmlns:bqmodel="http://biomodels.net/model-qualifiers/" xmlns:bqbiol="http://biomodels.net/biology-qualifiers/">
            <rdf:Description rdf:about="#metaid_0000046">
	<bqbiol:isVersionOf>
	<rdf:Bag>
	<rdf:li rdf:resource="http://identifiers.org/go/GO:0006412"/>
	</rdf:Bag>
	</bqbiol:isVersionOf>
	</rdf:Description>
	
	</rdf:RDF>
	</annotation>
              <listOfProducts>
          <speciesReference metaid="ab7414cc-b437-490f-a887-b79059791830" species="T0"/>
        </listOfProducts>
        <listOfModifiers>
          <modifierSpeciesReference metaid="d0250058-2489-42b2-979b-7cb88eaf25cb" species="Mt"/>
        </listOfModifiers>
        <kineticLaw metaid="_1415ce64-f593-472e-876d-23d65beea702">
          <math xmlns="http://www.w3.org/1998/Math/MathML">          
            <apply>
              <times/>
              <ci> Cell </ci>
              <ci> k_sT </ci>
              <ci> Mt </ci>
            </apply>
          </math>
                  <listOfParameters>
            <parameter id="k_sT" metaid="_727304" value="0.9"/>
          </listOfParameters>
        </kineticLaw>
      </reaction>
      <reaction id="Mp_degradation" metaid="metaid_0000047" name="PER mRNA degradation" reversible="false">
        <annotation>
	<rdf:RDF xmlns:rdf="http://www.w3.org/1999/02/22-rdf-syntax-ns#" xmlns:bqmodel="http://biomodels.net/model-qualifiers/" xmlns:bqbiol="http://biomodels.net/biology-qualifiers/">
            <rdf:Description rdf:about="#metaid_0000047">
	<bqbiol:isVersionOf>
	<rdf:Bag>
	<rdf:li rdf:resource="http://identifiers.org/go/GO:0006402"/>
	</rdf:Bag>
	</bqbiol:isVersionOf>
	</rdf:Description>
	
	</rdf:RDF>
	</annotation>
              <listOfReactants>
          <speciesReference metaid="ae123f65-a6d7-4c06-8910-55f6d462e235" species="Mp"/>
        </listOfReactants>
        <kineticLaw metaid="a3912b6b-2cd8-458a-a427-f898d78f8608">
          <math xmlns="http://www.w3.org/1998/Math/MathML">          
            <apply>
              <plus/>
              <apply>
                <times/>
                <ci> Cell </ci>
                <ci> k_d </ci>
                <ci> Mp </ci>
              </apply>
              <apply>
                <divide/>
                <apply>
                  <times/>
                  <ci> Cell </ci>
                  <ci> V_mP </ci>
                  <ci> Mp </ci>
                </apply>
                <apply>
                  <plus/>
                  <ci> K_mP </ci>
                  <ci> Mp </ci>
                </apply>
              </apply>
            </apply>
          </math>
                  <listOfParameters>
            <parameter id="k_d" metaid="_727305" value="0.01"/>
            <parameter id="V_mP" metaid="_727306" value="0.7"/>
            <parameter id="K_mP" metaid="_727307" value="0.2"/>
          </listOfParameters>
        </kineticLaw>
      </reaction>
      <reaction id="Mt_degradation" metaid="metaid_0000048" name="TIM mRNA degradation" reversible="false">
        <annotation>
	<rdf:RDF xmlns:rdf="http://www.w3.org/1999/02/22-rdf-syntax-ns#" xmlns:bqmodel="http://biomodels.net/model-qualifiers/" xmlns:bqbiol="http://biomodels.net/biology-qualifiers/">
            <rdf:Description rdf:about="#metaid_0000048">
	<bqbiol:isVersionOf>
	<rdf:Bag>
	<rdf:li rdf:resource="http://identifiers.org/go/GO:0006402"/>
	</rdf:Bag>
	</bqbiol:isVersionOf>
	</rdf:Description>
	
	</rdf:RDF>
	</annotation>
              <listOfReactants>
          <speciesReference metaid="b9e4c100-7f9e-4648-a130-991ac43bdba8" species="Mt"/>
        </listOfReactants>
        <kineticLaw metaid="de3a20f2-9096-44a7-938c-3bb7db3d429d">
          <math xmlns="http://www.w3.org/1998/Math/MathML">          
            <apply>
              <plus/>
              <apply>
                <times/>
                <ci> Cell </ci>
                <ci> k_d </ci>
                <ci> Mt </ci>
              </apply>
              <apply>
                <divide/>
                <apply>
                  <times/>
                  <ci> Cell </ci>
                  <ci> V_mT </ci>
                  <ci> Mt </ci>
                </apply>
                <apply>
                  <plus/>
                  <ci> K_mT </ci>
                  <ci> Mt </ci>
                </apply>
              </apply>
            </apply>
          </math>
                  <listOfParameters>
            <parameter id="k_d" metaid="_727308" value="0.01"/>
            <parameter id="K_mT" metaid="_727309" value="0.2"/>
          </listOfParameters>
        </kineticLaw>
      </reaction>
    </listOfReactions>
  </model>
</sbml>
