<?xml version="1.0" encoding="UTF-8" standalone="no"?>
<sbml xmlns="http://www.sbml.org/sbml/level3/version1/core" level="3" metaid="_3ae2a7df-9fb2-45fe-8b70-3595dc1407f2" version="1">
  <model id="MODEL1310150000" metaid="c1f55937-6196-4233-8596-22183981389e" name="Schittler2010 - Cell fate of progenitor cells, osteoblasts or chondrocytes">
    <notes>
      <body xmlns="http://www.w3.org/1999/xhtml">
        <div class="dc:title">Schittler2010 - Cell fate of progenitor cells, osteoblasts or chondrocytes</div>
            <div class="dc:description">      <p>Mathematical model describing the mechanism of differentiation of mesenchymal stem cells to bone (osteoblasts) or cartilage (chondrocytes) cells.</p>
                </div>
            <div class="dc:bibliographicCitation">      <p>This model is described in the article:</p>
                <div class="bibo:title">        <a href="http://identifiers.org/pubmed/21198133" title="Access to this publication">Cell differentiation modeled via a coupled two-switch regulatory network.</a>
                    </div>
                <div class="bibo:authorList">Schittler D, Hasenauer J, Allgöwer F, Waldherr S.</div>
                <div class="bibo:Journal">Chaos 2010 Dec; 20(4): 045121</div>
                <p>Abstract:</p>
                <div class="bibo:abstract">        <p>Mesenchymal stem cells can give rise to bone and other tissue cells, but their differentiation still escapes full control. In this paper we address this issue by mathematical modeling. We present a model for a genetic switch determining the cell fate of progenitor cells which can differentiate into osteoblasts (bone cells) or chondrocytes (cartilage cells). The model consists of two switch mechanisms and reproduces the experimentally observed three stable equilibrium states: a progenitor, an osteogenic, and a chondrogenic state. Conventionally, the loss of an intermediate (progenitor) state and the entailed attraction to one of two opposite (differentiated) states is modeled as a result of changing parameters. In our model in contrast, we achieve this by distributing the differentiation process to two functional switch parts acting in concert: one triggering differentiation and the other determining cell fate. Via stability and bifurcation analysis, we investigate the effects of biochemical stimuli associated with different system inputs. We employ our model to generate differentiation scenarios on the single cell as well as on the cell population level. The single cell scenarios allow to reconstruct the switching upon extrinsic signals, whereas the cell population scenarios provide a framework to identify the impact of intrinsic properties and the limiting factors for successful differentiation.</p>
                    </div>
                </div>
            <div class="dc:publisher">      <p>This model is hosted on        <a href="http://www.ebi.ac.uk/biomodels/">BioModels Database</a>
            and identified
by:        <a href="http://identifiers.org/biomodels.db/BIOMD0000000493">BIOMD0000000493</a>
            .        </p>
                <p>To cite BioModels Database, please use:        <a href="http://identifiers.org/pubmed/20587024" title="Latest BioModels Database publication">BioModels Database: An enhanced, curated and annotated resource
for published quantitative kinetic models</a>
            .        </p>
                </div>
            <div class="dc:license">      <p>To the extent possible under law, all copyright and related or
neighbouring rights to this encoded model have been dedicated to the public
domain worldwide. Please refer to        <a href="http://creativecommons.org/publicdomain/zero/1.0/" title="Access to: CC0 1.0 Universal (CC0 1.0), Public Domain Dedication">CC0 Public Domain
Dedication</a>
            for more information.        </p>
                </div>
            </body>
      
    </notes>
    <annotation>
	<rdf:RDF xmlns:rdf="http://www.w3.org/1999/02/22-rdf-syntax-ns#" xmlns:dc="http://purl.org/dc/elements/1.1/" xmlns:vCard="http://www.w3.org/2001/vcard-rdf/3.0#" xmlns:dcterms="http://purl.org/dc/terms/" xmlns:bqmodel="http://biomodels.net/model-qualifiers/" xmlns:bqbiol="http://biomodels.net/biology-qualifiers/">
        <rdf:Description rdf:about="#c1f55937-6196-4233-8596-22183981389e">
	<dc:creator>
	<rdf:Bag>
	<rdf:li rdf:parseType="Resource">
	<vCard:N rdf:parseType="Resource">
	<vCard:Family>Chelliah</vCard:Family>
	<vCard:Given>Vijayalakshmi</vCard:Given>
	</vCard:N>
	<vCard:EMAIL>viji@ebi.ac.uk</vCard:EMAIL>
	<vCard:ORG rdf:parseType="Resource">
	<vCard:Orgname>EMBL-EBI</vCard:Orgname>
	</vCard:ORG>
	</rdf:li>
	<rdf:li rdf:parseType="Resource">
	<vCard:N rdf:parseType="Resource">
	<vCard:Family>Waldherr</vCard:Family>
	<vCard:Given>Steffen</vCard:Given>
	</vCard:N>
	<vCard:EMAIL>steffen.waldherr@ovgu.de</vCard:EMAIL>
	<vCard:ORG rdf:parseType="Resource">
	<vCard:Orgname>Institute for Automation Engineering, Otto von Guericke University Magdeburg</vCard:Orgname>
	</vCard:ORG>
	</rdf:li>
	</rdf:Bag>
	</dc:creator>
	<dcterms:created rdf:parseType="Resource">
	<dcterms:W3CDTF>2013-11-19T15:43:38Z</dcterms:W3CDTF>
	</dcterms:created>
	<dcterms:modified rdf:parseType="Resource">
	<dcterms:W3CDTF>2014-10-09T16:40:55Z</dcterms:W3CDTF>
	</dcterms:modified>
	<bqmodel:is>
	<rdf:Bag>
	<rdf:li rdf:resource="http://identifiers.org/biomodels.db/MODEL1310150000"/>
	</rdf:Bag>
	</bqmodel:is>
	<bqmodel:is>
	<rdf:Bag>
	<rdf:li rdf:resource="http://identifiers.org/biomodels.db/BIOMD0000000493"/>
	</rdf:Bag>
	</bqmodel:is>
	<bqmodel:isDescribedBy>
	<rdf:Bag>
	<rdf:li rdf:resource="http://identifiers.org/pubmed/21198133"/>
	</rdf:Bag>
	</bqmodel:isDescribedBy>
	<bqbiol:hasProperty>
	<rdf:Bag>
	<rdf:li rdf:resource="http://identifiers.org/mamo/MAMO_0000046"/>
	</rdf:Bag>
	</bqbiol:hasProperty>
	<bqbiol:hasTaxon>
	<rdf:Bag>
	<rdf:li rdf:resource="http://identifiers.org/taxonomy/131567"/>
	</rdf:Bag>
	</bqbiol:hasTaxon>
	<bqbiol:isVersionOf>
	<rdf:Bag>
	<rdf:li rdf:resource="http://identifiers.org/go/GO:0048762"/>
	</rdf:Bag>
	</bqbiol:isVersionOf>
	</rdf:Description>
	
	</rdf:RDF>
	</annotation>
      <listOfCompartments>
      <compartment constant="true" id="default_compartment" metaid="_85595bfb-ed07-46db-8df9-8e03dab5a476" sboTerm="SBO:0000410" size="1" spatialDimensions="3">
        <annotation>
	<rdf:RDF xmlns:rdf="http://www.w3.org/1999/02/22-rdf-syntax-ns#" xmlns:bqmodel="http://biomodels.net/model-qualifiers/" xmlns:bqbiol="http://biomodels.net/biology-qualifiers/">
            <rdf:Description rdf:about="#_85595bfb-ed07-46db-8df9-8e03dab5a476">
	<bqbiol:isVersionOf>
	<rdf:Bag>
	<rdf:li rdf:resource="http://identifiers.org/bto/BTO:0000421"/>
	</rdf:Bag>
	</bqbiol:isVersionOf>
	</rdf:Description>
	
	</rdf:RDF>
	</annotation>
            </compartment>
    </listOfCompartments>
    <listOfSpecies>
      <species boundaryCondition="false" compartment="default_compartment" constant="false" hasOnlySubstanceUnits="false" id="P" initialConcentration="12.03" metaid="_6384fde1-3f2e-44c6-b2a3-27a830267c5c">
        <annotation>
	<rdf:RDF xmlns:rdf="http://www.w3.org/1999/02/22-rdf-syntax-ns#" xmlns:bqmodel="http://biomodels.net/model-qualifiers/" xmlns:bqbiol="http://biomodels.net/biology-qualifiers/">
            <rdf:Description rdf:about="#_6384fde1-3f2e-44c6-b2a3-27a830267c5c">
	<bqbiol:isVersionOf>
	<rdf:Bag>
	<rdf:li rdf:resource="http://identifiers.org/bto/BTO:0000725"/>
	</rdf:Bag>
	</bqbiol:isVersionOf>
	</rdf:Description>
	
	</rdf:RDF>
	</annotation>
            </species>
      <species boundaryCondition="false" compartment="default_compartment" constant="false" hasOnlySubstanceUnits="false" id="O" initialConcentration="0.14" metaid="e4e3932b-9965-4d9e-9f71-d02529a78def">
        <annotation>
	<rdf:RDF xmlns:rdf="http://www.w3.org/1999/02/22-rdf-syntax-ns#" xmlns:bqmodel="http://biomodels.net/model-qualifiers/" xmlns:bqbiol="http://biomodels.net/biology-qualifiers/">
            <rdf:Description rdf:about="#e4e3932b-9965-4d9e-9f71-d02529a78def">
	<bqbiol:isVersionOf>
	<rdf:Bag>
	<rdf:li rdf:resource="http://identifiers.org/bto/BTO:0002050"/>
	</rdf:Bag>
	</bqbiol:isVersionOf>
	</rdf:Description>
	
	</rdf:RDF>
	</annotation>
            </species>
      <species boundaryCondition="false" compartment="default_compartment" constant="false" hasOnlySubstanceUnits="false" id="C" initialConcentration="0.14" metaid="_3afc6b00-6b56-4870-bfba-73b1ad89c3a3">
        <annotation>
	<rdf:RDF xmlns:rdf="http://www.w3.org/1999/02/22-rdf-syntax-ns#" xmlns:bqmodel="http://biomodels.net/model-qualifiers/" xmlns:bqbiol="http://biomodels.net/biology-qualifiers/">
            <rdf:Description rdf:about="#_3afc6b00-6b56-4870-bfba-73b1ad89c3a3">
	<bqbiol:isVersionOf>
	<rdf:Bag>
	<rdf:li rdf:resource="http://identifiers.org/bto/BTO:0005092"/>
	</rdf:Bag>
	</bqbiol:isVersionOf>
	</rdf:Description>
	
	</rdf:RDF>
	</annotation>
            </species>
    </listOfSpecies>
    <listOfParameters>
      <parameter constant="true" id="aP" metaid="_16757438-b78d-4803-9c7e-2b7ce329b33c" value="0.2">
        <notes>
          <p xmlns="http://www.w3.org/1999/xhtml">
        Autoactivation of xP</p>
          
        </notes>
      </parameter>
      <parameter constant="true" id="n" metaid="_05e51d2a-c9f1-4a8f-91ce-13725a23401c" value="2">
        <notes>
          <p xmlns="http://www.w3.org/1999/xhtml">
        Hill coefficient</p>
          
        </notes>
      </parameter>
      <parameter constant="true" id="bP" metaid="_109883bc-66f5-4d02-a8d7-1c2783b7d4b5" value="0.5">
        <notes>
          <p xmlns="http://www.w3.org/1999/xhtml">
        Basal activity</p>
          
        </notes>
      </parameter>
      <parameter constant="true" id="mP" metaid="db447e0a-a949-47cd-8e75-7130d0493a6a" value="10">
        <notes>
          <p xmlns="http://www.w3.org/1999/xhtml">
        Inflection point</p>
          
        </notes>
      </parameter>
      <parameter constant="false" id="zD" metaid="_51d6defe-6ab1-4493-b4aa-14508d5011de" value="0">
        <notes>
          <p xmlns="http://www.w3.org/1999/xhtml">
        lineage-unspecific pro-differentiation stimulus</p>
          
        </notes>
      </parameter>
      <parameter constant="true" id="cPP" metaid="_98c09ef5-1d08-4e39-935b-b36078f85165" value="0.1">
        <notes>
          <p xmlns="http://www.w3.org/1999/xhtml">
        Self-inhibition strength of xP</p>
          
        </notes>
      </parameter>
      <parameter constant="true" id="kP" metaid="cc39948a-a0d1-480f-9897-35592f5ccbb9" value="0.1">
        <notes>
          <p xmlns="http://www.w3.org/1999/xhtml">
        Decay rate of xP</p>
          
        </notes>
      </parameter>
      <parameter constant="true" id="aO" metaid="c1099436-e2f3-4aa8-998d-9e194783d392" value="0.1">
        <notes>
          <p xmlns="http://www.w3.org/1999/xhtml">
        Autoactivation of xO, xC</p>
          
        </notes>
      </parameter>
      <parameter constant="true" id="bO" metaid="dd56f48f-8c8d-4037-8229-b53ca10ed9d3" value="1">
        <notes>
          <p xmlns="http://www.w3.org/1999/xhtml">
        Basal activity of xO, xC</p>
          
        </notes>
      </parameter>
      <parameter constant="false" id="zO" metaid="_52ad68cc-c36e-450b-8ebf-39a1faff0f24" value="0">
        <notes>
          <p xmlns="http://www.w3.org/1999/xhtml">
        pro-osteogenic stimuli</p>
          
        </notes>
      </parameter>
      <parameter constant="true" id="mO" metaid="_99574ef2-f305-4493-b81f-610720cd85f4" value="1">
        <notes>
          <p xmlns="http://www.w3.org/1999/xhtml">
        Inflection point of xO, xC</p>
          
        </notes>
      </parameter>
      <parameter constant="true" id="cOC" metaid="f652b565-a3b0-477e-8399-7de18edf81d2" value="0.1">
        <notes>
          <p xmlns="http://www.w3.org/1999/xhtml">
        Mutual inhibition strength of xO, xC</p>
          
        </notes>
      </parameter>
      <parameter constant="true" id="cOP" metaid="_6b0bc5a4-2ade-47eb-9e6c-f24beb79457b" value="0.5">
        <notes>
          <p xmlns="http://www.w3.org/1999/xhtml">
        Inhibition strength of xP on xO, xC</p>
          
        </notes>
      </parameter>
      <parameter constant="true" id="cOO" metaid="_272c8c65-3dd1-4339-8626-79de8de25a3d" value="0.1">
        <notes>
          <p xmlns="http://www.w3.org/1999/xhtml">
        Self-inhition strength of xO, xC</p>
          
        </notes>
      </parameter>
      <parameter constant="true" id="kO" metaid="f82752aa-4d5d-4421-a898-d469174a5a67" value="0.1">
        <notes>
          <p xmlns="http://www.w3.org/1999/xhtml">
        Decay reates of xO, xC</p>
          
        </notes>
      </parameter>
      <parameter constant="true" id="aC" metaid="_2c08de25-6075-4d35-ae2a-10a8d60c1c26" value="0.1">
        <notes>
          <p xmlns="http://www.w3.org/1999/xhtml">
        Autoactivation of xO, xC</p>
          
        </notes>
      </parameter>
      <parameter constant="true" id="bC" metaid="_8ff14153-beeb-4694-a3c3-df9e23161efb" value="1">
        <notes>
          <p xmlns="http://www.w3.org/1999/xhtml">
        Basal activity of xO, xC</p>
          
        </notes>
      </parameter>
      <parameter constant="true" id="zC" metaid="b6304954-e45d-4b49-89ac-b068215b8ff6" value="0">
        <notes>
          <p xmlns="http://www.w3.org/1999/xhtml">
        pro-chondrogenic stimuli</p>
          
        </notes>
      </parameter>
      <parameter constant="true" id="mC" metaid="_7fd6c151-c5bb-4b34-bd98-b3786a99ef8e" value="1">
        <notes>
          <p xmlns="http://www.w3.org/1999/xhtml">
        Inflection point for xO, xC</p>
          
        </notes>
      </parameter>
      <parameter constant="true" id="cCO" metaid="_317aaa1d-c78a-4296-b1cf-b79a9064da3c" value="0.1">
        <notes>
          <p xmlns="http://www.w3.org/1999/xhtml">
        Mutual inhibition strength of xO, xC</p>
          
        </notes>
      </parameter>
      <parameter constant="true" id="cCP" metaid="_15d6767f-df73-4f93-b432-e63ae0ab9e7a" value="0.5">
        <notes>
          <p xmlns="http://www.w3.org/1999/xhtml">
        Inhibition strength of xP on xO, xC</p>
          
        </notes>
      </parameter>
      <parameter constant="true" id="cCC" metaid="ae070bd8-3d7e-4bae-b443-b6daca86ecf6" value="0.1">
        <notes>
          <p xmlns="http://www.w3.org/1999/xhtml">
        Self-inhibition strength of xO, xC</p>
          
        </notes>
      </parameter>
      <parameter constant="true" id="kC" metaid="a451948f-5a81-4efa-aa54-cb0389312574" value="0.1">
        <notes>
          <p xmlns="http://www.w3.org/1999/xhtml">
        Decay rates of xO, xC</p>
          
        </notes>
      </parameter>
    </listOfParameters>
    <listOfReactions>
      <reaction fast="false" id="a1" metaid="e44027e6-f89c-4e22-9cdb-5616f707f3bb" reversible="true">
        <listOfProducts>
          <speciesReference constant="true" metaid="_66f7811d-4d6c-4516-81b3-6ed133c623c9" species="P" stoichiometry="1"/>
        </listOfProducts>
        <kineticLaw metaid="cfc4e759-5ccd-43ea-b34c-c47c08440412">
          <math xmlns="http://www.w3.org/1998/Math/MathML">          
            <apply>
              <divide/>
              <apply>
                <plus/>
                <apply>
                  <times/>
                  <ci> aP </ci>
                  <apply>
                    <power/>
                    <ci> P </ci>
                    <ci> n </ci>
                  </apply>
                </apply>
                <ci> bP </ci>
              </apply>
              <apply>
                <plus/>
                <ci> mP </ci>
                <ci> zD </ci>
                <apply>
                  <times/>
                  <ci> cPP </ci>
                  <apply>
                    <power/>
                    <ci> P </ci>
                    <ci> n </ci>
                  </apply>
                </apply>
              </apply>
            </apply>
          </math>
                </kineticLaw>
      </reaction>
      <reaction fast="false" id="a2" metaid="_088f5406-e325-434f-9ae4-6647dc8f2752" reversible="true">
        <listOfReactants>
          <speciesReference constant="true" metaid="bd966abf-97df-4c0f-9548-730918df3113" species="P" stoichiometry="1"/>
        </listOfReactants>
        <kineticLaw metaid="_22b94bef-7d21-42be-ae86-f932a771b396">
          <math xmlns="http://www.w3.org/1998/Math/MathML">          
            <apply>
              <times/>
              <ci> kP </ci>
              <ci> P </ci>
            </apply>
          </math>
                </kineticLaw>
      </reaction>
      <reaction fast="false" id="a3" metaid="c8ef12de-f4ec-4b6f-8c50-a664420ac822" reversible="true">
        <listOfProducts>
          <speciesReference constant="true" metaid="_95949da0-b68d-4599-8f08-3d874cf98e46" species="O" stoichiometry="1"/>
        </listOfProducts>
        <listOfModifiers>
          <modifierSpeciesReference metaid="c0953102-e929-456b-89e0-539f04f8f610" species="P"/>
          <modifierSpeciesReference metaid="_78f33174-d84d-4ba3-b539-fcb510bc3d00" species="C"/>
        </listOfModifiers>
        <kineticLaw metaid="_507348c9-d069-4ff5-9579-a8facac9b82a">
          <math xmlns="http://www.w3.org/1998/Math/MathML">          
            <apply>
              <divide/>
              <apply>
                <plus/>
                <apply>
                  <times/>
                  <ci> aO </ci>
                  <apply>
                    <power/>
                    <ci> O </ci>
                    <ci> n </ci>
                  </apply>
                </apply>
                <ci> bO </ci>
                <ci> zO </ci>
              </apply>
              <apply>
                <plus/>
                <ci> mO </ci>
                <apply>
                  <times/>
                  <ci> cOC </ci>
                  <apply>
                    <power/>
                    <ci> C </ci>
                    <ci> n </ci>
                  </apply>
                </apply>
                <apply>
                  <times/>
                  <ci> cOP </ci>
                  <apply>
                    <power/>
                    <ci> P </ci>
                    <ci> n </ci>
                  </apply>
                </apply>
                <apply>
                  <times/>
                  <ci> cOO </ci>
                  <apply>
                    <power/>
                    <ci> O </ci>
                    <ci> n </ci>
                  </apply>
                </apply>
              </apply>
            </apply>
          </math>
                </kineticLaw>
      </reaction>
      <reaction fast="false" id="a4" metaid="bac6fa82-106c-49df-aba5-fb56ec638ee4" reversible="true">
        <listOfReactants>
          <speciesReference constant="true" metaid="_4835bd5d-5f55-4f47-9abb-b1e7b7d4eee5" species="O" stoichiometry="1"/>
        </listOfReactants>
        <kineticLaw metaid="_4ee65973-1444-439c-b689-4855e9ee3ac6">
          <math xmlns="http://www.w3.org/1998/Math/MathML">          
            <apply>
              <times/>
              <ci> kO </ci>
              <ci> O </ci>
            </apply>
          </math>
                </kineticLaw>
      </reaction>
      <reaction fast="false" id="a5" metaid="_53f94741-1440-4b30-adc5-de5f315e1459" reversible="true">
        <listOfProducts>
          <speciesReference constant="true" metaid="_4a5953a0-cbd5-41ba-bb7a-c73d9d35864a" species="C" stoichiometry="1"/>
        </listOfProducts>
        <listOfModifiers>
          <modifierSpeciesReference metaid="_36563b87-8df3-4af6-b0e8-38829c5b725f" species="P"/>
          <modifierSpeciesReference metaid="e730f1be-a4b2-4ec4-8b99-c3de5d8abc50" species="O"/>
        </listOfModifiers>
        <kineticLaw metaid="_5e76459a-ad3e-4983-9482-e7b18d5c65fd">
          <math xmlns="http://www.w3.org/1998/Math/MathML">          
            <apply>
              <divide/>
              <apply>
                <plus/>
                <apply>
                  <times/>
                  <ci> aC </ci>
                  <apply>
                    <power/>
                    <ci> C </ci>
                    <ci> n </ci>
                  </apply>
                </apply>
                <ci> bC </ci>
                <ci> zC </ci>
              </apply>
              <apply>
                <plus/>
                <ci> mC </ci>
                <apply>
                  <times/>
                  <ci> cCO </ci>
                  <apply>
                    <power/>
                    <ci> O </ci>
                    <ci> n </ci>
                  </apply>
                </apply>
                <apply>
                  <times/>
                  <ci> cCP </ci>
                  <apply>
                    <power/>
                    <ci> P </ci>
                    <ci> n </ci>
                  </apply>
                </apply>
                <apply>
                  <times/>
                  <ci> cCC </ci>
                  <apply>
                    <power/>
                    <ci> C </ci>
                    <ci> n </ci>
                  </apply>
                </apply>
              </apply>
            </apply>
          </math>
                </kineticLaw>
      </reaction>
      <reaction fast="false" id="a6" metaid="_3c7d11c3-5451-4fbc-ba1e-b7dc3c22b7df" reversible="true">
        <listOfReactants>
          <speciesReference constant="true" metaid="_56ef211f-ef8a-47f3-b1f8-e81458e248f3" species="C" stoichiometry="1"/>
        </listOfReactants>
        <kineticLaw metaid="_83b00b05-1fd5-438f-add8-0096693d9fcc">
          <math xmlns="http://www.w3.org/1998/Math/MathML">          
            <apply>
              <times/>
              <ci> kC </ci>
              <ci> C </ci>
            </apply>
          </math>
                </kineticLaw>
      </reaction>
    </listOfReactions>
    <listOfEvents>
      <event id="_E0" metaid="e2740a0c-0640-464d-965a-c1d381022485" useValuesFromTriggerTime="true">
        <trigger initialValue="true" metaid="a3536251-fe58-4c16-a637-e648784f38ac" persistent="true">
          <math xmlns="http://www.w3.org/1998/Math/MathML">          
            <apply>
              <gt/>
              <ci> P </ci>
              <cn> 12.03 </cn>
            </apply>
          </math>
                </trigger>
        <delay metaid="e4bb05c0-55a4-4d06-8e0c-c0532906f35a">
          <math xmlns="http://www.w3.org/1998/Math/MathML">          
            <cn type="integer"> 100 </cn>
          </math>
                </delay>
        <listOfEventAssignments>
          <eventAssignment metaid="_405b7390-974a-4651-9d58-85fa5aa8e3e8" variable="zO">
            <math xmlns="http://www.w3.org/1998/Math/MathML">            
              <cn type="integer"> 1 </cn>
            </math>
                    </eventAssignment>
          <eventAssignment metaid="ce9be6fa-b21f-4c1d-a74e-4d9e79039f9a" variable="zD">
            <math xmlns="http://www.w3.org/1998/Math/MathML">            
              <cn> 0.8 </cn>
            </math>
                    </eventAssignment>
        </listOfEventAssignments>
      </event>
      <event id="_E1" metaid="a30f26a9-4a5c-41ad-bb7b-915fbc077d25" useValuesFromTriggerTime="true">
        <trigger initialValue="true" metaid="_2fceca47-238d-443e-8dfe-98a22a82f846" persistent="true">
          <math xmlns="http://www.w3.org/1998/Math/MathML">          
            <apply>
              <gt/>
              <ci> P </ci>
              <cn> 12.03 </cn>
            </apply>
          </math>
                </trigger>
        <delay metaid="_33dd9ac6-76bc-49f6-8a3e-c2d963e94d63">
          <math xmlns="http://www.w3.org/1998/Math/MathML">          
            <cn type="integer"> 800 </cn>
          </math>
                </delay>
        <listOfEventAssignments>
          <eventAssignment metaid="_163a11c8-d34c-4b2f-8c2b-71ebc9aaf9da" variable="zO">
            <math xmlns="http://www.w3.org/1998/Math/MathML">            
              <cn type="integer"> 0 </cn>
            </math>
                    </eventAssignment>
          <eventAssignment metaid="_31b51de9-e2f7-48e9-a42c-d59ca04bdcf0" variable="zD">
            <math xmlns="http://www.w3.org/1998/Math/MathML">            
              <cn type="integer"> 0 </cn>
            </math>
                    </eventAssignment>
        </listOfEventAssignments>
      </event>
    </listOfEvents>
  </model>
</sbml>
