<?xml version="1.0" encoding="UTF-8" standalone="no"?>
<sbml xmlns="http://www.sbml.org/sbml/level2/version4" xmlns:bqbiol="http://biomodels.net/biology-qualifiers/" xmlns:bqmodel="http://biomodels.net/model-qualifiers/" level="2" metaid="_943930" version="4">
  <model id="chance" metaid="metaid_chance" name="Chance1960_Glycolysis_Respiration">
    <notes>
      <body xmlns="http://www.w3.org/1999/xhtml">
        <p>This model is described inthe article:      <br/>
                <b>Metabolic control mechanisms. 5. A solution for the equations representing interaction between glycolysis and respiration in ascites tumor cells.</b>
                <br/>
          Britton Chance, David Garfinkel, Joseph Higgins and Benno Hess,      <em>J Biol Chem.</em>
          1960 35:2426-2439. PubmedID:      <a href="http://www.ncbi.nlm.nih.gov/pubmed/13692276">13692276</a>
                <br/>
          Abstract:      <br/>
          The other papers of this series present experimental
evidence for possible relationships between the kinetics of oxygen,
glucose, adenosine diphosphate, adenosine triphosphate, and
phosphate and those of the cytochromes and pyridine nucleotides
of the ascites tumor cell. From these general experiments we
are able to formulate, under the law of mass action, a minimum
hypothesis under which the four metabolic regulations previously
described can be observed. In brief, the system can be represented by the known enzyme systems, a relatively higher ADP affinity in respiration than in glycolysis, the mitochondrial membrane, a segregation of ATP into two compartments, and an ATP-utilizing system that is responsive to small decreases of the intracellular ADP level. The chemical equations for the pathway from glucose to oxygen are solved by a digital computer method so that the responses of the chemical equations and of the living cell can be accurately compared.      <br/>
          For reasons already described, we greatly prefer a com-
puter representation based upon a physical or chemical law
representing the action of the system to a model simulating the
operation of the chemical system but not based upon funda-
mental laws for the reactions involved; such a representation
would not adequately represent the kinetics of the system, as in
an electric circuit network or in some types of hydraulic ana-
logues.      </p>
            <p>The model gives solutions of the reaction kinetics for three types of metabolism:      <ol>        <li>0 - 64s, metabolism of endogenous substrate</li>
                    <li>64s - 119s, metabolism of added glucose, illustrating the activated and inhibited aspects of glucose metabolism</li>
                    <li>119s - 153s, relief of glucose and oxygen inhibition by the addition of an uncoupling agent</li>
                    </ol>
                </p>
            <p>This model originates from BioModels Database: A Database of Annotated Published Models (http://www.ebi.ac.uk/biomodels/). It is copyright (c) 2005-2011 The BioModels.net Team.      <br/>
          For more information see the      <a href="http://www.ebi.ac.uk/biomodels/legal.html" target="_blank">terms of use</a>
          .      <br/>
          To cite BioModels Database, please use:      <a href="http://www.ncbi.nlm.nih.gov/pubmed/20587024" target="_blank">Li C, Donizelli M, Rodriguez N, Dharuri H, Endler L, Chelliah V, Li L, He E, Henry A, Stefan MI, Snoep JL, Hucka M, Le Novère N, Laibe C (2010) BioModels Database: An enhanced, curated and annotated resource for published quantitative kinetic models. BMC Syst Biol., 4:92.</a>
                </p>
            </body>
      
    </notes>
    <annotation>
      <rdf:RDF xmlns:rdf="http://www.w3.org/1999/02/22-rdf-syntax-ns#" xmlns:bqmodel="http://biomodels.net/model-qualifiers/" xmlns:vCard="http://www.w3.org/2001/vcard-rdf/3.0#" xmlns:dc="http://purl.org/dc/elements/1.1/" xmlns:dcterms="http://purl.org/dc/terms/" xmlns:bqbiol="http://biomodels.net/biology-qualifiers/">
        <rdf:Description rdf:about="#metaid_chance">
	<dc:creator>
	<rdf:Bag>
	<rdf:li rdf:parseType="Resource">
	<vCard:N rdf:parseType="Resource">
	<vCard:Family>Endler</vCard:Family>
	<vCard:Given>Lukas</vCard:Given>
	</vCard:N>
	<vCard:EMAIL>lukas@ebi.ac.uk</vCard:EMAIL>
	<vCard:ORG rdf:parseType="Resource">
	<vCard:Orgname>EMBL-EBI</vCard:Orgname>
	</vCard:ORG>
	</rdf:li>
	<rdf:li rdf:parseType="Resource">
	<vCard:N rdf:parseType="Resource">
	<vCard:Family>Smallbone</vCard:Family>
	<vCard:Given>Kieran</vCard:Given>
	</vCard:N>
	<vCard:EMAIL>kieran.smallbone@manchester.ac.uk</vCard:EMAIL>
	<vCard:ORG rdf:parseType="Resource">
	<vCard:Orgname>University of Manchester</vCard:Orgname>
	</vCard:ORG>
	</rdf:li>
	</rdf:Bag>
	</dc:creator>
	<dcterms:created rdf:parseType="Resource">
	<dcterms:W3CDTF>2010-10-10T10:10:10Z</dcterms:W3CDTF>
	</dcterms:created>
	<dcterms:modified rdf:parseType="Resource">
	<dcterms:W3CDTF>2011-03-16T03:53:21Z</dcterms:W3CDTF>
	</dcterms:modified>
	<bqmodel:is>
	<rdf:Bag>
	<rdf:li rdf:resource="http://identifiers.org/biomodels.db/MODEL1010190002"/>
	</rdf:Bag>
	</bqmodel:is>
	<bqmodel:is>
	<rdf:Bag>
	<rdf:li rdf:resource="http://identifiers.org/biomodels.db/BIOMD0000000281"/>
	</rdf:Bag>
	</bqmodel:is>
	<bqmodel:isDescribedBy>
	<rdf:Bag>
	<rdf:li rdf:resource="http://identifiers.org/pubmed/13692276"/>
	</rdf:Bag>
	</bqmodel:isDescribedBy>
	<bqbiol:hasTaxon>
	<rdf:Bag>
	<rdf:li rdf:resource="http://identifiers.org/taxonomy/9606"/>
	<rdf:li rdf:resource="http://identifiers.org/bto/BTO:0000094"/>
	</rdf:Bag>
	</bqbiol:hasTaxon>
	<bqbiol:hasVersion>
	<rdf:Bag>
	<rdf:li rdf:resource="http://identifiers.org/kegg.pathway/hsa00010"/>
	</rdf:Bag>
	</bqbiol:hasVersion>
	<bqbiol:hasVersion>
	<rdf:Bag>
	<rdf:li rdf:resource="http://identifiers.org/reactome/REACT_1383.6"/>
	</rdf:Bag>
	</bqbiol:hasVersion>
	<bqbiol:isVersionOf>
	<rdf:Bag>
	<rdf:li rdf:resource="http://identifiers.org/go/GO:0006119"/>
	<rdf:li rdf:resource="http://identifiers.org/go/GO:0006096"/>
	</rdf:Bag>
	</bqbiol:isVersionOf>
	</rdf:Description>
	
      </rdf:RDF>
    </annotation>
      <listOfUnitDefinitions>
      <unitDefinition id="per_s" metaid="_943942" name="per second">
        <listOfUnits>
          <unit exponent="-1" kind="second" metaid="_943954" scale="1"/>
        </listOfUnits>
      </unitDefinition>
      <unitDefinition id="per_M_per_s" metaid="_943966" name="per molar per second">
        <listOfUnits>
          <unit exponent="-1" kind="mole" metaid="_943978" scale="1"/>
          <unit kind="litre" metaid="_943990" scale="1"/>
          <unit exponent="-1" kind="second" metaid="_944002" scale="1"/>
        </listOfUnits>
      </unitDefinition>
      <unitDefinition id="per_M_squared_per_s" metaid="_944014" name="per molar squared per second">
        <listOfUnits>
          <unit exponent="-2" kind="mole" metaid="_944026" scale="1"/>
          <unit exponent="2" kind="litre" metaid="_944038" scale="1"/>
          <unit exponent="-1" kind="second" metaid="_944050" scale="1"/>
        </listOfUnits>
      </unitDefinition>
    </listOfUnitDefinitions>
    <listOfCompartments>
      <compartment id="cell" metaid="metaid_cell" name="cell" sboTerm="SBO:0000290" size="1">
        <annotation>
          <rdf:RDF xmlns:rdf="http://www.w3.org/1999/02/22-rdf-syntax-ns#" xmlns:bqmodel="http://biomodels.net/model-qualifiers/" xmlns:bqbiol="http://biomodels.net/biology-qualifiers/">
            <rdf:Description rdf:about="#metaid_cell">
	<bqbiol:is>
	<rdf:Bag>
	<rdf:li rdf:resource="http://identifiers.org/go/GO:0005623"/>
	</rdf:Bag>
	</bqbiol:is>
	</rdf:Description>
	
          </rdf:RDF>
        </annotation>
            </compartment>
    </listOfCompartments>
    <listOfSpecies>
      <species compartment="cell" id="GLU" initialConcentration="0" metaid="_334595" name="(GLU) glucose" sboTerm="SBO:0000247">
        <annotation>
          <rdf:RDF xmlns:rdf="http://www.w3.org/1999/02/22-rdf-syntax-ns#" xmlns:bqmodel="http://biomodels.net/model-qualifiers/" xmlns:bqbiol="http://biomodels.net/biology-qualifiers/">
            <rdf:Description rdf:about="#_334595">
              <bqbiol:is>
	<rdf:Bag>
	<rdf:li rdf:resource="http://identifiers.org/kegg.compound/C00293"/>
	</rdf:Bag>
	</bqbiol:is>
	
	<bqbiol:is>
	<rdf:Bag>
	<rdf:li rdf:resource="http://identifiers.org/chebi/CHEBI:17234"/>
	</rdf:Bag>
	</bqbiol:is>
	</rdf:Description>
	
          </rdf:RDF>
        </annotation>
            </species>
      <species compartment="cell" id="ENZ" initialConcentration="1E-5" metaid="_334598" name="(ENZ) hexokinase" sboTerm="SBO:0000297">
        <annotation>
          <rdf:RDF xmlns:rdf="http://www.w3.org/1999/02/22-rdf-syntax-ns#" xmlns:bqmodel="http://biomodels.net/model-qualifiers/" xmlns:bqbiol="http://biomodels.net/biology-qualifiers/">
            <rdf:Description rdf:about="#_334598">
              <bqbiol:isVersionOf>
	<rdf:Bag>
	<rdf:li rdf:resource="http://identifiers.org/interpro/IPR001312"/>
	</rdf:Bag>
	</bqbiol:isVersionOf>
	
	<bqbiol:hasProperty>
	<rdf:Bag>
	<rdf:li rdf:resource="http://identifiers.org/go/GO:0004396"/>
	</rdf:Bag>
	</bqbiol:hasProperty>
	</rdf:Description>
	
          </rdf:RDF>
        </annotation>
            </species>
      <species compartment="cell" id="ENG" initialConcentration="0" metaid="_334601" name="(ENG) hexokinase-glucose intermediate" sboTerm="SBO:0000297">
        <annotation>
          <rdf:RDF xmlns:rdf="http://www.w3.org/1999/02/22-rdf-syntax-ns#" xmlns:bqmodel="http://biomodels.net/model-qualifiers/" xmlns:bqbiol="http://biomodels.net/biology-qualifiers/">
            <rdf:Description rdf:about="#_334601">
              <bqbiol:hasPart>
	<rdf:Bag>
	<rdf:li rdf:resource="http://identifiers.org/chebi/CHEBI:17234"/>
	</rdf:Bag>
	</bqbiol:hasPart>
	
	<bqbiol:hasVersion>
	<rdf:Bag>
	<rdf:li rdf:resource="http://identifiers.org/interpro/IPR001312"/>
	</rdf:Bag>
	</bqbiol:hasVersion>
	</rdf:Description>
	
          </rdf:RDF>
        </annotation>
            </species>
      <species compartment="cell" id="TP1" initialConcentration="0.0005" metaid="_334604" name="(TP1) adenosine triphosphate in store 1 (cytoplasm)" sboTerm="SBO:0000247">
        <annotation>
          <rdf:RDF xmlns:rdf="http://www.w3.org/1999/02/22-rdf-syntax-ns#" xmlns:bqmodel="http://biomodels.net/model-qualifiers/" xmlns:bqbiol="http://biomodels.net/biology-qualifiers/">
            <rdf:Description rdf:about="#_334604">
              <bqbiol:is>
	<rdf:Bag>
	<rdf:li rdf:resource="http://identifiers.org/chebi/CHEBI:15422"/>
	</rdf:Bag>
	</bqbiol:is>
	
	<bqbiol:is>
	<rdf:Bag>
	<rdf:li rdf:resource="http://identifiers.org/kegg.compound/C00002"/>
	</rdf:Bag>
	</bqbiol:is>
	</rdf:Description>
	
          </rdf:RDF>
        </annotation>
            </species>
      <species compartment="cell" id="ADP" initialConcentration="0.0001" metaid="_334607" name="(ADP) adenosine diphosphate" sboTerm="SBO:0000247">
        <annotation>
          <rdf:RDF xmlns:rdf="http://www.w3.org/1999/02/22-rdf-syntax-ns#" xmlns:bqmodel="http://biomodels.net/model-qualifiers/" xmlns:bqbiol="http://biomodels.net/biology-qualifiers/">
            <rdf:Description rdf:about="#_334607">
              <bqbiol:is>
	<rdf:Bag>
	<rdf:li rdf:resource="http://identifiers.org/chebi/CHEBI:16761"/>
	</rdf:Bag>
	</bqbiol:is>
	
	<bqbiol:is>
	<rdf:Bag>
	<rdf:li rdf:resource="http://identifiers.org/kegg.compound/C00008"/>
	</rdf:Bag>
	</bqbiol:is>
	</rdf:Description>
	
          </rdf:RDF>
        </annotation>
            </species>
      <species compartment="cell" id="GLP" initialConcentration="0" metaid="_334610" name="(GLP) glucose 6-phosphate" sboTerm="SBO:0000247">
        <annotation>
          <rdf:RDF xmlns:rdf="http://www.w3.org/1999/02/22-rdf-syntax-ns#" xmlns:bqmodel="http://biomodels.net/model-qualifiers/" xmlns:bqbiol="http://biomodels.net/biology-qualifiers/">
            <rdf:Description rdf:about="#_334610">
	<bqbiol:is>
	<rdf:Bag>
	<rdf:li rdf:resource="http://identifiers.org/chebi/CHEBI:4170"/>
	<rdf:li rdf:resource="http://identifiers.org/kegg.compound/C00092"/>
	</rdf:Bag>
	</bqbiol:is>
	</rdf:Description>
	
          </rdf:RDF>
        </annotation>
            </species>
      <species compartment="cell" id="ETZ" initialConcentration="1E-5" metaid="_334613" name="(ETZ) phosphofructokinase" sboTerm="SBO:0000297">
        <annotation>
          <rdf:RDF xmlns:rdf="http://www.w3.org/1999/02/22-rdf-syntax-ns#" xmlns:bqmodel="http://biomodels.net/model-qualifiers/" xmlns:bqbiol="http://biomodels.net/biology-qualifiers/">
            <rdf:Description rdf:about="#_334613">
              <bqbiol:isVersionOf>
	<rdf:Bag>
	<rdf:li rdf:resource="http://identifiers.org/interpro/IPR022463"/>
	</rdf:Bag>
	</bqbiol:isVersionOf>
	
	<bqbiol:hasProperty>
	<rdf:Bag>
	<rdf:li rdf:resource="http://identifiers.org/go/GO:0008662"/>
	</rdf:Bag>
	</bqbiol:hasProperty>
	</rdf:Description>
	
          </rdf:RDF>
        </annotation>
            </species>
      <species compartment="cell" id="ETG" initialConcentration="0" metaid="_334616" name="(ETG) phosphofructokinase intermediate" sboTerm="SBO:0000297">
        <annotation>
          <rdf:RDF xmlns:rdf="http://www.w3.org/1999/02/22-rdf-syntax-ns#" xmlns:bqmodel="http://biomodels.net/model-qualifiers/" xmlns:bqbiol="http://biomodels.net/biology-qualifiers/">
            <rdf:Description rdf:about="#_334616">
              <bqbiol:hasPart>
	<rdf:Bag>
	<rdf:li rdf:resource="http://identifiers.org/chebi/CHEBI:4170"/>
	</rdf:Bag>
	</bqbiol:hasPart>
	<bqbiol:hasVersion>
	<rdf:Bag>
	<rdf:li rdf:resource="http://identifiers.org/interpro/IPR022463"/>
	</rdf:Bag>
	</bqbiol:hasVersion>
	
	<bqbiol:hasProperty>
	<rdf:Bag>
	<rdf:li rdf:resource="http://identifiers.org/go/GO:0008662"/>
	</rdf:Bag>
	</bqbiol:hasProperty>
	</rdf:Description>
	
          </rdf:RDF>
        </annotation>
            </species>
      <species compartment="cell" id="GPP" initialConcentration="0" metaid="_334619" name="(GPP) hexose diphosphate" sboTerm="SBO:0000247">
        <annotation>
          <rdf:RDF xmlns:rdf="http://www.w3.org/1999/02/22-rdf-syntax-ns#" xmlns:bqmodel="http://biomodels.net/model-qualifiers/" xmlns:bqbiol="http://biomodels.net/biology-qualifiers/">
            <rdf:Description rdf:about="#_334619">
              <bqbiol:is>
	<rdf:Bag>
	<rdf:li rdf:resource="http://identifiers.org/kegg.compound/C05378"/>
	</rdf:Bag>
	</bqbiol:is>
	
	<bqbiol:is>
	<rdf:Bag>
	<rdf:li rdf:resource="http://identifiers.org/chebi/CHEBI:28013"/>
	</rdf:Bag>
	</bqbiol:is>
	</rdf:Description>
	
          </rdf:RDF>
        </annotation>
            </species>
      <species compartment="cell" id="GAP" initialConcentration="0" metaid="_334622" name="(GAP) glyceraldehyde 3-phosphate" sboTerm="SBO:0000247">
        <annotation>
          <rdf:RDF xmlns:rdf="http://www.w3.org/1999/02/22-rdf-syntax-ns#" xmlns:bqmodel="http://biomodels.net/model-qualifiers/" xmlns:bqbiol="http://biomodels.net/biology-qualifiers/">
            <rdf:Description rdf:about="#_334622">
              <bqbiol:is>
	<rdf:Bag>
	<rdf:li rdf:resource="http://identifiers.org/chebi/CHEBI:29052"/>
	</rdf:Bag>
	</bqbiol:is>
	
	<bqbiol:is>
	<rdf:Bag>
	<rdf:li rdf:resource="http://identifiers.org/kegg.compound/C00118"/>
	</rdf:Bag>
	</bqbiol:is>
	</rdf:Description>
	
          </rdf:RDF>
        </annotation>
            </species>
      <species compartment="cell" id="DHA" initialConcentration="0" metaid="_334625" name="(DHA) dihydroxacetone phosphate" sboTerm="SBO:0000247">
        <annotation>
          <rdf:RDF xmlns:rdf="http://www.w3.org/1999/02/22-rdf-syntax-ns#" xmlns:bqmodel="http://biomodels.net/model-qualifiers/" xmlns:bqbiol="http://biomodels.net/biology-qualifiers/">
            <rdf:Description rdf:about="#_334625">
              <bqbiol:is>
	<rdf:Bag>
	<rdf:li rdf:resource="http://identifiers.org/kegg.compound/C00111"/>
	</rdf:Bag>
	</bqbiol:is>
	
	<bqbiol:is>
	<rdf:Bag>
	<rdf:li rdf:resource="http://identifiers.org/chebi/CHEBI:16108"/>
	</rdf:Bag>
	</bqbiol:is>
	</rdf:Description>
	
          </rdf:RDF>
        </annotation>
            </species>
      <species compartment="cell" id="DPN" initialConcentration="0.0001" metaid="_334628" name="(DPN) extramitochondrial diphospyridine nucleotide" sboTerm="SBO:0000247">
        <annotation>
          <rdf:RDF xmlns:rdf="http://www.w3.org/1999/02/22-rdf-syntax-ns#" xmlns:bqmodel="http://biomodels.net/model-qualifiers/" xmlns:bqbiol="http://biomodels.net/biology-qualifiers/">
            <rdf:Description rdf:about="#_334628">
	<bqbiol:is>
	<rdf:Bag>
	<rdf:li rdf:resource="http://identifiers.org/chebi/CHEBI:15846"/>
	<rdf:li rdf:resource="http://identifiers.org/kegg.compound/C00003"/>
	</rdf:Bag>
	</bqbiol:is>
	</rdf:Description>
	
          </rdf:RDF>
        </annotation>
            </species>
      <species compartment="cell" id="DPH" initialConcentration="0.0001" metaid="_334631" name="(DPH) extramitochondrial reduced diphospyridine nucleotide" sboTerm="SBO:0000247">
        <annotation>
          <rdf:RDF xmlns:rdf="http://www.w3.org/1999/02/22-rdf-syntax-ns#" xmlns:bqmodel="http://biomodels.net/model-qualifiers/" xmlns:bqbiol="http://biomodels.net/biology-qualifiers/">
            <rdf:Description rdf:about="#_334631">
	<bqbiol:is>
	<rdf:Bag>
	<rdf:li rdf:resource="http://identifiers.org/chebi/CHEBI:16908"/>
	<rdf:li rdf:resource="http://identifiers.org/kegg.compound/C00004"/>
	</rdf:Bag>
	</bqbiol:is>
	</rdf:Description>
	
          </rdf:RDF>
        </annotation>
            </species>
      <species compartment="cell" id="PID" initialConcentration="0.004" metaid="_334634" name="(PID) inorganic phosphate" sboTerm="SBO:0000247">
        <annotation>
          <rdf:RDF xmlns:rdf="http://www.w3.org/1999/02/22-rdf-syntax-ns#" xmlns:bqmodel="http://biomodels.net/model-qualifiers/" xmlns:bqbiol="http://biomodels.net/biology-qualifiers/">
            <rdf:Description rdf:about="#_334634">
	<bqbiol:is>
	<rdf:Bag>
	<rdf:li rdf:resource="http://identifiers.org/chebi/CHEBI:18367"/>
	<rdf:li rdf:resource="http://identifiers.org/kegg.compound/C00009"/>
	</rdf:Bag>
	</bqbiol:is>
	</rdf:Description>
	
          </rdf:RDF>
        </annotation>
            </species>
      <species compartment="cell" id="DGA" initialConcentration="0" metaid="_334637" name="(DGA) 1,3 diphosphoglycerate" sboTerm="SBO:0000247">
        <annotation>
          <rdf:RDF xmlns:rdf="http://www.w3.org/1999/02/22-rdf-syntax-ns#" xmlns:bqmodel="http://biomodels.net/model-qualifiers/" xmlns:bqbiol="http://biomodels.net/biology-qualifiers/">
            <rdf:Description rdf:about="#_334637">
              <bqbiol:is>
	<rdf:Bag>
	<rdf:li rdf:resource="http://identifiers.org/kegg.compound/C00236"/>
	</rdf:Bag>
	</bqbiol:is>
	
	<bqbiol:is>
	<rdf:Bag>
	<rdf:li rdf:resource="http://identifiers.org/chebi/CHEBI:16001"/>
	</rdf:Bag>
	</bqbiol:is>
	</rdf:Description>
	
          </rdf:RDF>
        </annotation>
            </species>
      <species compartment="cell" id="PGA" initialConcentration="0" metaid="_334640" name="(PGA) 3 phosphoglycerate" sboTerm="SBO:0000247">
        <annotation>
          <rdf:RDF xmlns:rdf="http://www.w3.org/1999/02/22-rdf-syntax-ns#" xmlns:bqmodel="http://biomodels.net/model-qualifiers/" xmlns:bqbiol="http://biomodels.net/biology-qualifiers/">
            <rdf:Description rdf:about="#_334640">
              <bqbiol:is>
	<rdf:Bag>
	<rdf:li rdf:resource="http://identifiers.org/kegg.compound/C00197"/>
	</rdf:Bag>
	</bqbiol:is>
	
	<bqbiol:is>
	<rdf:Bag>
	<rdf:li rdf:resource="http://identifiers.org/chebi/CHEBI:17794"/>
	</rdf:Bag>
	</bqbiol:is>
	</rdf:Description>
	
          </rdf:RDF>
        </annotation>
            </species>
      <species compartment="cell" id="PYR" initialConcentration="0.001" metaid="_334643" name="(PYR) pyruvate" sboTerm="SBO:0000247">
        <annotation>
          <rdf:RDF xmlns:rdf="http://www.w3.org/1999/02/22-rdf-syntax-ns#" xmlns:bqmodel="http://biomodels.net/model-qualifiers/" xmlns:bqbiol="http://biomodels.net/biology-qualifiers/">
            <rdf:Description rdf:about="#_334643">
              <bqbiol:is>
	<rdf:Bag>
	<rdf:li rdf:resource="http://identifiers.org/kegg.compound/C00022"/>
	</rdf:Bag>
	</bqbiol:is>
	
	<bqbiol:is>
	<rdf:Bag>
	<rdf:li rdf:resource="http://identifiers.org/chebi/CHEBI:32816"/>
	</rdf:Bag>
	</bqbiol:is>
	</rdf:Description>
	
          </rdf:RDF>
        </annotation>
            </species>
      <species compartment="cell" id="LAC" initialConcentration="0.001" metaid="_334646" name="(LAC) lactate" sboTerm="SBO:0000247">
        <annotation>
          <rdf:RDF xmlns:rdf="http://www.w3.org/1999/02/22-rdf-syntax-ns#" xmlns:bqmodel="http://biomodels.net/model-qualifiers/" xmlns:bqbiol="http://biomodels.net/biology-qualifiers/">
            <rdf:Description rdf:about="#_334646">
              <bqbiol:is>
	<rdf:Bag>
	<rdf:li rdf:resource="http://identifiers.org/kegg.compound/C00186"/>
	</rdf:Bag>
	</bqbiol:is>
	
	<bqbiol:is>
	<rdf:Bag>
	<rdf:li rdf:resource="http://identifiers.org/chebi/CHEBI:422"/>
	</rdf:Bag>
	</bqbiol:is>
	</rdf:Description>
	
          </rdf:RDF>
        </annotation>
            </species>
      <species compartment="cell" id="DIN" initialConcentration="3E-5" metaid="_334649" name="(DIN) intramitochondrial diphospyridine nucleotide" sboTerm="SBO:0000247">
        <annotation>
          <rdf:RDF xmlns:rdf="http://www.w3.org/1999/02/22-rdf-syntax-ns#" xmlns:bqmodel="http://biomodels.net/model-qualifiers/" xmlns:bqbiol="http://biomodels.net/biology-qualifiers/">
            <rdf:Description rdf:about="#_334649">
              <bqbiol:is>
	<rdf:Bag>
	<rdf:li rdf:resource="http://identifiers.org/kegg.compound/C00003"/>
	</rdf:Bag>
	</bqbiol:is>
	
	<bqbiol:is>
	<rdf:Bag>
	<rdf:li rdf:resource="http://identifiers.org/chebi/CHEBI:15846"/>
	</rdf:Bag>
	</bqbiol:is>
	</rdf:Description>
	
          </rdf:RDF>
        </annotation>
            </species>
      <species compartment="cell" id="DIH" initialConcentration="3E-5" metaid="_334652" name="(DIH) intramitochondrial reduced diphospyridine nucleotide" sboTerm="SBO:0000247">
        <annotation>
          <rdf:RDF xmlns:rdf="http://www.w3.org/1999/02/22-rdf-syntax-ns#" xmlns:bqmodel="http://biomodels.net/model-qualifiers/" xmlns:bqbiol="http://biomodels.net/biology-qualifiers/">
            <rdf:Description rdf:about="#_334652">
              <bqbiol:is>
	<rdf:Bag>
	<rdf:li rdf:resource="http://identifiers.org/chebi/CHEBI:16908"/>
	</rdf:Bag>
	</bqbiol:is>
	
	<bqbiol:is>
	<rdf:Bag>
	<rdf:li rdf:resource="http://identifiers.org/kegg.compound/C00004"/>
	</rdf:Bag>
	</bqbiol:is>
	</rdf:Description>
	
          </rdf:RDF>
        </annotation>
            </species>
      <species compartment="cell" id="XI" initialConcentration="2E-5" metaid="_334655" name="(XI) low energy intermediate in oxidative phosphorylation" sboTerm="SBO:0000296">
        <annotation>
          <rdf:RDF xmlns:rdf="http://www.w3.org/1999/02/22-rdf-syntax-ns#" xmlns:bqmodel="http://biomodels.net/model-qualifiers/" xmlns:bqbiol="http://biomodels.net/biology-qualifiers/">
            <rdf:Description rdf:about="#_334655">
	<bqbiol:isPartOf>
	<rdf:Bag>
	<rdf:li rdf:resource="http://identifiers.org/go/GO:0045259"/>
	<rdf:li rdf:resource="http://identifiers.org/go/GO:0005746"/>
	</rdf:Bag>
	</bqbiol:isPartOf>
	</rdf:Description>
	
          </rdf:RDF>
        </annotation>
            </species>
      <species compartment="cell" id="XSI" initialConcentration="2E-5" metaid="_334658" name="(XSI) high energy intermediate in oxidative phosphorylation" sboTerm="SBO:0000296">
        <annotation>
          <rdf:RDF xmlns:rdf="http://www.w3.org/1999/02/22-rdf-syntax-ns#" xmlns:bqmodel="http://biomodels.net/model-qualifiers/" xmlns:bqbiol="http://biomodels.net/biology-qualifiers/">
            <rdf:Description rdf:about="#_334658">
	<bqbiol:isPartOf>
	<rdf:Bag>
	<rdf:li rdf:resource="http://identifiers.org/go/GO:0045259"/>
	<rdf:li rdf:resource="http://identifiers.org/go/GO:0005746"/>
	</rdf:Bag>
	</bqbiol:isPartOf>
	</rdf:Description>
	
          </rdf:RDF>
        </annotation>
            </species>
      <species compartment="cell" id="OXY" initialConcentration="0.0005" metaid="_334661" name="(OXY) oxygen" sboTerm="SBO:0000247">
        <annotation>
          <rdf:RDF xmlns:rdf="http://www.w3.org/1999/02/22-rdf-syntax-ns#" xmlns:bqmodel="http://biomodels.net/model-qualifiers/" xmlns:bqbiol="http://biomodels.net/biology-qualifiers/">
            <rdf:Description rdf:about="#_334661">
              <bqbiol:is>
	<rdf:Bag>
	<rdf:li rdf:resource="http://identifiers.org/kegg.compound/C00007"/>
	</rdf:Bag>
	</bqbiol:is>
	
	<bqbiol:is>
	<rdf:Bag>
	<rdf:li rdf:resource="http://identifiers.org/chebi/CHEBI:15379"/>
	</rdf:Bag>
	</bqbiol:is>
	</rdf:Description>
	
          </rdf:RDF>
        </annotation>
            </species>
      <species compartment="cell" id="XSP" initialConcentration="2E-5" metaid="_334664" name="(XSP) phosphorylated intermediate in oxidative phosphorylation" sboTerm="SBO:0000296">
        <annotation>
          <rdf:RDF xmlns:rdf="http://www.w3.org/1999/02/22-rdf-syntax-ns#" xmlns:bqmodel="http://biomodels.net/model-qualifiers/" xmlns:bqbiol="http://biomodels.net/biology-qualifiers/">
            <rdf:Description rdf:about="#_334664">
	<bqbiol:isPartOf>
	<rdf:Bag>
	<rdf:li rdf:resource="http://identifiers.org/go/GO:0005746"/>
	<rdf:li rdf:resource="http://identifiers.org/go/GO:0045259"/>
	</rdf:Bag>
	</bqbiol:isPartOf>
	</rdf:Description>
	
          </rdf:RDF>
        </annotation>
            </species>
      <species compartment="cell" id="TP2" initialConcentration="0.0005" metaid="_334667" name="(TP2) adenosine triphosphate in store 2 (mitochondria)" sboTerm="SBO:0000247">
        <annotation>
          <rdf:RDF xmlns:rdf="http://www.w3.org/1999/02/22-rdf-syntax-ns#" xmlns:bqmodel="http://biomodels.net/model-qualifiers/" xmlns:bqbiol="http://biomodels.net/biology-qualifiers/">
            <rdf:Description rdf:about="#_334667">
              <bqbiol:is>
	<rdf:Bag>
	<rdf:li rdf:resource="http://identifiers.org/kegg.compound/C00002"/>
	</rdf:Bag>
	</bqbiol:is>
	
	<bqbiol:is>
	<rdf:Bag>
	<rdf:li rdf:resource="http://identifiers.org/chebi/CHEBI:15422"/>
	</rdf:Bag>
	</bqbiol:is>
	</rdf:Description>
	
          </rdf:RDF>
        </annotation>
            </species>
      <species compartment="cell" id="DBP" initialConcentration="0" metaid="_334670" name="(DBP) dibromophenol" sboTerm="SBO:0000247">
        <annotation>
          <rdf:RDF xmlns:rdf="http://www.w3.org/1999/02/22-rdf-syntax-ns#" xmlns:bqmodel="http://biomodels.net/model-qualifiers/" xmlns:bqbiol="http://biomodels.net/biology-qualifiers/">
            <rdf:Description rdf:about="#_334670">
	<bqbiol:is>
	<rdf:Bag>
	<rdf:li rdf:resource="http://identifiers.org/chebi/CHEBI:33625"/>
	</rdf:Bag>
	</bqbiol:is>
	</rdf:Description>
	
          </rdf:RDF>
        </annotation>
            </species>
      <species compartment="cell" id="PUE" initialConcentration="2E-6" metaid="_334673" name="(PUE) enzyme concerned in ATP utilization" sboTerm="SBO:0000297">
        <annotation>
          <rdf:RDF xmlns:rdf="http://www.w3.org/1999/02/22-rdf-syntax-ns#" xmlns:bqmodel="http://biomodels.net/model-qualifiers/" xmlns:bqbiol="http://biomodels.net/biology-qualifiers/">
            <rdf:Description rdf:about="#_334673">
              <bqbiol:isVersionOf>
	<rdf:Bag>
	<rdf:li rdf:resource="http://identifiers.org/kegg.compound/C00017"/>
	</rdf:Bag>
	</bqbiol:isVersionOf>
	
	<bqbiol:isVersionOf>
	<rdf:Bag>
	<rdf:li rdf:resource="http://identifiers.org/chebi/CHEBI:16541"/>
	</rdf:Bag>
	</bqbiol:isVersionOf>
	</rdf:Description>
	
          </rdf:RDF>
        </annotation>
            </species>
      <species compartment="cell" id="PPP" initialConcentration="1E-6" metaid="_334676" name="(PPP) enzyme intermediate concerned in ATP utilization" sboTerm="SBO:0000297">
        <annotation>
          <rdf:RDF xmlns:rdf="http://www.w3.org/1999/02/22-rdf-syntax-ns#" xmlns:bqmodel="http://biomodels.net/model-qualifiers/" xmlns:bqbiol="http://biomodels.net/biology-qualifiers/">
            <rdf:Description rdf:about="#_334676">
              <bqbiol:hasPart>
	<rdf:Bag>
	<rdf:li rdf:resource="http://identifiers.org/chebi/CHEBI:15422"/>
	<rdf:li rdf:resource="http://identifiers.org/chebi/CHEBI:16541"/>
	</rdf:Bag>
	</bqbiol:hasPart>
	
	<bqbiol:hasProperty>
	<rdf:Bag>
	<rdf:li rdf:resource="http://identifiers.org/go/GO:0016887"/>
	</rdf:Bag>
	</bqbiol:hasProperty>
	</rdf:Description>
	
          </rdf:RDF>
        </annotation>
            </species>
      <species compartment="cell" id="AGP" initialConcentration="0" metaid="_334679" name="(AGP) alpha-glycerophosphate" sboTerm="SBO:0000247">
        <annotation>
          <rdf:RDF xmlns:rdf="http://www.w3.org/1999/02/22-rdf-syntax-ns#" xmlns:bqmodel="http://biomodels.net/model-qualifiers/" xmlns:bqbiol="http://biomodels.net/biology-qualifiers/">
            <rdf:Description rdf:about="#_334679">
              <bqbiol:is>
	<rdf:Bag>
	<rdf:li rdf:resource="http://identifiers.org/kegg.compound/C00623"/>
	</rdf:Bag>
	</bqbiol:is>
	
	<bqbiol:is>
	<rdf:Bag>
	<rdf:li rdf:resource="http://identifiers.org/chebi/CHEBI:16221"/>
	</rdf:Bag>
	</bqbiol:is>
	</rdf:Description>
	
          </rdf:RDF>
        </annotation>
            </species>
      <species compartment="cell" id="MOD" initialConcentration="5E-5" metaid="_334682" name="(MOD) glyceraldehyde 3-phoshphate dehydrogenase-DPN complex" sboTerm="SBO:0000297">
        <annotation>
          <rdf:RDF xmlns:rdf="http://www.w3.org/1999/02/22-rdf-syntax-ns#" xmlns:bqmodel="http://biomodels.net/model-qualifiers/" xmlns:bqbiol="http://biomodels.net/biology-qualifiers/">
            <rdf:Description rdf:about="#_334682">
              <bqbiol:hasPart>
	<rdf:Bag>
	<rdf:li rdf:resource="http://identifiers.org/chebi/CHEBI:15846"/>
	</rdf:Bag>
	</bqbiol:hasPart>
	
	<bqbiol:hasVersion>
	<rdf:Bag>
	<rdf:li rdf:resource="http://identifiers.org/interpro/IPR006424"/>
	</rdf:Bag>
	</bqbiol:hasVersion>
	</rdf:Description>
	
          </rdf:RDF>
        </annotation>
            </species>
      <species compartment="cell" id="MOB" initialConcentration="0" metaid="_334685" name="(MOB) acyl enzyme intermediate of glyceraldehyde 3-phoshphate dehydrogenase" sboTerm="SBO:0000297">
        <annotation>
          <rdf:RDF xmlns:rdf="http://www.w3.org/1999/02/22-rdf-syntax-ns#" xmlns:bqmodel="http://biomodels.net/model-qualifiers/" xmlns:bqbiol="http://biomodels.net/biology-qualifiers/">
            <rdf:Description rdf:about="#_334685">
              <bqbiol:hasPart>
	<rdf:Bag>
	<rdf:li rdf:resource="http://identifiers.org/chebi/CHEBI:29052"/>
	</rdf:Bag>
	</bqbiol:hasPart>
	<bqbiol:hasVersion>
	<rdf:Bag>
	<rdf:li rdf:resource="http://identifiers.org/interpro/IPR006424"/>
	</rdf:Bag>
	</bqbiol:hasVersion>
	
	<bqbiol:hasProperty>
	<rdf:Bag>
	<rdf:li rdf:resource="http://identifiers.org/go/GO:0004365"/>
	</rdf:Bag>
	</bqbiol:hasProperty>
	</rdf:Description>
	
          </rdf:RDF>
        </annotation>
            </species>
      <species compartment="cell" id="MOX" initialConcentration="0" metaid="_334688" name="(MOX) glyceraldehyde 3-phoshphate dehydrogenase" sboTerm="SBO:0000252">
        <annotation>
          <rdf:RDF xmlns:rdf="http://www.w3.org/1999/02/22-rdf-syntax-ns#" xmlns:bqmodel="http://biomodels.net/model-qualifiers/" xmlns:bqbiol="http://biomodels.net/biology-qualifiers/">
            <rdf:Description rdf:about="#_334688">
              <bqbiol:isVersionOf>
	<rdf:Bag>
	<rdf:li rdf:resource="http://identifiers.org/uniprot/P04406"/>
	<rdf:li rdf:resource="http://identifiers.org/uniprot/Q2TSD0"/>
	<rdf:li rdf:resource="http://identifiers.org/interpro/IPR006424"/>
	</rdf:Bag>
	</bqbiol:isVersionOf>
	
	<bqbiol:hasProperty>
	<rdf:Bag>
	<rdf:li rdf:resource="http://identifiers.org/go/GO:0004365"/>
	</rdf:Bag>
	</bqbiol:hasProperty>
	</rdf:Description>
	
          </rdf:RDF>
        </annotation>
            </species>
    </listOfSpecies>
    <listOfParameters>
      <parameter constant="false" id="GLU_0" metaid="_334887" name="relative GLU" units="dimensionless"/>
      <parameter constant="false" id="ENZ_0" metaid="_334888" name="relative ENZ" units="dimensionless"/>
      <parameter constant="false" id="ENG_0" metaid="_334891" name="relative ENG" units="dimensionless"/>
      <parameter constant="false" id="TP1_0" metaid="_334894" name="relative TP1" units="dimensionless"/>
      <parameter constant="false" id="ADP_0" metaid="_334897" name="relative ADP" units="dimensionless"/>
      <parameter constant="false" id="GLP_0" metaid="_334900" name="relative GLP" units="dimensionless"/>
      <parameter constant="false" id="ETZ_0" metaid="_334903" name="relative ETZ" units="dimensionless"/>
      <parameter constant="false" id="ETG_0" metaid="_334906" name="relative ETG" units="dimensionless"/>
      <parameter constant="false" id="GPP_0" metaid="_334909" name="relative GPP" units="dimensionless"/>
      <parameter constant="false" id="GAP_0" metaid="_334912" name="relative GAP" units="dimensionless"/>
      <parameter constant="false" id="DHA_0" metaid="_334915" name="relative DHA" units="dimensionless"/>
      <parameter constant="false" id="DPN_0" metaid="_334918" name="relative DPN" units="dimensionless"/>
      <parameter constant="false" id="DPH_0" metaid="_334921" name="relative DPH" units="dimensionless"/>
      <parameter constant="false" id="PID_0" metaid="_334924" name="relative PID" units="dimensionless"/>
      <parameter constant="false" id="DGA_0" metaid="_334927" name="relative DGA" units="dimensionless"/>
      <parameter constant="false" id="PGA_0" metaid="_334930" name="relative PGA" units="dimensionless"/>
      <parameter constant="false" id="PYR_0" metaid="_334933" name="relative PYR" units="dimensionless"/>
      <parameter constant="false" id="LAC_0" metaid="_334936" name="relative LAC" units="dimensionless"/>
      <parameter constant="false" id="DIN_0" metaid="_334939" name="relative DIN" units="dimensionless"/>
      <parameter constant="false" id="DIH_0" metaid="_334942" name="relative DIH" units="dimensionless"/>
      <parameter constant="false" id="XI_0" metaid="_334945" name="relative XI" units="dimensionless"/>
      <parameter constant="false" id="XSI_0" metaid="_334948" name="relative XSI" units="dimensionless"/>
      <parameter constant="false" id="OXY_0" metaid="_334951" name="relative OXY" units="dimensionless"/>
      <parameter constant="false" id="XSP_0" metaid="_334954" name="relative XSP" units="dimensionless"/>
      <parameter constant="false" id="TP2_0" metaid="_334957" name="relative TP2" units="dimensionless"/>
      <parameter constant="false" id="DBP_0" metaid="_334960" name="relative DBP" units="dimensionless"/>
      <parameter constant="false" id="PUE_0" metaid="_334963" name="relative PUE" units="dimensionless"/>
      <parameter constant="false" id="PPP_0" metaid="_334966" name="relative PPP" units="dimensionless"/>
      <parameter constant="false" id="AGP_0" metaid="_334969" name="relative AGP" units="dimensionless"/>
      <parameter constant="false" id="MOD_0" metaid="_334972" name="relative MOD" units="dimensionless"/>
      <parameter constant="false" id="MOB_0" metaid="_334975" name="relative MOB" units="dimensionless"/>
      <parameter constant="false" id="MOX_0" metaid="_334978" name="relative MOX" units="dimensionless"/>
    </listOfParameters>
    <listOfRules>
      <assignmentRule metaid="_334793" variable="GLU_0">
        <math xmlns="http://www.w3.org/1998/Math/MathML">        
          <apply>
            <divide/>
            <ci> GLU </ci>
            <cn> 0.003 </cn>
          </apply>
        </math>
            </assignmentRule>
      <assignmentRule metaid="_334796" variable="ENZ_0">
        <math xmlns="http://www.w3.org/1998/Math/MathML">        
          <apply>
            <divide/>
            <ci> ENZ </ci>
            <cn type="e-notation">1.02 <sep/> -5 </cn>
          </apply>
        </math>
            </assignmentRule>
      <assignmentRule metaid="_334799" variable="ENG_0">
        <math xmlns="http://www.w3.org/1998/Math/MathML">        
          <apply>
            <divide/>
            <ci> ENG </ci>
            <cn type="e-notation">1.02 <sep/> -5 </cn>
          </apply>
        </math>
            </assignmentRule>
      <assignmentRule metaid="_334802" variable="TP1_0">
        <math xmlns="http://www.w3.org/1998/Math/MathML">        
          <apply>
            <divide/>
            <ci> TP1 </ci>
            <cn> 0.0015 </cn>
          </apply>
        </math>
            </assignmentRule>
      <assignmentRule metaid="_334805" variable="ADP_0">
        <math xmlns="http://www.w3.org/1998/Math/MathML">        
          <apply>
            <divide/>
            <ci> ADP </ci>
            <cn> 0.001 </cn>
          </apply>
        </math>
            </assignmentRule>
      <assignmentRule metaid="_334808" variable="GLP_0">
        <math xmlns="http://www.w3.org/1998/Math/MathML">        
          <apply>
            <divide/>
            <ci> GLP </ci>
            <cn> 0.001 </cn>
          </apply>
        </math>
            </assignmentRule>
      <assignmentRule metaid="_334811" variable="ETZ_0">
        <math xmlns="http://www.w3.org/1998/Math/MathML">        
          <apply>
            <divide/>
            <ci> ETZ </ci>
            <cn type="e-notation">1 <sep/> -5 </cn>
          </apply>
        </math>
            </assignmentRule>
      <assignmentRule metaid="_334814" variable="ETG_0">
        <math xmlns="http://www.w3.org/1998/Math/MathML">        
          <apply>
            <divide/>
            <ci> ETG </ci>
            <cn type="e-notation">1 <sep/> -5 </cn>
          </apply>
        </math>
            </assignmentRule>
      <assignmentRule metaid="_334817" variable="GPP_0">
        <math xmlns="http://www.w3.org/1998/Math/MathML">        
          <apply>
            <divide/>
            <ci> GPP </ci>
            <cn> 0.001 </cn>
          </apply>
        </math>
            </assignmentRule>
      <assignmentRule metaid="_334820" variable="GAP_0">
        <math xmlns="http://www.w3.org/1998/Math/MathML">        
          <apply>
            <divide/>
            <ci> GAP </ci>
            <cn> 0.0002 </cn>
          </apply>
        </math>
            </assignmentRule>
      <assignmentRule metaid="_334823" variable="DHA_0">
        <math xmlns="http://www.w3.org/1998/Math/MathML">        
          <apply>
            <divide/>
            <ci> DHA </ci>
            <cn> 0.0013 </cn>
          </apply>
        </math>
            </assignmentRule>
      <assignmentRule metaid="_334826" variable="DPN_0">
        <math xmlns="http://www.w3.org/1998/Math/MathML">        
          <apply>
            <divide/>
            <ci> DPN </ci>
            <cn> 0.00025 </cn>
          </apply>
        </math>
            </assignmentRule>
      <assignmentRule metaid="_334829" variable="DPH_0">
        <math xmlns="http://www.w3.org/1998/Math/MathML">        
          <apply>
            <divide/>
            <ci> DPH </ci>
            <cn> 0.0002 </cn>
          </apply>
        </math>
            </assignmentRule>
      <assignmentRule metaid="_334832" variable="PID_0">
        <math xmlns="http://www.w3.org/1998/Math/MathML">        
          <apply>
            <divide/>
            <ci> PID </ci>
            <cn> 0.005 </cn>
          </apply>
        </math>
            </assignmentRule>
      <assignmentRule metaid="_334835" variable="DGA_0">
        <math xmlns="http://www.w3.org/1998/Math/MathML">        
          <apply>
            <divide/>
            <ci> DGA </ci>
            <cn> 0.0002 </cn>
          </apply>
        </math>
            </assignmentRule>
      <assignmentRule metaid="_334838" variable="PGA_0">
        <math xmlns="http://www.w3.org/1998/Math/MathML">        
          <apply>
            <divide/>
            <ci> PGA </ci>
            <cn> 0.0002 </cn>
          </apply>
        </math>
            </assignmentRule>
      <assignmentRule metaid="_334841" variable="PYR_0">
        <math xmlns="http://www.w3.org/1998/Math/MathML">        
          <apply>
            <divide/>
            <ci> PYR </ci>
            <cn> 0.002 </cn>
          </apply>
        </math>
            </assignmentRule>
      <assignmentRule metaid="_334844" variable="LAC_0">
        <math xmlns="http://www.w3.org/1998/Math/MathML">        
          <apply>
            <divide/>
            <ci> LAC </ci>
            <cn> 0.0012 </cn>
          </apply>
        </math>
            </assignmentRule>
      <assignmentRule metaid="_334847" variable="DIN_0">
        <math xmlns="http://www.w3.org/1998/Math/MathML">        
          <apply>
            <divide/>
            <ci> DIN </ci>
            <cn type="e-notation">7 <sep/> -5 </cn>
          </apply>
        </math>
            </assignmentRule>
      <assignmentRule metaid="_334850" variable="DIH_0">
        <math xmlns="http://www.w3.org/1998/Math/MathML">        
          <apply>
            <divide/>
            <ci> DIH </ci>
            <cn type="e-notation">7 <sep/> -5 </cn>
          </apply>
        </math>
            </assignmentRule>
      <assignmentRule metaid="_334853" variable="XI_0">
        <math xmlns="http://www.w3.org/1998/Math/MathML">        
          <apply>
            <divide/>
            <ci> XI </ci>
            <cn type="e-notation">6 <sep/> -5 </cn>
          </apply>
        </math>
            </assignmentRule>
      <assignmentRule metaid="_334856" variable="XSI_0">
        <math xmlns="http://www.w3.org/1998/Math/MathML">        
          <apply>
            <divide/>
            <ci> XSI </ci>
            <cn type="e-notation">6 <sep/> -5 </cn>
          </apply>
        </math>
            </assignmentRule>
      <assignmentRule metaid="_334859" variable="OXY_0">
        <math xmlns="http://www.w3.org/1998/Math/MathML">        
          <apply>
            <divide/>
            <ci> OXY </ci>
            <cn> 0.0005 </cn>
          </apply>
        </math>
            </assignmentRule>
      <assignmentRule metaid="_334862" variable="XSP_0">
        <math xmlns="http://www.w3.org/1998/Math/MathML">        
          <apply>
            <divide/>
            <ci> XSP </ci>
            <cn type="e-notation">6 <sep/> -5 </cn>
          </apply>
        </math>
            </assignmentRule>
      <assignmentRule metaid="_334865" variable="TP2_0">
        <math xmlns="http://www.w3.org/1998/Math/MathML">        
          <apply>
            <divide/>
            <ci> TP2 </ci>
            <cn> 0.0015 </cn>
          </apply>
        </math>
            </assignmentRule>
      <assignmentRule metaid="_334868" variable="DBP_0">
        <math xmlns="http://www.w3.org/1998/Math/MathML">        
          <apply>
            <divide/>
            <ci> DBP </ci>
            <cn> 0.025 </cn>
          </apply>
        </math>
            </assignmentRule>
      <assignmentRule metaid="_334871" variable="PUE_0">
        <math xmlns="http://www.w3.org/1998/Math/MathML">        
          <apply>
            <divide/>
            <ci> PUE </ci>
            <cn type="e-notation">3.06 <sep/> -6 </cn>
          </apply>
        </math>
            </assignmentRule>
      <assignmentRule metaid="_334874" variable="PPP_0">
        <math xmlns="http://www.w3.org/1998/Math/MathML">        
          <apply>
            <divide/>
            <ci> PPP </ci>
            <cn> 3.06 </cn>
          </apply>
        </math>
            </assignmentRule>
      <assignmentRule metaid="_334877" variable="AGP_0">
        <math xmlns="http://www.w3.org/1998/Math/MathML">        
          <apply>
            <divide/>
            <ci> AGP </ci>
            <cn> 0.0013 </cn>
          </apply>
        </math>
            </assignmentRule>
      <assignmentRule metaid="_334880" variable="MOD_0">
        <math xmlns="http://www.w3.org/1998/Math/MathML">        
          <apply>
            <divide/>
            <ci> MOD </ci>
            <cn type="e-notation">5 <sep/> -5 </cn>
          </apply>
        </math>
            </assignmentRule>
      <assignmentRule metaid="_334883" variable="MOB_0">
        <math xmlns="http://www.w3.org/1998/Math/MathML">        
          <apply>
            <divide/>
            <ci> MOB </ci>
            <cn> 0.0001 </cn>
          </apply>
        </math>
            </assignmentRule>
      <assignmentRule metaid="_334886" variable="MOX_0">
        <math xmlns="http://www.w3.org/1998/Math/MathML">        
          <apply>
            <divide/>
            <ci> MOX </ci>
            <cn type="e-notation">5 <sep/> -5 </cn>
          </apply>
        </math>
            </assignmentRule>
    </listOfRules>
    <listOfReactions>
      <reaction id="r_1" metaid="_334689" name="reaction 1" reversible="false" sboTerm="SBO:0000177">
        <annotation>
          <rdf:RDF xmlns:rdf="http://www.w3.org/1999/02/22-rdf-syntax-ns#" xmlns:bqmodel="http://biomodels.net/model-qualifiers/" xmlns:bqbiol="http://biomodels.net/biology-qualifiers/">
            <rdf:Description rdf:about="#_334689">
              <bqbiol:isPartOf>
	<rdf:Bag>
	<rdf:li rdf:resource="http://identifiers.org/ec-code/2.7.1.1"/>
	</rdf:Bag>
	</bqbiol:isPartOf>
	
	<bqbiol:isPartOf>
	<rdf:Bag>
	<rdf:li rdf:resource="http://identifiers.org/kegg.reaction/R00299"/>
	<rdf:li rdf:resource="http://identifiers.org/go/GO:0004396"/>
	</rdf:Bag>
	</bqbiol:isPartOf>
	</rdf:Description>
	
          </rdf:RDF>
        </annotation>
              <listOfReactants>
          <speciesReference metaid="_944062" species="GLU"/>
          <speciesReference metaid="_944074" species="ENZ"/>
        </listOfReactants>
        <listOfProducts>
          <speciesReference metaid="_944086" species="ENG"/>
        </listOfProducts>
        <kineticLaw metaid="_944098">
          <math xmlns="http://www.w3.org/1998/Math/MathML">          
            <apply>
              <times/>
              <ci> cell </ci>
              <cn type="e-notation">1 <sep/> -6 </cn>
              <ci> k </ci>
              <ci> GLU </ci>
              <ci> ENZ </ci>
            </apply>
          </math>
                  <listOfParameters>
            <parameter id="k" metaid="_334753" units="per_M_per_s" value="3E9"/>
          </listOfParameters>
        </kineticLaw>
      </reaction>
      <reaction id="r_2" metaid="_334692" name="reaction 2" reversible="false" sboTerm="SBO:0000216">
        <annotation>
          <rdf:RDF xmlns:rdf="http://www.w3.org/1999/02/22-rdf-syntax-ns#" xmlns:bqmodel="http://biomodels.net/model-qualifiers/" xmlns:bqbiol="http://biomodels.net/biology-qualifiers/">
            <rdf:Description rdf:about="#_334692">
              <bqbiol:isPartOf>
	<rdf:Bag>
	<rdf:li rdf:resource="http://identifiers.org/go/GO:0004396"/>
	</rdf:Bag>
	</bqbiol:isPartOf>
	
	<bqbiol:isPartOf>
	<rdf:Bag>
	<rdf:li rdf:resource="http://identifiers.org/ec-code/2.7.1.1"/>
	<rdf:li rdf:resource="http://identifiers.org/kegg.reaction/R00299"/>
	</rdf:Bag>
	</bqbiol:isPartOf>
	</rdf:Description>
	
          </rdf:RDF>
        </annotation>
              <listOfReactants>
          <speciesReference metaid="_944110" species="ENG"/>
          <speciesReference metaid="_944122" species="TP1"/>
        </listOfReactants>
        <listOfProducts>
          <speciesReference metaid="_944134" species="ADP"/>
          <speciesReference metaid="_944146" species="GLP"/>
          <speciesReference metaid="_944158" species="ENZ"/>
        </listOfProducts>
        <kineticLaw metaid="_944171">
          <math xmlns="http://www.w3.org/1998/Math/MathML">          
            <apply>
              <times/>
              <ci> cell </ci>
              <cn type="e-notation">1 <sep/> -6 </cn>
              <ci> k </ci>
              <ci> ENG </ci>
              <ci> TP1 </ci>
            </apply>
          </math>
                  <listOfParameters>
            <parameter id="k" metaid="_334754" units="per_M_per_s" value="1E10"/>
          </listOfParameters>
        </kineticLaw>
      </reaction>
      <reaction id="r_3" metaid="_334695" name="reaction 3" reversible="false" sboTerm="SBO:0000177">
        <annotation>
          <rdf:RDF xmlns:rdf="http://www.w3.org/1999/02/22-rdf-syntax-ns#" xmlns:bqmodel="http://biomodels.net/model-qualifiers/" xmlns:bqbiol="http://biomodels.net/biology-qualifiers/">
            <rdf:Description rdf:about="#_334695">
	<bqbiol:isPartOf>
	<rdf:Bag>
	<rdf:li rdf:resource="http://identifiers.org/ec-code/2.7.1.4"/>
	<rdf:li rdf:resource="http://identifiers.org/kegg.reaction/R04779"/>
	<rdf:li rdf:resource="http://identifiers.org/go/GO:0008865"/>
	</rdf:Bag>
	</bqbiol:isPartOf>
	</rdf:Description>
	
          </rdf:RDF>
        </annotation>
              <listOfReactants>
          <speciesReference metaid="_944183" species="GLP"/>
          <speciesReference metaid="_944195" species="ETZ"/>
        </listOfReactants>
        <listOfProducts>
          <speciesReference metaid="_944207" species="ETG"/>
        </listOfProducts>
        <kineticLaw metaid="_944219">
          <math xmlns="http://www.w3.org/1998/Math/MathML">          
            <apply>
              <times/>
              <ci> cell </ci>
              <cn type="e-notation">1 <sep/> -6 </cn>
              <ci> k </ci>
              <ci> GLP </ci>
              <ci> ETZ </ci>
            </apply>
          </math>
                  <listOfParameters>
            <parameter id="k" metaid="_334757" units="per_M_per_s" value="4E10"/>
          </listOfParameters>
        </kineticLaw>
      </reaction>
      <reaction id="r_4" metaid="_334698" name="reaction 4" reversible="false" sboTerm="SBO:0000216">
        <annotation>
          <rdf:RDF xmlns:rdf="http://www.w3.org/1999/02/22-rdf-syntax-ns#" xmlns:bqmodel="http://biomodels.net/model-qualifiers/" xmlns:bqbiol="http://biomodels.net/biology-qualifiers/">
            <rdf:Description rdf:about="#_334698">
              <bqbiol:isPartOf>
	<rdf:Bag>
	<rdf:li rdf:resource="http://identifiers.org/ec-code/2.7.1.4"/>
	</rdf:Bag>
	</bqbiol:isPartOf>
	
	<bqbiol:isPartOf>
	<rdf:Bag>
	<rdf:li rdf:resource="http://identifiers.org/kegg.reaction/R04779"/>
	<rdf:li rdf:resource="http://identifiers.org/go/GO:0008865"/>
	</rdf:Bag>
	</bqbiol:isPartOf>
	</rdf:Description>
	
          </rdf:RDF>
        </annotation>
              <listOfReactants>
          <speciesReference metaid="_944231" species="ETG"/>
          <speciesReference metaid="_944243" species="TP1"/>
        </listOfReactants>
        <listOfProducts>
          <speciesReference metaid="_944255" species="GPP"/>
          <speciesReference metaid="_944267" species="ETZ"/>
          <speciesReference metaid="_944279" species="ADP"/>
        </listOfProducts>
        <kineticLaw metaid="_944291">
          <math xmlns="http://www.w3.org/1998/Math/MathML">          
            <apply>
              <times/>
              <ci> cell </ci>
              <cn type="e-notation">1 <sep/> -6 </cn>
              <ci> k </ci>
              <ci> ETG </ci>
              <ci> TP1 </ci>
            </apply>
          </math>
                  <listOfParameters>
            <parameter id="k" metaid="_334758" units="per_M_per_s" value="4E10"/>
          </listOfParameters>
        </kineticLaw>
      </reaction>
      <reaction id="r_5" metaid="_334701" name="reaction 5" reversible="false" sboTerm="SBO:0000376">
        <annotation>
          <rdf:RDF xmlns:rdf="http://www.w3.org/1999/02/22-rdf-syntax-ns#" xmlns:bqmodel="http://biomodels.net/model-qualifiers/" xmlns:bqbiol="http://biomodels.net/biology-qualifiers/">
            <rdf:Description rdf:about="#_334701">
              <bqbiol:isVersionOf>
	<rdf:Bag>
	<rdf:li rdf:resource="http://identifiers.org/go/GO:0004332"/>
	</rdf:Bag>
	</bqbiol:isVersionOf>
	
	<bqbiol:isVersionOf>
	<rdf:Bag>
	<rdf:li rdf:resource="http://identifiers.org/ec-code/4.1.2.13"/>
	<rdf:li rdf:resource="http://identifiers.org/kegg.reaction/R01068"/>
	</rdf:Bag>
	</bqbiol:isVersionOf>
	</rdf:Description>
	
          </rdf:RDF>
        </annotation>
              <listOfReactants>
          <speciesReference metaid="_944303" species="GPP"/>
        </listOfReactants>
        <listOfProducts>
          <speciesReference metaid="_944315" species="GAP"/>
          <speciesReference metaid="_944327" species="DHA"/>
        </listOfProducts>
        <kineticLaw metaid="_944339">
          <math xmlns="http://www.w3.org/1998/Math/MathML">          
            <apply>
              <times/>
              <ci> cell </ci>
              <cn type="e-notation">1 <sep/> -6 </cn>
              <ci> k </ci>
              <ci> GPP </ci>
            </apply>
          </math>
                  <listOfParameters>
            <parameter id="k" metaid="_334759" units="per_s" value="100000"/>
          </listOfParameters>
        </kineticLaw>
      </reaction>
      <reaction id="r_6" metaid="_334704" name="reaction 6" reversible="false" sboTerm="SBO:0000200">
        <annotation>
          <rdf:RDF xmlns:rdf="http://www.w3.org/1999/02/22-rdf-syntax-ns#" xmlns:bqmodel="http://biomodels.net/model-qualifiers/" xmlns:bqbiol="http://biomodels.net/biology-qualifiers/">
            <rdf:Description rdf:about="#_334704">
              <bqbiol:isPartOf>
	<rdf:Bag>
	<rdf:li rdf:resource="http://identifiers.org/go/GO:0006127"/>
	</rdf:Bag>
	</bqbiol:isPartOf>
	<bqbiol:isVersionOf>
	<rdf:Bag>
	<rdf:li rdf:resource="http://identifiers.org/kegg.reaction/R00842"/>
	</rdf:Bag>
	</bqbiol:isVersionOf>
	
	<bqbiol:isVersionOf>
	<rdf:Bag>
	<rdf:li rdf:resource="http://identifiers.org/ec-code/1.1.1.8"/>
	<rdf:li rdf:resource="http://identifiers.org/go/GO:0004367"/>
	</rdf:Bag>
	</bqbiol:isVersionOf>
	</rdf:Description>
	
          </rdf:RDF>
        </annotation>
              <listOfReactants>
          <speciesReference metaid="_944351" species="DHA"/>
          <speciesReference metaid="_944363" species="DPH"/>
        </listOfReactants>
        <listOfProducts>
          <speciesReference metaid="_944375" species="AGP"/>
          <speciesReference metaid="_944387" species="DPN"/>
        </listOfProducts>
        <kineticLaw metaid="_944399">
          <math xmlns="http://www.w3.org/1998/Math/MathML">          
            <apply>
              <times/>
              <ci> cell </ci>
              <cn type="e-notation">1 <sep/> -6 </cn>
              <ci> k </ci>
              <ci> DHA </ci>
              <ci> DPH </ci>
            </apply>
          </math>
                  <listOfParameters>
            <parameter id="k" metaid="_334762" units="per_M_per_s" value="2000000000"/>
          </listOfParameters>
        </kineticLaw>
      </reaction>
      <reaction id="r_7" metaid="_334707" name="reaction 7" reversible="false" sboTerm="SBO:0000200">
        <annotation>
          <rdf:RDF xmlns:rdf="http://www.w3.org/1999/02/22-rdf-syntax-ns#" xmlns:bqmodel="http://biomodels.net/model-qualifiers/" xmlns:bqbiol="http://biomodels.net/biology-qualifiers/">
            <rdf:Description rdf:about="#_334707">
              <bqbiol:isPartOf>
	<rdf:Bag>
	<rdf:li rdf:resource="http://identifiers.org/go/GO:0006127"/>
	</rdf:Bag>
	</bqbiol:isPartOf>
	<bqbiol:isVersionOf>
	<rdf:Bag>
	<rdf:li rdf:resource="http://identifiers.org/go/GO:0004367"/>
	</rdf:Bag>
	</bqbiol:isVersionOf>
	
	<bqbiol:isVersionOf>
	<rdf:Bag>
	<rdf:li rdf:resource="http://identifiers.org/ec-code/1.1.1.8"/>
	<rdf:li rdf:resource="http://identifiers.org/kegg.reaction/R00842"/>
	</rdf:Bag>
	</bqbiol:isVersionOf>
	</rdf:Description>
	
          </rdf:RDF>
        </annotation>
              <listOfReactants>
          <speciesReference metaid="_944411" species="AGP"/>
          <speciesReference metaid="_944424" species="DPN"/>
        </listOfReactants>
        <listOfProducts>
          <speciesReference metaid="_944436" species="DHA"/>
          <speciesReference metaid="_944448" species="DPH"/>
        </listOfProducts>
        <kineticLaw metaid="_944460">
          <math xmlns="http://www.w3.org/1998/Math/MathML">          
            <apply>
              <times/>
              <ci> cell </ci>
              <cn type="e-notation">1 <sep/> -6 </cn>
              <ci> k </ci>
              <ci> AGP </ci>
              <ci> DPN </ci>
            </apply>
          </math>
                  <listOfParameters>
            <parameter id="k" metaid="_334763" units="per_M_per_s" value="80000000"/>
          </listOfParameters>
        </kineticLaw>
      </reaction>
      <reaction id="r_8" metaid="_334710" name="reaction 8" reversible="false" sboTerm="SBO:0000176">
        <annotation>
          <rdf:RDF xmlns:rdf="http://www.w3.org/1999/02/22-rdf-syntax-ns#" xmlns:bqmodel="http://biomodels.net/model-qualifiers/" xmlns:bqbiol="http://biomodels.net/biology-qualifiers/">
            <rdf:Description rdf:about="#_334710">
	<bqbiol:isPartOf>
	<rdf:Bag>
	<rdf:li rdf:resource="http://identifiers.org/ec-code/1.2.1.12"/>
	<rdf:li rdf:resource="http://identifiers.org/kegg.reaction/R01061"/>
	<rdf:li rdf:resource="http://identifiers.org/go/GO:0008943"/>
	</rdf:Bag>
	</bqbiol:isPartOf>
	</rdf:Description>
	
          </rdf:RDF>
        </annotation>
              <listOfReactants>
          <speciesReference metaid="_944472" species="GAP"/>
          <speciesReference metaid="_944484" species="MOD"/>
        </listOfReactants>
        <listOfProducts>
          <speciesReference metaid="_944496" species="MOB"/>
          <speciesReference metaid="_944508" species="DPH"/>
        </listOfProducts>
        <kineticLaw metaid="_944520">
          <math xmlns="http://www.w3.org/1998/Math/MathML">          
            <apply>
              <times/>
              <ci> cell </ci>
              <cn type="e-notation">1 <sep/> -6 </cn>
              <ci> k </ci>
              <ci> GAP </ci>
              <ci> MOD </ci>
            </apply>
          </math>
                  <listOfParameters>
            <parameter id="k" metaid="_334764" units="per_M_per_s" value="6E11"/>
          </listOfParameters>
        </kineticLaw>
      </reaction>
      <reaction id="r_9" metaid="_334713" name="reaction 9" reversible="false" sboTerm="SBO:0000216">
        <annotation>
          <rdf:RDF xmlns:rdf="http://www.w3.org/1999/02/22-rdf-syntax-ns#" xmlns:bqmodel="http://biomodels.net/model-qualifiers/" xmlns:bqbiol="http://biomodels.net/biology-qualifiers/">
            <rdf:Description rdf:about="#_334713">
              <bqbiol:isPartOf>
	<rdf:Bag>
	<rdf:li rdf:resource="http://identifiers.org/go/GO:0008943"/>
	</rdf:Bag>
	</bqbiol:isPartOf>
	
	<bqbiol:isPartOf>
	<rdf:Bag>
	<rdf:li rdf:resource="http://identifiers.org/ec-code/1.2.1.12"/>
	<rdf:li rdf:resource="http://identifiers.org/kegg.reaction/R01061"/>
	</rdf:Bag>
	</bqbiol:isPartOf>
	</rdf:Description>
	
          </rdf:RDF>
        </annotation>
              <listOfReactants>
          <speciesReference metaid="_944532" species="MOB"/>
          <speciesReference metaid="_944544" species="PID"/>
        </listOfReactants>
        <listOfProducts>
          <speciesReference metaid="_944556" species="DGA"/>
          <speciesReference metaid="_944568" species="MOX"/>
        </listOfProducts>
        <kineticLaw metaid="_944581">
          <math xmlns="http://www.w3.org/1998/Math/MathML">          
            <apply>
              <times/>
              <ci> cell </ci>
              <cn type="e-notation">1 <sep/> -6 </cn>
              <ci> k </ci>
              <ci> MOB </ci>
              <ci> PID </ci>
            </apply>
          </math>
                  <listOfParameters>
            <parameter id="k" metaid="_334767" units="per_M_per_s" value="400000000"/>
          </listOfParameters>
        </kineticLaw>
      </reaction>
      <reaction id="r_10" metaid="_334716" name="reaction 10" reversible="false" sboTerm="SBO:0000177">
        <annotation>
          <rdf:RDF xmlns:rdf="http://www.w3.org/1999/02/22-rdf-syntax-ns#" xmlns:bqmodel="http://biomodels.net/model-qualifiers/" xmlns:bqbiol="http://biomodels.net/biology-qualifiers/">
            <rdf:Description rdf:about="#_334716">
              <bqbiol:isPartOf>
	<rdf:Bag>
	<rdf:li rdf:resource="http://identifiers.org/go/GO:0008943"/>
	</rdf:Bag>
	</bqbiol:isPartOf>
	
	<bqbiol:isPartOf>
	<rdf:Bag>
	<rdf:li rdf:resource="http://identifiers.org/ec-code/1.2.1.12"/>
	<rdf:li rdf:resource="http://identifiers.org/kegg.reaction/R01061"/>
	</rdf:Bag>
	</bqbiol:isPartOf>
	</rdf:Description>
	
          </rdf:RDF>
        </annotation>
              <listOfReactants>
          <speciesReference metaid="_944593" species="MOX"/>
          <speciesReference metaid="_944606" species="DPN"/>
        </listOfReactants>
        <listOfProducts>
          <speciesReference metaid="_944618" species="MOD"/>
        </listOfProducts>
        <kineticLaw metaid="_944630">
          <math xmlns="http://www.w3.org/1998/Math/MathML">          
            <apply>
              <times/>
              <ci> cell </ci>
              <cn type="e-notation">1 <sep/> -6 </cn>
              <ci> k </ci>
              <ci> MOX </ci>
              <ci> DPN </ci>
            </apply>
          </math>
                  <listOfParameters>
            <parameter id="k" metaid="_334768" units="per_M_per_s" value="6E9"/>
          </listOfParameters>
        </kineticLaw>
      </reaction>
      <reaction id="r_11" metaid="_334719" name="reaction 11" reversible="false" sboTerm="SBO:0000216">
        <annotation>
          <rdf:RDF xmlns:rdf="http://www.w3.org/1999/02/22-rdf-syntax-ns#" xmlns:bqmodel="http://biomodels.net/model-qualifiers/" xmlns:bqbiol="http://biomodels.net/biology-qualifiers/">
            <rdf:Description rdf:about="#_334719">
              <bqbiol:isVersionOf>
	<rdf:Bag>
	<rdf:li rdf:resource="http://identifiers.org/ec-code/2.7.2.3"/>
	</rdf:Bag>
	</bqbiol:isVersionOf>
	
	<bqbiol:isVersionOf>
	<rdf:Bag>
	<rdf:li rdf:resource="http://identifiers.org/kegg.reaction/R01512"/>
	</rdf:Bag>
	</bqbiol:isVersionOf>
	</rdf:Description>
	
          </rdf:RDF>
        </annotation>
              <listOfReactants>
          <speciesReference metaid="_944642" species="DGA"/>
          <speciesReference metaid="_944655" species="ADP"/>
        </listOfReactants>
        <listOfProducts>
          <speciesReference metaid="_944668" species="TP1"/>
          <speciesReference metaid="_944680" species="PGA"/>
        </listOfProducts>
        <kineticLaw metaid="_944693">
          <math xmlns="http://www.w3.org/1998/Math/MathML">          
            <apply>
              <times/>
              <ci> cell </ci>
              <cn type="e-notation">1 <sep/> -6 </cn>
              <ci> k </ci>
              <ci> DGA </ci>
              <ci> ADP </ci>
            </apply>
          </math>
                  <listOfParameters>
            <parameter id="k" metaid="_334769" units="per_M_per_s" value="1E10"/>
          </listOfParameters>
        </kineticLaw>
      </reaction>
      <reaction id="r_12" metaid="_334722" name="reaction 12" reversible="false" sboTerm="SBO:0000216">
        <annotation>
          <rdf:RDF xmlns:rdf="http://www.w3.org/1999/02/22-rdf-syntax-ns#" xmlns:bqmodel="http://biomodels.net/model-qualifiers/" xmlns:bqbiol="http://biomodels.net/biology-qualifiers/">
            <rdf:Description rdf:about="#_334722">
              <bqbiol:hasPart>
	<rdf:Bag>
	<rdf:li rdf:resource="http://identifiers.org/ec-code/4.2.1.11"/>
	</rdf:Bag>
	</bqbiol:hasPart>
	<bqbiol:hasPart>
	<rdf:Bag>
	<rdf:li rdf:resource="http://identifiers.org/ec-code/2.7.1.40"/>
	<rdf:li rdf:resource="http://identifiers.org/kegg.reaction/R00658"/>
	</rdf:Bag>
	</bqbiol:hasPart>
	
	<bqbiol:hasVersion>
	<rdf:Bag>
	<rdf:li rdf:resource="http://identifiers.org/kegg.reaction/R00200"/>
	<rdf:li rdf:resource="http://identifiers.org/go/GO:0004634"/>
	<rdf:li rdf:resource="http://identifiers.org/go/GO:0004743"/>
	</rdf:Bag>
	</bqbiol:hasVersion>
	</rdf:Description>
	
          </rdf:RDF>
        </annotation>
              <listOfReactants>
          <speciesReference metaid="_944705" species="PGA"/>
          <speciesReference metaid="_944718" species="ADP"/>
        </listOfReactants>
        <listOfProducts>
          <speciesReference metaid="_944730" species="TP1"/>
          <speciesReference metaid="_944742" species="PYR"/>
        </listOfProducts>
        <kineticLaw metaid="_944754">
          <math xmlns="http://www.w3.org/1998/Math/MathML">          
            <apply>
              <times/>
              <ci> cell </ci>
              <cn type="e-notation">1 <sep/> -6 </cn>
              <ci> k </ci>
              <ci> PGA </ci>
              <ci> ADP </ci>
            </apply>
          </math>
                  <listOfParameters>
            <parameter id="k" metaid="_334772" units="per_M_per_s" value="5E9"/>
          </listOfParameters>
        </kineticLaw>
      </reaction>
      <reaction id="r_13" metaid="_334725" name="reaction 13" reversible="false" sboTerm="SBO:0000200">
        <annotation>
          <rdf:RDF xmlns:rdf="http://www.w3.org/1999/02/22-rdf-syntax-ns#" xmlns:bqmodel="http://biomodels.net/model-qualifiers/" xmlns:bqbiol="http://biomodels.net/biology-qualifiers/">
            <rdf:Description rdf:about="#_334725">
              <bqbiol:isVersionOf>
	<rdf:Bag>
	<rdf:li rdf:resource="http://identifiers.org/ec-code/1.1.1.27"/>
	</rdf:Bag>
	</bqbiol:isVersionOf>
	
	<bqbiol:isVersionOf>
	<rdf:Bag>
	<rdf:li rdf:resource="http://identifiers.org/kegg.reaction/R00703"/>
	<rdf:li rdf:resource="http://identifiers.org/go/GO:0004459"/>
	</rdf:Bag>
	</bqbiol:isVersionOf>
	</rdf:Description>
	
          </rdf:RDF>
        </annotation>
              <listOfReactants>
          <speciesReference metaid="_944766" species="PYR"/>
          <speciesReference metaid="_944778" species="DPH"/>
        </listOfReactants>
        <listOfProducts>
          <speciesReference metaid="_944790" species="LAC"/>
          <speciesReference metaid="_944802" species="DPN"/>
        </listOfProducts>
        <kineticLaw metaid="_944814">
          <math xmlns="http://www.w3.org/1998/Math/MathML">          
            <apply>
              <times/>
              <ci> cell </ci>
              <cn type="e-notation">1 <sep/> -6 </cn>
              <ci> k </ci>
              <ci> PYR </ci>
              <ci> DPH </ci>
            </apply>
          </math>
                  <listOfParameters>
            <parameter id="k" metaid="_334773" units="per_M_per_s" value="500000000"/>
          </listOfParameters>
        </kineticLaw>
      </reaction>
      <reaction id="r_14" metaid="_334728" name="reaction 14" reversible="false" sboTerm="SBO:0000200">
        <annotation>
          <rdf:RDF xmlns:rdf="http://www.w3.org/1999/02/22-rdf-syntax-ns#" xmlns:bqmodel="http://biomodels.net/model-qualifiers/" xmlns:bqbiol="http://biomodels.net/biology-qualifiers/">
            <rdf:Description rdf:about="#_334728">
	<bqbiol:isVersionOf>
	<rdf:Bag>
	<rdf:li rdf:resource="http://identifiers.org/ec-code/1.1.1.27"/>
	<rdf:li rdf:resource="http://identifiers.org/kegg.reaction/R00703"/>
	<rdf:li rdf:resource="http://identifiers.org/go/GO:0004459"/>
	</rdf:Bag>
	</bqbiol:isVersionOf>
	</rdf:Description>
	
          </rdf:RDF>
        </annotation>
              <listOfReactants>
          <speciesReference metaid="_944826" species="LAC"/>
          <speciesReference metaid="_944838" species="DPN"/>
        </listOfReactants>
        <listOfProducts>
          <speciesReference metaid="_944851" species="PYR"/>
          <speciesReference metaid="_944864" species="DPH"/>
        </listOfProducts>
        <kineticLaw metaid="_944876">
          <math xmlns="http://www.w3.org/1998/Math/MathML">          
            <apply>
              <times/>
              <ci> cell </ci>
              <cn type="e-notation">1 <sep/> -6 </cn>
              <ci> k </ci>
              <ci> LAC </ci>
              <ci> DPN </ci>
            </apply>
          </math>
                  <listOfParameters>
            <parameter id="k" metaid="_334774" units="per_M_per_s" value="10000000"/>
          </listOfParameters>
        </kineticLaw>
      </reaction>
      <reaction id="r_15" metaid="_334731" name="reaction 15" reversible="false" sboTerm="SBO:0000200">
        <annotation>
          <rdf:RDF xmlns:rdf="http://www.w3.org/1999/02/22-rdf-syntax-ns#" xmlns:bqmodel="http://biomodels.net/model-qualifiers/" xmlns:bqbiol="http://biomodels.net/biology-qualifiers/">
            <rdf:Description rdf:about="#_334731">
              <bqbiol:isVersionOf>
	<rdf:Bag>
	<rdf:li rdf:resource="http://identifiers.org/go/GO:0042867"/>
	</rdf:Bag>
	</bqbiol:isVersionOf>
	
	<bqbiol:hasVersion>
	<rdf:Bag>
	<rdf:li rdf:resource="http://identifiers.org/go/GO:0006099"/>
	</rdf:Bag>
	</bqbiol:hasVersion>
	</rdf:Description>
	
          </rdf:RDF>
        </annotation>
              <listOfReactants>
          <speciesReference metaid="_944888" species="PYR"/>
          <speciesReference metaid="_944900" species="DIN" stoichiometry="4"/>
        </listOfReactants>
        <listOfProducts>
          <speciesReference metaid="_944912" species="DIH" stoichiometry="4"/>
        </listOfProducts>
        <kineticLaw metaid="_944924">
          <math xmlns="http://www.w3.org/1998/Math/MathML">          
            <apply>
              <times/>
              <ci> cell </ci>
              <cn type="e-notation">1 <sep/> -6 </cn>
              <ci> k </ci>
              <ci> PYR </ci>
              <ci> DIN </ci>
            </apply>
          </math>
                  <listOfParameters>
            <parameter id="k" metaid="_334777" units="per_M_per_s" value="20000000"/>
          </listOfParameters>
        </kineticLaw>
      </reaction>
      <reaction id="r_16" metaid="_334734" name="reaction 16" reversible="false" sboTerm="SBO:0000200">
        <annotation>
          <rdf:RDF xmlns:rdf="http://www.w3.org/1999/02/22-rdf-syntax-ns#" xmlns:bqmodel="http://biomodels.net/model-qualifiers/" xmlns:bqbiol="http://biomodels.net/biology-qualifiers/">
            <rdf:Description rdf:about="#_334734">
	<bqbiol:isVersionOf>
	<rdf:Bag>
	<rdf:li rdf:resource="http://identifiers.org/go/GO:0019646"/>
	</rdf:Bag>
	</bqbiol:isVersionOf>
	</rdf:Description>
	
          </rdf:RDF>
        </annotation>
              <listOfReactants>
          <speciesReference metaid="_944936" species="DIH"/>
          <speciesReference metaid="_944948" species="XI" stoichiometry="3"/>
          <speciesReference metaid="_944960" species="OXY"/>
        </listOfReactants>
        <listOfProducts>
          <speciesReference metaid="_944972" species="XSI" stoichiometry="3"/>
          <speciesReference metaid="_944984" species="DIN"/>
        </listOfProducts>
        <kineticLaw metaid="_944996">
          <math xmlns="http://www.w3.org/1998/Math/MathML">          
            <apply>
              <times/>
              <ci> cell </ci>
              <cn type="e-notation">1 <sep/> -6 </cn>
              <ci> k </ci>
              <ci> DIH </ci>
              <ci> XI </ci>
              <ci> OXY </ci>
            </apply>
          </math>
                  <listOfParameters>
            <parameter id="k" metaid="_334778" units="per_M_squared_per_s" value="7.5E12"/>
          </listOfParameters>
        </kineticLaw>
      </reaction>
      <reaction id="r_17" metaid="_334737" name="reaction 17" reversible="false" sboTerm="SBO:0000216">
        <annotation>
          <rdf:RDF xmlns:rdf="http://www.w3.org/1999/02/22-rdf-syntax-ns#" xmlns:bqmodel="http://biomodels.net/model-qualifiers/" xmlns:bqbiol="http://biomodels.net/biology-qualifiers/">
            <rdf:Description rdf:about="#_334737">
	<bqbiol:isPartOf>
	<rdf:Bag>
	<rdf:li rdf:resource="http://identifiers.org/go/GO:0006119"/>
	</rdf:Bag>
	</bqbiol:isPartOf>
	</rdf:Description>
	
          </rdf:RDF>
        </annotation>
              <listOfReactants>
          <speciesReference metaid="_945008" species="XSI"/>
          <speciesReference metaid="_945020" species="PID"/>
        </listOfReactants>
        <listOfProducts>
          <speciesReference metaid="_945032" species="XSP"/>
        </listOfProducts>
        <kineticLaw metaid="_945044">
          <math xmlns="http://www.w3.org/1998/Math/MathML">          
            <apply>
              <times/>
              <ci> cell </ci>
              <cn type="e-notation">1 <sep/> -6 </cn>
              <ci> k </ci>
              <ci> XSI </ci>
              <ci> PID </ci>
            </apply>
          </math>
                  <listOfParameters>
            <parameter id="k" metaid="_334779" units="per_M_per_s" value="400000000"/>
          </listOfParameters>
        </kineticLaw>
      </reaction>
      <reaction id="r_18" metaid="_334740" name="reaction 18" reversible="false" sboTerm="SBO:0000216">
        <annotation>
          <rdf:RDF xmlns:rdf="http://www.w3.org/1999/02/22-rdf-syntax-ns#" xmlns:bqmodel="http://biomodels.net/model-qualifiers/" xmlns:bqbiol="http://biomodels.net/biology-qualifiers/">
            <rdf:Description rdf:about="#_334740">
	<bqbiol:isPartOf>
	<rdf:Bag>
	<rdf:li rdf:resource="http://identifiers.org/go/GO:0006119"/>
	</rdf:Bag>
	</bqbiol:isPartOf>
	</rdf:Description>
	
          </rdf:RDF>
        </annotation>
              <listOfReactants>
          <speciesReference metaid="_945056" species="XSP"/>
          <speciesReference metaid="_945068" species="ADP"/>
        </listOfReactants>
        <listOfProducts>
          <speciesReference metaid="_945080" species="TP2"/>
          <speciesReference metaid="_945092" species="XI"/>
        </listOfProducts>
        <kineticLaw metaid="_945104">
          <math xmlns="http://www.w3.org/1998/Math/MathML">          
            <apply>
              <times/>
              <ci> cell </ci>
              <cn type="e-notation">1 <sep/> -6 </cn>
              <ci> k </ci>
              <ci> XSP </ci>
              <ci> ADP </ci>
            </apply>
          </math>
                  <listOfParameters>
            <parameter id="k" metaid="_334782" units="per_M_per_s" value="1.5E10"/>
          </listOfParameters>
        </kineticLaw>
      </reaction>
      <reaction id="r_19" metaid="_334743" name="reaction 19" reversible="false" sboTerm="SBO:0000200">
        <annotation>
          <rdf:RDF xmlns:rdf="http://www.w3.org/1999/02/22-rdf-syntax-ns#" xmlns:bqmodel="http://biomodels.net/model-qualifiers/" xmlns:bqbiol="http://biomodels.net/biology-qualifiers/">
            <rdf:Description rdf:about="#_334743">
	<bqbiol:isVersionOf>
	<rdf:Bag>
	<rdf:li rdf:resource="http://identifiers.org/go/GO:0022900"/>
	</rdf:Bag>
	</bqbiol:isVersionOf>
	</rdf:Description>
	
          </rdf:RDF>
        </annotation>
              <listOfReactants>
          <speciesReference metaid="_945116" species="XSI"/>
        </listOfReactants>
        <listOfProducts>
          <speciesReference metaid="_945128" species="XI"/>
        </listOfProducts>
        <listOfModifiers>
          <modifierSpeciesReference metaid="_945140" species="DBP"/>
        </listOfModifiers>
        <kineticLaw metaid="_945152">
          <math xmlns="http://www.w3.org/1998/Math/MathML">          
            <apply>
              <times/>
              <ci> cell </ci>
              <cn type="e-notation">1 <sep/> -6 </cn>
              <ci> k </ci>
              <ci> XSI </ci>
              <ci> DBP </ci>
            </apply>
          </math>
                  <listOfParameters>
            <parameter id="k" metaid="_334783" units="per_M_per_s" value="120000000"/>
          </listOfParameters>
        </kineticLaw>
      </reaction>
      <reaction id="r_20" metaid="_334746" name="reaction 20" reversible="false" sboTerm="SBO:0000185">
        <annotation>
          <rdf:RDF xmlns:rdf="http://www.w3.org/1999/02/22-rdf-syntax-ns#" xmlns:bqmodel="http://biomodels.net/model-qualifiers/" xmlns:bqbiol="http://biomodels.net/biology-qualifiers/">
            <rdf:Description rdf:about="#_334746">
	<bqbiol:isVersionOf>
	<rdf:Bag>
	<rdf:li rdf:resource="http://identifiers.org/go/GO:0015867"/>
	</rdf:Bag>
	</bqbiol:isVersionOf>
	</rdf:Description>
	
          </rdf:RDF>
        </annotation>
              <listOfReactants>
          <speciesReference metaid="_945164" species="TP2"/>
        </listOfReactants>
        <listOfProducts>
          <speciesReference metaid="_945176" species="TP1"/>
        </listOfProducts>
        <listOfModifiers>
          <modifierSpeciesReference metaid="_945188" species="DBP"/>
        </listOfModifiers>
        <kineticLaw metaid="_945200">
          <math xmlns="http://www.w3.org/1998/Math/MathML">          
            <apply>
              <times/>
              <ci> cell </ci>
              <cn type="e-notation">1 <sep/> -6 </cn>
              <ci> k </ci>
              <ci> TP2 </ci>
              <ci> DBP </ci>
            </apply>
          </math>
                  <listOfParameters>
            <parameter id="k" metaid="_334784" units="per_M_per_s" value="4000000"/>
          </listOfParameters>
        </kineticLaw>
      </reaction>
      <reaction id="r_21" metaid="_334749" name="reaction 21" reversible="false" sboTerm="SBO:0000177">
        <annotation>
          <rdf:RDF xmlns:rdf="http://www.w3.org/1999/02/22-rdf-syntax-ns#" xmlns:bqmodel="http://biomodels.net/model-qualifiers/" xmlns:bqbiol="http://biomodels.net/biology-qualifiers/">
            <rdf:Description rdf:about="#_334749">
	<bqbiol:isVersionOf>
	<rdf:Bag>
	<rdf:li rdf:resource="http://identifiers.org/go/GO:0005524"/>
	</rdf:Bag>
	</bqbiol:isVersionOf>
	</rdf:Description>
	
          </rdf:RDF>
        </annotation>
              <listOfReactants>
          <speciesReference metaid="_945212" species="TP1"/>
          <speciesReference metaid="_945224" species="PUE"/>
        </listOfReactants>
        <listOfProducts>
          <speciesReference metaid="_945236" species="PPP"/>
        </listOfProducts>
        <kineticLaw metaid="_945248">
          <math xmlns="http://www.w3.org/1998/Math/MathML">          
            <apply>
              <times/>
              <ci> cell </ci>
              <cn type="e-notation">1 <sep/> -6 </cn>
              <ci> k </ci>
              <ci> TP1 </ci>
              <ci> PUE </ci>
            </apply>
          </math>
                  <listOfParameters>
            <parameter id="k" metaid="_334787" units="per_M_per_s" value="3E9"/>
          </listOfParameters>
        </kineticLaw>
      </reaction>
      <reaction id="r_22" metaid="_334752" name="reaction 22" reversible="false" sboTerm="SBO:0000330">
        <annotation>
          <rdf:RDF xmlns:rdf="http://www.w3.org/1999/02/22-rdf-syntax-ns#" xmlns:bqmodel="http://biomodels.net/model-qualifiers/" xmlns:bqbiol="http://biomodels.net/biology-qualifiers/">
            <rdf:Description rdf:about="#_334752">
	<bqbiol:isVersionOf>
	<rdf:Bag>
	<rdf:li rdf:resource="http://identifiers.org/go/GO:0006200"/>
	</rdf:Bag>
	</bqbiol:isVersionOf>
	</rdf:Description>
	
          </rdf:RDF>
        </annotation>
              <listOfReactants>
          <speciesReference metaid="_945260" species="PPP"/>
        </listOfReactants>
        <listOfProducts>
          <speciesReference metaid="_945272" species="ADP"/>
          <speciesReference metaid="_945284" species="PUE"/>
          <speciesReference metaid="_945296" species="PID"/>
        </listOfProducts>
        <kineticLaw metaid="_945308">
          <math xmlns="http://www.w3.org/1998/Math/MathML">          
            <apply>
              <times/>
              <ci> cell </ci>
              <cn type="e-notation">1 <sep/> -6 </cn>
              <ci> k </ci>
              <ci> PPP </ci>
            </apply>
          </math>
                  <listOfParameters>
            <parameter id="k" metaid="_334788" units="per_s" value="2000000"/>
          </listOfParameters>
        </kineticLaw>
      </reaction>
    </listOfReactions>
    <listOfEvents>
      <event id="e_1" metaid="_334789" name="addition of glucose">
        <trigger metaid="_945320">
          <math xmlns="http://www.w3.org/1998/Math/MathML">          
            <apply>
              <geq/>
              <csymbol encoding="text" definitionURL="http://www.sbml.org/sbml/symbols/time"> time </csymbol>
              <cn type="integer"> 64 </cn>
            </apply>
          </math>
                </trigger>
        <listOfEventAssignments>
          <eventAssignment metaid="_945332" variable="GLU">
            <math xmlns="http://www.w3.org/1998/Math/MathML">            
              <cn> 0.003 </cn>
            </math>
                    </eventAssignment>
        </listOfEventAssignments>
      </event>
      <event id="e_2" metaid="_334792" name="addition of uncoupling agent">
        <trigger metaid="_945344">
          <math xmlns="http://www.w3.org/1998/Math/MathML">          
            <apply>
              <geq/>
              <csymbol encoding="text" definitionURL="http://www.sbml.org/sbml/symbols/time"> time </csymbol>
              <cn type="integer"> 119 </cn>
            </apply>
          </math>
                </trigger>
        <listOfEventAssignments>
          <eventAssignment metaid="_945356" variable="DBP">
            <math xmlns="http://www.w3.org/1998/Math/MathML">            
              <cn> 0.025 </cn>
            </math>
                    </eventAssignment>
        </listOfEventAssignments>
      </event>
    </listOfEvents>
  </model>
</sbml>
