<?xml version="1.0" encoding="UTF-8" standalone="no"?>
<sbml xmlns="http://www.sbml.org/sbml/level2/version4" xmlns:bqbiol="http://biomodels.net/biology-qualifiers/" xmlns:bqmodel="http://biomodels.net/model-qualifiers/" xmlns:dc="http://purl.org/dc/elements/1.1/" xmlns:dcterms="http://purl.org/dc/terms/" xmlns:rdf="http://www.w3.org/1999/02/22-rdf-syntax-ns#" xmlns:vCard="http://www.w3.org/2001/vcard-rdf/3.0#" level="2" metaid="_366532a1_7a47_4d87_85ba_7d5cdf33f0b2" version="4">
  <model id="BIOMD0000000458" metaid="meta_serine" name="Smallbone2013 - Serine biosynthesis">
    <notes>
      <body xmlns="http://www.w3.org/1999/xhtml">
        <div class="dc:title">Smallbone2013 - Serine biosynthesis</div>
            <div class="dc:description">      <p>Kinetic modelling of metabolic pathways in application to Serine biosynthesis.</p>
                </div>
            <div class="dc:bibliographicCitation">      <p>This model is described in the article:</p>
                <div class="bibo:title">        <a href="http://identifiers.org/pubmed/23417802" title="Access to this publication">Kinetic Modeling of Metabolic Pathways: Application to Serine Biosynthesis</a>
                    </div>
                <div class="bibo:authorList">Kieran Smallbone, Natalie J. Stanford</div>
                <div class="bibo:Journal">Methods in Molecular Biology. 2013; 985:113-121</div>
                <p>Abstract:</p>
                <div class="bibo:abstract">        <p>In this chapter, we describe the steps needed to create a kinetic model of a metabolic pathway using kinetic data from both experimental measurements and literature review. Our methodology is presented by using the example of serine biosynthesis in E. coli.</p>
                    </div>
                </div>
            <div class="bm:curation">      <p>As there are no plots to be reproduced as curation figure, table 6 and 7 that corresponds to steady state concentration of metabolite and steady state fluxes of reactions has been reproduced.</p>
                </div>
            <div class="dc:publisher">      <p>This model is hosted on        <a href="http://www.ebi.ac.uk/biomodels/">BioModels Database</a>
            and identified
by:        <a href="http://identifiers.org/biomodels.db/BIOMD0000000458">BIOMD0000000458</a>
            .        </p>
                <p>To cite BioModels Database, please use:        <a href="http://identifiers.org/pubmed/20587024" title="Latest BioModels Database publication">BioModels Database: An enhanced, curated and annotated resource
for published quantitative kinetic models</a>
            .        </p>
                </div>
            <div class="dc:license">      <p>To the extent possible under law, all copyright and related or
neighbouring rights to this encoded model have been dedicated to the public
domain worldwide. Please refer to        <a href="http://creativecommons.org/publicdomain/zero/1.0/" title="Access to: CC0 1.0 Universal (CC0 1.0), Public Domain Dedication">CC0 Public Domain
Dedication</a>
            for more information.        </p>
                </div>
            </body>
      
    </notes>
    <annotation>
      <rdf:RDF xmlns:rdf="http://www.w3.org/1999/02/22-rdf-syntax-ns#" xmlns:bqmodel="http://biomodels.net/model-qualifiers/" xmlns:vCard="http://www.w3.org/2001/vcard-rdf/3.0#" xmlns:dc="http://purl.org/dc/elements/1.1/" xmlns:dcterms="http://purl.org/dc/terms/" xmlns:bqbiol="http://biomodels.net/biology-qualifiers/">
        <rdf:Description rdf:about="#meta_serine">
	<dc:creator>
	<rdf:Bag>
	<rdf:li rdf:parseType="Resource">
	<vCard:N rdf:parseType="Resource">
	<vCard:Family>Chelliah</vCard:Family>
	<vCard:Given>Vijayalakshmi</vCard:Given>
	</vCard:N>
	<vCard:EMAIL>viji@ebi.ac.uk</vCard:EMAIL>
	<vCard:ORG rdf:parseType="Resource">
	<vCard:Orgname>EMBL-EBI</vCard:Orgname>
	</vCard:ORG>
	</rdf:li>
	<rdf:li rdf:parseType="Resource">
	<vCard:N rdf:parseType="Resource">
	<vCard:Family>Smallbone</vCard:Family>
	<vCard:Given>Kieran</vCard:Given>
	</vCard:N>
	<vCard:EMAIL>kieran.smallbone@manchester.ac.uk</vCard:EMAIL>
	<vCard:ORG rdf:parseType="Resource">
	<vCard:Orgname>University of Manchester</vCard:Orgname>
	</vCard:ORG>
	</rdf:li>
	</rdf:Bag>
	</dc:creator>
	<dcterms:created rdf:parseType="Resource">
	<dcterms:W3CDTF>2012-03-20T00:00:00Z</dcterms:W3CDTF>
	</dcterms:created>
	<dcterms:modified rdf:parseType="Resource">
	<dcterms:W3CDTF>2013-06-10T13:56:22Z</dcterms:W3CDTF>
	</dcterms:modified>
	<bqmodel:is>
	<rdf:Bag>
	<rdf:li rdf:resource="http://identifiers.org/biomodels.db/MODEL1203210000"/>
	</rdf:Bag>
	</bqmodel:is>
	<bqmodel:is>
	<rdf:Bag>
	<rdf:li rdf:resource="http://identifiers.org/biomodels.db/BIOMD0000000458"/>
	</rdf:Bag>
	</bqmodel:is>
	<bqmodel:isDescribedBy>
	<rdf:Bag>
	<rdf:li rdf:resource="http://identifiers.org/pubmed/23417802"/>
	</rdf:Bag>
	</bqmodel:isDescribedBy>
	<bqbiol:hasTaxon>
	<rdf:Bag>
	<rdf:li rdf:resource="http://identifiers.org/taxonomy/562"/>
	</rdf:Bag>
	</bqbiol:hasTaxon>
	<bqbiol:isVersionOf>
	<rdf:Bag>
	<rdf:li rdf:resource="http://identifiers.org/go/GO:0006564"/>
	</rdf:Bag>
	</bqbiol:isVersionOf>
	</rdf:Description>
	
      </rdf:RDF>
    </annotation>
      <listOfUnitDefinitions>
      <unitDefinition id="substance" metaid="_50e38b88_2a22_46a0_8377_2d0b603384b3" name="mmol">
        <listOfUnits>
          <unit kind="mole" metaid="_08015d00_837f_4f74_896f_7578cb4fa36a" scale="-3"/>
        </listOfUnits>
      </unitDefinition>
      <unitDefinition id="mM" metaid="_35131fb7_6754_463d_a0e1_22c0642dc97d" name="mM">
        <listOfUnits>
          <unit kind="mole" metaid="_0282a9cd_7b30_42c8_a429_c6d3cf90bd66" scale="-3"/>
          <unit exponent="-1" kind="litre" metaid="fed4bdc0_0072_4db8_b74b_79539703befe"/>
        </listOfUnits>
      </unitDefinition>
      <unitDefinition id="per_s" metaid="_92ca75f4_7c78_4db9_91b8_c2e11ac6a77c" name="per s">
        <listOfUnits>
          <unit exponent="-1" kind="second" metaid="b83470a9_0fa2_4f0d_bfa9_83eeeccbf571"/>
        </listOfUnits>
      </unitDefinition>
    </listOfUnitDefinitions>
    <listOfCompartments>
      <compartment id="cell" metaid="meta_cell" name="cell" sboTerm="SBO:0000290" size="1">
        <annotation>
          <rdf:RDF xmlns:rdf="http://www.w3.org/1999/02/22-rdf-syntax-ns#" xmlns:bqmodel="http://biomodels.net/model-qualifiers/" xmlns:bqbiol="http://biomodels.net/biology-qualifiers/">
            <rdf:Description rdf:about="#meta_cell">
	<bqbiol:is>
	<rdf:Bag>
	<rdf:li rdf:resource="http://identifiers.org/go/GO:0005622"/>
	</rdf:Bag>
	</bqbiol:is>
	</rdf:Description>
	
          </rdf:RDF>
        </annotation>
            </compartment>
    </listOfCompartments>
    <listOfSpecies>
      <species boundaryCondition="true" compartment="cell" constant="true" id="p3g" initialConcentration="2.36" metaid="meta_p3g" name="3-phosphoglycerate" sboTerm="SBO:0000247">
        <annotation>
          <rdf:RDF xmlns:rdf="http://www.w3.org/1999/02/22-rdf-syntax-ns#" xmlns:bqmodel="http://biomodels.net/model-qualifiers/" xmlns:bqbiol="http://biomodels.net/biology-qualifiers/">
            <rdf:Description rdf:about="#meta_p3g">
	<bqbiol:is>
	<rdf:Bag>
	<rdf:li rdf:resource="http://identifiers.org/chebi/CHEBI:58272"/>
	</rdf:Bag>
	</bqbiol:is>
	</rdf:Description>
	
          </rdf:RDF>
        </annotation>
            </species>
      <species compartment="cell" id="php" initialConcentration="0.6" metaid="meta_php" name="phosphohydroxypyruvate" sboTerm="SBO:0000247">
        <annotation>
          <rdf:RDF xmlns:rdf="http://www.w3.org/1999/02/22-rdf-syntax-ns#" xmlns:bqmodel="http://biomodels.net/model-qualifiers/" xmlns:bqbiol="http://biomodels.net/biology-qualifiers/">
            <rdf:Description rdf:about="#meta_php">
	<bqbiol:is>
	<rdf:Bag>
	<rdf:li rdf:resource="http://identifiers.org/chebi/CHEBI:18110"/>
	</rdf:Bag>
	</bqbiol:is>
	</rdf:Description>
	
          </rdf:RDF>
        </annotation>
            </species>
      <species compartment="cell" id="pser" initialConcentration="0.09" metaid="meta_pser" name="phosphoserine" sboTerm="SBO:0000247">
        <annotation>
          <rdf:RDF xmlns:rdf="http://www.w3.org/1999/02/22-rdf-syntax-ns#" xmlns:bqmodel="http://biomodels.net/model-qualifiers/" xmlns:bqbiol="http://biomodels.net/biology-qualifiers/">
            <rdf:Description rdf:about="#meta_pser">
	<bqbiol:is>
	<rdf:Bag>
	<rdf:li rdf:resource="http://identifiers.org/chebi/CHEBI:57524"/>
	</rdf:Bag>
	</bqbiol:is>
	</rdf:Description>
	
          </rdf:RDF>
        </annotation>
            </species>
      <species boundaryCondition="true" compartment="cell" constant="true" id="ser" initialConcentration="4.9" metaid="meta_ser" name="serine" sboTerm="SBO:0000247">
        <annotation>
          <rdf:RDF xmlns:rdf="http://www.w3.org/1999/02/22-rdf-syntax-ns#" xmlns:bqmodel="http://biomodels.net/model-qualifiers/" xmlns:bqbiol="http://biomodels.net/biology-qualifiers/">
            <rdf:Description rdf:about="#meta_ser">
	<bqbiol:is>
	<rdf:Bag>
	<rdf:li rdf:resource="http://identifiers.org/chebi/CHEBI:17115"/>
	</rdf:Bag>
	</bqbiol:is>
	</rdf:Description>
	
          </rdf:RDF>
        </annotation>
            </species>
      <species boundaryCondition="true" compartment="cell" constant="true" id="serA" initialConcentration="1.15" metaid="meta_serA" name="serA" sboTerm="SBO:0000252">
        <annotation>
          <rdf:RDF xmlns:rdf="http://www.w3.org/1999/02/22-rdf-syntax-ns#" xmlns:bqmodel="http://biomodels.net/model-qualifiers/" xmlns:bqbiol="http://biomodels.net/biology-qualifiers/">
            <rdf:Description rdf:about="#meta_serA">
	<bqbiol:is>
	<rdf:Bag>
	<rdf:li rdf:resource="http://identifiers.org/uniprot/P0A9T0"/>
	</rdf:Bag>
	</bqbiol:is>
	</rdf:Description>
	
          </rdf:RDF>
        </annotation>
            </species>
      <species boundaryCondition="true" compartment="cell" constant="true" id="serC" initialConcentration="0.1" metaid="meta_serC" name="serC" sboTerm="SBO:0000252">
        <annotation>
          <rdf:RDF xmlns:rdf="http://www.w3.org/1999/02/22-rdf-syntax-ns#" xmlns:bqmodel="http://biomodels.net/model-qualifiers/" xmlns:bqbiol="http://biomodels.net/biology-qualifiers/">
            <rdf:Description rdf:about="#meta_serC">
	<bqbiol:is>
	<rdf:Bag>
	<rdf:li rdf:resource="http://identifiers.org/uniprot/P23721"/>
	</rdf:Bag>
	</bqbiol:is>
	</rdf:Description>
	
          </rdf:RDF>
        </annotation>
            </species>
      <species boundaryCondition="true" compartment="cell" constant="true" id="serB" initialConcentration="0.25" metaid="meta_serB" name="serB" sboTerm="SBO:0000252">
        <annotation>
          <rdf:RDF xmlns:rdf="http://www.w3.org/1999/02/22-rdf-syntax-ns#" xmlns:bqmodel="http://biomodels.net/model-qualifiers/" xmlns:bqbiol="http://biomodels.net/biology-qualifiers/">
            <rdf:Description rdf:about="#meta_serB">
	<bqbiol:is>
	<rdf:Bag>
	<rdf:li rdf:resource="http://identifiers.org/uniprot/P0AGB0"/>
	</rdf:Bag>
	</bqbiol:is>
	</rdf:Description>
	
          </rdf:RDF>
        </annotation>
            </species>
    </listOfSpecies>
    <listOfReactions>
      <reaction id="PDH" metaid="meta_PDH" name="phosphoglycerate dehydrogenase" sboTerm="SBO:0000176">
        <annotation>
          <rdf:RDF xmlns:rdf="http://www.w3.org/1999/02/22-rdf-syntax-ns#" xmlns:bqmodel="http://biomodels.net/model-qualifiers/" xmlns:bqbiol="http://biomodels.net/biology-qualifiers/">
            <rdf:Description rdf:about="#meta_PDH">
	<bqbiol:is>
	<rdf:Bag>
	<rdf:li rdf:resource="http://identifiers.org/ec-code/1.1.1.95"/>
	</rdf:Bag>
	</bqbiol:is>
	</rdf:Description>
	
          </rdf:RDF>
        </annotation>
              <listOfReactants>
          <speciesReference metaid="_8047280e_34af_42d0_a5d0_429a5caf6a44" species="p3g"/>
        </listOfReactants>
        <listOfProducts>
          <speciesReference metaid="a7f59278_2428_41e9_9385_56b8fc06d66f" species="php"/>
        </listOfProducts>
        <listOfModifiers>
          <modifierSpeciesReference metaid="_7b1a9ea1_0add_4e52_be5f_b363407a7f39" species="serA"/>
          <modifierSpeciesReference metaid="accb811c_e928_4bed_aa23_3497bbd294b1" species="ser"/>
          <modifierSpeciesReference metaid="_6948e0aa_d585_4d1d_9e3a_7476e8a090a5" species="serA"/>
          <modifierSpeciesReference metaid="_0160bcf1_9466_4322_8177_7a02aa4c7525" species="p3g"/>
          <modifierSpeciesReference metaid="a2f2c068_f9da_4a86_a0ed_9d5a56cc2c91" species="php"/>
          <modifierSpeciesReference metaid="ce43318b_3f42_420f_8cf5_817ceac5f48a" species="ser"/>
        </listOfModifiers>
        <kineticLaw metaid="_620fb218_fa70_4a02_b052_437d18b531c9">
          <math xmlns="http://www.w3.org/1998/Math/MathML">          
            <apply>
              <divide/>
              <apply>
                <divide/>
                <apply>
                  <times/>
                  <ci> cell </ci>
                  <ci> serA </ci>
                  <ci> kcatA </ci>
                  <apply>
                    <divide/>
                    <ci> p3g </ci>
                    <ci> KAp3g </ci>
                  </apply>
                </apply>
                <apply>
                  <plus/>
                  <cn type="integer"> 1 </cn>
                  <apply>
                    <divide/>
                    <ci> p3g </ci>
                    <ci> KAp3g </ci>
                  </apply>
                  <apply>
                    <divide/>
                    <ci> php </ci>
                    <ci> KAphp </ci>
                  </apply>
                </apply>
              </apply>
              <apply>
                <plus/>
                <cn type="integer"> 1 </cn>
                <apply>
                  <divide/>
                  <ci> ser </ci>
                  <ci> KiAser </ci>
                </apply>
              </apply>
            </apply>
          </math>
                  <listOfParameters>
            <parameter id="kcatA" metaid="fc9ace49_973f_4567_b1fc_64635e59e411" units="per_s" value="0.55"/>
            <parameter id="KAp3g" metaid="_608b49c5_2783_4e46_a0b2_11ce11e6665f" units="mM" value="1.2"/>
            <parameter id="KAphp" metaid="_2c105bba_adf8_4b56_a9bd_c8f972f95729" units="mM" value="0.0032"/>
            <parameter id="KiAser" metaid="_18376e6d_ffb2_477a_b7fc_78a68e4d2785" units="mM" value="0.0038"/>
          </listOfParameters>
        </kineticLaw>
      </reaction>
      <reaction id="PSA" metaid="meta_PSA" name="phosphoserine aminotransferase" sboTerm="SBO:0000176">
        <annotation>
          <rdf:RDF xmlns:rdf="http://www.w3.org/1999/02/22-rdf-syntax-ns#" xmlns:bqmodel="http://biomodels.net/model-qualifiers/" xmlns:bqbiol="http://biomodels.net/biology-qualifiers/">
            <rdf:Description rdf:about="#meta_PSA">
	<bqbiol:is>
	<rdf:Bag>
	<rdf:li rdf:resource="http://identifiers.org/ec-code/2.6.1.52"/>
	</rdf:Bag>
	</bqbiol:is>
	</rdf:Description>
	
          </rdf:RDF>
        </annotation>
              <listOfReactants>
          <speciesReference metaid="d5385c25_870f_47a1_a2d5_b299926b076b" species="php"/>
        </listOfReactants>
        <listOfProducts>
          <speciesReference metaid="_8d117dbd_51f7_4e1d_80c3_024b6d137f03" species="pser"/>
        </listOfProducts>
        <listOfModifiers>
          <modifierSpeciesReference metaid="e16a904a_d04e_446f_97da_b8919b45f543" species="serC"/>
          <modifierSpeciesReference metaid="_747fcbff_8641_47e4_9611_a8fb021c9400" species="serC"/>
          <modifierSpeciesReference metaid="f77f86c5_333e_4435_85c5_1a7e946e4172" species="php"/>
          <modifierSpeciesReference metaid="afa7b12f_e75a_4041_8726_26d6f9ae358d" species="pser"/>
        </listOfModifiers>
        <kineticLaw metaid="_8e96d832_11df_41bc_9ef6_20f0160562e7">
          <math xmlns="http://www.w3.org/1998/Math/MathML">          
            <apply>
              <divide/>
              <apply>
                <times/>
                <ci> cell </ci>
                <ci> serC </ci>
                <ci> kcatC </ci>
                <apply>
                  <divide/>
                  <ci> php </ci>
                  <ci> KCphp </ci>
                </apply>
              </apply>
              <apply>
                <plus/>
                <cn type="integer"> 1 </cn>
                <apply>
                  <divide/>
                  <ci> php </ci>
                  <ci> KCphp </ci>
                </apply>
                <apply>
                  <divide/>
                  <ci> pser </ci>
                  <ci> KCpser </ci>
                </apply>
              </apply>
            </apply>
          </math>
                  <listOfParameters>
            <parameter id="kcatC" metaid="cc9dd4b2_b2f4_439a_882d_7a7aa6143557" units="per_s" value="1.75"/>
            <parameter id="KCphp" metaid="_898c16d9_1f28_4c45_aeef_118a487f65a2" units="mM" value="0.0015"/>
            <parameter id="KCpser" metaid="_0a08c29f_2977_42cc_aa23_e756310e365c" units="mM" value="0.0017"/>
          </listOfParameters>
        </kineticLaw>
      </reaction>
      <reaction id="PSP" metaid="meta_PSP" name="phosphoserine phosphatase" sboTerm="SBO:0000176">
        <annotation>
          <rdf:RDF xmlns:rdf="http://www.w3.org/1999/02/22-rdf-syntax-ns#" xmlns:bqmodel="http://biomodels.net/model-qualifiers/" xmlns:bqbiol="http://biomodels.net/biology-qualifiers/">
            <rdf:Description rdf:about="#meta_PSP">
	<bqbiol:is>
	<rdf:Bag>
	<rdf:li rdf:resource="http://identifiers.org/ec-code/3.1.3.3"/>
	</rdf:Bag>
	</bqbiol:is>
	</rdf:Description>
	
          </rdf:RDF>
        </annotation>
              <listOfReactants>
          <speciesReference metaid="_27dd1b2e_08d3_4e4d_ba73_f18bc60e1e48" species="pser"/>
        </listOfReactants>
        <listOfProducts>
          <speciesReference metaid="_5669a643_fa2f_4bb3_a21f_a79492198c73" species="ser"/>
        </listOfProducts>
        <listOfModifiers>
          <modifierSpeciesReference metaid="d43147a2_31c8_4e06_af90_d20bd84234e3" species="serB"/>
          <modifierSpeciesReference metaid="f510ccca_b727_4df0_9e8a_e9a5ac4e551c" species="serB"/>
          <modifierSpeciesReference metaid="a1448481_d003_4d94_bff3_f7c89b8739ae" species="pser"/>
          <modifierSpeciesReference metaid="_79fecfd2_ccc9_4bf5_b472_dfaa336b6cce" species="ser"/>
        </listOfModifiers>
        <kineticLaw metaid="_41512f48_9aa7_419b_9782_ccf56f382a98">
          <math xmlns="http://www.w3.org/1998/Math/MathML">          
            <apply>
              <divide/>
              <apply>
                <times/>
                <ci> cell </ci>
                <ci> serB </ci>
                <ci> kcatB </ci>
                <apply>
                  <divide/>
                  <ci> pser </ci>
                  <ci> KBpser </ci>
                </apply>
              </apply>
              <apply>
                <plus/>
                <cn type="integer"> 1 </cn>
                <apply>
                  <divide/>
                  <ci> pser </ci>
                  <ci> KBpser </ci>
                </apply>
                <apply>
                  <divide/>
                  <ci> ser </ci>
                  <ci> KBser </ci>
                </apply>
              </apply>
            </apply>
          </math>
                  <listOfParameters>
            <parameter id="kcatB" metaid="dc865abd_e044_44d5_8ce6_6fa2e32ebc21" units="per_s" value="1.43"/>
            <parameter id="KBpser" metaid="_03fcd319_9101_42da_b71f_52456c4ba3bc" units="mM" value="0.0015"/>
            <parameter id="KBser" metaid="_40909b07_e64f_4f29_9f57_cd0fce8154a9" units="mM" value="0.15"/>
          </listOfParameters>
        </kineticLaw>
      </reaction>
    </listOfReactions>
  </model>
</sbml>
