<?xml version="1.0" encoding="UTF-8" standalone="no"?>
<sbml xmlns="http://www.sbml.org/sbml/level2/version4" level="2" metaid="_111773" version="4">
  <model id="Model_1" metaid="_0" name="Jones1994_BloodCoagulation">
    <notes>
      <body xmlns="http://www.w3.org/1999/xhtml">
        <div class="dc:title">Jones1994_BloodCoagulation</div>
<div class="dc:description">This model is built based on the
experimental findings described in Lawson et al., 1994
(PMID:8083241)</div>
<div class="dc:bibliographicCitation">
  <p>This model is described in the article:</p>
  <div class="bibo:title">
    <a title="Access to this publication" href="http://identifiers.org/pubmed/8083242">A model for the
    tissue factor pathway to thrombin. II. A mathematical
    simulation.</a>
  </div>
  <div class="bibo:authorList">Jones KC, Mann KG.</div>
  <div class="bibo:Journal">J. Biol. Chem. 1994 Sep; 269(37):
  23367-23373</div>
  <p>Abstract:</p>
  <div class="bibo:abstract">
    <p>A mathematical simulation of the tissue factor pathway to
    the generation of thrombin has been developed using a
    combination of empirical, estimated, and deduced rate constants
    for reactions involving the activation of factor IX, X, V, and
    VIII, in the formation of thrombin, as well as rate constants
    for the assembly of the coagulation enzyme complexes which
    involve factor VIIIa-factor IXa (intrinsic tenase) and factor
    Va-Xa (prothrombinase) assembled on phospholipid membrane.
    Differential equations describing the fate of each species in
    the reaction were developed and solved using an interactive
    procedure based upon the Runge-Kutta technique. In addition to
    the theoretical considerations involving the reactions of the
    tissue factor pathway, a physical constraint associated with
    the stability of the factor VIIIa-factor IXa complex has been
    incorporated into the model based upon the empirical
    observations associated with the stability of this complex. The
    model system provides a realistic accounting of the fates of
    each of the proteins in the coagulation reaction through a
    range of initiator (factor VIIa-tissue factor) concentrations
    ranging from 5 pM to 5 nM. The model is responsive to
    alterations in the concentrations of factor VIII, factor V, and
    their respective activated species, factor VIIIa and factor Va,
    and overall provides a reasonable approximation of empirical
    data. The computer model permits the assessment of the reaction
    over a broad range of conditions and provides a useful tool for
    the development and management of reaction studies.</p>
  </div>
</div>
<div class="dc:publisher">
  <p>This model is hosted on 
  <a href="http://www.ebi.ac.uk/biomodels/">BioModels Database</a>
  and identified by: 
  <a href="http://identifiers.org/biomodels.db/BIOMD0000000336">BIOMD0000000336</a>.</p>
  <p>To cite BioModels Database, please use: 
  <a title="Latest BioModels Database publication" href="http://identifiers.org/pubmed/20587024">BioModels Database:
  An enhanced, curated and annotated resource for published
  quantitative kinetic models</a>.</p>
</div>
<div class="dc:license">
  <p>To the extent possible under law, all copyright and related or
  neighbouring rights to this encoded model have been dedicated to
  the public domain worldwide. Please refer to 
  <a title="Access to: CC0 1.0 Universal (CC0 1.0), Public Domain Dedication" href="http://creativecommons.org/publicdomain/zero/1.0/">CC0
  Public Domain Dedication</a> for more information.</p>
</div>
</body>
    </notes>
    <annotation>
	<rdf:RDF xmlns:rdf="http://www.w3.org/1999/02/22-rdf-syntax-ns#" xmlns:dc="http://purl.org/dc/elements/1.1/" xmlns:vCard="http://www.w3.org/2001/vcard-rdf/3.0#" xmlns:dcterms="http://purl.org/dc/terms/" xmlns:bqmodel="http://biomodels.net/model-qualifiers/" xmlns:bqbiol="http://biomodels.net/biology-qualifiers/">
        <rdf:Description rdf:about="#_0">
	<dc:creator>
	<rdf:Bag>
	<rdf:li rdf:parseType="Resource">
	<vCard:N rdf:parseType="Resource">
	<vCard:Family>Chelliah</vCard:Family>
	<vCard:Given>Vijayalakshmi</vCard:Given>
	</vCard:N>
	<vCard:EMAIL>viji@ebi.ac.uk</vCard:EMAIL>
	<vCard:ORG rdf:parseType="Resource">
	<vCard:Orgname>EMBL-EBI</vCard:Orgname>
	</vCard:ORG>
	</rdf:li>
	<rdf:li rdf:parseType="Resource">
	<vCard:N rdf:parseType="Resource">
	<vCard:Family>Schubert</vCard:Family>
	<vCard:Given>Michael</vCard:Given>
	</vCard:N>
	<vCard:EMAIL>schubert@ebi.ac.uk</vCard:EMAIL>
	<vCard:ORG rdf:parseType="Resource">
	<vCard:Orgname>EBI</vCard:Orgname>
	</vCard:ORG>
	</rdf:li>
	</rdf:Bag>
	</dc:creator>
	<dcterms:created rdf:parseType="Resource">
	<dcterms:W3CDTF>2011-06-06T17:21:19Z</dcterms:W3CDTF>
	</dcterms:created>
	<dcterms:modified rdf:parseType="Resource">
	<dcterms:W3CDTF>2014-05-28T14:03:06Z</dcterms:W3CDTF>
	</dcterms:modified>
	<bqmodel:is>
	<rdf:Bag>
	<rdf:li rdf:resource="http://identifiers.org/biomodels.db/MODEL1106060000"/>
	</rdf:Bag>
	</bqmodel:is>
	<bqmodel:is>
	<rdf:Bag>
	<rdf:li rdf:resource="http://identifiers.org/biomodels.db/BIOMD0000000336"/>
	</rdf:Bag>
	</bqmodel:is>
	<bqmodel:isDescribedBy>
	<rdf:Bag>
	<rdf:li rdf:resource="http://identifiers.org/pubmed/8083242"/>
	</rdf:Bag>
	</bqmodel:isDescribedBy>
	<bqbiol:isVersionOf>
	<rdf:Bag>
	<rdf:li rdf:resource="http://identifiers.org/go/GO:0007596"/>
	</rdf:Bag>
	</bqbiol:isVersionOf>
	<bqbiol:hasTaxon>
	<rdf:Bag>
	<rdf:li rdf:resource="http://identifiers.org/taxonomy/9606"/>
	</rdf:Bag>
	</bqbiol:hasTaxon>
	</rdf:Description>
	
	</rdf:RDF>
	</annotation>
      <listOfFunctionDefinitions>
      <functionDefinition id="function_4_VIIIa_IXa_degradation_2" metaid="_62" name="function_4_VIIIa_IXa_degradation_2">
        <math xmlns="http://www.w3.org/1998/Math/MathML">        
          <lambda>
            <bvar>
              <ci> I </ci>
            </bvar>
            <bvar>
              <ci> VIIIa_IXa </ci>
            </bvar>
            <bvar>
              <ci> compartment_1 </ci>
            </bvar>
            <apply>
              <divide/>
              <apply>
                <plus/>
                <apply>
                  <times/>
                  <ci> compartment_1 </ci>
                  <apply>
                    <abs/>
                    <apply>
                      <minus/>
                      <ci> I </ci>
                      <ci> VIIIa_IXa </ci>
                    </apply>
                  </apply>
                </apply>
                <apply>
                  <minus/>
                  <ci> I </ci>
                  <ci> VIIIa_IXa </ci>
                </apply>
              </apply>
              <ci> compartment_1 </ci>
            </apply>
          </lambda>
        </math>
            </functionDefinition>
    </listOfFunctionDefinitions>
    <listOfCompartments>
      <compartment id="compartment_1" metaid="_61" name="compartment_1" size="1"/>
    </listOfCompartments>
    <listOfSpecies>
      <species compartment="compartment_1" id="IX" initialConcentration="9E-8" metaid="_1" name="IX">
        <annotation>
	<rdf:RDF xmlns:rdf="http://www.w3.org/1999/02/22-rdf-syntax-ns#" xmlns:bqmodel="http://biomodels.net/model-qualifiers/" xmlns:bqbiol="http://biomodels.net/biology-qualifiers/">
            <rdf:Description rdf:about="#_1">
	<bqbiol:is>
	<rdf:Bag>
	<rdf:li rdf:resource="http://identifiers.org/uniprot/P00740"/>
	</rdf:Bag>
	</bqbiol:is>
	</rdf:Description>
	
	</rdf:RDF>
	</annotation>
            </species>
      <species compartment="compartment_1" id="IX_TF_VIIa" initialConcentration="0" metaid="_2" name="IX_TF_VIIa">
        <annotation>
	<rdf:RDF xmlns:rdf="http://www.w3.org/1999/02/22-rdf-syntax-ns#" xmlns:bqmodel="http://biomodels.net/model-qualifiers/" xmlns:bqbiol="http://biomodels.net/biology-qualifiers/">
            <rdf:Description rdf:about="#_2">
	<bqbiol:hasPart>
	<rdf:Bag>
	<rdf:li rdf:resource="http://identifiers.org/uniprot/P13726"/>
	<rdf:li rdf:resource="http://identifiers.org/uniprot/P00740"/>
	</rdf:Bag>
	</bqbiol:hasPart>
	</rdf:Description>
	
	</rdf:RDF>
	</annotation>
            </species>
      <species compartment="compartment_1" id="TF_VIIa" initialConcentration="5E-9" metaid="_3" name="TF_VIIa">
        <annotation>
	<rdf:RDF xmlns:rdf="http://www.w3.org/1999/02/22-rdf-syntax-ns#" xmlns:bqmodel="http://biomodels.net/model-qualifiers/" xmlns:bqbiol="http://biomodels.net/biology-qualifiers/">
            <rdf:Description rdf:about="#_3">
	<bqbiol:hasPart>
	<rdf:Bag>
	<rdf:li rdf:resource="http://identifiers.org/uniprot/P13726"/>
	</rdf:Bag>
	</bqbiol:hasPart>
	</rdf:Description>
	
	</rdf:RDF>
	</annotation>
            </species>
      <species compartment="compartment_1" id="IXa" initialConcentration="0" metaid="_4" name="IXa">
        <annotation>
	<rdf:RDF xmlns:rdf="http://www.w3.org/1999/02/22-rdf-syntax-ns#" xmlns:bqmodel="http://biomodels.net/model-qualifiers/" xmlns:bqbiol="http://biomodels.net/biology-qualifiers/">
            <rdf:Description rdf:about="#_4">
	<bqbiol:isVersionOf>
	<rdf:Bag>
	<rdf:li rdf:resource="http://identifiers.org/uniprot/P00740"/>
	</rdf:Bag>
	</bqbiol:isVersionOf>
	</rdf:Description>
	
	</rdf:RDF>
	</annotation>
            </species>
      <species compartment="compartment_1" id="X" initialConcentration="1.7E-7" metaid="_5" name="X">
        <annotation>
	<rdf:RDF xmlns:rdf="http://www.w3.org/1999/02/22-rdf-syntax-ns#" xmlns:bqmodel="http://biomodels.net/model-qualifiers/" xmlns:bqbiol="http://biomodels.net/biology-qualifiers/">
            <rdf:Description rdf:about="#_5">
	<bqbiol:is>
	<rdf:Bag>
	<rdf:li rdf:resource="http://identifiers.org/uniprot/P00742"/>
	</rdf:Bag>
	</bqbiol:is>
	</rdf:Description>
	
	</rdf:RDF>
	</annotation>
            </species>
      <species compartment="compartment_1" id="X_TF_VIIa" initialConcentration="0" metaid="_6" name="X_TF_VIIa">
        <annotation>
	<rdf:RDF xmlns:rdf="http://www.w3.org/1999/02/22-rdf-syntax-ns#" xmlns:bqmodel="http://biomodels.net/model-qualifiers/" xmlns:bqbiol="http://biomodels.net/biology-qualifiers/">
            <rdf:Description rdf:about="#_6">
	<bqbiol:hasPart>
	<rdf:Bag>
	<rdf:li rdf:resource="http://identifiers.org/uniprot/P13726"/>
	<rdf:li rdf:resource="http://identifiers.org/uniprot/P00742"/>
	</rdf:Bag>
	</bqbiol:hasPart>
	</rdf:Description>
	
	</rdf:RDF>
	</annotation>
            </species>
      <species compartment="compartment_1" id="Xa" initialConcentration="0" metaid="_7" name="Xa">
        <annotation>
	<rdf:RDF xmlns:rdf="http://www.w3.org/1999/02/22-rdf-syntax-ns#" xmlns:bqmodel="http://biomodels.net/model-qualifiers/" xmlns:bqbiol="http://biomodels.net/biology-qualifiers/">
            <rdf:Description rdf:about="#_7">
	<bqbiol:isVersionOf>
	<rdf:Bag>
	<rdf:li rdf:resource="http://identifiers.org/uniprot/P00742"/>
	</rdf:Bag>
	</bqbiol:isVersionOf>
	</rdf:Description>
	
	</rdf:RDF>
	</annotation>
            </species>
      <species compartment="compartment_1" id="VIIIa_IXa" initialConcentration="0" metaid="_8" name="VIIIa_IXa">
        <annotation>
	<rdf:RDF xmlns:rdf="http://www.w3.org/1999/02/22-rdf-syntax-ns#" xmlns:bqmodel="http://biomodels.net/model-qualifiers/" xmlns:bqbiol="http://biomodels.net/biology-qualifiers/">
            <rdf:Description rdf:about="#_8">
	<bqbiol:hasPart>
	<rdf:Bag>
	<rdf:li rdf:resource="http://identifiers.org/uniprot/P00740"/>
	<rdf:li rdf:resource="http://identifiers.org/uniprot/P00451"/>
	</rdf:Bag>
	</bqbiol:hasPart>
	</rdf:Description>
	
	</rdf:RDF>
	</annotation>
            </species>
      <species compartment="compartment_1" id="X_VIIIa_IXa" initialConcentration="0" metaid="_9" name="X_VIIIa_IXa">
        <annotation>
	<rdf:RDF xmlns:rdf="http://www.w3.org/1999/02/22-rdf-syntax-ns#" xmlns:bqmodel="http://biomodels.net/model-qualifiers/" xmlns:bqbiol="http://biomodels.net/biology-qualifiers/">
            <rdf:Description rdf:about="#_9">
	<bqbiol:hasPart>
	<rdf:Bag>
	<rdf:li rdf:resource="http://identifiers.org/uniprot/P00742"/>
	<rdf:li rdf:resource="http://identifiers.org/uniprot/P00740"/>
	<rdf:li rdf:resource="http://identifiers.org/uniprot/P00451"/>
	</rdf:Bag>
	</bqbiol:hasPart>
	</rdf:Description>
	
	</rdf:RDF>
	</annotation>
            </species>
      <species compartment="compartment_1" id="V" initialConcentration="2E-8" metaid="_10" name="V">
        <annotation>
	<rdf:RDF xmlns:rdf="http://www.w3.org/1999/02/22-rdf-syntax-ns#" xmlns:bqmodel="http://biomodels.net/model-qualifiers/" xmlns:bqbiol="http://biomodels.net/biology-qualifiers/">
            <rdf:Description rdf:about="#_10">
	<bqbiol:is>
	<rdf:Bag>
	<rdf:li rdf:resource="http://identifiers.org/uniprot/P12259"/>
	</rdf:Bag>
	</bqbiol:is>
	</rdf:Description>
	
	</rdf:RDF>
	</annotation>
            </species>
      <species compartment="compartment_1" id="Va" initialConcentration="0" metaid="_11" name="Va">
        <annotation>
	<rdf:RDF xmlns:rdf="http://www.w3.org/1999/02/22-rdf-syntax-ns#" xmlns:bqmodel="http://biomodels.net/model-qualifiers/" xmlns:bqbiol="http://biomodels.net/biology-qualifiers/">
            <rdf:Description rdf:about="#_11">
	<bqbiol:isVersionOf>
	<rdf:Bag>
	<rdf:li rdf:resource="http://identifiers.org/uniprot/P12259"/>
	</rdf:Bag>
	</bqbiol:isVersionOf>
	</rdf:Description>
	
	</rdf:RDF>
	</annotation>
            </species>
      <species compartment="compartment_1" id="VIII" initialConcentration="7E-10" metaid="_12" name="VIII">
        <annotation>
	<rdf:RDF xmlns:rdf="http://www.w3.org/1999/02/22-rdf-syntax-ns#" xmlns:bqmodel="http://biomodels.net/model-qualifiers/" xmlns:bqbiol="http://biomodels.net/biology-qualifiers/">
            <rdf:Description rdf:about="#_12">
	<bqbiol:is>
	<rdf:Bag>
	<rdf:li rdf:resource="http://identifiers.org/uniprot/P00451"/>
	</rdf:Bag>
	</bqbiol:is>
	</rdf:Description>
	
	</rdf:RDF>
	</annotation>
            </species>
      <species compartment="compartment_1" id="VIIIa" initialConcentration="0" metaid="_13" name="VIIIa">
        <annotation>
	<rdf:RDF xmlns:rdf="http://www.w3.org/1999/02/22-rdf-syntax-ns#" xmlns:bqmodel="http://biomodels.net/model-qualifiers/" xmlns:bqbiol="http://biomodels.net/biology-qualifiers/">
            <rdf:Description rdf:about="#_13">
	<bqbiol:isVersionOf>
	<rdf:Bag>
	<rdf:li rdf:resource="http://identifiers.org/uniprot/P00451"/>
	</rdf:Bag>
	</bqbiol:isVersionOf>
	</rdf:Description>
	
	</rdf:RDF>
	</annotation>
            </species>
      <species compartment="compartment_1" id="IIa" initialConcentration="0" metaid="_14" name="IIa">
        <annotation>
	<rdf:RDF xmlns:rdf="http://www.w3.org/1999/02/22-rdf-syntax-ns#" xmlns:bqmodel="http://biomodels.net/model-qualifiers/" xmlns:bqbiol="http://biomodels.net/biology-qualifiers/">
            <rdf:Description rdf:about="#_14">
	<bqbiol:isVersionOf>
	<rdf:Bag>
	<rdf:li rdf:resource="http://identifiers.org/uniprot/P00734"/>
	</rdf:Bag>
	</bqbiol:isVersionOf>
	</rdf:Description>
	
	</rdf:RDF>
	</annotation>
            </species>
      <species compartment="compartment_1" id="II" initialConcentration="1.4E-6" metaid="_15" name="II">
        <annotation>
	<rdf:RDF xmlns:rdf="http://www.w3.org/1999/02/22-rdf-syntax-ns#" xmlns:bqmodel="http://biomodels.net/model-qualifiers/" xmlns:bqbiol="http://biomodels.net/biology-qualifiers/">
            <rdf:Description rdf:about="#_15">
	<bqbiol:is>
	<rdf:Bag>
	<rdf:li rdf:resource="http://identifiers.org/uniprot/P00734"/>
	</rdf:Bag>
	</bqbiol:is>
	</rdf:Description>
	
	</rdf:RDF>
	</annotation>
            </species>
      <species compartment="compartment_1" id="II_Va_Xa" initialConcentration="0" metaid="_16" name="II_Va_Xa">
        <annotation>
	<rdf:RDF xmlns:rdf="http://www.w3.org/1999/02/22-rdf-syntax-ns#" xmlns:bqmodel="http://biomodels.net/model-qualifiers/" xmlns:bqbiol="http://biomodels.net/biology-qualifiers/">
            <rdf:Description rdf:about="#_16">
	<bqbiol:hasPart>
	<rdf:Bag>
	<rdf:li rdf:resource="http://identifiers.org/uniprot/P00734"/>
	<rdf:li rdf:resource="http://identifiers.org/uniprot/P12259"/>
	<rdf:li rdf:resource="http://identifiers.org/uniprot/P00742"/>
	</rdf:Bag>
	</bqbiol:hasPart>
	</rdf:Description>
	
	</rdf:RDF>
	</annotation>
            </species>
      <species compartment="compartment_1" id="Va_Xa" initialConcentration="0" metaid="_17" name="Va_Xa">
        <annotation>
	<rdf:RDF xmlns:rdf="http://www.w3.org/1999/02/22-rdf-syntax-ns#" xmlns:bqmodel="http://biomodels.net/model-qualifiers/" xmlns:bqbiol="http://biomodels.net/biology-qualifiers/">
            <rdf:Description rdf:about="#_17">
	<bqbiol:hasPart>
	<rdf:Bag>
	<rdf:li rdf:resource="http://identifiers.org/uniprot/P12259"/>
	<rdf:li rdf:resource="http://identifiers.org/uniprot/P00742"/>
	</rdf:Bag>
	</bqbiol:hasPart>
	</rdf:Description>
	
	</rdf:RDF>
	</annotation>
            </species>
      <species compartment="compartment_1" id="mIIa" initialConcentration="0" metaid="_18" name="mIIa">
        <annotation>
	<rdf:RDF xmlns:rdf="http://www.w3.org/1999/02/22-rdf-syntax-ns#" xmlns:bqmodel="http://biomodels.net/model-qualifiers/" xmlns:bqbiol="http://biomodels.net/biology-qualifiers/">
            <rdf:Description rdf:about="#_18">
	<bqbiol:isVersionOf>
	<rdf:Bag>
	<rdf:li rdf:resource="http://identifiers.org/uniprot/P00734"/>
	</rdf:Bag>
	</bqbiol:isVersionOf>
	</rdf:Description>
	
	</rdf:RDF>
	</annotation>
            </species>
    </listOfSpecies>
    <listOfParameters>
      <parameter id="k1" metaid="_39" name="k1" sboTerm="SBO:0000036" value="20000000"/>
      <parameter id="k2" metaid="_40" name="k2" sboTerm="SBO:0000036" value="20000000"/>
      <parameter id="k3" metaid="_41" name="k3" sboTerm="SBO:0000036" value="10000000"/>
      <parameter id="k4" metaid="_42" name="k4" sboTerm="SBO:0000036" value="20000000"/>
      <parameter id="k5" metaid="_43" name="k5" sboTerm="SBO:0000036" value="10000000"/>
      <parameter id="k6" metaid="_44" name="k6" sboTerm="SBO:0000036" value="100000000"/>
      <parameter id="k7" metaid="_45" name="k7" sboTerm="SBO:0000036" value="10000000"/>
      <parameter id="k8" metaid="_46" name="k8" value="400000000"/>
      <parameter id="k9" metaid="_47" name="k9" sboTerm="SBO:0000038" value="0.005"/>
      <parameter id="k10" metaid="_48" name="k10" sboTerm="SBO:0000038" value="0.4"/>
      <parameter id="k11" metaid="_49" name="k11" sboTerm="SBO:0000035" value="0.3"/>
      <parameter id="k12" metaid="_50" name="k12" sboTerm="SBO:0000035" value="1.15"/>
      <parameter id="k13" metaid="_51" name="k13" sboTerm="SBO:0000035" value="8.2"/>
      <parameter id="k14" metaid="_52" name="k14" sboTerm="SBO:0000035" value="32"/>
      <parameter id="k15" metaid="_53" name="k15" sboTerm="SBO:0000036" value="100000"/>
      <parameter id="k16" metaid="_54" name="k16" sboTerm="SBO:0000038" value="24"/>
      <parameter id="k17" metaid="_55" name="k17" sboTerm="SBO:0000038" value="44"/>
      <parameter id="k18" metaid="_56" name="k18" sboTerm="SBO:0000038" value="0.001"/>
      <parameter id="k19" metaid="_57" name="k19" sboTerm="SBO:0000038" value="70"/>
      <parameter id="k20" metaid="_58" name="k20" value="0.02"/>
      <parameter constant="false" id="I" metaid="_59" name="I" value="0"/>
      <parameter constant="false" id="IIa_plus_1_2mIIa" metaid="_60" name="IIa+1.2mIIa" value="0"/>
    </listOfParameters>
    <listOfRules>
      <assignmentRule metaid="_63" variable="IIa_plus_1_2mIIa">
        <math xmlns="http://www.w3.org/1998/Math/MathML">        
          <apply>
            <plus/>
            <ci> IIa </ci>
            <apply>
              <times/>
              <cn> 1.2 </cn>
              <ci> mIIa </ci>
            </apply>
          </apply>
        </math>
            </assignmentRule>
      <rateRule metaid="_64" variable="I">
        <math xmlns="http://www.w3.org/1998/Math/MathML">        
          <apply>
            <times/>
            <apply>
              <plus/>
              <apply>
                <minus/>
                <apply>
                  <abs/>
                  <apply>
                    <minus/>
                    <ci> I </ci>
                    <ci> VIIIa_IXa </ci>
                  </apply>
                </apply>
              </apply>
              <apply>
                <minus/>
                <ci> I </ci>
                <ci> VIIIa_IXa </ci>
              </apply>
            </apply>
            <ci> k20 </ci>
          </apply>
        </math>
            </rateRule>
    </listOfRules>
    <listOfReactions>
      <reaction id="R1" metaid="_19" name="R1">
        <listOfReactants>
          <speciesReference metaid="_111785" sboTerm="SBO:0000010" species="IX"/>
          <speciesReference metaid="_111797" sboTerm="SBO:0000010" species="TF_VIIa"/>
        </listOfReactants>
        <listOfProducts>
          <speciesReference metaid="_111809" sboTerm="SBO:0000011" species="IX_TF_VIIa"/>
        </listOfProducts>
        <kineticLaw metaid="_111822" sboTerm="SBO:0000101">
          <math xmlns="http://www.w3.org/1998/Math/MathML">          
            <apply>
              <times/>
              <ci> compartment_1 </ci>
              <apply>
                <minus/>
                <apply>
                  <times/>
                  <ci> k6 </ci>
                  <ci> IX </ci>
                  <ci> TF_VIIa </ci>
                </apply>
                <apply>
                  <times/>
                  <ci> k16 </ci>
                  <ci> IX_TF_VIIa </ci>
                </apply>
              </apply>
            </apply>
          </math>
                </kineticLaw>
      </reaction>
      <reaction id="R1b" metaid="_20" name="R1b" reversible="false">
        <listOfReactants>
          <speciesReference metaid="_111835" sboTerm="SBO:0000010" species="IX_TF_VIIa"/>
        </listOfReactants>
        <listOfProducts>
          <speciesReference metaid="_111847" sboTerm="SBO:0000011" species="TF_VIIa"/>
          <speciesReference metaid="_111859" sboTerm="SBO:0000011" species="IXa"/>
        </listOfProducts>
        <kineticLaw metaid="_111871" sboTerm="SBO:0000049">
          <math xmlns="http://www.w3.org/1998/Math/MathML">          
            <apply>
              <times/>
              <ci> compartment_1 </ci>
              <ci> k11 </ci>
              <ci> IX_TF_VIIa </ci>
            </apply>
          </math>
                </kineticLaw>
      </reaction>
      <reaction id="R2" metaid="_21" name="R2">
        <listOfReactants>
          <speciesReference metaid="_111883" sboTerm="SBO:0000010" species="X"/>
          <speciesReference metaid="_111895" sboTerm="SBO:0000010" species="TF_VIIa"/>
        </listOfReactants>
        <listOfProducts>
          <speciesReference metaid="_111907" sboTerm="SBO:0000011" species="X_TF_VIIa"/>
        </listOfProducts>
        <kineticLaw metaid="_111919" sboTerm="SBO:0000101">
          <math xmlns="http://www.w3.org/1998/Math/MathML">          
            <apply>
              <times/>
              <ci> compartment_1 </ci>
              <apply>
                <minus/>
                <apply>
                  <times/>
                  <ci> k6 </ci>
                  <ci> X </ci>
                  <ci> TF_VIIa </ci>
                </apply>
                <apply>
                  <times/>
                  <ci> k17 </ci>
                  <ci> X_TF_VIIa </ci>
                </apply>
              </apply>
            </apply>
          </math>
                </kineticLaw>
      </reaction>
      <reaction id="R2b" metaid="_22" name="R2b" reversible="false">
        <listOfReactants>
          <speciesReference metaid="_111931" sboTerm="SBO:0000010" species="X_TF_VIIa"/>
        </listOfReactants>
        <listOfProducts>
          <speciesReference metaid="_111943" sboTerm="SBO:0000011" species="TF_VIIa"/>
          <speciesReference metaid="_111955" sboTerm="SBO:0000011" species="Xa"/>
        </listOfProducts>
        <kineticLaw metaid="_111967" sboTerm="SBO:0000049">
          <math xmlns="http://www.w3.org/1998/Math/MathML">          
            <apply>
              <times/>
              <ci> compartment_1 </ci>
              <ci> k12 </ci>
              <ci> X_TF_VIIa </ci>
            </apply>
          </math>
                </kineticLaw>
      </reaction>
      <reaction id="R3" metaid="_23" name="R3">
        <listOfReactants>
          <speciesReference metaid="_111979" sboTerm="SBO:0000010" species="X"/>
          <speciesReference metaid="_111991" sboTerm="SBO:0000010" species="VIIIa_IXa"/>
        </listOfReactants>
        <listOfProducts>
          <speciesReference metaid="_112003" sboTerm="SBO:0000011" species="X_VIIIa_IXa"/>
        </listOfProducts>
        <kineticLaw metaid="_112015" sboTerm="SBO:0000101">
          <math xmlns="http://www.w3.org/1998/Math/MathML">          
            <apply>
              <times/>
              <ci> compartment_1 </ci>
              <apply>
                <minus/>
                <apply>
                  <times/>
                  <ci> k6 </ci>
                  <ci> X </ci>
                  <ci> VIIIa_IXa </ci>
                </apply>
                <apply>
                  <times/>
                  <ci> k18 </ci>
                  <ci> X_VIIIa_IXa </ci>
                </apply>
              </apply>
            </apply>
          </math>
                </kineticLaw>
      </reaction>
      <reaction id="R3b" metaid="_24" name="R3b" reversible="false">
        <listOfReactants>
          <speciesReference metaid="_112027" sboTerm="SBO:0000010" species="X_VIIIa_IXa"/>
        </listOfReactants>
        <listOfProducts>
          <speciesReference metaid="_112039" sboTerm="SBO:0000011" species="VIIIa_IXa"/>
          <speciesReference metaid="_112051" sboTerm="SBO:0000011" species="Xa"/>
        </listOfProducts>
        <kineticLaw metaid="_112064" sboTerm="SBO:0000049">
          <math xmlns="http://www.w3.org/1998/Math/MathML">          
            <apply>
              <times/>
              <ci> compartment_1 </ci>
              <ci> k13 </ci>
              <ci> X_VIIIa_IXa </ci>
            </apply>
          </math>
                </kineticLaw>
      </reaction>
      <reaction id="R4" metaid="_25" name="R4" reversible="false">
        <listOfReactants>
          <speciesReference metaid="_112076" sboTerm="SBO:0000010" species="IX"/>
          <speciesReference metaid="_112088" sboTerm="SBO:0000461" species="Xa"/>
        </listOfReactants>
        <listOfProducts>
          <speciesReference metaid="_112101" sboTerm="SBO:0000461" species="Xa"/>
          <speciesReference metaid="_112113" sboTerm="SBO:0000011" species="IXa"/>
        </listOfProducts>
        <kineticLaw metaid="_112125" sboTerm="SBO:0000045">
          <math xmlns="http://www.w3.org/1998/Math/MathML">          
            <apply>
              <times/>
              <ci> compartment_1 </ci>
              <ci> k15 </ci>
              <ci> IX </ci>
              <ci> Xa </ci>
            </apply>
          </math>
                </kineticLaw>
      </reaction>
      <reaction id="R5" metaid="_26" name="R5" reversible="false">
        <listOfReactants>
          <speciesReference metaid="_112137" sboTerm="SBO:0000010" species="V"/>
          <speciesReference metaid="_112149" sboTerm="SBO:0000461" species="Xa"/>
        </listOfReactants>
        <listOfProducts>
          <speciesReference metaid="_112161" sboTerm="SBO:0000461" species="Xa"/>
          <speciesReference metaid="_112173" sboTerm="SBO:0000011" species="Va"/>
        </listOfProducts>
        <kineticLaw metaid="_112185" sboTerm="SBO:0000045">
          <math xmlns="http://www.w3.org/1998/Math/MathML">          
            <apply>
              <times/>
              <ci> compartment_1 </ci>
              <ci> k1 </ci>
              <ci> V </ci>
              <ci> Xa </ci>
            </apply>
          </math>
                </kineticLaw>
      </reaction>
      <reaction id="R6" metaid="_27" name="R6" reversible="false">
        <listOfReactants>
          <speciesReference metaid="_112198" sboTerm="SBO:0000010" species="VIII"/>
          <speciesReference metaid="_112210" sboTerm="SBO:0000461" species="Xa"/>
        </listOfReactants>
        <listOfProducts>
          <speciesReference metaid="_112222" sboTerm="SBO:0000461" species="Xa"/>
          <speciesReference metaid="_112234" sboTerm="SBO:0000011" species="VIIIa"/>
        </listOfProducts>
        <kineticLaw metaid="_112246" sboTerm="SBO:0000045">
          <math xmlns="http://www.w3.org/1998/Math/MathML">          
            <apply>
              <times/>
              <ci> compartment_1 </ci>
              <ci> k3 </ci>
              <ci> VIII </ci>
              <ci> Xa </ci>
            </apply>
          </math>
                </kineticLaw>
      </reaction>
      <reaction id="R7" metaid="_28" name="R7" reversible="false">
        <listOfReactants>
          <speciesReference metaid="_112258" sboTerm="SBO:0000010" species="V"/>
          <speciesReference metaid="_112270" sboTerm="SBO:0000461" species="IIa"/>
        </listOfReactants>
        <listOfProducts>
          <speciesReference metaid="_112282" sboTerm="SBO:0000461" species="IIa"/>
          <speciesReference metaid="_112295" sboTerm="SBO:0000011" species="Va"/>
        </listOfProducts>
        <kineticLaw metaid="_112308" sboTerm="SBO:0000045">
          <math xmlns="http://www.w3.org/1998/Math/MathML">          
            <apply>
              <times/>
              <ci> compartment_1 </ci>
              <ci> k2 </ci>
              <ci> V </ci>
              <ci> IIa </ci>
            </apply>
          </math>
                </kineticLaw>
      </reaction>
      <reaction id="R8" metaid="_29" name="R8" reversible="false">
        <listOfReactants>
          <speciesReference metaid="_112320" sboTerm="SBO:0000010" species="VIII"/>
          <speciesReference metaid="_112333" sboTerm="SBO:0000461" species="IIa"/>
        </listOfReactants>
        <listOfProducts>
          <speciesReference metaid="_112345" sboTerm="SBO:0000461" species="IIa"/>
          <speciesReference metaid="_112357" sboTerm="SBO:0000011" species="VIIIa"/>
        </listOfProducts>
        <kineticLaw metaid="_112369" sboTerm="SBO:0000045">
          <math xmlns="http://www.w3.org/1998/Math/MathML">          
            <apply>
              <times/>
              <ci> compartment_1 </ci>
              <ci> k4 </ci>
              <ci> VIII </ci>
              <ci> IIa </ci>
            </apply>
          </math>
                </kineticLaw>
      </reaction>
      <reaction id="R9" metaid="_30" name="R9">
        <listOfReactants>
          <speciesReference metaid="_112381" sboTerm="SBO:0000010" species="II"/>
          <speciesReference metaid="_112393" sboTerm="SBO:0000010" species="Va_Xa"/>
        </listOfReactants>
        <listOfProducts>
          <speciesReference metaid="_112405" sboTerm="SBO:0000011" species="II_Va_Xa"/>
        </listOfProducts>
        <kineticLaw metaid="_112417" sboTerm="SBO:0000101">
          <math xmlns="http://www.w3.org/1998/Math/MathML">          
            <apply>
              <times/>
              <ci> compartment_1 </ci>
              <apply>
                <minus/>
                <apply>
                  <times/>
                  <ci> k6 </ci>
                  <ci> II </ci>
                  <ci> Va_Xa </ci>
                </apply>
                <apply>
                  <times/>
                  <ci> k19 </ci>
                  <ci> II_Va_Xa </ci>
                </apply>
              </apply>
            </apply>
          </math>
                </kineticLaw>
      </reaction>
      <reaction id="R9b" metaid="_31" name="R9b" reversible="false">
        <listOfReactants>
          <speciesReference metaid="_112430" sboTerm="SBO:0000010" species="II_Va_Xa"/>
        </listOfReactants>
        <listOfProducts>
          <speciesReference metaid="_112442" sboTerm="SBO:0000011" species="Va_Xa"/>
          <speciesReference metaid="_112454" sboTerm="SBO:0000011" species="mIIa"/>
        </listOfProducts>
        <kineticLaw metaid="_112466" sboTerm="SBO:0000049">
          <math xmlns="http://www.w3.org/1998/Math/MathML">          
            <apply>
              <times/>
              <ci> compartment_1 </ci>
              <ci> k14 </ci>
              <ci> II_Va_Xa </ci>
            </apply>
          </math>
                </kineticLaw>
      </reaction>
      <reaction id="R10" metaid="_32" name="R10" reversible="false">
        <listOfReactants>
          <speciesReference metaid="_112478" sboTerm="SBO:0000010" species="mIIa"/>
          <speciesReference metaid="_112490" sboTerm="SBO:0000461" species="Va_Xa"/>
        </listOfReactants>
        <listOfProducts>
          <speciesReference metaid="_112503" sboTerm="SBO:0000461" species="Va_Xa"/>
          <speciesReference metaid="_112515" sboTerm="SBO:0000011" species="IIa"/>
        </listOfProducts>
        <kineticLaw metaid="_112527" sboTerm="SBO:0000045">
          <math xmlns="http://www.w3.org/1998/Math/MathML">          
            <apply>
              <times/>
              <ci> compartment_1 </ci>
              <ci> k5 </ci>
              <ci> mIIa </ci>
              <ci> Va_Xa </ci>
            </apply>
          </math>
                </kineticLaw>
      </reaction>
      <reaction id="R11" metaid="_33" name="R11">
        <listOfReactants>
          <speciesReference metaid="_112539" sboTerm="SBO:0000010" species="VIIIa"/>
          <speciesReference metaid="_112551" sboTerm="SBO:0000010" species="IXa"/>
        </listOfReactants>
        <listOfProducts>
          <speciesReference metaid="_112563" sboTerm="SBO:0000011" species="VIIIa_IXa"/>
        </listOfProducts>
        <kineticLaw metaid="_112575" sboTerm="SBO:0000101">
          <math xmlns="http://www.w3.org/1998/Math/MathML">          
            <apply>
              <times/>
              <ci> compartment_1 </ci>
              <apply>
                <minus/>
                <apply>
                  <times/>
                  <ci> k7 </ci>
                  <ci> VIIIa </ci>
                  <ci> IXa </ci>
                </apply>
                <apply>
                  <times/>
                  <ci> k9 </ci>
                  <ci> VIIIa_IXa </ci>
                </apply>
              </apply>
            </apply>
          </math>
                </kineticLaw>
      </reaction>
      <reaction id="R12" metaid="_34" name="R12">
        <listOfReactants>
          <speciesReference metaid="_112587" sboTerm="SBO:0000010" species="Va"/>
          <speciesReference metaid="_112599" sboTerm="SBO:0000010" species="Xa"/>
        </listOfReactants>
        <listOfProducts>
          <speciesReference metaid="_112611" sboTerm="SBO:0000011" species="Va_Xa"/>
        </listOfProducts>
        <kineticLaw metaid="_112623" sboTerm="SBO:0000101">
          <math xmlns="http://www.w3.org/1998/Math/MathML">          
            <apply>
              <times/>
              <ci> compartment_1 </ci>
              <apply>
                <minus/>
                <apply>
                  <times/>
                  <ci> k6 </ci>
                  <ci> Va </ci>
                  <ci> Xa </ci>
                </apply>
                <apply>
                  <times/>
                  <ci> k10 </ci>
                  <ci> Va_Xa </ci>
                </apply>
              </apply>
            </apply>
          </math>
                </kineticLaw>
      </reaction>
      <reaction id="R7_atn" metaid="_35" name="R7_atn" reversible="false">
        <listOfReactants>
          <speciesReference metaid="_112636" sboTerm="SBO:0000010" species="V"/>
          <speciesReference metaid="_112648" sboTerm="SBO:0000461" species="mIIa"/>
        </listOfReactants>
        <listOfProducts>
          <speciesReference metaid="_112661" sboTerm="SBO:0000461" species="mIIa"/>
          <speciesReference metaid="_112673" sboTerm="SBO:0000011" species="Va"/>
        </listOfProducts>
        <kineticLaw metaid="_112685" sboTerm="SBO:0000045">
          <math xmlns="http://www.w3.org/1998/Math/MathML">          
            <apply>
              <times/>
              <ci> compartment_1 </ci>
              <ci> k2 </ci>
              <ci> V </ci>
              <ci> mIIa </ci>
            </apply>
          </math>
                </kineticLaw>
      </reaction>
      <reaction id="R8_atn" metaid="_36" name="R8_atn" reversible="false">
        <listOfReactants>
          <speciesReference metaid="_112697" sboTerm="SBO:0000010" species="VIII"/>
          <speciesReference metaid="_112709" sboTerm="SBO:0000461" species="mIIa"/>
        </listOfReactants>
        <listOfProducts>
          <speciesReference metaid="_112721" sboTerm="SBO:0000461" species="mIIa"/>
          <speciesReference metaid="_112733" sboTerm="SBO:0000011" species="VIIIa"/>
        </listOfProducts>
        <kineticLaw metaid="_112745" sboTerm="SBO:0000045">
          <math xmlns="http://www.w3.org/1998/Math/MathML">          
            <apply>
              <times/>
              <ci> compartment_1 </ci>
              <ci> k4 </ci>
              <ci> VIII </ci>
              <ci> mIIa </ci>
            </apply>
          </math>
                </kineticLaw>
      </reaction>
      <reaction id="R4_atn" metaid="_37" name="R4_atn" reversible="false">
        <listOfReactants>
          <speciesReference metaid="_112757" sboTerm="SBO:0000010" species="IX"/>
          <speciesReference metaid="_112769" sboTerm="SBO:0000461" species="Va_Xa"/>
        </listOfReactants>
        <listOfProducts>
          <speciesReference metaid="_112781" sboTerm="SBO:0000461" species="Va_Xa"/>
          <speciesReference metaid="_112793" sboTerm="SBO:0000011" species="IXa"/>
        </listOfProducts>
        <kineticLaw metaid="_112805" sboTerm="SBO:0000045">
          <math xmlns="http://www.w3.org/1998/Math/MathML">          
            <apply>
              <times/>
              <ci> compartment_1 </ci>
              <ci> k15 </ci>
              <ci> IX </ci>
              <ci> Va_Xa </ci>
            </apply>
          </math>
                </kineticLaw>
      </reaction>
      <reaction id="VIIIa_IXa_degradation" metaid="_38" name="VIIIa_IXa_degradation" reversible="false">
        <listOfReactants>
          <speciesReference metaid="_112817" sboTerm="SBO:0000010" species="VIIIa_IXa"/>
        </listOfReactants>
        <listOfModifiers>
          <modifierSpeciesReference metaid="_112829" sboTerm="SBO:0000019" species="VIIIa_IXa"/>
        </listOfModifiers>
        <kineticLaw metaid="_112841">
          <math xmlns="http://www.w3.org/1998/Math/MathML">          
            <apply>
              <times/>
              <ci> compartment_1 </ci>
              <apply>
                <ci> function_4_VIIIa_IXa_degradation_2 </ci>
                <ci> I </ci>
                <ci> VIIIa_IXa </ci>
                <ci> compartment_1 </ci>
              </apply>
            </apply>
          </math>
                </kineticLaw>
      </reaction>
    </listOfReactions>
  </model>
</sbml>
