<?xml version="1.0" encoding="UTF-8" standalone="no"?>
<sbml xmlns="http://www.sbml.org/sbml/level2" level="2" metaid="metaid_0000001" version="1">
  <model id="Legewie2006_apoptosis_WT" metaid="metaid_0000002" name="Legewie2006_apoptosis_WT">
    <notes>
      <p xmlns="http://www.w3.org/1999/xhtml">
    The model reproduces active Caspase-3 time profile corresponding to the total Apaf-1 value of 20 nM as depicted in Fig 2-A . The model was successfully tested on MathSBML.</p>
      
    </notes>
    <annotation>
      <rdf:RDF xmlns:rdf="http://www.w3.org/1999/02/22-rdf-syntax-ns#" xmlns:bqmodel="http://biomodels.net/model-qualifiers/" xmlns:vCard="http://www.w3.org/2001/vcard-rdf/3.0#" xmlns:dc="http://purl.org/dc/elements/1.1/" xmlns:dcterms="http://purl.org/dc/terms/" xmlns:bqbiol="http://biomodels.net/biology-qualifiers/">
        <rdf:Description rdf:about="#metaid_0000002">
	<dc:creator>
	<rdf:Bag>
	<rdf:li rdf:parseType="Resource">
	<vCard:N rdf:parseType="Resource">
	<vCard:Family>Dharuri</vCard:Family>
	<vCard:Given>Harish</vCard:Given>
	</vCard:N>
	<vCard:EMAIL>hdharuri@cds.caltech.edu</vCard:EMAIL>
	<vCard:ORG rdf:parseType="Resource">
	<vCard:Orgname>California Institute of Technology</vCard:Orgname>
	</vCard:ORG>
	</rdf:li>
	
	
	<rdf:li rdf:parseType="Resource">
	<vCard:N rdf:parseType="Resource">
	<vCard:Family>Herzel</vCard:Family>
	<vCard:Given>Hanspeter</vCard:Given>
	</vCard:N>
	<vCard:EMAIL>h.herzel@biologie.hu-berlin.de</vCard:EMAIL>
	<vCard:ORG rdf:parseType="Resource">
	<vCard:Orgname>Humboldt Universtity Berlin</vCard:Orgname>
	</vCard:ORG>
	</rdf:li>
	<rdf:li rdf:parseType="Resource">
	<vCard:N rdf:parseType="Resource">
	<vCard:Family>Bluethgen</vCard:Family>
	<vCard:Given>Nils</vCard:Given>
	</vCard:N>
	<vCard:EMAIL>nils@itb.biologie.hu-berlin.de</vCard:EMAIL>
	<vCard:ORG rdf:parseType="Resource">
	<vCard:Orgname>Humboldt University Berlin</vCard:Orgname>
	</vCard:ORG>
	</rdf:li>
	<rdf:li rdf:parseType="Resource">
	<vCard:N rdf:parseType="Resource">
	<vCard:Family>Legewie</vCard:Family>
	<vCard:Given>Stefan</vCard:Given>
	</vCard:N>
	<vCard:EMAIL>s.legewie@biologie.hu-berlin.de</vCard:EMAIL>
	<vCard:ORG rdf:parseType="Resource">
	<vCard:Orgname>Humboldt University Berlin</vCard:Orgname>
	</vCard:ORG>
	</rdf:li>
	</rdf:Bag>
	</dc:creator>
	<dcterms:created rdf:parseType="Resource">
	<dcterms:W3CDTF>2006-04-20T10:59:50Z</dcterms:W3CDTF>
	</dcterms:created>
	<dcterms:modified rdf:parseType="Resource">
	<dcterms:W3CDTF>2014-03-05T16:59:25Z</dcterms:W3CDTF>
	</dcterms:modified>
	<bqmodel:is>
	<rdf:Bag>
	<rdf:li rdf:resource="http://identifiers.org/biomodels.db/MODEL8567576821"/>
	</rdf:Bag>
	</bqmodel:is>
	<bqmodel:is>
	<rdf:Bag>
	<rdf:li rdf:resource="http://identifiers.org/biomodels.db/BIOMD0000000102"/>
	</rdf:Bag>
	</bqmodel:is>
	<bqmodel:isDescribedBy>
	<rdf:Bag>
	<rdf:li rdf:resource="http://identifiers.org/pubmed/16978046"/>
	</rdf:Bag>
	</bqmodel:isDescribedBy>
	<bqbiol:isPartOf>
	<rdf:Bag>
	<rdf:li rdf:resource="http://identifiers.org/kegg.pathway/hsa04210"/>
	</rdf:Bag>
	</bqbiol:isPartOf>
	<bqbiol:isVersionOf>
	<rdf:Bag>
	<rdf:li rdf:resource="http://identifiers.org/go/GO:0006915"/>
	</rdf:Bag>
	</bqbiol:isVersionOf>
	<bqbiol:hasTaxon>
	<rdf:Bag>
	<rdf:li rdf:resource="http://identifiers.org/taxonomy/131567"/>
	</rdf:Bag>
	</bqbiol:hasTaxon>
	</rdf:Description>
	
      </rdf:RDF>
    </annotation>
      <listOfUnitDefinitions>
      <unitDefinition id="substance" metaid="metaid_0000087" name="nanomole">
        <listOfUnits>
          <unit kind="mole" metaid="dce13407-2c99-440b-b54c-22f19a6d9b01" multiplier="1" offset="0" scale="-9"/>
        </listOfUnits>
      </unitDefinition>
      <unitDefinition id="nM_per_sec" metaid="metaid_0000088" name="nM_per_sec">
        <listOfUnits>
          <unit kind="mole" metaid="_114e0b50-1741-4616-8577-afc5f84fb776" multiplier="1" offset="0" scale="-9"/>
          <unit exponent="-1" kind="litre" metaid="d774e826-de02-470b-b7f3-5294c1374c19" multiplier="1" offset="0"/>
          <unit exponent="-1" kind="second" metaid="dff97301-44a8-4320-8461-d61297bb5c74" multiplier="1" offset="0"/>
        </listOfUnits>
      </unitDefinition>
      <unitDefinition id="per_nM_per_sec" metaid="metaid_0000089" name="per_nM_per_sec">
        <listOfUnits>
          <unit exponent="-1" kind="mole" metaid="_2cb6e403-386d-49ba-860d-9be94286b3d3" multiplier="1" offset="0" scale="-9"/>
          <unit kind="litre" metaid="d2056e64-03f5-4242-8f81-108ffe90e2e0" multiplier="1" offset="0"/>
          <unit exponent="-1" kind="second" metaid="_4dd3b673-5f22-4a1b-ac5a-0c319c974f89" multiplier="1" offset="0"/>
        </listOfUnits>
      </unitDefinition>
      <unitDefinition id="nM" metaid="metaid_0000090" name="nM">
        <listOfUnits>
          <unit kind="mole" metaid="_8ca1b7a6-57e9-4cea-83aa-18587d3e5ba9" multiplier="1" offset="0" scale="-9"/>
          <unit exponent="-1" kind="litre" metaid="_56b7dc2f-3016-42b7-9ab1-ddb0ca30762c" multiplier="1" offset="0"/>
        </listOfUnits>
      </unitDefinition>
      <unitDefinition id="sec_inverse" metaid="metaid_0000091" name="sec_inverse">
        <listOfUnits>
          <unit exponent="-1" kind="second" metaid="_4ec4d5e8-d9aa-48ea-8eae-124ee679891d" multiplier="1" offset="0"/>
        </listOfUnits>
      </unitDefinition>
    </listOfUnitDefinitions>
    <listOfCompartments>
      <compartment id="cytosol" metaid="metaid_0000086" name="Cytosol" size="1">
        <annotation>
          <rdf:RDF xmlns:rdf="http://www.w3.org/1999/02/22-rdf-syntax-ns#" xmlns:bqmodel="http://biomodels.net/model-qualifiers/" xmlns:bqbiol="http://biomodels.net/biology-qualifiers/">
            <rdf:Description rdf:about="#metaid_0000086">
	<bqbiol:is>
	<rdf:Bag>
	<rdf:li rdf:resource="http://identifiers.org/go/GO:0005829"/>
	</rdf:Bag>
	</bqbiol:is>
	</rdf:Description>
	
          </rdf:RDF>
        </annotation>
            </compartment>
    </listOfCompartments>
    <listOfSpecies>
      <species compartment="cytosol" id="A" initialConcentration="20" metaid="metaid_0000004" name="APAF-1">
        <annotation>
          <rdf:RDF xmlns:rdf="http://www.w3.org/1999/02/22-rdf-syntax-ns#" xmlns:bqmodel="http://biomodels.net/model-qualifiers/" xmlns:bqbiol="http://biomodels.net/biology-qualifiers/">
            <rdf:Description rdf:about="#metaid_0000004">
	<bqbiol:isVersionOf>
	<rdf:Bag>
	<rdf:li rdf:resource="http://identifiers.org/uniprot/O14727"/>
	</rdf:Bag>
	</bqbiol:isVersionOf>
	</rdf:Description>
	
          </rdf:RDF>
        </annotation>
            </species>
      <species compartment="cytosol" id="C9" initialConcentration="20" metaid="metaid_0000005" name="Caspase 9">
        <annotation>
          <rdf:RDF xmlns:rdf="http://www.w3.org/1999/02/22-rdf-syntax-ns#" xmlns:bqmodel="http://biomodels.net/model-qualifiers/" xmlns:bqbiol="http://biomodels.net/biology-qualifiers/">
            <rdf:Description rdf:about="#metaid_0000005">
	<bqbiol:isVersionOf>
	<rdf:Bag>
	<rdf:li rdf:resource="http://identifiers.org/uniprot/P55211"/>
	</rdf:Bag>
	</bqbiol:isVersionOf>
	</rdf:Description>
	
          </rdf:RDF>
        </annotation>
            </species>
      <species compartment="cytosol" id="C9X" initialConcentration="0" metaid="metaid_0000006" name="Caspase 9-XIAP complex">
        <annotation>
          <rdf:RDF xmlns:rdf="http://www.w3.org/1999/02/22-rdf-syntax-ns#" xmlns:bqmodel="http://biomodels.net/model-qualifiers/" xmlns:bqbiol="http://biomodels.net/biology-qualifiers/">
            <rdf:Description rdf:about="#metaid_0000006">
	<bqbiol:hasPart>
	<rdf:Bag>
	<rdf:li rdf:resource="http://identifiers.org/uniprot/P55211"/>
	<rdf:li rdf:resource="http://identifiers.org/uniprot/P98170"/>
	</rdf:Bag>
	</bqbiol:hasPart>
	</rdf:Description>
	
          </rdf:RDF>
        </annotation>
            </species>
      <species compartment="cytosol" id="X" initialConcentration="40" metaid="metaid_0000007" name="XIAP">
        <annotation>
          <rdf:RDF xmlns:rdf="http://www.w3.org/1999/02/22-rdf-syntax-ns#" xmlns:bqmodel="http://biomodels.net/model-qualifiers/" xmlns:bqbiol="http://biomodels.net/biology-qualifiers/">
            <rdf:Description rdf:about="#metaid_0000007">
	<bqbiol:isVersionOf>
	<rdf:Bag>
	<rdf:li rdf:resource="http://identifiers.org/uniprot/P98170"/>
	</rdf:Bag>
	</bqbiol:isVersionOf>
	</rdf:Description>
	
          </rdf:RDF>
        </annotation>
            </species>
      <species compartment="cytosol" id="AC9X" initialConcentration="0" metaid="metaid_0000008" name="APAF-1-Caspase 9-XIAP complex">
        <annotation>
          <rdf:RDF xmlns:rdf="http://www.w3.org/1999/02/22-rdf-syntax-ns#" xmlns:bqmodel="http://biomodels.net/model-qualifiers/" xmlns:bqbiol="http://biomodels.net/biology-qualifiers/">
            <rdf:Description rdf:about="#metaid_0000008">
	<bqbiol:hasPart>
	<rdf:Bag>
	<rdf:li rdf:resource="http://identifiers.org/uniprot/O14727"/>
	<rdf:li rdf:resource="http://identifiers.org/uniprot/P55211"/>
	<rdf:li rdf:resource="http://identifiers.org/uniprot/P98170"/>
	</rdf:Bag>
	</bqbiol:hasPart>
	</rdf:Description>
	
          </rdf:RDF>
        </annotation>
            </species>
      <species compartment="cytosol" id="AC9" initialConcentration="0" metaid="metaid_0000009" name="APAF-1-Caspase 9 complex">
        <annotation>
          <rdf:RDF xmlns:rdf="http://www.w3.org/1999/02/22-rdf-syntax-ns#" xmlns:bqmodel="http://biomodels.net/model-qualifiers/" xmlns:bqbiol="http://biomodels.net/biology-qualifiers/">
            <rdf:Description rdf:about="#metaid_0000009">
	<bqbiol:hasPart>
	<rdf:Bag>
	<rdf:li rdf:resource="http://identifiers.org/uniprot/O14727"/>
	<rdf:li rdf:resource="http://identifiers.org/uniprot/P55211"/>
	</rdf:Bag>
	</bqbiol:hasPart>
	</rdf:Description>
	
          </rdf:RDF>
        </annotation>
            </species>
      <species compartment="cytosol" id="C3" initialConcentration="200" metaid="metaid_0000010" name="Caspase 3">
        <annotation>
          <rdf:RDF xmlns:rdf="http://www.w3.org/1999/02/22-rdf-syntax-ns#" xmlns:bqmodel="http://biomodels.net/model-qualifiers/" xmlns:bqbiol="http://biomodels.net/biology-qualifiers/">
            <rdf:Description rdf:about="#metaid_0000010">
	<bqbiol:isVersionOf>
	<rdf:Bag>
	<rdf:li rdf:resource="http://identifiers.org/uniprot/P42574"/>
	</rdf:Bag>
	</bqbiol:isVersionOf>
	</rdf:Description>
	
          </rdf:RDF>
        </annotation>
            </species>
      <species compartment="cytosol" id="C3_star" initialConcentration="0" metaid="metaid_0000011" name="Caspase 3 cleaved">
        <annotation>
          <rdf:RDF xmlns:rdf="http://www.w3.org/1999/02/22-rdf-syntax-ns#" xmlns:bqmodel="http://biomodels.net/model-qualifiers/" xmlns:bqbiol="http://biomodels.net/biology-qualifiers/">
            <rdf:Description rdf:about="#metaid_0000011">
	<bqbiol:isVersionOf>
	<rdf:Bag>
	<rdf:li rdf:resource="http://identifiers.org/uniprot/P42574"/>
	</rdf:Bag>
	</bqbiol:isVersionOf>
	</rdf:Description>
	
          </rdf:RDF>
        </annotation>
            </species>
      <species compartment="cytosol" id="C3_starX" initialConcentration="0" metaid="metaid_0000012" name="Caspase 3 cleaved - XIAP complex">
        <annotation>
          <rdf:RDF xmlns:rdf="http://www.w3.org/1999/02/22-rdf-syntax-ns#" xmlns:bqmodel="http://biomodels.net/model-qualifiers/" xmlns:bqbiol="http://biomodels.net/biology-qualifiers/">
            <rdf:Description rdf:about="#metaid_0000012">
	<bqbiol:hasPart>
	<rdf:Bag>
	<rdf:li rdf:resource="http://identifiers.org/uniprot/P42574"/>
	<rdf:li rdf:resource="http://identifiers.org/uniprot/P98170"/>
	</rdf:Bag>
	</bqbiol:hasPart>
	</rdf:Description>
	
          </rdf:RDF>
        </annotation>
            </species>
      <species compartment="cytosol" id="C9_starX" initialConcentration="0" metaid="metaid_0000013" name="Caspase 9 cleaved-XIAP complex">
        <annotation>
          <rdf:RDF xmlns:rdf="http://www.w3.org/1999/02/22-rdf-syntax-ns#" xmlns:bqmodel="http://biomodels.net/model-qualifiers/" xmlns:bqbiol="http://biomodels.net/biology-qualifiers/">
            <rdf:Description rdf:about="#metaid_0000013">
	<bqbiol:hasPart>
	<rdf:Bag>
	<rdf:li rdf:resource="http://identifiers.org/uniprot/P55211"/>
	<rdf:li rdf:resource="http://identifiers.org/uniprot/P98170"/>
	</rdf:Bag>
	</bqbiol:hasPart>
	</rdf:Description>
	
          </rdf:RDF>
        </annotation>
            </species>
      <species compartment="cytosol" id="C9_star" initialConcentration="0" metaid="metaid_0000014" name="Caspase 9 cleaved">
        <annotation>
          <rdf:RDF xmlns:rdf="http://www.w3.org/1999/02/22-rdf-syntax-ns#" xmlns:bqmodel="http://biomodels.net/model-qualifiers/" xmlns:bqbiol="http://biomodels.net/biology-qualifiers/">
            <rdf:Description rdf:about="#metaid_0000014">
	<bqbiol:isVersionOf>
	<rdf:Bag>
	<rdf:li rdf:resource="http://identifiers.org/uniprot/P55211"/>
	</rdf:Bag>
	</bqbiol:isVersionOf>
	</rdf:Description>
	
          </rdf:RDF>
        </annotation>
            </species>
      <species compartment="cytosol" id="AC9_star" initialConcentration="0" metaid="metaid_0000015" name="APAF-1-Caspase 9 cleaved complex">
        <annotation>
          <rdf:RDF xmlns:rdf="http://www.w3.org/1999/02/22-rdf-syntax-ns#" xmlns:bqmodel="http://biomodels.net/model-qualifiers/" xmlns:bqbiol="http://biomodels.net/biology-qualifiers/">
            <rdf:Description rdf:about="#metaid_0000015">
	<bqbiol:hasPart>
	<rdf:Bag>
	<rdf:li rdf:resource="http://identifiers.org/uniprot/O14727"/>
	<rdf:li rdf:resource="http://identifiers.org/uniprot/P55211"/>
	</rdf:Bag>
	</bqbiol:hasPart>
	</rdf:Description>
	
          </rdf:RDF>
        </annotation>
            </species>
      <species compartment="cytosol" id="AC9_starX" initialConcentration="0" metaid="metaid_0000016" name="Apaf-1-Caspase 9 cleaved -XIAP complex">
        <annotation>
          <rdf:RDF xmlns:rdf="http://www.w3.org/1999/02/22-rdf-syntax-ns#" xmlns:bqmodel="http://biomodels.net/model-qualifiers/" xmlns:bqbiol="http://biomodels.net/biology-qualifiers/">
            <rdf:Description rdf:about="#metaid_0000016">
	<bqbiol:hasPart>
	<rdf:Bag>
	<rdf:li rdf:resource="http://identifiers.org/uniprot/O14727"/>
	<rdf:li rdf:resource="http://identifiers.org/uniprot/P55211"/>
	<rdf:li rdf:resource="http://identifiers.org/uniprot/P98170"/>
	</rdf:Bag>
	</bqbiol:hasPart>
	</rdf:Description>
	
          </rdf:RDF>
        </annotation>
            </species>
    </listOfSpecies>
    <listOfParameters>
      <parameter id="k1" metaid="metaid_0000045" units="per_nM_per_sec" value="0.002"/>
      <parameter id="kb1" metaid="metaid_0000046" units="sec_inverse" value="0.1"/>
      <parameter id="k2" metaid="metaid_0000047" units="per_nM_per_sec" value="5E-6"/>
      <parameter id="k3" metaid="metaid_0000048" units="per_nM_per_sec" value="0.00035"/>
      <parameter id="k4" metaid="metaid_0000049" units="per_nM_per_sec" value="0.0002"/>
      <parameter id="k5" metaid="metaid_0000050" units="per_nM_per_sec" value="0.0002"/>
      <parameter id="k6" metaid="metaid_0000051" units="per_nM_per_sec" value="5E-5"/>
      <parameter id="k7" metaid="metaid_0000052" units="per_nM_per_sec" value="0.0035"/>
      <parameter id="k8" metaid="metaid_0000053" units="per_nM_per_sec" value="0.002"/>
      <parameter id="k8b" metaid="metaid_0000054" units="sec_inverse" value="0.1"/>
      <parameter id="k9" metaid="metaid_0000055" units="per_nM_per_sec" value="0.001"/>
      <parameter id="k9b" metaid="metaid_0000056" units="sec_inverse" value="0.001"/>
      <parameter id="k10" metaid="metaid_0000057" units="per_nM_per_sec" value="0.001"/>
      <parameter id="k10b" metaid="metaid_0000058" units="sec_inverse" value="0.001"/>
      <parameter id="k11" metaid="metaid_0000059" units="per_nM_per_sec" value="0.001"/>
      <parameter id="k11b" metaid="metaid_0000060" units="sec_inverse" value="0.001"/>
      <parameter id="k12" metaid="metaid_0000061" units="per_nM_per_sec" value="0.001"/>
      <parameter id="k12b" metaid="metaid_0000062" units="sec_inverse" value="0.001"/>
      <parameter id="k13" metaid="metaid_0000063" units="per_nM_per_sec" value="0.002"/>
      <parameter id="k13b" metaid="metaid_0000064" units="sec_inverse" value="0.1"/>
      <parameter id="k14" metaid="metaid_0000065" units="per_nM_per_sec" value="0.002"/>
      <parameter id="k14b" metaid="metaid_0000066" units="sec_inverse" value="0.1"/>
      <parameter id="k15" metaid="metaid_0000067" units="per_nM_per_sec" value="0.003"/>
      <parameter id="k15b" metaid="metaid_0000068" units="sec_inverse" value="0.001"/>
      <parameter id="k16" metaid="metaid_0000069" units="sec_inverse" value="0.001"/>
      <parameter id="k16prod" metaid="metaid_0000070" units="nM_per_sec" value="0.02"/>
      <parameter id="k17" metaid="metaid_0000071" units="sec_inverse" value="0.001"/>
      <parameter id="k17prod" metaid="metaid_0000072" units="nM_per_sec" value="0.02"/>
      <parameter id="k18" metaid="metaid_0000073" units="sec_inverse" value="0.001"/>
      <parameter id="k18prod" metaid="metaid_0000074" units="nM_per_sec" value="0.04"/>
      <parameter id="k19" metaid="metaid_0000075" units="sec_inverse" value="0.001"/>
      <parameter id="k20" metaid="metaid_0000076" units="sec_inverse" value="0.001"/>
      <parameter id="k21" metaid="metaid_0000077" units="sec_inverse" value="0.001"/>
      <parameter id="k22" metaid="metaid_0000078" units="sec_inverse" value="0.001"/>
      <parameter id="k22prod" metaid="metaid_0000079" units="nM_per_sec" value="0.2"/>
      <parameter id="k23" metaid="metaid_0000080" units="sec_inverse" value="0.001"/>
      <parameter id="k24" metaid="metaid_0000081" units="sec_inverse" value="0.001"/>
      <parameter id="k25" metaid="metaid_0000082" units="sec_inverse" value="0.001"/>
      <parameter id="k26" metaid="metaid_0000083" units="sec_inverse" value="0.001"/>
      <parameter id="k27" metaid="metaid_0000084" units="sec_inverse" value="0.001"/>
      <parameter id="k28" metaid="metaid_0000085" units="sec_inverse" value="0.001"/>
    </listOfParameters>
    <listOfReactions>
      <reaction fast="false" id="v1" metaid="metaid_0000017" name="Caspase 9 / Apaf-1 binding">
        <annotation>
          <rdf:RDF xmlns:rdf="http://www.w3.org/1999/02/22-rdf-syntax-ns#" xmlns:bqmodel="http://biomodels.net/model-qualifiers/" xmlns:bqbiol="http://biomodels.net/biology-qualifiers/">
            <rdf:Description rdf:about="#metaid_0000017">
	<bqbiol:isVersionOf>
	<rdf:Bag>
	<rdf:li rdf:resource="http://identifiers.org/go/GO:0005515"/>
	</rdf:Bag>
	</bqbiol:isVersionOf>
	</rdf:Description>
	
          </rdf:RDF>
        </annotation>
              <listOfReactants>
          <speciesReference metaid="bb4eedde-5738-4885-adf4-cded4ad9b45c" species="A"/>
          <speciesReference metaid="e17f2770-9682-4bbf-a18a-11b1bcc5705c" species="C9"/>
        </listOfReactants>
        <listOfProducts>
          <speciesReference metaid="_026ea965-aba5-4963-8694-2f8dcd8357eb" species="AC9"/>
        </listOfProducts>
        <kineticLaw metaid="_16bf2177-7141-4868-9439-20e68127b1e3">
          <math xmlns="http://www.w3.org/1998/Math/MathML">          
            <apply>
              <times/>
              <ci> cytosol </ci>
              <apply>
                <minus/>
                <apply>
                  <times/>
                  <ci> k1 </ci>
                  <ci> A </ci>
                  <ci> C9 </ci>
                </apply>
                <apply>
                  <times/>
                  <ci> kb1 </ci>
                  <ci> AC9 </ci>
                </apply>
              </apply>
            </apply>
          </math>
                </kineticLaw>
      </reaction>
      <reaction fast="false" id="v2" metaid="metaid_0000018" name="Caspase 3 cleavage by Caspase 9" reversible="false">
        <annotation>
          <rdf:RDF xmlns:rdf="http://www.w3.org/1999/02/22-rdf-syntax-ns#" xmlns:bqmodel="http://biomodels.net/model-qualifiers/" xmlns:bqbiol="http://biomodels.net/biology-qualifiers/">
            <rdf:Description rdf:about="#metaid_0000018">
              <bqbiol:isVersionOf>
	<rdf:Bag>
	<rdf:li rdf:resource="http://identifiers.org/go/GO:0006919"/>
	</rdf:Bag>
	</bqbiol:isVersionOf>
	<bqbiol:isVersionOf>
	<rdf:Bag>
	<rdf:li rdf:resource="http://identifiers.org/go/GO:0030693"/>
	</rdf:Bag>
	</bqbiol:isVersionOf>
	
	<bqbiol:is>
	<rdf:Bag>
	<rdf:li rdf:resource="http://identifiers.org/ec-code/3.4.22.62"/>
	</rdf:Bag>
	</bqbiol:is>
	</rdf:Description>
	
          </rdf:RDF>
        </annotation>
              <listOfReactants>
          <speciesReference metaid="_7dbc5a84-dc1d-4410-9032-3ad511eb94c6" species="C3"/>
          <speciesReference metaid="a075de5e-b4cb-4e4f-8829-caee59b484e1" species="C9"/>
        </listOfReactants>
        <listOfProducts>
          <speciesReference metaid="_8281df0f-300a-4070-a118-75eaa05449df" species="C3_star"/>
          <speciesReference metaid="_6e98cb05-1a93-4541-bf5e-7aab76b41db4" species="C9"/>
        </listOfProducts>
        <kineticLaw metaid="_67acad45-7a05-49e6-a8f0-c866e79ca8b3">
          <math xmlns="http://www.w3.org/1998/Math/MathML">          
            <apply>
              <times/>
              <ci> cytosol </ci>
              <ci> k2 </ci>
              <ci> C3 </ci>
              <ci> C9 </ci>
            </apply>
          </math>
                </kineticLaw>
      </reaction>
      <reaction fast="false" id="v3" metaid="metaid_0000019" name="Caspase 3 cleavage by Caspase 9-Apaf-1" reversible="false">
        <annotation>
          <rdf:RDF xmlns:rdf="http://www.w3.org/1999/02/22-rdf-syntax-ns#" xmlns:bqmodel="http://biomodels.net/model-qualifiers/" xmlns:bqbiol="http://biomodels.net/biology-qualifiers/">
            <rdf:Description rdf:about="#metaid_0000019">
	<bqbiol:isVersionOf>
	<rdf:Bag>
	<rdf:li rdf:resource="http://identifiers.org/go/GO:0006919"/>
	</rdf:Bag>
	</bqbiol:isVersionOf>
	</rdf:Description>
	
          </rdf:RDF>
        </annotation>
              <listOfReactants>
          <speciesReference metaid="a2008f06-420e-4d7f-8989-728160ddbe95" species="C3"/>
          <speciesReference metaid="_529b1722-b9cb-4243-a944-dbb522627832" species="AC9"/>
        </listOfReactants>
        <listOfProducts>
          <speciesReference metaid="d227382e-5f14-47b1-a832-127c1813b6b2" species="C3_star"/>
          <speciesReference metaid="e4a39a7b-fd05-4fcd-a05c-93cfc6c4b3b5" species="AC9"/>
        </listOfProducts>
        <kineticLaw metaid="a5181720-a99c-4bb3-ae81-51cbbd993050">
          <math xmlns="http://www.w3.org/1998/Math/MathML">          
            <apply>
              <times/>
              <ci> cytosol </ci>
              <ci> k3 </ci>
              <ci> C3 </ci>
              <ci> AC9 </ci>
            </apply>
          </math>
                </kineticLaw>
      </reaction>
      <reaction fast="false" id="v9" metaid="metaid_0000020" name="Caspase 9 Xiap binding">
        <annotation>
          <rdf:RDF xmlns:rdf="http://www.w3.org/1999/02/22-rdf-syntax-ns#" xmlns:bqmodel="http://biomodels.net/model-qualifiers/" xmlns:bqbiol="http://biomodels.net/biology-qualifiers/">
            <rdf:Description rdf:about="#metaid_0000020">
              <bqbiol:isVersionOf>
	<rdf:Bag>
	<rdf:li rdf:resource="http://identifiers.org/go/GO:0043027"/>
	</rdf:Bag>
	</bqbiol:isVersionOf>
	
	<bqbiol:isVersionOf>
	<rdf:Bag>
	<rdf:li rdf:resource="http://identifiers.org/go/GO:0005515"/>
	</rdf:Bag>
	</bqbiol:isVersionOf>
	</rdf:Description>
	
          </rdf:RDF>
        </annotation>
              <listOfReactants>
          <speciesReference metaid="_1a008d99-692c-4f71-85d5-2cfffb55e6a5" species="C9"/>
          <speciesReference metaid="_3162670d-e5d2-44a1-b0d5-fb8931a88f94" species="X"/>
        </listOfReactants>
        <listOfProducts>
          <speciesReference metaid="_516ad71c-921c-41c9-9da5-979f9f384867" species="C9X"/>
        </listOfProducts>
        <kineticLaw metaid="_833cb834-67ff-4498-b414-7c79219d610c">
          <math xmlns="http://www.w3.org/1998/Math/MathML">          
            <apply>
              <times/>
              <ci> cytosol </ci>
              <apply>
                <minus/>
                <apply>
                  <times/>
                  <ci> k9 </ci>
                  <ci> C9 </ci>
                  <ci> X </ci>
                </apply>
                <apply>
                  <times/>
                  <ci> k9b </ci>
                  <ci> C9X </ci>
                </apply>
              </apply>
            </apply>
          </math>
                </kineticLaw>
      </reaction>
      <reaction fast="false" id="v10" metaid="metaid_0000021" name="Caspase 9-Apaf-1 Xiap binding">
        <annotation>
          <rdf:RDF xmlns:rdf="http://www.w3.org/1999/02/22-rdf-syntax-ns#" xmlns:bqmodel="http://biomodels.net/model-qualifiers/" xmlns:bqbiol="http://biomodels.net/biology-qualifiers/">
            <rdf:Description rdf:about="#metaid_0000021">
              <bqbiol:isVersionOf>
	<rdf:Bag>
	<rdf:li rdf:resource="http://identifiers.org/go/GO:0005515"/>
	</rdf:Bag>
	</bqbiol:isVersionOf>
	
	<bqbiol:isVersionOf>
	<rdf:Bag>
	<rdf:li rdf:resource="http://identifiers.org/go/GO:0043027"/>
	</rdf:Bag>
	</bqbiol:isVersionOf>
	</rdf:Description>
	
          </rdf:RDF>
        </annotation>
              <listOfReactants>
          <speciesReference metaid="d490653a-e1e3-47cf-b69b-72fe360f93bd" species="AC9"/>
          <speciesReference metaid="_1aaacc55-18f4-4505-bd10-969f0a3ec3fe" species="X"/>
        </listOfReactants>
        <listOfProducts>
          <speciesReference metaid="_3a7996b9-f82e-43bc-94b7-81185370ee91" species="AC9X"/>
        </listOfProducts>
        <kineticLaw metaid="_598c5322-9388-4bf4-b1e1-14b591897e37">
          <math xmlns="http://www.w3.org/1998/Math/MathML">          
            <apply>
              <times/>
              <ci> cytosol </ci>
              <apply>
                <minus/>
                <apply>
                  <times/>
                  <ci> k10 </ci>
                  <ci> AC9 </ci>
                  <ci> X </ci>
                </apply>
                <apply>
                  <times/>
                  <ci> k10b </ci>
                  <ci> AC9X </ci>
                </apply>
              </apply>
            </apply>
          </math>
                </kineticLaw>
      </reaction>
      <reaction fast="false" id="v13" metaid="metaid_0000022" name="Caspase 9-Xiap Apaf-1 binding">
        <annotation>
          <rdf:RDF xmlns:rdf="http://www.w3.org/1999/02/22-rdf-syntax-ns#" xmlns:bqmodel="http://biomodels.net/model-qualifiers/" xmlns:bqbiol="http://biomodels.net/biology-qualifiers/">
            <rdf:Description rdf:about="#metaid_0000022">
	<bqbiol:isVersionOf>
	<rdf:Bag>
	<rdf:li rdf:resource="http://identifiers.org/go/GO:0005515"/>
	</rdf:Bag>
	</bqbiol:isVersionOf>
	</rdf:Description>
	
          </rdf:RDF>
        </annotation>
              <listOfReactants>
          <speciesReference metaid="ea2b8090-a9ae-405d-8a9e-88e0d30ba97e" species="C9X"/>
          <speciesReference metaid="_702c1780-deae-47f2-a58d-52d16a9236df" species="A"/>
        </listOfReactants>
        <listOfProducts>
          <speciesReference metaid="e83260cd-51f6-437c-8edc-f968cdf7df63" species="AC9X"/>
        </listOfProducts>
        <kineticLaw metaid="_3e7d3314-5fab-4f09-bcde-bcf49633e665">
          <math xmlns="http://www.w3.org/1998/Math/MathML">          
            <apply>
              <times/>
              <ci> cytosol </ci>
              <apply>
                <minus/>
                <apply>
                  <times/>
                  <ci> k13 </ci>
                  <ci> C9X </ci>
                  <ci> A </ci>
                </apply>
                <apply>
                  <times/>
                  <ci> k13b </ci>
                  <ci> AC9X </ci>
                </apply>
              </apply>
            </apply>
          </math>
                </kineticLaw>
      </reaction>
      <reaction fast="false" id="v15" metaid="metaid_0000023" name="cleaved Caspase 3-Xiap binding">
        <annotation>
          <rdf:RDF xmlns:rdf="http://www.w3.org/1999/02/22-rdf-syntax-ns#" xmlns:bqmodel="http://biomodels.net/model-qualifiers/" xmlns:bqbiol="http://biomodels.net/biology-qualifiers/">
            <rdf:Description rdf:about="#metaid_0000023">
              <bqbiol:isVersionOf>
	<rdf:Bag>
	<rdf:li rdf:resource="http://identifiers.org/go/GO:0005515"/>
	</rdf:Bag>
	</bqbiol:isVersionOf>
	
	<bqbiol:isVersionOf>
	<rdf:Bag>
	<rdf:li rdf:resource="http://identifiers.org/go/GO:0043027"/>
	</rdf:Bag>
	</bqbiol:isVersionOf>
	</rdf:Description>
	
          </rdf:RDF>
        </annotation>
              <listOfReactants>
          <speciesReference metaid="_04902c3f-f6ab-4d3d-943b-b3c599bd6c1c" species="C3_star"/>
          <speciesReference metaid="_26148c01-f580-4de1-aea2-8fb972a9a95e" species="X"/>
        </listOfReactants>
        <listOfProducts>
          <speciesReference metaid="_75305667-1bb0-4c7f-a3ef-1ec4a9dbea95" species="C3_starX"/>
        </listOfProducts>
        <kineticLaw metaid="bbea5e41-a2db-4ccb-aca0-69f73d171aca">
          <math xmlns="http://www.w3.org/1998/Math/MathML">          
            <apply>
              <times/>
              <ci> cytosol </ci>
              <apply>
                <minus/>
                <apply>
                  <times/>
                  <ci> k15 </ci>
                  <ci> C3_star </ci>
                  <ci> X </ci>
                </apply>
                <apply>
                  <times/>
                  <ci> k15b </ci>
                  <ci> C3_starX </ci>
                </apply>
              </apply>
            </apply>
          </math>
                </kineticLaw>
      </reaction>
      <reaction fast="false" id="v4" metaid="metaid_0000024" name="Caspase 9 cleavage by cleaved caspase 3" reversible="false">
        <annotation>
          <rdf:RDF xmlns:rdf="http://www.w3.org/1999/02/22-rdf-syntax-ns#" xmlns:bqmodel="http://biomodels.net/model-qualifiers/" xmlns:bqbiol="http://biomodels.net/biology-qualifiers/">
            <rdf:Description rdf:about="#metaid_0000024">
	<bqbiol:is>
	<rdf:Bag>
	<rdf:li rdf:resource="http://identifiers.org/ec-code/3.4.22.56"/>
	<rdf:li rdf:resource="http://identifiers.org/go/GO:0030693"/>
	</rdf:Bag>
	</bqbiol:is>
	</rdf:Description>
	
          </rdf:RDF>
        </annotation>
              <listOfReactants>
          <speciesReference metaid="b60e0410-bb71-44d1-99fd-7d88f53909a1" species="C9"/>
          <speciesReference metaid="_0b985408-7fb4-435f-9d39-81c162ca4a29" species="C3_star"/>
        </listOfReactants>
        <listOfProducts>
          <speciesReference metaid="ff677c31-8ce0-431e-8df5-620804a3b1f8" species="C9_star"/>
          <speciesReference metaid="_9cb8ec8a-77c3-47ff-87f2-f2dca479e9fc" species="C3_star"/>
        </listOfProducts>
        <kineticLaw metaid="_395f46da-544a-42e4-ae3c-cf877a9e36e4">
          <math xmlns="http://www.w3.org/1998/Math/MathML">          
            <apply>
              <times/>
              <ci> cytosol </ci>
              <ci> k4 </ci>
              <ci> C9 </ci>
              <ci> C3_star </ci>
            </apply>
          </math>
                </kineticLaw>
      </reaction>
      <reaction fast="false" id="v5" metaid="metaid_0000025" name="Caspase 9 cleavage by cleaved caspase 3 when Apaf-1 is bound" reversible="false">
        <annotation>
          <rdf:RDF xmlns:rdf="http://www.w3.org/1999/02/22-rdf-syntax-ns#" xmlns:bqmodel="http://biomodels.net/model-qualifiers/" xmlns:bqbiol="http://biomodels.net/biology-qualifiers/">
            <rdf:Description rdf:about="#metaid_0000025">
	<bqbiol:is>
	<rdf:Bag>
	<rdf:li rdf:resource="http://identifiers.org/ec-code/3.4.22.56"/>
	<rdf:li rdf:resource="http://identifiers.org/go/GO:0030693"/>
	</rdf:Bag>
	</bqbiol:is>
	</rdf:Description>
	
          </rdf:RDF>
        </annotation>
              <listOfReactants>
          <speciesReference metaid="_1fff21f4-254a-439f-b898-50950a9cd1dd" species="AC9"/>
          <speciesReference metaid="a9992485-2236-4363-8400-03c38f74ea44" species="C3_star"/>
        </listOfReactants>
        <listOfProducts>
          <speciesReference metaid="_8d3036da-c945-405f-b7b2-b12160ef42fc" species="AC9_star"/>
          <speciesReference metaid="c121bc46-21b3-432b-bf8c-8d74315dc2dc" species="C3_star"/>
        </listOfProducts>
        <kineticLaw metaid="f41984d4-911e-42a6-9396-c68e9a141927">
          <math xmlns="http://www.w3.org/1998/Math/MathML">          
            <apply>
              <times/>
              <ci> cytosol </ci>
              <ci> k5 </ci>
              <ci> AC9 </ci>
              <ci> C3_star </ci>
            </apply>
          </math>
                </kineticLaw>
      </reaction>
      <reaction fast="false" id="v8" metaid="metaid_0000026" name="cleaved Caspase 9 Apaf-1 binding">
        <annotation>
          <rdf:RDF xmlns:rdf="http://www.w3.org/1999/02/22-rdf-syntax-ns#" xmlns:bqmodel="http://biomodels.net/model-qualifiers/" xmlns:bqbiol="http://biomodels.net/biology-qualifiers/">
            <rdf:Description rdf:about="#metaid_0000026">
	<bqbiol:isVersionOf>
	<rdf:Bag>
	<rdf:li rdf:resource="http://identifiers.org/go/GO:0005515"/>
	</rdf:Bag>
	</bqbiol:isVersionOf>
	</rdf:Description>
	
          </rdf:RDF>
        </annotation>
              <listOfReactants>
          <speciesReference metaid="_3d0014df-376c-45d3-8316-3ca7e5f7e988" species="C9_star"/>
          <speciesReference metaid="_31a789b3-40c2-4e45-a326-e9d979049bf9" species="A"/>
        </listOfReactants>
        <listOfProducts>
          <speciesReference metaid="_7da5ccde-6693-414e-9e5f-23315450242f" species="AC9_star"/>
        </listOfProducts>
        <kineticLaw metaid="f8ee00c7-de1f-4015-8365-4d560b982a72">
          <math xmlns="http://www.w3.org/1998/Math/MathML">          
            <apply>
              <times/>
              <ci> cytosol </ci>
              <apply>
                <minus/>
                <apply>
                  <times/>
                  <ci> k8 </ci>
                  <ci> C9_star </ci>
                  <ci> A </ci>
                </apply>
                <apply>
                  <times/>
                  <ci> k8b </ci>
                  <ci> AC9_star </ci>
                </apply>
              </apply>
            </apply>
          </math>
                </kineticLaw>
      </reaction>
      <reaction fast="false" id="v11" metaid="metaid_0000027" name="cleaved Caspase 9 XIAP binding">
        <annotation>
          <rdf:RDF xmlns:rdf="http://www.w3.org/1999/02/22-rdf-syntax-ns#" xmlns:bqmodel="http://biomodels.net/model-qualifiers/" xmlns:bqbiol="http://biomodels.net/biology-qualifiers/">
            <rdf:Description rdf:about="#metaid_0000027">
              <bqbiol:isVersionOf>
	<rdf:Bag>
	<rdf:li rdf:resource="http://identifiers.org/go/GO:0005515"/>
	</rdf:Bag>
	</bqbiol:isVersionOf>
	
	<bqbiol:isVersionOf>
	<rdf:Bag>
	<rdf:li rdf:resource="http://identifiers.org/go/GO:0043027"/>
	</rdf:Bag>
	</bqbiol:isVersionOf>
	</rdf:Description>
	
          </rdf:RDF>
        </annotation>
              <listOfReactants>
          <speciesReference metaid="_382f410e-5d09-409b-8c60-5df3c7c24af1" species="C9_star"/>
          <speciesReference metaid="_840c96f7-5128-4fe0-a3f7-1d53cdf25f90" species="X"/>
        </listOfReactants>
        <listOfProducts>
          <speciesReference metaid="f1cc9c8d-6c22-43a6-842e-c535add2a1d8" species="C9_starX"/>
        </listOfProducts>
        <kineticLaw metaid="f3ecbcc6-4a2a-4698-bb7f-34f843efd343">
          <math xmlns="http://www.w3.org/1998/Math/MathML">          
            <apply>
              <times/>
              <ci> cytosol </ci>
              <apply>
                <minus/>
                <apply>
                  <times/>
                  <ci> k11 </ci>
                  <ci> C9_star </ci>
                  <ci> X </ci>
                </apply>
                <apply>
                  <times/>
                  <ci> k11b </ci>
                  <ci> C9_starX </ci>
                </apply>
              </apply>
            </apply>
          </math>
                </kineticLaw>
      </reaction>
      <reaction fast="false" id="v12" metaid="metaid_0000028" name="cleaved Caspase 9-Apaf-1 XIAP binding">
        <annotation>
          <rdf:RDF xmlns:rdf="http://www.w3.org/1999/02/22-rdf-syntax-ns#" xmlns:bqmodel="http://biomodels.net/model-qualifiers/" xmlns:bqbiol="http://biomodels.net/biology-qualifiers/">
            <rdf:Description rdf:about="#metaid_0000028">
              <bqbiol:isVersionOf>
	<rdf:Bag>
	<rdf:li rdf:resource="http://identifiers.org/go/GO:0005515"/>
	</rdf:Bag>
	</bqbiol:isVersionOf>
	
	<bqbiol:isVersionOf>
	<rdf:Bag>
	<rdf:li rdf:resource="http://identifiers.org/go/GO:0043027"/>
	</rdf:Bag>
	</bqbiol:isVersionOf>
	</rdf:Description>
	
          </rdf:RDF>
        </annotation>
              <listOfReactants>
          <speciesReference metaid="_959bbb17-ff50-45b5-9def-079491c8fdab" species="AC9_star"/>
          <speciesReference metaid="df31f25f-a75e-4670-8fa5-bd2f8070ff3e" species="X"/>
        </listOfReactants>
        <listOfProducts>
          <speciesReference metaid="_90c0de8f-403a-4cc6-8a9b-dd2caca12ffd" species="AC9_starX"/>
        </listOfProducts>
        <kineticLaw metaid="b3d51a82-b4f5-4ac0-9716-3370b215d364">
          <math xmlns="http://www.w3.org/1998/Math/MathML">          
            <apply>
              <times/>
              <ci> cytosol </ci>
              <apply>
                <minus/>
                <apply>
                  <times/>
                  <ci> k12 </ci>
                  <ci> AC9_star </ci>
                  <ci> X </ci>
                </apply>
                <apply>
                  <times/>
                  <ci> k12b </ci>
                  <ci> AC9_starX </ci>
                </apply>
              </apply>
            </apply>
          </math>
                </kineticLaw>
      </reaction>
      <reaction fast="false" id="v14" metaid="metaid_0000029" name="cleaved Caspase 9-Xiap Apaf-1 binding">
        <annotation>
          <rdf:RDF xmlns:rdf="http://www.w3.org/1999/02/22-rdf-syntax-ns#" xmlns:bqmodel="http://biomodels.net/model-qualifiers/" xmlns:bqbiol="http://biomodels.net/biology-qualifiers/">
            <rdf:Description rdf:about="#metaid_0000029">
	<bqbiol:isVersionOf>
	<rdf:Bag>
	<rdf:li rdf:resource="http://identifiers.org/go/GO:0005515"/>
	</rdf:Bag>
	</bqbiol:isVersionOf>
	</rdf:Description>
	
          </rdf:RDF>
        </annotation>
              <listOfReactants>
          <speciesReference metaid="_5210ccd4-9917-4e50-80e6-1fb24f9d60f2" species="C9_starX"/>
          <speciesReference metaid="_2aac77ee-7c65-48e0-a7f5-96a1af740c68" species="A"/>
        </listOfReactants>
        <listOfProducts>
          <speciesReference metaid="dbae1499-4eca-4fb4-8fae-b425c867c216" species="AC9_starX"/>
        </listOfProducts>
        <kineticLaw metaid="_51049d34-2415-4706-8787-cefa5a7aa2f7">
          <math xmlns="http://www.w3.org/1998/Math/MathML">          
            <apply>
              <times/>
              <ci> cytosol </ci>
              <apply>
                <minus/>
                <apply>
                  <times/>
                  <ci> k14 </ci>
                  <ci> C9_starX </ci>
                  <ci> A </ci>
                </apply>
                <apply>
                  <times/>
                  <ci> k14b </ci>
                  <ci> AC9_starX </ci>
                </apply>
              </apply>
            </apply>
          </math>
                </kineticLaw>
      </reaction>
      <reaction fast="false" id="v6" metaid="metaid_0000030" name="Caspase 3 cleavage by cleaved Caspase 9" reversible="false">
        <annotation>
          <rdf:RDF xmlns:rdf="http://www.w3.org/1999/02/22-rdf-syntax-ns#" xmlns:bqmodel="http://biomodels.net/model-qualifiers/" xmlns:bqbiol="http://biomodels.net/biology-qualifiers/">
            <rdf:Description rdf:about="#metaid_0000030">
              <bqbiol:is>
	<rdf:Bag>
	<rdf:li rdf:resource="http://identifiers.org/ec-code/3.4.22.62"/>
	</rdf:Bag>
	</bqbiol:is>
	
	<bqbiol:isVersionOf>
	<rdf:Bag>
	<rdf:li rdf:resource="http://identifiers.org/go/GO:0030693"/>
	</rdf:Bag>
	</bqbiol:isVersionOf>
	</rdf:Description>
	
          </rdf:RDF>
        </annotation>
              <listOfReactants>
          <speciesReference metaid="_775a7988-03c5-4768-8d40-8f5cfd0604cc" species="C3"/>
          <speciesReference metaid="_21964da9-197a-466b-9e24-e90ec8de1885" species="C9_star"/>
        </listOfReactants>
        <listOfProducts>
          <speciesReference metaid="bd7e0b7d-421e-4999-831c-cca13fe96927" species="C3_star"/>
          <speciesReference metaid="c93e78e0-35cc-4f4b-9dcc-a2111c540490" species="C9_star"/>
        </listOfProducts>
        <kineticLaw metaid="bc444a48-cece-43c6-bee9-109dfe4f1189">
          <math xmlns="http://www.w3.org/1998/Math/MathML">          
            <apply>
              <times/>
              <ci> cytosol </ci>
              <ci> k6 </ci>
              <ci> C3 </ci>
              <ci> C9_star </ci>
            </apply>
          </math>
                </kineticLaw>
      </reaction>
      <reaction fast="false" id="v7" metaid="metaid_0000031" name="Caspase 3 cleavage by cleaved Caspase 9 - Apaf-1" reversible="false">
        <annotation>
          <rdf:RDF xmlns:rdf="http://www.w3.org/1999/02/22-rdf-syntax-ns#" xmlns:bqmodel="http://biomodels.net/model-qualifiers/" xmlns:bqbiol="http://biomodels.net/biology-qualifiers/">
            <rdf:Description rdf:about="#metaid_0000031">
              <bqbiol:is>
	<rdf:Bag>
	<rdf:li rdf:resource="http://identifiers.org/ec-code/3.4.22.62"/>
	</rdf:Bag>
	</bqbiol:is>
	
	<bqbiol:isVersionOf>
	<rdf:Bag>
	<rdf:li rdf:resource="http://identifiers.org/go/GO:0030693"/>
	</rdf:Bag>
	</bqbiol:isVersionOf>
	</rdf:Description>
	
          </rdf:RDF>
        </annotation>
              <listOfReactants>
          <speciesReference metaid="_04b16966-4513-4178-b398-d4f0a6b42d5f" species="C3"/>
          <speciesReference metaid="_359aba4d-a032-447b-84e7-dcd57fc2ed95" species="AC9_star"/>
        </listOfReactants>
        <listOfProducts>
          <speciesReference metaid="d8485d45-e672-4c44-bbd8-2267fe82c226" species="C3_star"/>
          <speciesReference metaid="d79c94aa-30af-4400-8e44-1e2c56fc76f0" species="AC9_star"/>
        </listOfProducts>
        <kineticLaw metaid="_84710509-3e75-4b9e-9efb-2c9312e23047">
          <math xmlns="http://www.w3.org/1998/Math/MathML">          
            <apply>
              <times/>
              <ci> cytosol </ci>
              <ci> k7 </ci>
              <ci> C3 </ci>
              <ci> AC9_star </ci>
            </apply>
          </math>
                </kineticLaw>
      </reaction>
      <reaction fast="false" id="v16" metaid="metaid_0000032" name="Apaf-1 turnover" reversible="false">
        <annotation>
          <rdf:RDF xmlns:rdf="http://www.w3.org/1999/02/22-rdf-syntax-ns#" xmlns:bqmodel="http://biomodels.net/model-qualifiers/" xmlns:bqbiol="http://biomodels.net/biology-qualifiers/">
            <rdf:Description rdf:about="#metaid_0000032">
	<bqbiol:isVersionOf>
	<rdf:Bag>
	<rdf:li rdf:resource="http://identifiers.org/go/GO:0044257"/>
	</rdf:Bag>
	</bqbiol:isVersionOf>
	</rdf:Description>
	
          </rdf:RDF>
        </annotation>
              <listOfProducts>
          <speciesReference metaid="_85e369d8-b852-42a9-885a-2fa2c7583bb8" species="A"/>
        </listOfProducts>
        <kineticLaw metaid="ae6192cf-ed53-4212-921a-46b41d5266c1">
          <math xmlns="http://www.w3.org/1998/Math/MathML">          
            <apply>
              <times/>
              <ci> cytosol </ci>
              <apply>
                <minus/>
                <ci> k16prod </ci>
                <apply>
                  <times/>
                  <ci> k16 </ci>
                  <ci> A </ci>
                </apply>
              </apply>
            </apply>
          </math>
                </kineticLaw>
      </reaction>
      <reaction fast="false" id="v17" metaid="metaid_0000033" name="Caspase 9 turnover" reversible="false">
        <annotation>
          <rdf:RDF xmlns:rdf="http://www.w3.org/1999/02/22-rdf-syntax-ns#" xmlns:bqmodel="http://biomodels.net/model-qualifiers/" xmlns:bqbiol="http://biomodels.net/biology-qualifiers/">
            <rdf:Description rdf:about="#metaid_0000033">
	<bqbiol:isVersionOf>
	<rdf:Bag>
	<rdf:li rdf:resource="http://identifiers.org/go/GO:0044257"/>
	</rdf:Bag>
	</bqbiol:isVersionOf>
	</rdf:Description>
	
          </rdf:RDF>
        </annotation>
              <listOfProducts>
          <speciesReference metaid="_3570f20c-3f1d-4e66-b350-dfe7b26e253c" species="C9"/>
        </listOfProducts>
        <kineticLaw metaid="_4fc38d92-c565-4440-b14f-2103e8960489">
          <math xmlns="http://www.w3.org/1998/Math/MathML">          
            <apply>
              <times/>
              <ci> cytosol </ci>
              <apply>
                <minus/>
                <ci> k17prod </ci>
                <apply>
                  <times/>
                  <ci> k17 </ci>
                  <ci> C9 </ci>
                </apply>
              </apply>
            </apply>
          </math>
                </kineticLaw>
      </reaction>
      <reaction fast="false" id="v18" metaid="metaid_0000034" name="Xiap turnover" reversible="false">
        <annotation>
          <rdf:RDF xmlns:rdf="http://www.w3.org/1999/02/22-rdf-syntax-ns#" xmlns:bqmodel="http://biomodels.net/model-qualifiers/" xmlns:bqbiol="http://biomodels.net/biology-qualifiers/">
            <rdf:Description rdf:about="#metaid_0000034">
	<bqbiol:isVersionOf>
	<rdf:Bag>
	<rdf:li rdf:resource="http://identifiers.org/go/GO:0044257"/>
	</rdf:Bag>
	</bqbiol:isVersionOf>
	</rdf:Description>
	
          </rdf:RDF>
        </annotation>
              <listOfProducts>
          <speciesReference metaid="_9672b597-cce9-4aef-9ce8-0e8b14a60b6f" species="X"/>
        </listOfProducts>
        <kineticLaw metaid="c08cdf02-d0f9-4f2b-85d4-e34dd6cda135">
          <math xmlns="http://www.w3.org/1998/Math/MathML">          
            <apply>
              <times/>
              <ci> cytosol </ci>
              <apply>
                <minus/>
                <ci> k18prod </ci>
                <apply>
                  <times/>
                  <ci> k18 </ci>
                  <ci> X </ci>
                </apply>
              </apply>
            </apply>
          </math>
                </kineticLaw>
      </reaction>
      <reaction fast="false" id="v19" metaid="metaid_0000035" name="Caspase 9-Xiap degradation" reversible="false">
        <annotation>
          <rdf:RDF xmlns:rdf="http://www.w3.org/1999/02/22-rdf-syntax-ns#" xmlns:bqmodel="http://biomodels.net/model-qualifiers/" xmlns:bqbiol="http://biomodels.net/biology-qualifiers/">
            <rdf:Description rdf:about="#metaid_0000035">
	<bqbiol:isVersionOf>
	<rdf:Bag>
	<rdf:li rdf:resource="http://identifiers.org/go/GO:0044257"/>
	</rdf:Bag>
	</bqbiol:isVersionOf>
	</rdf:Description>
	
          </rdf:RDF>
        </annotation>
              <listOfReactants>
          <speciesReference metaid="_531ce6d3-cadc-43c6-b8c5-641456cd9c34" species="C9X"/>
        </listOfReactants>
        <kineticLaw metaid="f9162287-ac76-414c-bbfe-8f5e48755f79">
          <math xmlns="http://www.w3.org/1998/Math/MathML">          
            <apply>
              <times/>
              <ci> cytosol </ci>
              <ci> k19 </ci>
              <ci> C9X </ci>
            </apply>
          </math>
                </kineticLaw>
      </reaction>
      <reaction fast="false" id="v20" metaid="metaid_0000036" name="Apaf-1-Caspase 9-Xiap degradation" reversible="false">
        <annotation>
          <rdf:RDF xmlns:rdf="http://www.w3.org/1999/02/22-rdf-syntax-ns#" xmlns:bqmodel="http://biomodels.net/model-qualifiers/" xmlns:bqbiol="http://biomodels.net/biology-qualifiers/">
            <rdf:Description rdf:about="#metaid_0000036">
	<bqbiol:isVersionOf>
	<rdf:Bag>
	<rdf:li rdf:resource="http://identifiers.org/go/GO:0044257"/>
	</rdf:Bag>
	</bqbiol:isVersionOf>
	</rdf:Description>
	
          </rdf:RDF>
        </annotation>
              <listOfReactants>
          <speciesReference metaid="_1d0d1951-1e34-47d4-87d7-cedcfe96b34c" species="AC9X"/>
        </listOfReactants>
        <kineticLaw metaid="fa82f030-4286-43a2-933d-b3ffa3547d99">
          <math xmlns="http://www.w3.org/1998/Math/MathML">          
            <apply>
              <times/>
              <ci> cytosol </ci>
              <ci> k20 </ci>
              <ci> AC9X </ci>
            </apply>
          </math>
                </kineticLaw>
      </reaction>
      <reaction fast="false" id="v21" metaid="metaid_0000037" name="Apaf-1-Caspase 9 degradation" reversible="false">
        <annotation>
          <rdf:RDF xmlns:rdf="http://www.w3.org/1999/02/22-rdf-syntax-ns#" xmlns:bqmodel="http://biomodels.net/model-qualifiers/" xmlns:bqbiol="http://biomodels.net/biology-qualifiers/">
            <rdf:Description rdf:about="#metaid_0000037">
	<bqbiol:isVersionOf>
	<rdf:Bag>
	<rdf:li rdf:resource="http://identifiers.org/go/GO:0044257"/>
	</rdf:Bag>
	</bqbiol:isVersionOf>
	</rdf:Description>
	
          </rdf:RDF>
        </annotation>
              <listOfReactants>
          <speciesReference metaid="c9b2c440-2b5d-408b-a3c0-abe6d6993876" species="AC9"/>
        </listOfReactants>
        <kineticLaw metaid="cc0769fe-3581-4658-b186-624c1c9db393">
          <math xmlns="http://www.w3.org/1998/Math/MathML">          
            <apply>
              <times/>
              <ci> cytosol </ci>
              <ci> k21 </ci>
              <ci> AC9 </ci>
            </apply>
          </math>
                </kineticLaw>
      </reaction>
      <reaction fast="false" id="v22" metaid="metaid_0000038" name="Caspase 3 turnover" reversible="false">
        <annotation>
          <rdf:RDF xmlns:rdf="http://www.w3.org/1999/02/22-rdf-syntax-ns#" xmlns:bqmodel="http://biomodels.net/model-qualifiers/" xmlns:bqbiol="http://biomodels.net/biology-qualifiers/">
            <rdf:Description rdf:about="#metaid_0000038">
	<bqbiol:isVersionOf>
	<rdf:Bag>
	<rdf:li rdf:resource="http://identifiers.org/go/GO:0044257"/>
	</rdf:Bag>
	</bqbiol:isVersionOf>
	</rdf:Description>
	
          </rdf:RDF>
        </annotation>
              <listOfProducts>
          <speciesReference metaid="_2900e06e-3b87-4adc-bdfc-1e255bf00785" species="C3"/>
        </listOfProducts>
        <kineticLaw metaid="_13c5ed92-cae9-465f-9359-8bafe4464a93">
          <math xmlns="http://www.w3.org/1998/Math/MathML">          
            <apply>
              <times/>
              <ci> cytosol </ci>
              <apply>
                <minus/>
                <ci> k22prod </ci>
                <apply>
                  <times/>
                  <ci> k22 </ci>
                  <ci> C3 </ci>
                </apply>
              </apply>
            </apply>
          </math>
                </kineticLaw>
      </reaction>
      <reaction fast="false" id="v23" metaid="metaid_0000039" name="Caspase 3 cleaved degradation" reversible="false">
        <annotation>
          <rdf:RDF xmlns:rdf="http://www.w3.org/1999/02/22-rdf-syntax-ns#" xmlns:bqmodel="http://biomodels.net/model-qualifiers/" xmlns:bqbiol="http://biomodels.net/biology-qualifiers/">
            <rdf:Description rdf:about="#metaid_0000039">
	<bqbiol:isVersionOf>
	<rdf:Bag>
	<rdf:li rdf:resource="http://identifiers.org/go/GO:0044257"/>
	</rdf:Bag>
	</bqbiol:isVersionOf>
	</rdf:Description>
	
          </rdf:RDF>
        </annotation>
              <listOfReactants>
          <speciesReference metaid="b599e381-fe34-485d-a8af-67c011da462a" species="C3_star"/>
        </listOfReactants>
        <kineticLaw metaid="_9db7d327-cb0f-471a-9e97-1b21e232e42b">
          <math xmlns="http://www.w3.org/1998/Math/MathML">          
            <apply>
              <times/>
              <ci> cytosol </ci>
              <ci> k23 </ci>
              <ci> C3_star </ci>
            </apply>
          </math>
                </kineticLaw>
      </reaction>
      <reaction fast="false" id="v24" metaid="metaid_0000040" name="Caspase 3 cleaved-Xiap degradation" reversible="false">
        <annotation>
          <rdf:RDF xmlns:rdf="http://www.w3.org/1999/02/22-rdf-syntax-ns#" xmlns:bqmodel="http://biomodels.net/model-qualifiers/" xmlns:bqbiol="http://biomodels.net/biology-qualifiers/">
            <rdf:Description rdf:about="#metaid_0000040">
	<bqbiol:isVersionOf>
	<rdf:Bag>
	<rdf:li rdf:resource="http://identifiers.org/go/GO:0044257"/>
	</rdf:Bag>
	</bqbiol:isVersionOf>
	</rdf:Description>
	
          </rdf:RDF>
        </annotation>
              <listOfReactants>
          <speciesReference metaid="_13e1e049-40d0-4374-8b56-bcf7e7ae96c3" species="C3_starX"/>
        </listOfReactants>
        <kineticLaw metaid="e28db865-fcf1-4b35-b154-bb65eef15c0a">
          <math xmlns="http://www.w3.org/1998/Math/MathML">          
            <apply>
              <times/>
              <ci> cytosol </ci>
              <ci> k24 </ci>
              <ci> C3_starX </ci>
            </apply>
          </math>
                </kineticLaw>
      </reaction>
      <reaction fast="false" id="v25" metaid="metaid_0000041" name="Caspase 9 cleaved-Xiap degradation" reversible="false">
        <annotation>
          <rdf:RDF xmlns:rdf="http://www.w3.org/1999/02/22-rdf-syntax-ns#" xmlns:bqmodel="http://biomodels.net/model-qualifiers/" xmlns:bqbiol="http://biomodels.net/biology-qualifiers/">
            <rdf:Description rdf:about="#metaid_0000041">
	<bqbiol:isVersionOf>
	<rdf:Bag>
	<rdf:li rdf:resource="http://identifiers.org/go/GO:0044257"/>
	</rdf:Bag>
	</bqbiol:isVersionOf>
	</rdf:Description>
	
          </rdf:RDF>
        </annotation>
              <listOfReactants>
          <speciesReference metaid="b40ab37f-6f38-45d0-9c64-3f0f607d0beb" species="C9_starX"/>
        </listOfReactants>
        <kineticLaw metaid="ce60a159-8ee4-4a77-869e-dc906c957651">
          <math xmlns="http://www.w3.org/1998/Math/MathML">          
            <apply>
              <times/>
              <ci> cytosol </ci>
              <ci> k25 </ci>
              <ci> C9_starX </ci>
            </apply>
          </math>
                </kineticLaw>
      </reaction>
      <reaction fast="false" id="v26" metaid="metaid_0000042" name="Caspase 9 cleaved degradation" reversible="false">
        <annotation>
          <rdf:RDF xmlns:rdf="http://www.w3.org/1999/02/22-rdf-syntax-ns#" xmlns:bqmodel="http://biomodels.net/model-qualifiers/" xmlns:bqbiol="http://biomodels.net/biology-qualifiers/">
            <rdf:Description rdf:about="#metaid_0000042">
	<bqbiol:isVersionOf>
	<rdf:Bag>
	<rdf:li rdf:resource="http://identifiers.org/go/GO:0044257"/>
	</rdf:Bag>
	</bqbiol:isVersionOf>
	</rdf:Description>
	
          </rdf:RDF>
        </annotation>
              <listOfReactants>
          <speciesReference metaid="_19eb443f-d3c0-4e71-a135-fafe23ad0ac8" species="C9_star"/>
        </listOfReactants>
        <kineticLaw metaid="_96a77d25-c6df-4d4e-adfb-98dec5583b8c">
          <math xmlns="http://www.w3.org/1998/Math/MathML">          
            <apply>
              <times/>
              <ci> cytosol </ci>
              <ci> k26 </ci>
              <ci> C9_star </ci>
            </apply>
          </math>
                </kineticLaw>
      </reaction>
      <reaction fast="false" id="v27" metaid="metaid_0000043" name="Apaf-1 Caspase 9 cleaved degradation" reversible="false">
        <annotation>
          <rdf:RDF xmlns:rdf="http://www.w3.org/1999/02/22-rdf-syntax-ns#" xmlns:bqmodel="http://biomodels.net/model-qualifiers/" xmlns:bqbiol="http://biomodels.net/biology-qualifiers/">
            <rdf:Description rdf:about="#metaid_0000043">
	<bqbiol:isVersionOf>
	<rdf:Bag>
	<rdf:li rdf:resource="http://identifiers.org/go/GO:0044257"/>
	</rdf:Bag>
	</bqbiol:isVersionOf>
	</rdf:Description>
	
          </rdf:RDF>
        </annotation>
              <listOfReactants>
          <speciesReference metaid="_438304a6-a8f8-4af9-8df0-1d2dc0f028df" species="AC9_star"/>
        </listOfReactants>
        <kineticLaw metaid="_07283c25-f8fd-43b7-bd95-b5796d21cc4d">
          <math xmlns="http://www.w3.org/1998/Math/MathML">          
            <apply>
              <times/>
              <ci> cytosol </ci>
              <ci> k27 </ci>
              <ci> AC9_star </ci>
            </apply>
          </math>
                </kineticLaw>
      </reaction>
      <reaction fast="false" id="v28" metaid="metaid_0000044" name="Apaf-1 Caspase 9 cleaved-Xiap degradation" reversible="false">
        <annotation>
          <rdf:RDF xmlns:rdf="http://www.w3.org/1999/02/22-rdf-syntax-ns#" xmlns:bqmodel="http://biomodels.net/model-qualifiers/" xmlns:bqbiol="http://biomodels.net/biology-qualifiers/">
            <rdf:Description rdf:about="#metaid_0000044">
	<bqbiol:isVersionOf>
	<rdf:Bag>
	<rdf:li rdf:resource="http://identifiers.org/go/GO:0044257"/>
	</rdf:Bag>
	</bqbiol:isVersionOf>
	</rdf:Description>
	
          </rdf:RDF>
        </annotation>
              <listOfReactants>
          <speciesReference metaid="_3434f9f1-8aca-4926-beb1-5d374e1cb25f" species="AC9_starX"/>
        </listOfReactants>
        <kineticLaw metaid="_08ab8417-dee4-4241-9454-22f2a0743f17">
          <math xmlns="http://www.w3.org/1998/Math/MathML">          
            <apply>
              <times/>
              <ci> cytosol </ci>
              <ci> k28 </ci>
              <ci> AC9_starX </ci>
            </apply>
          </math>
                </kineticLaw>
      </reaction>
    </listOfReactions>
  </model>
</sbml>
