<?xml version="1.0" encoding="UTF-8" standalone="no"?>
<sbml xmlns="http://www.sbml.org/sbml/level2/version4" level="2" metaid="_0061efd6-0625-463a-ba94-9f13e2bfb771" version="4">
  <model id="Model_1" metaid="COPASI1" name="Mellor2012_LipooxygenasePathway">
    <notes>
      <body xmlns="http://www.w3.org/1999/xhtml">
        <p>
      This model is from the article:
      <br/>
        <strong> Reduction of off-flavor generation in soybean homogenates: a mathematical model. 
</strong>
        <br/>
Mellor N , Bligh F , Chandler I , Hodgman C 
      <em>	J. Food Sci.</em>2010 Sep; 75(7): R131-8; PMID: <a href="http://www.ncbi.nlm.nih.gov/pubmed/2153556">2153556</a>,
      <br/>
        <strong>Abstract:</strong>
        <br/>
The generation of off-flavors in soybean homogenates such as n-hexanal via the lipoxygenase (LOX) pathway can be a problem in the processed food industry. Previous studies have examined the effect of using soybean varieties missing one or more of the 3 LOX isozymes on n-hexanal generation. A dynamic mathematical model of the soybean LOX pathway using ordinary differential equations was constructed using parameters estimated from existing data with the aim of predicting how n-hexanal generation could be reduced. Time-course simulations of LOX-null beans were run and compared with experimental results. Model L(2), L(3), and L(12) beans were within the range relative to the wild type found experimentally, with L(13) and L(23) beans close to the experimental range. Model L(1) beans produced much more n-hexanal relative to the wild type than those in experiments. Sensitivity analysis indicates that reducing the estimated K(m) parameter for LOX isozyme 3 (L-3) would improve the fit between model predictions and experimental results found in the literature. The model also predicts that increasing L-3 or reducing L-2 levels within beans may reduce n-hexanal generation. PRACTICAL APPLICATION: This work describes the use of mathematics to attempt to quantify the enzyme-catalyzed conversions of compounds in soybean homogenates into undesirable flavors, primarily from the compound n-hexanal. The effect of different soybean genotypes and enzyme kinetic constants was also studied, leading to recommendations on which combinations might minimize off-flavor levels and what further work might be carried out to substantiate these conclusions.    </p>
      </body>
    </notes>
    <annotation>
      <COPASI xmlns="http://www.copasi.org/static/sbml">
        <rdf:RDF xmlns:dcterms="http://purl.org/dc/terms/" xmlns:rdf="http://www.w3.org/1999/02/22-rdf-syntax-ns#">
          <rdf:Description rdf:about="#COPASI1">
            <dcterms:created>
              <rdf:Description>
                <dcterms:W3CDTF>2012-03-16T14:18:00Z</dcterms:W3CDTF>
              </rdf:Description>
            </dcterms:created>
          </rdf:Description>
        </rdf:RDF>
      </COPASI>
	<rdf:RDF xmlns:rdf="http://www.w3.org/1999/02/22-rdf-syntax-ns#" xmlns:dc="http://purl.org/dc/elements/1.1/" xmlns:vCard="http://www.w3.org/2001/vcard-rdf/3.0#" xmlns:dcterms="http://purl.org/dc/terms/" xmlns:bqmodel="http://biomodels.net/model-qualifiers/" xmlns:bqbiol="http://biomodels.net/biology-qualifiers/">
        <rdf:Description rdf:about="#COPASI1">
	<dc:creator>
	<rdf:Bag>
	<rdf:li rdf:parseType="Resource">
	<vCard:N rdf:parseType="Resource">
	<vCard:Family>Chelliah</vCard:Family>
	<vCard:Given>Vijayalakshmi</vCard:Given>
	</vCard:N>
	<vCard:EMAIL>viji@ebi.ac.uk</vCard:EMAIL>
	<vCard:ORG rdf:parseType="Resource">
	<vCard:Orgname>EMBL-EBI</vCard:Orgname>
	</vCard:ORG>
	</rdf:li>
	<rdf:li rdf:parseType="Resource">
	<vCard:N rdf:parseType="Resource">
	<vCard:Family>Mellor</vCard:Family>
	<vCard:Given>Nathan</vCard:Given>
	</vCard:N>
	<vCard:EMAIL>sbxnm2@nottingham.ac.uk</vCard:EMAIL>
	<vCard:ORG rdf:parseType="Resource">
	<vCard:Orgname>CPIB, The University of Nottingham</vCard:Orgname>
	</vCard:ORG>
	</rdf:li>
	</rdf:Bag>
	</dc:creator>
	<dcterms:created rdf:parseType="Resource">
	<dcterms:W3CDTF>2012-04-10T13:24:24Z</dcterms:W3CDTF>
	</dcterms:created>
	<dcterms:modified rdf:parseType="Resource">
	<dcterms:W3CDTF>2014-05-22T19:03:16Z</dcterms:W3CDTF>
	</dcterms:modified>
	<bqmodel:is>
	<rdf:Bag>
	<rdf:li rdf:resource="http://identifiers.org/biomodels.db/MODEL1203230000"/>
	</rdf:Bag>
	</bqmodel:is>
	<bqmodel:is>
	<rdf:Bag>
	<rdf:li rdf:resource="http://identifiers.org/biomodels.db/BIOMD0000000415"/>
	</rdf:Bag>
	</bqmodel:is>
	<bqmodel:isDescribedBy>
	<rdf:Bag>
	<rdf:li rdf:resource="http://identifiers.org/pubmed/21535565"/>
	</rdf:Bag>
	</bqmodel:isDescribedBy>
	<bqbiol:isVersionOf>
	<rdf:Bag>
	<rdf:li rdf:resource="http://identifiers.org/go/GO:0019372"/>
	</rdf:Bag>
	</bqbiol:isVersionOf>
	<bqbiol:hasTaxon>
	<rdf:Bag>
	<rdf:li rdf:resource="http://identifiers.org/taxonomy/3847"/>
	</rdf:Bag>
	</bqbiol:hasTaxon>
	</rdf:Description>
	
	</rdf:RDF>
	</annotation>
      <listOfFunctionDefinitions>
      <functionDefinition id="function_1" metaid="_662805" name="Henri-Michaelis-Menten (irreversible)">
        <math xmlns="http://www.w3.org/1998/Math/MathML">        
          <lambda>
            <bvar>
              <ci> substrate </ci>
            </bvar>
            <bvar>
              <ci> Km </ci>
            </bvar>
            <bvar>
              <ci> V </ci>
            </bvar>
            <apply>
              <divide/>
              <apply>
                <times/>
                <ci> V </ci>
                <ci> substrate </ci>
              </apply>
              <apply>
                <plus/>
                <ci> Km </ci>
                <ci> substrate </ci>
              </apply>
            </apply>
          </lambda>
        </math>
            </functionDefinition>
    </listOfFunctionDefinitions>
    <listOfUnitDefinitions>
      <unitDefinition id="volume" metaid="_7d990708-3210-438b-99f3-9284fdd9b6f1" name="volume">
        <listOfUnits>
          <unit kind="litre" metaid="fee0f714-f846-40be-8979-5d18b4bdc02c" scale="-3"/>
        </listOfUnits>
      </unitDefinition>
      <unitDefinition id="time" metaid="_2e2af24f-25a5-4e8a-beb5-bfe343f96bcb" name="time">
        <listOfUnits>
          <unit kind="second" metaid="_509a2796-4c23-4ae0-81b9-8e3ce597f7ed" multiplier="60"/>
        </listOfUnits>
      </unitDefinition>
      <unitDefinition id="substance" metaid="c03f66d9-9752-46c7-a9c5-a0a2ecbcf492" name="substance">
        <listOfUnits>
          <unit kind="mole" metaid="_74b4214c-80b8-46fe-8ebd-b6b514165091" scale="-3"/>
        </listOfUnits>
      </unitDefinition>
    </listOfUnitDefinitions>
    <listOfCompartments>
      <compartment id="compartment_1" metaid="_662761" name="compartment" sboTerm="SBO:0000290" size="1000">
        <annotation>
	<rdf:RDF xmlns:rdf="http://www.w3.org/1999/02/22-rdf-syntax-ns#" xmlns:bqmodel="http://biomodels.net/model-qualifiers/" xmlns:bqbiol="http://biomodels.net/biology-qualifiers/">
            <rdf:Description rdf:about="#_662761">
	<bqbiol:isVersionOf>
	<rdf:Bag>
	<rdf:li rdf:resource="http://identifiers.org/go/GO:0005623"/>
	</rdf:Bag>
	</bqbiol:isVersionOf>
	</rdf:Description>
	
	</rdf:RDF>
	</annotation>
            </compartment>
    </listOfCompartments>
    <listOfSpecies>
      <species compartment="compartment_1" id="species_1" initialConcentration="6.69999967735732E-5" metaid="_662763" name="LA" sboTerm="SBO:0000247">
        <annotation>
	<rdf:RDF xmlns:rdf="http://www.w3.org/1999/02/22-rdf-syntax-ns#" xmlns:bqmodel="http://biomodels.net/model-qualifiers/" xmlns:bqbiol="http://biomodels.net/biology-qualifiers/">
            <rdf:Description rdf:about="#_662763">
	<bqbiol:isVersionOf>
	<rdf:Bag>
	<rdf:li rdf:resource="http://identifiers.org/chebi/CHEBI:17351"/>
	</rdf:Bag>
	</bqbiol:isVersionOf>
	</rdf:Description>
	
	</rdf:RDF>
	</annotation>
            </species>
      <species compartment="compartment_1" id="species_7" initialConcentration="0" metaid="_662764" name="13HOD-S(Z,E)" sboTerm="SBO:0000247">
        <annotation>
	<rdf:RDF xmlns:rdf="http://www.w3.org/1999/02/22-rdf-syntax-ns#" xmlns:bqmodel="http://biomodels.net/model-qualifiers/" xmlns:bqbiol="http://biomodels.net/biology-qualifiers/">
            <rdf:Description rdf:about="#_662764">
	<bqbiol:hasVersion>
	<rdf:Bag>
	<rdf:li rdf:resource="http://identifiers.org/chebi/CHEBI:35923"/>
	</rdf:Bag>
	</bqbiol:hasVersion>
	</rdf:Description>
	
	</rdf:RDF>
	</annotation>
            </species>
      <species compartment="compartment_1" id="species_8" initialConcentration="0" metaid="_662765" name="13HOD-R(Z,E)" sboTerm="SBO:0000247">
        <annotation>
	<rdf:RDF xmlns:rdf="http://www.w3.org/1999/02/22-rdf-syntax-ns#" xmlns:bqmodel="http://biomodels.net/model-qualifiers/" xmlns:bqbiol="http://biomodels.net/biology-qualifiers/">
            <rdf:Description rdf:about="#_662765">
	<bqbiol:hasVersion>
	<rdf:Bag>
	<rdf:li rdf:resource="http://identifiers.org/chebi/CHEBI:35923"/>
	</rdf:Bag>
	</bqbiol:hasVersion>
	</rdf:Description>
	
	</rdf:RDF>
	</annotation>
            </species>
      <species compartment="compartment_1" id="species_9" initialConcentration="0" metaid="_662767" name="13HOD-S(E,E)" sboTerm="SBO:0000247">
        <annotation>
	<rdf:RDF xmlns:rdf="http://www.w3.org/1999/02/22-rdf-syntax-ns#" xmlns:bqmodel="http://biomodels.net/model-qualifiers/" xmlns:bqbiol="http://biomodels.net/biology-qualifiers/">
            <rdf:Description rdf:about="#_662767">
	<bqbiol:hasVersion>
	<rdf:Bag>
	<rdf:li rdf:resource="http://identifiers.org/chebi/CHEBI:35923"/>
	</rdf:Bag>
	</bqbiol:hasVersion>
	</rdf:Description>
	
	</rdf:RDF>
	</annotation>
            </species>
      <species compartment="compartment_1" id="species_10" initialConcentration="0" metaid="_662768" name="13HOD-R(E,E)" sboTerm="SBO:0000247">
        <annotation>
	<rdf:RDF xmlns:rdf="http://www.w3.org/1999/02/22-rdf-syntax-ns#" xmlns:bqmodel="http://biomodels.net/model-qualifiers/" xmlns:bqbiol="http://biomodels.net/biology-qualifiers/">
            <rdf:Description rdf:about="#_662768">
	<bqbiol:hasVersion>
	<rdf:Bag>
	<rdf:li rdf:resource="http://identifiers.org/chebi/CHEBI:35923"/>
	</rdf:Bag>
	</bqbiol:hasVersion>
	</rdf:Description>
	
	</rdf:RDF>
	</annotation>
            </species>
      <species compartment="compartment_1" id="species_11" initialConcentration="0" metaid="_662769" name="9HOD-S(Z,E)" sboTerm="SBO:0000247">
        <annotation>
	<rdf:RDF xmlns:rdf="http://www.w3.org/1999/02/22-rdf-syntax-ns#" xmlns:bqmodel="http://biomodels.net/model-qualifiers/" xmlns:bqbiol="http://biomodels.net/biology-qualifiers/">
            <rdf:Description rdf:about="#_662769">
	<bqbiol:hasVersion>
	<rdf:Bag>
	<rdf:li rdf:resource="http://identifiers.org/chebi/CHEBI:35923"/>
	</rdf:Bag>
	</bqbiol:hasVersion>
	</rdf:Description>
	
	</rdf:RDF>
	</annotation>
            </species>
      <species compartment="compartment_1" id="species_12" initialConcentration="0" metaid="_662770" name="9HOD-R(Z,E)" sboTerm="SBO:0000247">
        <annotation>
	<rdf:RDF xmlns:rdf="http://www.w3.org/1999/02/22-rdf-syntax-ns#" xmlns:bqmodel="http://biomodels.net/model-qualifiers/" xmlns:bqbiol="http://biomodels.net/biology-qualifiers/">
            <rdf:Description rdf:about="#_662770">
	<bqbiol:hasVersion>
	<rdf:Bag>
	<rdf:li rdf:resource="http://identifiers.org/chebi/CHEBI:35923"/>
	</rdf:Bag>
	</bqbiol:hasVersion>
	</rdf:Description>
	
	</rdf:RDF>
	</annotation>
            </species>
      <species compartment="compartment_1" id="species_13" initialConcentration="0" metaid="_662772" name="9HOD-S(E,E)" sboTerm="SBO:0000247">
        <annotation>
	<rdf:RDF xmlns:rdf="http://www.w3.org/1999/02/22-rdf-syntax-ns#" xmlns:bqmodel="http://biomodels.net/model-qualifiers/" xmlns:bqbiol="http://biomodels.net/biology-qualifiers/">
            <rdf:Description rdf:about="#_662772">
	<bqbiol:hasVersion>
	<rdf:Bag>
	<rdf:li rdf:resource="http://identifiers.org/chebi/CHEBI:35923"/>
	</rdf:Bag>
	</bqbiol:hasVersion>
	</rdf:Description>
	
	</rdf:RDF>
	</annotation>
            </species>
      <species compartment="compartment_1" id="species_14" initialConcentration="0" metaid="_662773" name="9HOD-R(E,E)" sboTerm="SBO:0000247">
        <annotation>
	<rdf:RDF xmlns:rdf="http://www.w3.org/1999/02/22-rdf-syntax-ns#" xmlns:bqmodel="http://biomodels.net/model-qualifiers/" xmlns:bqbiol="http://biomodels.net/biology-qualifiers/">
            <rdf:Description rdf:about="#_662773">
	<bqbiol:hasVersion>
	<rdf:Bag>
	<rdf:li rdf:resource="http://identifiers.org/chebi/CHEBI:35923"/>
	</rdf:Bag>
	</bqbiol:hasVersion>
	</rdf:Description>
	
	</rdf:RDF>
	</annotation>
            </species>
      <species compartment="compartment_1" id="species_15" initialConcentration="0" metaid="_662774" name="nHexanal" sboTerm="SBO:0000247">
        <annotation>
	<rdf:RDF xmlns:rdf="http://www.w3.org/1999/02/22-rdf-syntax-ns#" xmlns:bqmodel="http://biomodels.net/model-qualifiers/" xmlns:bqbiol="http://biomodels.net/biology-qualifiers/">
            <rdf:Description rdf:about="#_662774">
	<bqbiol:isVersionOf>
	<rdf:Bag>
	<rdf:li rdf:resource="http://identifiers.org/pubchem.compound/6184"/>
	</rdf:Bag>
	</bqbiol:isVersionOf>
	</rdf:Description>
	
	</rdf:RDF>
	</annotation>
            </species>
    </listOfSpecies>
    <listOfParameters>
      <parameter id="parameter_1" metaid="_662806" name="Km(L1)" value="0.49"/>
      <parameter id="parameter_2" metaid="_662807" name="Vm(L1)" value="0.00825"/>
      <parameter id="parameter_3" metaid="_662808" name="Km(L2)" value="0.49"/>
      <parameter id="parameter_4" metaid="_662810" name="Vm(L2)" value="0.039"/>
      <parameter id="parameter_5" metaid="_662811" name="Km(L3)" value="0.49"/>
      <parameter id="parameter_6" metaid="_662812" name="Vm(L3)" value="0.00255"/>
      <parameter id="parameter_7" metaid="_662813" name="Km(HPL)" value="0.05"/>
      <parameter id="parameter_8" metaid="_662815" name="Vm(HPL-SZE)" value="0.285"/>
      <parameter constant="false" id="parameter_9" metaid="_662816" name="Vm(HPL-RZE)" value="0.038475"/>
    </listOfParameters>
    <listOfRules>
      <assignmentRule metaid="_662803" variable="parameter_9">
        <math xmlns="http://www.w3.org/1998/Math/MathML">        
          <apply>
            <times/>
            <cn> 0.135 </cn>
            <ci> parameter_8 </ci>
          </apply>
        </math>
            </assignmentRule>
    </listOfRules>
    <listOfReactions>
      <reaction id="reaction_1" metaid="COPASI2" name="LOX1" reversible="false">
        <annotation>
          <COPASI xmlns="http://www.copasi.org/static/sbml">
            <rdf:RDF xmlns:dcterms="http://purl.org/dc/terms/" xmlns:rdf="http://www.w3.org/1999/02/22-rdf-syntax-ns#">
              <rdf:Description rdf:about="#COPASI2">
                <dcterms:created>
                  <rdf:Description>
                    <dcterms:W3CDTF>2012-03-16T14:36:22Z</dcterms:W3CDTF>
                  </rdf:Description>
                </dcterms:created>
              </rdf:Description>
            </rdf:RDF>
          </COPASI>
	<rdf:RDF xmlns:rdf="http://www.w3.org/1999/02/22-rdf-syntax-ns#" xmlns:bqmodel="http://biomodels.net/model-qualifiers/" xmlns:bqbiol="http://biomodels.net/biology-qualifiers/">
            <rdf:Description rdf:about="#COPASI2">
	<bqbiol:isVersionOf>
	<rdf:Bag>
	<rdf:li rdf:resource="http://identifiers.org/go/GO:0050665"/>
	</rdf:Bag>
	</bqbiol:isVersionOf>
	</rdf:Description>
	
	</rdf:RDF>
	</annotation>
              <listOfReactants>
          <speciesReference metaid="_33b91aa9-d27d-4d39-b55b-7ab7c9fb6a37" species="species_1"/>
        </listOfReactants>
        <listOfProducts>
          <speciesReference metaid="d81a1c22-9efc-4e59-8c40-8d8e0b10ca4c" species="species_7" stoichiometry="0.574"/>
          <speciesReference metaid="_0d90959e-398c-4ff2-9e6f-5e5c342621d2" species="species_8" stoichiometry="0.144"/>
          <speciesReference metaid="_04705a26-b469-47e3-8f55-4a9c1ec55bb9" species="species_9" stoichiometry="0.05"/>
          <speciesReference metaid="_450a66b9-bd51-4799-8ef1-fda76e193503" species="species_10" stoichiometry="0.012"/>
          <speciesReference metaid="a2f18f27-9111-42a9-93ad-56557284bdd8" species="species_11" stoichiometry="0.162"/>
          <speciesReference metaid="bbab56d6-520f-4491-914f-e34274f016ba" species="species_12" stoichiometry="0.04"/>
          <speciesReference metaid="_0b093b2d-2788-4a81-bb72-96deb1561c9b" species="species_13" stoichiometry="0.014"/>
          <speciesReference metaid="cc34b45b-583f-4609-930e-98a73fa3360a" species="species_14" stoichiometry="0.004"/>
        </listOfProducts>
        <kineticLaw metaid="e79ded27-b9af-476c-b3d5-b32070d5efc8">
          <math xmlns="http://www.w3.org/1998/Math/MathML">          
            <apply>
              <times/>
              <ci> compartment_1 </ci>
              <apply>
                <ci> function_1 </ci>
                <ci> species_1 </ci>
                <ci> parameter_1 </ci>
                <ci> parameter_2 </ci>
              </apply>
            </apply>
          </math>
                </kineticLaw>
      </reaction>
      <reaction id="reaction_2" metaid="_662792" name="LOX2" reversible="false">
        <annotation>
	<rdf:RDF xmlns:rdf="http://www.w3.org/1999/02/22-rdf-syntax-ns#" xmlns:bqmodel="http://biomodels.net/model-qualifiers/" xmlns:bqbiol="http://biomodels.net/biology-qualifiers/">
            <rdf:Description rdf:about="#_662792">
	<bqbiol:isVersionOf>
	<rdf:Bag>
	<rdf:li rdf:resource="http://identifiers.org/go/GO:0050665"/>
	</rdf:Bag>
	</bqbiol:isVersionOf>
	</rdf:Description>
	
	</rdf:RDF>
	</annotation>
              <listOfReactants>
          <speciesReference metaid="_9539a258-1707-4c68-ae2a-2ab96abc430b" species="species_1"/>
        </listOfReactants>
        <listOfProducts>
          <speciesReference metaid="ca8d51e2-324f-4f1b-a64a-e454e9861806" species="species_7" stoichiometry="0.751"/>
          <speciesReference metaid="_28451a93-8832-40ce-9fe4-03bc9516789f" species="species_8" stoichiometry="0.023"/>
          <speciesReference metaid="_682b5522-7657-4f58-9a4e-0176eb05d212" species="species_9" stoichiometry="0.025"/>
          <speciesReference metaid="ee7274f2-c0b7-4cb6-9f64-e4ca7e2beaa3" species="species_10" stoichiometry="0.015"/>
          <speciesReference metaid="_21c2975d-4c13-4558-baae-045b6ac1e634" species="species_11" stoichiometry="0.127"/>
          <speciesReference metaid="d7b6f38f-beca-4f66-94e1-fdd7202bc30c" species="species_12" stoichiometry="0.026"/>
          <speciesReference metaid="_8a707a6b-a23d-4053-b813-76ef112fa80f" species="species_13" stoichiometry="0.018"/>
          <speciesReference metaid="_085af379-bffb-4ea2-be2e-3b2bc82b3dd7" species="species_14" stoichiometry="0.016"/>
        </listOfProducts>
        <kineticLaw metaid="de449f7b-3703-4511-beb5-3067beafe848">
          <math xmlns="http://www.w3.org/1998/Math/MathML">          
            <apply>
              <times/>
              <ci> compartment_1 </ci>
              <apply>
                <ci> function_1 </ci>
                <ci> species_1 </ci>
                <ci> parameter_3 </ci>
                <ci> parameter_4 </ci>
              </apply>
            </apply>
          </math>
                </kineticLaw>
      </reaction>
      <reaction id="reaction_3" metaid="_662793" name="LOX3" reversible="false">
        <annotation>
	<rdf:RDF xmlns:rdf="http://www.w3.org/1999/02/22-rdf-syntax-ns#" xmlns:bqmodel="http://biomodels.net/model-qualifiers/" xmlns:bqbiol="http://biomodels.net/biology-qualifiers/">
            <rdf:Description rdf:about="#_662793">
	<bqbiol:isVersionOf>
	<rdf:Bag>
	<rdf:li rdf:resource="http://identifiers.org/go/GO:0050665"/>
	</rdf:Bag>
	</bqbiol:isVersionOf>
	</rdf:Description>
	
	</rdf:RDF>
	</annotation>
              <listOfReactants>
          <speciesReference metaid="a9809949-7dfa-4d2b-ab08-84f78cdeb596" species="species_1"/>
        </listOfReactants>
        <listOfProducts>
          <speciesReference metaid="b6dd0692-60f8-407c-8e16-b4cca2634615" species="species_7" stoichiometry="0.068"/>
          <speciesReference metaid="_6510cbb4-38e8-43e8-a8d8-5705380a98f4" species="species_8" stoichiometry="0.059"/>
          <speciesReference metaid="_7250e2d1-53b9-488a-8548-5e5075b3c0ae" species="species_9" stoichiometry="0.136"/>
          <speciesReference metaid="_0fe384d2-64ba-4ae6-be32-9d8ab9bcb69b" species="species_10" stoichiometry="0.107"/>
          <speciesReference metaid="_61295299-85aa-493d-b74b-70eceecd814e" species="species_11" stoichiometry="0.218"/>
          <speciesReference metaid="ce62ca90-6c75-4096-9cc0-bba88c4206b4" species="species_12" stoichiometry="0.218"/>
          <speciesReference metaid="c225756b-204b-471c-bbb8-4b8d8943ce0c" species="species_13" stoichiometry="0.098"/>
          <speciesReference metaid="f6c07d90-93ca-4a3f-8d2b-08976a2ad92e" species="species_14" stoichiometry="0.097"/>
        </listOfProducts>
        <kineticLaw metaid="a8f349f5-6e26-4ed5-b545-7ceae9801360">
          <math xmlns="http://www.w3.org/1998/Math/MathML">          
            <apply>
              <times/>
              <ci> compartment_1 </ci>
              <apply>
                <ci> function_1 </ci>
                <ci> species_1 </ci>
                <ci> parameter_5 </ci>
                <ci> parameter_6 </ci>
              </apply>
            </apply>
          </math>
                </kineticLaw>
      </reaction>
      <reaction id="reaction_4" metaid="_662795" name="HPL" reversible="false">
        <listOfReactants>
          <speciesReference metaid="b6cf1a69-1744-42b5-93c7-782aa483cf77" species="species_7"/>
        </listOfReactants>
        <listOfProducts>
          <speciesReference metaid="f01c14eb-6df3-4f50-b75d-6905e2d19adb" species="species_15"/>
        </listOfProducts>
        <kineticLaw metaid="e85e5751-b5fe-4fa7-82e6-468d2726a14c">
          <math xmlns="http://www.w3.org/1998/Math/MathML">          
            <apply>
              <times/>
              <ci> compartment_1 </ci>
              <apply>
                <ci> function_1 </ci>
                <ci> species_7 </ci>
                <ci> parameter_7 </ci>
                <ci> parameter_8 </ci>
              </apply>
            </apply>
          </math>
                </kineticLaw>
      </reaction>
      <reaction id="reaction_5" metaid="_662796" name="HPL(RZE)" reversible="false">
        <listOfReactants>
          <speciesReference metaid="f3a0938e-ce5b-44bc-86f6-ee19671cebe3" species="species_8"/>
        </listOfReactants>
        <listOfProducts>
          <speciesReference metaid="_3d802af5-f550-4616-9f24-08cbda3592ed" species="species_15"/>
        </listOfProducts>
        <kineticLaw metaid="fe3dae89-6c42-4e5e-bf7e-4076f76389b5">
          <math xmlns="http://www.w3.org/1998/Math/MathML">          
            <apply>
              <times/>
              <ci> compartment_1 </ci>
              <apply>
                <ci> function_1 </ci>
                <ci> species_8 </ci>
                <ci> parameter_7 </ci>
                <ci> parameter_9 </ci>
              </apply>
            </apply>
          </math>
                </kineticLaw>
      </reaction>
    </listOfReactions>
  </model>
</sbml>
