<?xml version="1.0" encoding="UTF-8" standalone="no"?>
<sbml xmlns="http://www.sbml.org/sbml/level2/version4" level="2" metaid="metaid_0000001" version="4">
  <model id="Plant1981_BurstingNerveCells" metaid="metaid_0000002" name="Plant1981_BurstingNerveCells">
    <notes>
      <body xmlns="http://www.w3.org/1999/xhtml">
        <p>
      This a model from the article:
      <br/>
        <strong> Bifurcation and resonance in a model for bursting nerve cells.
</strong>
        <br/>
Plant RE
      <em>J Math Biol</em>1981 Jan; 11(1): 15-32 
      <a href="http://www.ncbi.nlm.nih.gov/pubmed/7252375">7252375</a>,
      <br/>
        <strong>Abstract:</strong>
        <br/>
In this paper we consider a model for the phenomenon of bursting in nerve cells. Experimental evidence indicates that this phenomenon is due to the interaction of multiple conductances with very different kinetics, and the model incorporates this evidence. As a parameter is varied the model undergoes a transition between two oscillatory waveforms; a corresponding transition is observed experimentally. After establishing the periodicity of the subcritical oscillatory solution, the nature of the transition is studied. It is found to be a resonance bifurcation, with the solution branching at the critical point to another periodic solution of the same period. Using this result a comparison is made between the model and experimental observations. The model is found to predict and allow an interpretation of these observations.
   </p>
        <p>
Also, look at
<a href="http://www.scholarpedia.org/article/Plant_model">http://www.scholarpedia.org/article/Plant_model</a>
      </p>
      <p>This model originates from BioModels Database: A Database of Annotated Published Models (http://www.ebi.ac.uk/biomodels/). It is copyright (c) 2005-2011 The BioModels.net Team.<br/>For more information see the <a href="http://www.ebi.ac.uk/biomodels/legal.html" target="_blank">terms of use</a>.<br/>To cite BioModels Database, please use: <a href="http://www.ncbi.nlm.nih.gov/pubmed/20587024" target="_blank">Li C, Donizelli M, Rodriguez N, Dharuri H, Endler L, Chelliah V, Li L, He E, Henry A, Stefan MI, Snoep JL, Hucka M, Le Novère N, Laibe C (2010) BioModels Database: An enhanced, curated and annotated resource for published quantitative kinetic models. BMC Syst Biol., 4:92.</a>
    </p>
  </body>
</notes>
    <annotation>
	<rdf:RDF xmlns:rdf="http://www.w3.org/1999/02/22-rdf-syntax-ns#" xmlns:dc="http://purl.org/dc/elements/1.1/" xmlns:vCard="http://www.w3.org/2001/vcard-rdf/3.0#" xmlns:dcterms="http://purl.org/dc/terms/" xmlns:bqmodel="http://biomodels.net/model-qualifiers/" xmlns:bqbiol="http://biomodels.net/biology-qualifiers/">
        <rdf:Description rdf:about="#metaid_0000002">
	<dc:creator>
	<rdf:Bag>
	<rdf:li rdf:parseType="Resource">
	<vCard:N rdf:parseType="Resource">
	<vCard:Family>Chelliah</vCard:Family>
	<vCard:Given>Vijayalakshmi</vCard:Given>
	</vCard:N>
	<vCard:EMAIL>viji@ebi.ac.uk</vCard:EMAIL>
	<vCard:ORG rdf:parseType="Resource">
	<vCard:Orgname>EMBL-EBI</vCard:Orgname>
	</vCard:ORG>
	</rdf:li>
	</rdf:Bag>
	</dc:creator>
	<dcterms:created rdf:parseType="Resource">
	<dcterms:W3CDTF>2006-05-24T10:35:07Z</dcterms:W3CDTF>
	</dcterms:created>
	<dcterms:modified rdf:parseType="Resource">
	<dcterms:W3CDTF>2014-04-01T22:12:39Z</dcterms:W3CDTF>
	</dcterms:modified>
	<bqmodel:is>
	<rdf:Bag>
	<rdf:li rdf:resource="http://identifiers.org/biomodels.db/MODEL6762427183"/>
	</rdf:Bag>
	</bqmodel:is>
	<bqmodel:is>
	<rdf:Bag>
	<rdf:li rdf:resource="http://identifiers.org/biomodels.db/BIOMD0000000304"/>
	</rdf:Bag>
	</bqmodel:is>
	<bqmodel:isDescribedBy>
	<rdf:Bag>
	<rdf:li rdf:resource="http://identifiers.org/pubmed/7252375"/>
	</rdf:Bag>
	</bqmodel:isDescribedBy>
	<bqbiol:hasTaxon>
	<rdf:Bag>
	<rdf:li rdf:resource="http://identifiers.org/taxonomy/6499"/>
	<rdf:li rdf:resource="http://identifiers.org/bto/BTO:0000022"/>
	<rdf:li rdf:resource="http://identifiers.org/bto/BTO:0000938"/>
	</rdf:Bag>
	</bqbiol:hasTaxon>
	<bqbiol:isVersionOf>
	<rdf:Bag>
	<rdf:li rdf:resource="http://identifiers.org/go/GO:0006816"/>
	<rdf:li rdf:resource="http://identifiers.org/go/GO:0006814"/>
	<rdf:li rdf:resource="http://identifiers.org/go/GO:0006813"/>
	<rdf:li rdf:resource="http://identifiers.org/go/GO:0019228"/>
	</rdf:Bag>
	</bqbiol:isVersionOf>
	<bqbiol:hasProperty>
	<rdf:Bag>
	<rdf:li rdf:resource="http://identifiers.org/mamo/MAMO_0000046"/>
	</rdf:Bag>
	</bqbiol:hasProperty>
	</rdf:Description>
	
	</rdf:RDF>
	</annotation>
      <listOfCompartments>
      <compartment id="COMpartment" metaid="metaid_0000057" size="1"/>
    </listOfCompartments>
    <listOfSpecies>
      <species compartment="COMpartment" id="V_membrane" initialConcentration="-55" metaid="metaid_0000014" name="V" sboTerm="SBO:0000259">
        <annotation>
	<rdf:RDF xmlns:rdf="http://www.w3.org/1999/02/22-rdf-syntax-ns#" xmlns:bqmodel="http://biomodels.net/model-qualifiers/" xmlns:bqbiol="http://biomodels.net/biology-qualifiers/">
            <rdf:Description rdf:about="#metaid_0000014">
	<bqbiol:isVersionOf>
	<rdf:Bag>
	<rdf:li rdf:resource="http://identifiers.org/pato/PATO:0001462"/>
	</rdf:Bag>
	</bqbiol:isVersionOf>
	</rdf:Description>
	
	</rdf:RDF>
	</annotation>
            </species>
      <species compartment="COMpartment" id="h1" initialConcentration="0.9" metaid="metaid_0000024" name="h1" sboTerm="SBO:0000247">
        <annotation>
	<rdf:RDF xmlns:rdf="http://www.w3.org/1999/02/22-rdf-syntax-ns#" xmlns:bqmodel="http://biomodels.net/model-qualifiers/" xmlns:bqbiol="http://biomodels.net/biology-qualifiers/">
            <rdf:Description rdf:about="#metaid_0000024">
	<bqbiol:isVersionOf>
	<rdf:Bag>
	<rdf:li rdf:resource="http://identifiers.org/chebi/CHEBI:29101"/>
	</rdf:Bag>
	</bqbiol:isVersionOf>
	</rdf:Description>
	
	</rdf:RDF>
	</annotation>
            </species>
      <species compartment="COMpartment" id="x1" initialConcentration="0.27" metaid="metaid_0000041" name="x1" sboTerm="SBO:0000247">
        <annotation>
	<rdf:RDF xmlns:rdf="http://www.w3.org/1999/02/22-rdf-syntax-ns#" xmlns:bqmodel="http://biomodels.net/model-qualifiers/" xmlns:bqbiol="http://biomodels.net/biology-qualifiers/">
            <rdf:Description rdf:about="#metaid_0000041">
	<bqbiol:isVersionOf>
	<rdf:Bag>
	<rdf:li rdf:resource="http://identifiers.org/chebi/CHEBI:29108"/>
	</rdf:Bag>
	</bqbiol:isVersionOf>
	</rdf:Description>
	
	</rdf:RDF>
	</annotation>
            </species>
      <species compartment="COMpartment" id="n1" initialConcentration="0.03" metaid="metaid_0000053" name="n1" sboTerm="SBO:0000247">
        <annotation>
	<rdf:RDF xmlns:rdf="http://www.w3.org/1999/02/22-rdf-syntax-ns#" xmlns:bqmodel="http://biomodels.net/model-qualifiers/" xmlns:bqbiol="http://biomodels.net/biology-qualifiers/">
            <rdf:Description rdf:about="#metaid_0000053">
	<bqbiol:isVersionOf>
	<rdf:Bag>
	<rdf:li rdf:resource="http://identifiers.org/chebi/CHEBI:29103"/>
	</rdf:Bag>
	</bqbiol:isVersionOf>
	</rdf:Description>
	
	</rdf:RDF>
	</annotation>
            </species>
      <species compartment="COMpartment" id="c" initialConcentration="0.4" metaid="metaid_0000083" name="c" sboTerm="SBO:0000247">
        <annotation>
	<rdf:RDF xmlns:rdf="http://www.w3.org/1999/02/22-rdf-syntax-ns#" xmlns:bqmodel="http://biomodels.net/model-qualifiers/" xmlns:bqbiol="http://biomodels.net/biology-qualifiers/">
            <rdf:Description rdf:about="#metaid_0000083">
	<bqbiol:isVersionOf>
	<rdf:Bag>
	<rdf:li rdf:resource="http://identifiers.org/chebi/CHEBI:29108"/>
	</rdf:Bag>
	</bqbiol:isVersionOf>
	</rdf:Description>
	
	</rdf:RDF>
	</annotation>
            </species>
    </listOfSpecies>
    <listOfParameters>
      <parameter constant="false" id="i_Na" metaid="metaid_0000016" name="i_Na"/>
      <parameter id="V_I" metaid="metaid_0000018" name="V_I" value="30"/>
      <parameter id="V_K" metaid="metaid_0000052" name="V_K" value="-75"/>
      <parameter id="V_L" metaid="metaid_0000088" name="V_L" value="-40"/>
      <parameter id="V_Ca" metaid="metaid_0000043" name="V_Ca" value="140"/>
      <parameter id="g_I" metaid="metaid_4000088" name="g_I" value="4"/>
      <parameter id="g_K" metaid="metaid_2000088" name="g_K" value="0.3"/>
      <parameter id="g_T" metaid="metaid_3000088" name="g_T" value="0.01"/>
      <parameter id="g_K_Ca" metaid="metaid_0000077" name="g_K_Ca" value="0.03"/>
      <parameter id="g_L" metaid="metaid_0000087" name="g_L" value="0.003"/>
      <parameter id="K_p" metaid="metaid_1000088" name="K_p" value="0.5"/>
      <parameter id="K_c" metaid="metaid_0000079" name="K_c" value="0.0085"/>
      <parameter id="f" metaid="metaid_0000078" name="f" value="0.0003"/>
      <parameter id="tau_x" metaid="metaid_0000046" name="tau_x" value="235"/>
      <parameter id="a" metaid="metaid_0000080" name="a" value="1.209"/>
      <parameter id="b" metaid="metaid_0000081" name="b" value="78.714"/>
      <parameter constant="false" id="Vs" metaid="metaid_0000082" name="Vs"/>
      <parameter constant="false" id="m_infinity" metaid="metaid_0000019" name="m_infinity"/>
      <parameter constant="false" id="alpha_m" metaid="metaid_0000020" name="alpha_m"/>
      <parameter constant="false" id="beta_m" metaid="metaid_0000021" name="beta_m"/>
      <parameter constant="false" id="h_infinity" metaid="metaid_0000025" name="h_infinity"/>
      <parameter constant="false" id="alpha_h" metaid="metaid_0000026" name="alpha_h"/>
      <parameter constant="false" id="beta_h" metaid="metaid_0000027" name="beta_h"/>
      <parameter constant="false" id="tau_h" metaid="metaid_0000028" name="tau_h"/>
      <parameter constant="false" id="g_Ca" metaid="metaid_0000040" name="g_Ca" value="0.004"/>
      <parameter constant="false" id="x_infinity" metaid="metaid_0000042" name="x_infinity"/>
      <parameter constant="false" id="i_Ca" metaid="metaid_0000044" name="i_Ca"/>
      <parameter constant="false" id="n_infinity" metaid="metaid_0000054" name="n_infinity"/>
      <parameter constant="false" id="i_K" metaid="metaid_0000055" name="i_K"/>
      <parameter constant="false" id="alpha_n" metaid="metaid_0000056" name="alpha_n"/>
      <parameter constant="false" id="beta_n" metaid="metaid_0000058" name="beta_n"/>
      <parameter constant="false" id="tau_n" metaid="metaid_0000064" name="tau_n"/>
      <parameter constant="false" id="i_K_Ca" metaid="metaid_0000074" name="i_K_Ca"/>
      <parameter constant="false" id="i_L" metaid="metaid_0000086" name="i_L"/>
    </listOfParameters>
    <listOfRules>
      <assignmentRule metaid="metaid_0000068" variable="Vs">
        <math xmlns="http://www.w3.org/1998/Math/MathML">        
          <apply>
            <plus/>
            <apply>
              <times/>
              <ci> a </ci>
              <ci> V_membrane </ci>
            </apply>
            <ci> b </ci>
          </apply>
        </math>
            </assignmentRule>
      <assignmentRule metaid="metaid_0000059" variable="alpha_m">
        <math xmlns="http://www.w3.org/1998/Math/MathML">        
          <apply>
            <divide/>
            <apply>
              <times/>
              <cn> 0.1 </cn>
              <apply>
                <minus/>
                <cn type="integer"> 50 </cn>
                <ci> Vs </ci>
              </apply>
            </apply>
            <apply>
              <minus/>
              <apply>
                <exp/>
                <apply>
                  <divide/>
                  <apply>
                    <minus/>
                    <cn type="integer"> 50 </cn>
                    <ci> Vs </ci>
                  </apply>
                  <cn type="integer"> 10 </cn>
                </apply>
              </apply>
              <cn type="integer"> 1 </cn>
            </apply>
          </apply>
        </math>
            </assignmentRule>
      <assignmentRule metaid="metaid_0000060" variable="beta_m">
        <math xmlns="http://www.w3.org/1998/Math/MathML">        
          <apply>
            <times/>
            <cn type="integer"> 4 </cn>
            <apply>
              <exp/>
              <apply>
                <divide/>
                <apply>
                  <minus/>
                  <cn type="integer"> 25 </cn>
                  <ci> Vs </ci>
                </apply>
                <cn type="integer"> 18 </cn>
              </apply>
            </apply>
          </apply>
        </math>
            </assignmentRule>
      <assignmentRule metaid="metaid_0000061" variable="m_infinity">
        <math xmlns="http://www.w3.org/1998/Math/MathML">        
          <apply>
            <divide/>
            <ci> alpha_m </ci>
            <apply>
              <plus/>
              <ci> alpha_m </ci>
              <ci> beta_m </ci>
            </apply>
          </apply>
        </math>
            </assignmentRule>
      <assignmentRule metaid="metaid_0000062" variable="alpha_h">
        <math xmlns="http://www.w3.org/1998/Math/MathML">        
          <apply>
            <times/>
            <cn> 0.07 </cn>
            <apply>
              <exp/>
              <apply>
                <divide/>
                <apply>
                  <minus/>
                  <cn type="integer"> 25 </cn>
                  <ci> Vs </ci>
                </apply>
                <cn type="integer"> 20 </cn>
              </apply>
            </apply>
          </apply>
        </math>
            </assignmentRule>
      <assignmentRule metaid="metaid_0000063" variable="beta_h">
        <math xmlns="http://www.w3.org/1998/Math/MathML">        
          <apply>
            <divide/>
            <cn> 1 </cn>
            <apply>
              <plus/>
              <apply>
                <exp/>
                <apply>
                  <divide/>
                  <apply>
                    <minus/>
                    <cn type="integer"> 55 </cn>
                    <ci> Vs </ci>
                  </apply>
                  <cn type="integer"> 10 </cn>
                </apply>
              </apply>
              <cn type="integer"> 1 </cn>
            </apply>
          </apply>
        </math>
            </assignmentRule>
      <assignmentRule metaid="metaid_0000039" variable="h_infinity">
        <math xmlns="http://www.w3.org/1998/Math/MathML">        
          <apply>
            <divide/>
            <ci> alpha_h </ci>
            <apply>
              <plus/>
              <ci> alpha_h </ci>
              <ci> beta_h </ci>
            </apply>
          </apply>
        </math>
            </assignmentRule>
      <assignmentRule metaid="metaid_0000065" variable="tau_h">
        <math xmlns="http://www.w3.org/1998/Math/MathML">        
          <apply>
            <divide/>
            <cn> 12.5 </cn>
            <apply>
              <plus/>
              <ci> alpha_h </ci>
              <ci> beta_h </ci>
            </apply>
          </apply>
        </math>
            </assignmentRule>
      <rateRule metaid="metaid_0000076" variable="h1">
        <math xmlns="http://www.w3.org/1998/Math/MathML">        
          <apply>
            <divide/>
            <apply>
              <minus/>
              <ci> h_infinity </ci>
              <ci> h1 </ci>
            </apply>
            <ci> tau_h </ci>
          </apply>
        </math>
            </rateRule>
      <assignmentRule metaid="metaid_0000066" variable="i_Na">
        <math xmlns="http://www.w3.org/1998/Math/MathML">        
          <apply>
            <times/>
            <ci> g_I </ci>
            <apply>
              <power/>
              <ci> m_infinity </ci>
              <cn type="integer"> 3 </cn>
            </apply>
            <ci> h1 </ci>
            <apply>
              <minus/>
              <ci> V_I </ci>
              <ci> V_membrane </ci>
            </apply>
          </apply>
        </math>
            </assignmentRule>
      <assignmentRule metaid="metaid_0000051" variable="x_infinity">
        <math xmlns="http://www.w3.org/1998/Math/MathML">        
          <apply>
            <divide/>
            <cn type="integer"> 1 </cn>
            <apply>
              <plus/>
              <apply>
                <exp/>
                <apply>
                  <times/>
                  <cn> 0.15 </cn>
                  <apply>
                    <minus/>
                    <apply>
                      <minus/>
                      <ci> V_membrane </ci>
                    </apply>
                    <cn type="integer"> 50 </cn>
                  </apply>
                </apply>
              </apply>
              <cn type="integer"> 1 </cn>
            </apply>
          </apply>
        </math>
            </assignmentRule>
      <rateRule metaid="metaid_0000050" variable="x1">
        <math xmlns="http://www.w3.org/1998/Math/MathML">        
          <apply>
            <divide/>
            <apply>
              <minus/>
              <ci> x_infinity </ci>
              <ci> x1 </ci>
            </apply>
            <ci> tau_x </ci>
          </apply>
        </math>
            </rateRule>
      <assignmentRule metaid="metaid_0000045" variable="i_Ca">
        <math xmlns="http://www.w3.org/1998/Math/MathML">        
          <apply>
            <times/>
            <ci> g_T </ci>
            <ci> x1 </ci>
            <apply>
              <minus/>
              <ci> V_I </ci>
              <ci> V_membrane </ci>
            </apply>
          </apply>
        </math>
            </assignmentRule>
      <assignmentRule metaid="metaid_0000067" variable="alpha_n">
        <math xmlns="http://www.w3.org/1998/Math/MathML">        
          <apply>
            <divide/>
            <apply>
              <times/>
              <cn> 0.01 </cn>
              <apply>
                <minus/>
                <cn type="integer"> 55 </cn>
                <ci> Vs </ci>
              </apply>
            </apply>
            <apply>
              <minus/>
              <apply>
                <exp/>
                <apply>
                  <divide/>
                  <apply>
                    <minus/>
                    <cn type="integer"> 55 </cn>
                    <ci> Vs </ci>
                  </apply>
                  <cn type="integer"> 10 </cn>
                </apply>
              </apply>
              <cn type="integer"> 1 </cn>
            </apply>
          </apply>
        </math>
            </assignmentRule>
      <assignmentRule metaid="metaid_0000069" variable="beta_n">
        <math xmlns="http://www.w3.org/1998/Math/MathML">        
          <apply>
            <times/>
            <cn> 0.125 </cn>
            <apply>
              <exp/>
              <apply>
                <divide/>
                <apply>
                  <minus/>
                  <cn type="integer"> 45 </cn>
                  <ci> Vs </ci>
                </apply>
                <cn type="integer"> 80 </cn>
              </apply>
            </apply>
          </apply>
        </math>
            </assignmentRule>
      <assignmentRule metaid="metaid_0000070" variable="n_infinity">
        <math xmlns="http://www.w3.org/1998/Math/MathML">        
          <apply>
            <divide/>
            <ci> alpha_n </ci>
            <apply>
              <plus/>
              <ci> alpha_n </ci>
              <ci> beta_n </ci>
            </apply>
          </apply>
        </math>
            </assignmentRule>
      <assignmentRule metaid="metaid_0000071" variable="tau_n">
        <math xmlns="http://www.w3.org/1998/Math/MathML">        
          <apply>
            <divide/>
            <cn> 12.5 </cn>
            <apply>
              <plus/>
              <ci> alpha_n </ci>
              <ci> beta_n </ci>
            </apply>
          </apply>
        </math>
            </assignmentRule>
      <rateRule metaid="metaid_0000072" variable="n1">
        <math xmlns="http://www.w3.org/1998/Math/MathML">        
          <apply>
            <divide/>
            <apply>
              <minus/>
              <ci> n_infinity </ci>
              <ci> n1 </ci>
            </apply>
            <ci> tau_n </ci>
          </apply>
        </math>
            </rateRule>
      <assignmentRule metaid="metaid_0000073" variable="i_K">
        <math xmlns="http://www.w3.org/1998/Math/MathML">        
          <apply>
            <times/>
            <ci> g_K </ci>
            <apply>
              <power/>
              <ci> n1 </ci>
              <cn type="integer"> 4 </cn>
            </apply>
            <apply>
              <minus/>
              <ci> V_K </ci>
              <ci> V_membrane </ci>
            </apply>
          </apply>
        </math>
            </assignmentRule>
      <rateRule metaid="metaid_0000084" variable="c">
        <math xmlns="http://www.w3.org/1998/Math/MathML">        
          <apply>
            <times/>
            <ci> f </ci>
            <apply>
              <minus/>
              <apply>
                <times/>
                <ci> K_c </ci>
                <ci> x1 </ci>
                <apply>
                  <minus/>
                  <ci> V_Ca </ci>
                  <ci> V_membrane </ci>
                </apply>
              </apply>
              <ci> c </ci>
            </apply>
          </apply>
        </math>
            </rateRule>
      <assignmentRule metaid="metaid_0000085" variable="i_K_Ca">
        <math xmlns="http://www.w3.org/1998/Math/MathML">        
          <apply>
            <times/>
            <apply>
              <divide/>
              <apply>
                <times/>
                <ci> g_K_Ca </ci>
                <ci> c </ci>
              </apply>
              <apply>
                <plus/>
                <ci> K_p </ci>
                <ci> c </ci>
              </apply>
            </apply>
            <apply>
              <minus/>
              <ci> V_K </ci>
              <ci> V_membrane </ci>
            </apply>
          </apply>
        </math>
            </assignmentRule>
      <assignmentRule metaid="metaid_0000089" variable="i_L">
        <math xmlns="http://www.w3.org/1998/Math/MathML">        
          <apply>
            <times/>
            <ci> g_L </ci>
            <apply>
              <minus/>
              <ci> V_L </ci>
              <ci> V_membrane </ci>
            </apply>
          </apply>
        </math>
            </assignmentRule>
      <rateRule metaid="metaid_0000075" variable="V_membrane">
        <math xmlns="http://www.w3.org/1998/Math/MathML">        
          <apply>
            <plus/>
            <ci> i_Na </ci>
            <ci> i_Ca </ci>
            <ci> i_K </ci>
            <ci> i_K_Ca </ci>
            <ci> i_L </ci>
          </apply>
        </math>
            </rateRule>
    </listOfRules>
  </model>
</sbml>
