<?xml version="1.0" encoding="UTF-8" standalone="no"?>
<sbml xmlns="http://www.sbml.org/sbml/level2" level="2" metaid="metaid_0000001" version="1">
  <model id="Goldbeter1990_CalciumSpike_CICR" metaid="metaid_0000002" name="Goldbeter1990_CalciumSpike_CICR">
    <notes>
      <p xmlns="http://www.w3.org/1999/xhtml"> The model reproduces the time profile of cytosolic and intracellular calcium as depicted in the upper panel of Fig 2 in the paper. The model was successfully tested on MathSBML and Jarnac.</p>
      <p xmlns="http://www.w3.org/1999/xhtml">This model originates from BioModels Database: A Database of Annotated Published Models. It is copyright (c) 2005-2009 The BioModels Team.<br/>For more information see the <a href="http://www.ebi.ac.uk/biomodels/legal.html" target="_blank">terms of use</a>.<br/>To cite BioModels Database, please use <a href="http://www.pubmedcentral.nih.gov/articlerender.fcgi?tool=pubmed&amp;pubmedid=16381960" target="_blank">Le Novère N., Bornstein B., Broicher A., Courtot M., Donizelli M., Dharuri H., Li L., Sauro H., Schilstra M., Shapiro B., Snoep J.L., Hucka M. (2006) BioModels Database: A Free, Centralized Database of Curated, Published, Quantitative Kinetic Models of Biochemical and Cellular Systems Nucleic Acids Res., 34: D689-D691.</a>
    </p>
  </notes>
    <annotation>
	<rdf:RDF xmlns:rdf="http://www.w3.org/1999/02/22-rdf-syntax-ns#" xmlns:dc="http://purl.org/dc/elements/1.1/" xmlns:vCard="http://www.w3.org/2001/vcard-rdf/3.0#" xmlns:dcterms="http://purl.org/dc/terms/" xmlns:bqmodel="http://biomodels.net/model-qualifiers/" xmlns:bqbiol="http://biomodels.net/biology-qualifiers/">
        <rdf:Description rdf:about="#metaid_0000002">
	<dc:creator>
	<rdf:Bag>
	<rdf:li rdf:parseType="Resource">
	<vCard:N rdf:parseType="Resource">
	<vCard:Family>Dharuri</vCard:Family>
	<vCard:Given>Harish</vCard:Given>
	</vCard:N>
	<vCard:EMAIL>hdharuri@cds.caltech.edu</vCard:EMAIL>
	<vCard:ORG rdf:parseType="Resource">
	<vCard:Orgname>California Institute of Technology</vCard:Orgname>
	</vCard:ORG>
	</rdf:li>
	</rdf:Bag>
	</dc:creator>
	<dcterms:created rdf:parseType="Resource">
	<dcterms:W3CDTF>2007-03-21T15:41:17Z</dcterms:W3CDTF>
	</dcterms:created>
	<dcterms:modified rdf:parseType="Resource">
	<dcterms:W3CDTF>2014-05-24T17:41:51Z</dcterms:W3CDTF>
	</dcterms:modified>
	<bqmodel:is>
	<rdf:Bag>
	<rdf:li rdf:resource="http://identifiers.org/biomodels.db/MODEL4519937652"/>
	</rdf:Bag>
	</bqmodel:is>
	<bqmodel:is>
	<rdf:Bag>
	<rdf:li rdf:resource="http://identifiers.org/biomodels.db/BIOMD0000000098"/>
	</rdf:Bag>
	</bqmodel:is>
	<bqmodel:isDescribedBy>
	<rdf:Bag>
	<rdf:li rdf:resource="http://identifiers.org/pubmed/2304911"/>
	</rdf:Bag>
	</bqmodel:isDescribedBy>
	<bqmodel:isDerivedFrom>
	<rdf:Bag>
	<rdf:li rdf:resource="http://identifiers.org/pubmed/6281582"/>
	</rdf:Bag>
	</bqmodel:isDerivedFrom>
	<bqbiol:isVersionOf>
	<rdf:Bag>
	<rdf:li rdf:resource="http://identifiers.org/go/GO:0005220"/>
	<rdf:li rdf:resource="http://identifiers.org/go/GO:0006816"/>
	<rdf:li rdf:resource="http://identifiers.org/go/GO:0019722"/>
	</rdf:Bag>
	</bqbiol:isVersionOf>
	<bqbiol:hasTaxon>
	<rdf:Bag>
	<rdf:li rdf:resource="http://identifiers.org/taxonomy/131567"/>
	</rdf:Bag>
	</bqbiol:hasTaxon>
	<bqbiol:hasProperty>
	<rdf:Bag>
	<rdf:li rdf:resource="http://identifiers.org/mamo/MAMO_0000046"/>
	</rdf:Bag>
	</bqbiol:hasProperty>
	</rdf:Description>
	
	</rdf:RDF>
	</annotation>
      <listOfUnitDefinitions>
      <unitDefinition id="substance" metaid="metaid_0000031" name="micromole">
        <listOfUnits>
          <unit kind="mole" metaid="_8f729201-266f-41c7-ad59-1d15347574c6" scale="-6"/>
        </listOfUnits>
      </unitDefinition>
      <unitDefinition id="uM_per_sec" metaid="metaid_0000032" name="uM_per_sec">
        <listOfUnits>
          <unit kind="mole" metaid="c8ca223e-8c63-48e2-a5a4-dd77ec5c6bde" scale="-6"/>
          <unit exponent="-1" kind="litre" metaid="_831f4295-fce8-4870-956a-a4cc96019e66"/>
          <unit exponent="-1" kind="second" metaid="c6580c1f-c684-4993-bc09-8e209e69591a"/>
        </listOfUnits>
      </unitDefinition>
      <unitDefinition id="sec_inv" metaid="metaid_0000033" name="sec_inv">
        <listOfUnits>
          <unit exponent="-1" kind="second" metaid="_5bc4bfb8-4523-4969-941c-7a97213685bd"/>
        </listOfUnits>
      </unitDefinition>
      <unitDefinition id="uM" metaid="metaid_0000034" name="uM">
        <listOfUnits>
          <unit kind="mole" metaid="afcc2096-e246-4158-ad1c-00a378767e3f" scale="-6"/>
          <unit exponent="-1" kind="litre" metaid="_0997bfd1-ae97-4fbb-abcf-436ac0d71e1f"/>
        </listOfUnits>
      </unitDefinition>
    </listOfUnitDefinitions>
    <listOfCompartments>
      <compartment id="cytosol" metaid="metaid_0000016" name="cytosol" size="1">
        <annotation>
	<rdf:RDF xmlns:rdf="http://www.w3.org/1999/02/22-rdf-syntax-ns#" xmlns:bqmodel="http://biomodels.net/model-qualifiers/" xmlns:bqbiol="http://biomodels.net/biology-qualifiers/">
            <rdf:Description rdf:about="#metaid_0000016">
	<bqbiol:is>
	<rdf:Bag>
	<rdf:li rdf:resource="http://identifiers.org/go/GO:0005829"/>
	</rdf:Bag>
	</bqbiol:is>
	</rdf:Description>
	
	</rdf:RDF>
	</annotation>
            </compartment>
      <compartment id="store" metaid="metaid_0000030" name="store" size="1">
        <annotation>
	<rdf:RDF xmlns:rdf="http://www.w3.org/1999/02/22-rdf-syntax-ns#" xmlns:bqmodel="http://biomodels.net/model-qualifiers/" xmlns:bqbiol="http://biomodels.net/biology-qualifiers/">
            <rdf:Description rdf:about="#metaid_0000030">
	<bqbiol:is>
	<rdf:Bag>
	<rdf:li rdf:resource="http://identifiers.org/go/GO:0005783"/>
	</rdf:Bag>
	</bqbiol:is>
	</rdf:Description>
	
	</rdf:RDF>
	</annotation>
            </compartment>
    </listOfCompartments>
    <listOfSpecies>
      <species compartment="cytosol" id="Z" initialConcentration="0.15" metaid="metaid_0000018">
        <annotation>
	<rdf:RDF xmlns:rdf="http://www.w3.org/1999/02/22-rdf-syntax-ns#" xmlns:bqmodel="http://biomodels.net/model-qualifiers/" xmlns:bqbiol="http://biomodels.net/biology-qualifiers/">
            <rdf:Description rdf:about="#metaid_0000018">
	<bqbiol:is>
	<rdf:Bag>
	<rdf:li rdf:resource="http://identifiers.org/chebi/CHEBI:29108"/>
	<rdf:li rdf:resource="http://identifiers.org/kegg.compound/C00076"/>
	</rdf:Bag>
	</bqbiol:is>
	</rdf:Description>
	
	</rdf:RDF>
	</annotation>
            </species>
      <species compartment="store" id="Y" initialConcentration="1.6" metaid="metaid_0000019">
        <annotation>
	<rdf:RDF xmlns:rdf="http://www.w3.org/1999/02/22-rdf-syntax-ns#" xmlns:bqmodel="http://biomodels.net/model-qualifiers/" xmlns:bqbiol="http://biomodels.net/biology-qualifiers/">
            <rdf:Description rdf:about="#metaid_0000019">
	<bqbiol:is>
	<rdf:Bag>
	<rdf:li rdf:resource="http://identifiers.org/chebi/CHEBI:29108"/>
	<rdf:li rdf:resource="http://identifiers.org/kegg.compound/C00076"/>
	</rdf:Bag>
	</bqbiol:is>
	</rdf:Description>
	
	</rdf:RDF>
	</annotation>
            </species>
    </listOfSpecies>
    <listOfParameters>
      <parameter id="v0" metaid="metaid_0000003" units="uM_per_sec" value="1"/>
      <parameter id="v1" metaid="metaid_0000004" units="uM_per_sec" value="7.3"/>
      <parameter id="beta" metaid="metaid_0000005" units="dimensionless" value="0.301"/>
      <parameter id="Vm2" metaid="metaid_0000006" units="uM_per_sec" value="65"/>
      <parameter id="n" metaid="metaid_0000007" units="dimensionless" value="2"/>
      <parameter id="K2" metaid="metaid_0000008" units="uM" value="1"/>
      <parameter id="Vm3" metaid="metaid_0000009" units="uM_per_sec" value="500"/>
      <parameter id="m" metaid="metaid_0000010" units="dimensionless" value="2"/>
      <parameter id="Kr" metaid="metaid_0000012" units="uM" value="2"/>
      <parameter id="Ka" metaid="metaid_0000013" units="uM" value="0.9"/>
      <parameter id="kf" metaid="metaid_0000014" units="sec_inv" value="1"/>
      <parameter id="k" metaid="metaid_0000015" units="sec_inv" value="10"/>
      <parameter id="p" metaid="metaid_0000035" units="dimensionless" value="4"/>
    </listOfParameters>
    <listOfReactions>
      <reaction id="R0" metaid="metaid_0000020" name="Ca influx" reversible="false">
        <annotation>
	<rdf:RDF xmlns:rdf="http://www.w3.org/1999/02/22-rdf-syntax-ns#" xmlns:bqmodel="http://biomodels.net/model-qualifiers/" xmlns:bqbiol="http://biomodels.net/biology-qualifiers/">
            <rdf:Description rdf:about="#metaid_0000020">
	<bqbiol:is>
	<rdf:Bag>
	<rdf:li rdf:resource="http://identifiers.org/go/GO:0006816"/>
	</rdf:Bag>
	</bqbiol:is>
	</rdf:Description>
	
	</rdf:RDF>
	</annotation>
              <listOfProducts>
          <speciesReference metaid="e609dea7-c94f-47ed-8dcb-4c481df86646" species="Z"/>
        </listOfProducts>
        <kineticLaw metaid="_7aeae61a-6842-42ba-9706-ae0f7a5a5f8e">
          <math xmlns="http://www.w3.org/1998/Math/MathML">          
            <apply>
              <times/>
              <ci> cytosol </ci>
              <ci> v0 </ci>
            </apply>
          </math>
                </kineticLaw>
      </reaction>
      <reaction id="R1" metaid="metaid_0000021" name="InsP3 dependent Ca influx" reversible="false">
        <annotation>
	<rdf:RDF xmlns:rdf="http://www.w3.org/1999/02/22-rdf-syntax-ns#" xmlns:bqmodel="http://biomodels.net/model-qualifiers/" xmlns:bqbiol="http://biomodels.net/biology-qualifiers/">
            <rdf:Description rdf:about="#metaid_0000021">
	<bqbiol:is>
	<rdf:Bag>
	<rdf:li rdf:resource="http://identifiers.org/go/GO:0005220"/>
	</rdf:Bag>
	</bqbiol:is>
	</rdf:Description>
	
	</rdf:RDF>
	</annotation>
              <listOfProducts>
          <speciesReference metaid="_72298131-bc67-44ff-99d3-b9b0c5d2b1b3" species="Z"/>
        </listOfProducts>
        <kineticLaw metaid="f99fcd16-52cf-4bae-a23b-0a06027f175a">
          <math xmlns="http://www.w3.org/1998/Math/MathML">          
            <apply>
              <times/>
              <ci> cytosol </ci>
              <ci> v1 </ci>
              <ci> beta </ci>
            </apply>
          </math>
                </kineticLaw>
      </reaction>
      <reaction id="R2" metaid="metaid_0000022" name="ATP driven Ca pumping into store" reversible="false">
        <annotation>
	<rdf:RDF xmlns:rdf="http://www.w3.org/1999/02/22-rdf-syntax-ns#" xmlns:bqmodel="http://biomodels.net/model-qualifiers/" xmlns:bqbiol="http://biomodels.net/biology-qualifiers/">
            <rdf:Description rdf:about="#metaid_0000022">
	<bqbiol:is>
	<rdf:Bag>
	<rdf:li rdf:resource="http://identifiers.org/go/GO:0032470"/>
	</rdf:Bag>
	</bqbiol:is>
	</rdf:Description>
	
	</rdf:RDF>
	</annotation>
              <listOfReactants>
          <speciesReference metaid="af3e2e15-2528-4f65-bd8d-8c8c0d38b28c" species="Z"/>
        </listOfReactants>
        <listOfProducts>
          <speciesReference metaid="_041b63ed-fd20-49b3-930b-070127be137b" species="Y"/>
        </listOfProducts>
        <kineticLaw metaid="_2a5c5a01-da8b-4d83-af57-b2413017b43a">
          <math xmlns="http://www.w3.org/1998/Math/MathML">          
            <apply>
              <times/>
              <ci> cytosol </ci>
              <apply>
                <divide/>
                <apply>
                  <times/>
                  <ci> Vm2 </ci>
                  <apply>
                    <power/>
                    <ci> Z </ci>
                    <ci> n </ci>
                  </apply>
                </apply>
                <apply>
                  <plus/>
                  <apply>
                    <power/>
                    <ci> K2 </ci>
                    <ci> n </ci>
                  </apply>
                  <apply>
                    <power/>
                    <ci> Z </ci>
                    <ci> n </ci>
                  </apply>
                </apply>
              </apply>
            </apply>
          </math>
                </kineticLaw>
      </reaction>
      <reaction id="R3" metaid="metaid_0000023" name="ATP driven pumping into cytosol" reversible="false">
        <annotation>
	<rdf:RDF xmlns:rdf="http://www.w3.org/1999/02/22-rdf-syntax-ns#" xmlns:bqmodel="http://biomodels.net/model-qualifiers/" xmlns:bqbiol="http://biomodels.net/biology-qualifiers/">
            <rdf:Description rdf:about="#metaid_0000023">
	<bqbiol:is>
	<rdf:Bag>
	<rdf:li rdf:resource="http://identifiers.org/go/GO:0007204"/>
	<rdf:li rdf:resource="http://identifiers.org/go/GO:0048763"/>
	</rdf:Bag>
	</bqbiol:is>
	</rdf:Description>
	
	</rdf:RDF>
	</annotation>
              <listOfReactants>
          <speciesReference metaid="d906616e-84f8-4176-9ee1-820a54e2f9a1" species="Y"/>
        </listOfReactants>
        <listOfProducts>
          <speciesReference metaid="b1b4e20e-28f0-4d6a-8be7-54b681904657" species="Z"/>
        </listOfProducts>
        <kineticLaw metaid="_646058f1-8b48-41c9-8422-962619f2e2d7">
          <math xmlns="http://www.w3.org/1998/Math/MathML">          
            <apply>
              <times/>
              <ci> store </ci>
              <apply>
                <divide/>
                <apply>
                  <times/>
                  <ci> Vm3 </ci>
                  <apply>
                    <power/>
                    <ci> Y </ci>
                    <ci> m </ci>
                  </apply>
                  <apply>
                    <power/>
                    <ci> Z </ci>
                    <ci> p </ci>
                  </apply>
                </apply>
                <apply>
                  <times/>
                  <apply>
                    <plus/>
                    <apply>
                      <power/>
                      <ci> Kr </ci>
                      <ci> m </ci>
                    </apply>
                    <apply>
                      <power/>
                      <ci> Y </ci>
                      <ci> m </ci>
                    </apply>
                  </apply>
                  <apply>
                    <plus/>
                    <apply>
                      <power/>
                      <ci> Ka </ci>
                      <ci> p </ci>
                    </apply>
                    <apply>
                      <power/>
                      <ci> Z </ci>
                      <ci> p </ci>
                    </apply>
                  </apply>
                </apply>
              </apply>
            </apply>
          </math>
                </kineticLaw>
      </reaction>
      <reaction id="Rf" metaid="metaid_0000024" name="Ca leak" reversible="false">
        <annotation>
	<rdf:RDF xmlns:rdf="http://www.w3.org/1999/02/22-rdf-syntax-ns#" xmlns:bqmodel="http://biomodels.net/model-qualifiers/" xmlns:bqbiol="http://biomodels.net/biology-qualifiers/">
            <rdf:Description rdf:about="#metaid_0000024">
	<bqbiol:is>
	<rdf:Bag>
	<rdf:li rdf:resource="http://identifiers.org/go/GO:0007204"/>
	</rdf:Bag>
	</bqbiol:is>
	</rdf:Description>
	
	</rdf:RDF>
	</annotation>
              <listOfReactants>
          <speciesReference metaid="a4edd980-5bf9-40b4-b5f8-4ec6b4543f57" species="Y"/>
        </listOfReactants>
        <listOfProducts>
          <speciesReference metaid="_6bad1f1b-178e-4ee1-8a39-757452b5b93c" species="Z"/>
        </listOfProducts>
        <kineticLaw metaid="_0b2b03a6-7011-4502-b3c6-b91e6c9cec43">
          <math xmlns="http://www.w3.org/1998/Math/MathML">          
            <apply>
              <times/>
              <ci> store </ci>
              <ci> kf </ci>
              <ci> Y </ci>
            </apply>
          </math>
                </kineticLaw>
      </reaction>
      <reaction id="R_eff" metaid="metaid_0000025" name="Ca efflux" reversible="false">
        <annotation>
	<rdf:RDF xmlns:rdf="http://www.w3.org/1999/02/22-rdf-syntax-ns#" xmlns:bqmodel="http://biomodels.net/model-qualifiers/" xmlns:bqbiol="http://biomodels.net/biology-qualifiers/">
            <rdf:Description rdf:about="#metaid_0000025">
	<bqbiol:is>
	<rdf:Bag>
	<rdf:li rdf:resource="http://identifiers.org/go/GO:0006816"/>
	</rdf:Bag>
	</bqbiol:is>
	</rdf:Description>
	
	</rdf:RDF>
	</annotation>
              <listOfReactants>
          <speciesReference metaid="_8fd801b7-4549-46b1-8349-f0caeae55771" species="Z"/>
        </listOfReactants>
        <kineticLaw metaid="cccfaae8-c10a-4270-bfb3-49e01116ab25">
          <math xmlns="http://www.w3.org/1998/Math/MathML">          
            <apply>
              <times/>
              <ci> cytosol </ci>
              <ci> k </ci>
              <ci> Z </ci>
            </apply>
          </math>
                </kineticLaw>
      </reaction>
    </listOfReactions>
  </model>
</sbml>
