<?xml version="1.0" encoding="UTF-8" standalone="no"?>
<sbml xmlns="http://www.sbml.org/sbml/level2/version4" level="2" metaid="metaid_0000001" version="4">
  <model id="Smolen2002" metaid="metaid_0000002" name="Smolen2002_CircClock">
    <notes>
      <body xmlns="http://www.w3.org/1999/xhtml">
        <p>This model originates from BioModels Database: A Database of Annotated Published Models. It is copyright (c) 2005-2010 The BioModels Team.<br/>For more information see the <a href="http://www.ebi.ac.uk/biomodels/legal.html" target="_blank">terms of use</a>.<br/>To cite BioModels Database, please use <a href="http://www.pubmedcentral.nih.gov/articlerender.fcgi?tool=pubmed&amp;pubmedid=16381960" target="_blank">Le Novère N., Bornstein B., Broicher A., Courtot M., Donizelli M., Dharuri H., Li L., Sauro H., Schilstra M., Shapiro B., Snoep J.L., Hucka M. (2006) BioModels Database: A Free, Centralized Database of Curated, Published, Quantitative Kinetic Models of Biochemical and Cellular Systems Nucleic Acids Res., 34: D689-D691.</a>
      </p>
    </body>
  </notes>
    <annotation>
	<rdf:RDF xmlns:rdf="http://www.w3.org/1999/02/22-rdf-syntax-ns#" xmlns:dc="http://purl.org/dc/elements/1.1/" xmlns:vCard="http://www.w3.org/2001/vcard-rdf/3.0#" xmlns:dcterms="http://purl.org/dc/terms/" xmlns:bqmodel="http://biomodels.net/model-qualifiers/" xmlns:bqbiol="http://biomodels.net/biology-qualifiers/">
        <rdf:Description rdf:about="#metaid_0000002">
	<dc:creator>
	<rdf:Bag>
	<rdf:li rdf:parseType="Resource">
	<vCard:N rdf:parseType="Resource">
	<vCard:Family>Le Novère</vCard:Family>
	<vCard:Given>Nicolas</vCard:Given>
	</vCard:N>
	<vCard:EMAIL>lenov@ebi.ac.uk</vCard:EMAIL>
	<vCard:ORG rdf:parseType="Resource">
	<vCard:Orgname>EMBL-EBI</vCard:Orgname>
	</vCard:ORG>
	</rdf:li>
	</rdf:Bag>
	</dc:creator>
	<dcterms:created rdf:parseType="Resource">
	<dcterms:W3CDTF>2005-06-29T11:01:49Z</dcterms:W3CDTF>
	</dcterms:created>
	<dcterms:modified rdf:parseType="Resource">
	<dcterms:W3CDTF>2015-02-25T12:51:28Z</dcterms:W3CDTF>
	</dcterms:modified>
	<bqmodel:is>
	<rdf:Bag>
	<rdf:li rdf:resource="http://identifiers.org/biomodels.db/MODEL6618294363"/>
	</rdf:Bag>
	</bqmodel:is>
	<bqmodel:is>
	<rdf:Bag>
	<rdf:li rdf:resource="http://identifiers.org/biomodels.db/BIOMD0000000025"/>
	</rdf:Bag>
	</bqmodel:is>
	<bqmodel:isDescribedBy>
	<rdf:Bag>
	<rdf:li rdf:resource="http://identifiers.org/pubmed/12414672"/>
	</rdf:Bag>
	</bqmodel:isDescribedBy>
	<bqmodel:isDerivedFrom>
	<rdf:Bag>
	<rdf:li rdf:resource="http://identifiers.org/pubmed/11517254"/>
	</rdf:Bag>
	</bqmodel:isDerivedFrom>
	<bqbiol:hasTaxon>
	<rdf:Bag>
	<rdf:li rdf:resource="http://identifiers.org/taxonomy/7227"/>
	</rdf:Bag>
	</bqbiol:hasTaxon>
	<bqbiol:is>
	<rdf:Bag>
	<rdf:li rdf:resource="http://identifiers.org/kegg.pathway/dme04710"/>
	</rdf:Bag>
	</bqbiol:is>
	<bqbiol:isVersionOf>
	<rdf:Bag>
	<rdf:li rdf:resource="http://identifiers.org/go/GO:0032922"/>
	</rdf:Bag>
	</bqbiol:isVersionOf>
	</rdf:Description>
	
	</rdf:RDF>
	</annotation>
      <listOfUnitDefinitions>
      <unitDefinition id="time" metaid="metaid_0000017" name="hour (new default)">
        <listOfUnits>
          <unit kind="second" metaid="_0c52fd0e-518d-4dd6-a16b-503a683385f7" multiplier="3600"/>
        </listOfUnits>
      </unitDefinition>
      <unitDefinition id="substance" metaid="metaid_0000018" name="nanomole (new default)">
        <listOfUnits>
          <unit kind="mole" metaid="e7be33a7-9b1d-403f-a95b-9e79577434df" scale="-9"/>
        </listOfUnits>
      </unitDefinition>
      <unitDefinition id="nM" metaid="cf061e3a-61df-4a4b-a908-e79b90e06662" name="nM">
        <listOfUnits>
          <unit kind="mole" metaid="dea580eb-e93d-4175-9208-0a66738e80bd" scale="-9"/>
          <unit exponent="-1" kind="litre" metaid="_82840e67-ee5a-417f-87c1-95f44660cc87"/>
        </listOfUnits>
      </unitDefinition>
      <unitDefinition id="nM_per_hr" metaid="b117c3dd-1a04-49e7-b625-912fd0797f95" name="nM_per_hr">
        <listOfUnits>
          <unit kind="mole" metaid="be5428db-0d75-47f8-99fb-728321c0cc50" scale="-9"/>
          <unit exponent="-1" kind="litre" metaid="a2ca3336-2bbf-4092-a6d2-20c8cf401e23"/>
          <unit exponent="-1" kind="second" metaid="_26dd9ec9-5278-488f-9138-80bec07b888e" multiplier="3600"/>
        </listOfUnits>
      </unitDefinition>
      <unitDefinition id="per_hr" metaid="b36d7c88-baec-4c2d-b5c2-d73118c62ec8" name="per_hr">
        <listOfUnits>
          <unit exponent="-1" kind="second" metaid="_230099ff-8de6-46c9-abce-030939b68837" multiplier="3600"/>
        </listOfUnits>
      </unitDefinition>
    </listOfUnitDefinitions>
    <listOfCompartments>
      <compartment id="CELL" metaid="metaid_0000005" size="1E-15">
        <annotation>
	<rdf:RDF xmlns:rdf="http://www.w3.org/1999/02/22-rdf-syntax-ns#" xmlns:bqmodel="http://biomodels.net/model-qualifiers/" xmlns:bqbiol="http://biomodels.net/biology-qualifiers/">
            <rdf:Description rdf:about="#metaid_0000005">
	<bqbiol:is>
	<rdf:Bag>
	<rdf:li rdf:resource="http://identifiers.org/go/GO:0005623"/>
	</rdf:Bag>
	</bqbiol:is>
	</rdf:Description>
	
	</rdf:RDF>
	</annotation>
            </compartment>
    </listOfCompartments>
    <listOfSpecies>
      <species boundaryCondition="true" compartment="CELL" constant="true" id="EmptySet" initialConcentration="0" metaid="metaid_0000007"/>
      <species compartment="CELL" id="Per" initialConcentration="5E-16" metaid="metaid_0000008">
        <annotation>
	<rdf:RDF xmlns:rdf="http://www.w3.org/1999/02/22-rdf-syntax-ns#" xmlns:bqmodel="http://biomodels.net/model-qualifiers/" xmlns:bqbiol="http://biomodels.net/biology-qualifiers/">
            <rdf:Description rdf:about="#metaid_0000008">
	<bqbiol:is>
	<rdf:Bag>
	<rdf:li rdf:resource="http://identifiers.org/uniprot/P07663"/>
	</rdf:Bag>
	</bqbiol:is>
	</rdf:Description>
	
	</rdf:RDF>
	</annotation>
            </species>
      <species compartment="CELL" id="dClk" initialConcentration="1E-16" metaid="metaid_0000009">
        <annotation>
	<rdf:RDF xmlns:rdf="http://www.w3.org/1999/02/22-rdf-syntax-ns#" xmlns:bqmodel="http://biomodels.net/model-qualifiers/" xmlns:bqbiol="http://biomodels.net/biology-qualifiers/">
            <rdf:Description rdf:about="#metaid_0000009">
	<bqbiol:hasPart>
	<rdf:Bag>
	<rdf:li rdf:resource="http://identifiers.org/uniprot/P07663"/>
	<rdf:li rdf:resource="http://identifiers.org/uniprot/O61735"/>
	</rdf:Bag>
	</bqbiol:hasPart>
	</rdf:Description>
	
	</rdf:RDF>
	</annotation>
            </species>
      <species compartment="CELL" id="dClkF" initialConcentration="0" metaid="metaid_0000010" name="free dClk">
        <annotation>
	<rdf:RDF xmlns:rdf="http://www.w3.org/1999/02/22-rdf-syntax-ns#" xmlns:bqmodel="http://biomodels.net/model-qualifiers/" xmlns:bqbiol="http://biomodels.net/biology-qualifiers/">
            <rdf:Description rdf:about="#metaid_0000010">
	<bqbiol:is>
	<rdf:Bag>
	<rdf:li rdf:resource="http://identifiers.org/uniprot/O61735"/>
	</rdf:Bag>
	</bqbiol:is>
	</rdf:Description>
	
	</rdf:RDF>
	</annotation>
            </species>
    </listOfSpecies>
    <listOfParameters>
      <parameter constant="false" id="dClkF_tau1" metaid="_509013" name="dClkF_tau1" units="nM">
        <notes>
        <p xmlns="http://www.w3.org/1999/xhtml">
free dClk at time t-tau1
</p>
      </notes>
      </parameter>
      <parameter constant="false" id="dClkF_tau2" metaid="_509014" name="dClkF_tau2" units="nM">
        <notes>
        <p xmlns="http://www.w3.org/1999/xhtml">
free dClk at time t-tau2
</p>
      </notes>
      </parameter>
      <parameter id="tau1" metaid="_509016" name="tau1" units="time" value="10"/>
      <parameter id="tau2" metaid="_509017" name="tau2" units="time" value="10"/>
      <parameter id="Vsp" metaid="_509018" name="Vsp" units="nM_per_hr" value="0.5"/>
      <parameter id="K1" metaid="_509020" name="K1" units="nM" value="0.3"/>
      <parameter id="Vsc" metaid="_509021" name="Vsc" units="nM_per_hr" value="0.25"/>
      <parameter id="K2" metaid="_509022" name="K2" units="nM" value="0.1"/>
      <parameter id="kdc" metaid="_509024" name="kdc" units="per_hr" value="0.5"/>
      <parameter id="kdp" metaid="_509025" name="kdp" units="per_hr" value="0.5"/>
    </listOfParameters>
    <listOfRules>
      <assignmentRule metaid="_509008" variable="dClkF">
        <math xmlns="http://www.w3.org/1998/Math/MathML">        
          <piecewise>
            <piece>
              <cn> 0 </cn>
              <apply>
                <lt/>
                <apply>
                  <minus/>
                  <ci> dClk </ci>
                  <ci> Per </ci>
                </apply>
                <cn> 0 </cn>
              </apply>
            </piece>
            <otherwise>
              <apply>
                <minus/>
                <ci> dClk </ci>
                <ci> Per </ci>
              </apply>
            </otherwise>
          </piecewise>
        </math>
            </assignmentRule>
      <assignmentRule metaid="_509010" variable="dClkF_tau1">
        <math xmlns="http://www.w3.org/1998/Math/MathML">        
          <piecewise>
            <piece>
              <cn> 0 </cn>
              <apply>
                <lt/>
                <apply>
                  <minus/>
                  <apply>
                    <csymbol encoding="text" definitionURL="http://www.sbml.org/sbml/symbols/delay"> delay </csymbol>
                    <ci> dClk </ci>
                    <ci> tau1 </ci>
                  </apply>
                  <apply>
                    <csymbol encoding="text" definitionURL="http://www.sbml.org/sbml/symbols/delay"> delay </csymbol>
                    <ci> Per </ci>
                    <ci> tau1 </ci>
                  </apply>
                </apply>
                <cn> 0 </cn>
              </apply>
            </piece>
            <otherwise>
              <apply>
                <minus/>
                <apply>
                  <csymbol encoding="text" definitionURL="http://www.sbml.org/sbml/symbols/delay"> delay </csymbol>
                  <ci> dClk </ci>
                  <ci> tau1 </ci>
                </apply>
                <apply>
                  <csymbol encoding="text" definitionURL="http://www.sbml.org/sbml/symbols/delay"> delay </csymbol>
                  <ci> Per </ci>
                  <ci> tau1 </ci>
                </apply>
              </apply>
            </otherwise>
          </piecewise>
        </math>
            </assignmentRule>
      <assignmentRule metaid="_509011" variable="dClkF_tau2">
        <math xmlns="http://www.w3.org/1998/Math/MathML">        
          <piecewise>
            <piece>
              <cn> 0 </cn>
              <apply>
                <lt/>
                <apply>
                  <minus/>
                  <apply>
                    <csymbol encoding="text" definitionURL="http://www.sbml.org/sbml/symbols/delay"> delay </csymbol>
                    <ci> dClk </ci>
                    <ci> tau2 </ci>
                  </apply>
                  <apply>
                    <csymbol encoding="text" definitionURL="http://www.sbml.org/sbml/symbols/delay"> delay </csymbol>
                    <ci> Per </ci>
                    <ci> tau2 </ci>
                  </apply>
                </apply>
                <cn> 0 </cn>
              </apply>
            </piece>
            <otherwise>
              <apply>
                <minus/>
                <apply>
                  <csymbol encoding="text" definitionURL="http://www.sbml.org/sbml/symbols/delay"> delay </csymbol>
                  <ci> dClk </ci>
                  <ci> tau2 </ci>
                </apply>
                <apply>
                  <csymbol encoding="text" definitionURL="http://www.sbml.org/sbml/symbols/delay"> delay </csymbol>
                  <ci> Per </ci>
                  <ci> tau2 </ci>
                </apply>
              </apply>
            </otherwise>
          </piecewise>
        </math>
            </assignmentRule>
    </listOfRules>
    <listOfReactions>
      <reaction id="rPer" metaid="metaid_0000011" name="Per production" reversible="false">
        <annotation>
	<rdf:RDF xmlns:rdf="http://www.w3.org/1999/02/22-rdf-syntax-ns#" xmlns:bqmodel="http://biomodels.net/model-qualifiers/" xmlns:bqbiol="http://biomodels.net/biology-qualifiers/">
            <rdf:Description rdf:about="#metaid_0000011">
	<bqbiol:isVersionOf>
	<rdf:Bag>
	<rdf:li rdf:resource="http://identifiers.org/go/GO:0006412"/>
	</rdf:Bag>
	</bqbiol:isVersionOf>
	</rdf:Description>
	
	</rdf:RDF>
	</annotation>
              <listOfReactants>
          <speciesReference metaid="f8c9319f-6146-4e8a-840a-59b3a506900e" species="EmptySet"/>
        </listOfReactants>
        <listOfProducts>
          <speciesReference metaid="f5c55844-1992-47c7-b756-37ff927ae500" species="Per"/>
        </listOfProducts>
        <listOfModifiers>
          <modifierSpeciesReference metaid="_1361fa9d-f228-4dc1-97ee-facbbaf5b269" species="dClkF"/>
        </listOfModifiers>
        <kineticLaw metaid="_08f2a64a-998e-4cf1-ab29-109968e3fc33">
          <math xmlns="http://www.w3.org/1998/Math/MathML">          
            <apply>
              <times/>
              <ci> Vsp </ci>
              <apply>
                <divide/>
                <ci> dClkF_tau1 </ci>
                <apply>
                  <plus/>
                  <ci> K1 </ci>
                  <ci> dClkF_tau1 </ci>
                </apply>
              </apply>
              <ci> CELL </ci>
            </apply>
          </math>
                </kineticLaw>
      </reaction>
      <reaction id="rdClk" metaid="metaid_0000012" name="dClk production" reversible="false">
        <annotation>
	<rdf:RDF xmlns:rdf="http://www.w3.org/1999/02/22-rdf-syntax-ns#" xmlns:bqmodel="http://biomodels.net/model-qualifiers/" xmlns:bqbiol="http://biomodels.net/biology-qualifiers/">
            <rdf:Description rdf:about="#metaid_0000012">
	<bqbiol:isVersionOf>
	<rdf:Bag>
	<rdf:li rdf:resource="http://identifiers.org/go/GO:0006412"/>
	</rdf:Bag>
	</bqbiol:isVersionOf>
	</rdf:Description>
	
	</rdf:RDF>
	</annotation>
              <listOfReactants>
          <speciesReference metaid="_4005bcfa-fc1b-4a75-afd4-a48cc6984ec2" species="EmptySet"/>
        </listOfReactants>
        <listOfProducts>
          <speciesReference metaid="be052cee-8260-4fb9-9fca-ece9fff90e7e" species="dClk"/>
        </listOfProducts>
        <listOfModifiers>
          <modifierSpeciesReference metaid="_8a9e0995-500b-4ebb-a1b8-e8d3ee934fe6" species="dClkF"/>
        </listOfModifiers>
        <kineticLaw metaid="_16e550b8-0a89-44c8-aac0-c816d2c310d4">
          <math xmlns="http://www.w3.org/1998/Math/MathML">          
            <apply>
              <times/>
              <ci> CELL </ci>
              <ci> Vsc </ci>
              <apply>
                <divide/>
                <ci> K2 </ci>
                <apply>
                  <plus/>
                  <ci> K2 </ci>
                  <ci> dClkF_tau2 </ci>
                </apply>
              </apply>
            </apply>
          </math>
                </kineticLaw>
      </reaction>
      <reaction id="rPerD" metaid="metaid_0000013" name="Per degradation" reversible="false">
        <annotation>
	<rdf:RDF xmlns:rdf="http://www.w3.org/1999/02/22-rdf-syntax-ns#" xmlns:bqmodel="http://biomodels.net/model-qualifiers/" xmlns:bqbiol="http://biomodels.net/biology-qualifiers/">
            <rdf:Description rdf:about="#metaid_0000013">
	<bqbiol:isVersionOf>
	<rdf:Bag>
	<rdf:li rdf:resource="http://identifiers.org/go/GO:0030163"/>
	</rdf:Bag>
	</bqbiol:isVersionOf>
	</rdf:Description>
	
	</rdf:RDF>
	</annotation>
              <listOfReactants>
          <speciesReference metaid="_3bed8a40-f0b3-4030-a625-c9d036eaad3f" species="Per"/>
        </listOfReactants>
        <listOfProducts>
          <speciesReference metaid="ea3c0e6c-7202-4f7b-85bb-9093a747e1a1" species="EmptySet"/>
        </listOfProducts>
        <kineticLaw metaid="ab5633ff-0ec8-401b-87a9-2a47c2289c48">
          <math xmlns="http://www.w3.org/1998/Math/MathML">          
            <apply>
              <times/>
              <ci> kdc </ci>
              <ci> Per </ci>
              <ci> CELL </ci>
            </apply>
          </math>
                </kineticLaw>
      </reaction>
      <reaction id="rdClkD" metaid="metaid_0000014" name="dClk degradation" reversible="false">
        <annotation>
	<rdf:RDF xmlns:rdf="http://www.w3.org/1999/02/22-rdf-syntax-ns#" xmlns:bqmodel="http://biomodels.net/model-qualifiers/" xmlns:bqbiol="http://biomodels.net/biology-qualifiers/">
            <rdf:Description rdf:about="#metaid_0000014">
	<bqbiol:isVersionOf>
	<rdf:Bag>
	<rdf:li rdf:resource="http://identifiers.org/go/GO:0030163"/>
	</rdf:Bag>
	</bqbiol:isVersionOf>
	</rdf:Description>
	
	</rdf:RDF>
	</annotation>
              <listOfReactants>
          <speciesReference metaid="c09c654c-25e6-4ad8-af08-eb1c7bf634e5" species="dClk"/>
        </listOfReactants>
        <listOfProducts>
          <speciesReference metaid="_5ef976f4-bec8-4683-b9a0-675efb56535a" species="EmptySet"/>
        </listOfProducts>
        <kineticLaw metaid="_4c54f9ff-d352-4e4b-a4b8-ebece861fece">
          <math xmlns="http://www.w3.org/1998/Math/MathML">          
            <apply>
              <times/>
              <ci> kdp </ci>
              <ci> dClk </ci>
              <ci> CELL </ci>
            </apply>
          </math>
                </kineticLaw>
      </reaction>
    </listOfReactions>
  </model>
</sbml>
