<?xml version="1.0" encoding="UTF-8" standalone="no"?>
<sbml xmlns="http://www.sbml.org/sbml/level2/version4" xmlns:bqbiol="http://biomodels.net/biology-qualifiers/" xmlns:bqmodel="http://biomodels.net/model-qualifiers/" xmlns:dc="http://purl.org/dc/elements/1.1/" xmlns:dcterms="http://purl.org/dc/terms/" xmlns:rdf="http://www.w3.org/1999/02/22-rdf-syntax-ns#" xmlns:vCard="http://www.w3.org/2001/vcard-rdf/3.0#" level="2" metaid="_9769e847-7483-44ab-bb96-9d1c6f5baeff" version="4">
  <model id="Conradie2010_RPControl_CellCycle" metaid="metaid_conradie10" name="Conradie2010_RPControl_CellCycle">
    <notes>
      <body xmlns="http://www.w3.org/1999/xhtml">
        <p>
      This model is from the article:
      <br/>
        <strong> Restriction point control of the mammalian cell cycle via the cyclin E/Cdk2:p27 complex. 
</strong>
        <br/>
Conradie R, Bruggeman FJ, Ciliberto A, Csikász-Nagy A, Novák B, Westerhoff HV, Snoep JL
      <em>FEBS J.</em>2010 Jan; 277(2): 357-67 
      <a href="http://www.ncbi.nlm.nih.gov/pubmed/20015233">20015233</a>,
      <br/>
        <strong>Abstract:</strong>
        <br/>
Numerous top-down kinetic models have been constructed to describe the cell cycle. These models have typically been constructed, validated and analyzed using model species (molecular intermediates and proteins) and phenotypic observations, and therefore do not focus on the individual model processes (reaction steps). We have developed a method to: (a) quantify the importance of each of the reaction steps in a kinetic model for the positioning of a switch point [i.e. the restriction point (RP)]; (b) relate this control of reaction steps to their effects on molecular species, using sensitivity and co-control analysis; and thereby (c) go beyond a correlation towards a causal relationship between molecular species and effects. The method is generic and can be applied to responses of any type, but is most useful for the analysis of dynamic and emergent responses such as switch points in the cell cycle. The strength of the analysis is illustrated for an existing mammalian cell cycle model focusing on the RP [Novak B, Tyson J (2004) J Theor Biol230, 563-579]. The reactions in the model with the highest RP control were those involved in: (a) the interplay between retinoblastoma protein and E2F transcription factor; (b) those synthesizing the delayed response genes and cyclin D/Cdk4 in response to growth signals; (c) the E2F-dependent cyclin E/Cdk2 synthesis reaction; as well as (d) p27 formation reactions. Nine of the 23 intermediates were shown to have a good correlation between their concentration control and RP control. Sensitivity and co-control analysis indicated that the strongest control of the RP is mediated via the cyclin E/Cdk2:p27 complex concentration. Any perturbation of the RP could be related to a change in the concentration of this complex; apparent effects of other molecular species were indirect and always worked through cyclin E/Cdk2:p27, indicating a causal relationship between this complex and the positioning of the RP.
   </p>
        <p>The rate constants presented in the paper have units [per tenth of an hour] and have been changed here to [per hour] (e.g. k16 = 0.25 not 0.025); for further confirmation of the correctness of this change, see the original model (Novak, J Theor Biol 2004 230:563).</p>
      </body>
    </notes>
    <annotation>
	<rdf:RDF xmlns:rdf="http://www.w3.org/1999/02/22-rdf-syntax-ns#" xmlns:dc="http://purl.org/dc/elements/1.1/" xmlns:vCard="http://www.w3.org/2001/vcard-rdf/3.0#" xmlns:dcterms="http://purl.org/dc/terms/" xmlns:bqmodel="http://biomodels.net/model-qualifiers/" xmlns:bqbiol="http://biomodels.net/biology-qualifiers/">
        <rdf:Description rdf:about="#metaid_conradie10">
	<dc:creator>
	<rdf:Bag>
	<rdf:li rdf:parseType="Resource">
	<vCard:N rdf:parseType="Resource">
	<vCard:Family>Snoep</vCard:Family>
	<vCard:Given>Jacky L</vCard:Given>
	</vCard:N>
	<vCard:EMAIL>jls@sun.ac.za</vCard:EMAIL>
	<vCard:ORG rdf:parseType="Resource">
	<vCard:Orgname>Stellenbosh University</vCard:Orgname>
	</vCard:ORG>
	</rdf:li>
	
	<rdf:li rdf:parseType="Resource">
	<vCard:N rdf:parseType="Resource">
	<vCard:Family>Smallbone</vCard:Family>
	<vCard:Given>Kieran</vCard:Given>
	</vCard:N>
	<vCard:EMAIL>kieran.smallbone@manchester.ac.uk</vCard:EMAIL>
	<vCard:ORG rdf:parseType="Resource">
	<vCard:Orgname>University of Manchester</vCard:Orgname>
	</vCard:ORG>
	</rdf:li>
	<rdf:li rdf:parseType="Resource">
	<vCard:N rdf:parseType="Resource">
	<vCard:Family>Chelliah</vCard:Family>
	<vCard:Given>Vijayalakshmi</vCard:Given>
	</vCard:N>
	<vCard:EMAIL>viji@ebi.ac.uk</vCard:EMAIL>
	<vCard:ORG rdf:parseType="Resource">
	<vCard:Orgname>EMBL-EBI</vCard:Orgname>
	</vCard:ORG>
	</rdf:li>
	</rdf:Bag>
	</dc:creator>
	<dcterms:created rdf:parseType="Resource">
	<dcterms:W3CDTF>2010-07-20T10:27:30Z</dcterms:W3CDTF>
	</dcterms:created>
	<dcterms:modified rdf:parseType="Resource">
	<dcterms:W3CDTF>2015-02-25T12:32:50Z</dcterms:W3CDTF>
	</dcterms:modified>
	<bqmodel:is>
	<rdf:Bag>
	<rdf:li rdf:resource="http://identifiers.org/biomodels.db/MODEL1008240000"/>
	</rdf:Bag>
	</bqmodel:is>
	<bqmodel:is>
	<rdf:Bag>
	<rdf:li rdf:resource="http://identifiers.org/biomodels.db/BIOMD0000000265"/>
	</rdf:Bag>
	</bqmodel:is>
	<bqmodel:isDescribedBy>
	<rdf:Bag>
	<rdf:li rdf:resource="http://identifiers.org/pubmed/20015233"/>
	</rdf:Bag>
	</bqmodel:isDescribedBy>
	<bqmodel:isDerivedFrom>
	<rdf:Bag>
	<rdf:li rdf:resource="http://identifiers.org/pubmed/15363676"/>
	</rdf:Bag>
	</bqmodel:isDerivedFrom>
	<bqbiol:hasTaxon>
	<rdf:Bag>
	<rdf:li rdf:resource="http://identifiers.org/taxonomy/40674"/>
	</rdf:Bag>
	</bqbiol:hasTaxon>
	<bqbiol:hasVersion>
	<rdf:Bag>
	<rdf:li rdf:resource="http://identifiers.org/go/GO:0031575"/>
	</rdf:Bag>
	</bqbiol:hasVersion>
	</rdf:Description>
	
	</rdf:RDF>
	</annotation>
      <listOfUnitDefinitions>
      <unitDefinition id="substance" metaid="dd113dca-68ab-4ce0-81e8-b09aad71e6e8" name="arbitrary units">
        <listOfUnits>
          <unit kind="dimensionless" metaid="c9af6e47-3806-46f1-b8f6-54970875cd1c"/>
        </listOfUnits>
      </unitDefinition>
      <unitDefinition id="time" metaid="cd7d2325-c9c3-4a0b-86dd-22b6c6374d3a" name="hour">
        <listOfUnits>
          <unit kind="second" metaid="_475a532a-731b-44cf-9490-8bb12d854d98" multiplier="3600"/>
        </listOfUnits>
      </unitDefinition>
      <unitDefinition id="per_hour" metaid="_59ee9212-5ef5-4afe-b9e7-7e47b4f42328" name="per hour">
        <listOfUnits>
          <unit exponent="-1" kind="second" metaid="e78da2d1-38e1-4a0c-820e-9c6a6eab7ca5" multiplier="3600"/>
        </listOfUnits>
      </unitDefinition>
    </listOfUnitDefinitions>
    <listOfCompartments>
      <compartment id="cell" metaid="metaid_cell" name="cell" size="1">
        <annotation>
	<rdf:RDF xmlns:rdf="http://www.w3.org/1999/02/22-rdf-syntax-ns#" xmlns:bqmodel="http://biomodels.net/model-qualifiers/" xmlns:bqbiol="http://biomodels.net/biology-qualifiers/">
            <rdf:Description rdf:about="#metaid_cell">
	<bqbiol:is>
	<rdf:Bag>
	<rdf:li rdf:resource="http://identifiers.org/go/GO:0005622"/>
	</rdf:Bag>
	</bqbiol:is>
	</rdf:Description>
	
	</rdf:RDF>
	</annotation>
            </compartment>
    </listOfCompartments>
    <listOfSpecies>
      <species compartment="cell" id="CDc20" initialConcentration="0.00220177" metaid="metaid_CDc20" name="Cdc20">
        <annotation>
	<rdf:RDF xmlns:rdf="http://www.w3.org/1999/02/22-rdf-syntax-ns#" xmlns:bqmodel="http://biomodels.net/model-qualifiers/" xmlns:bqbiol="http://biomodels.net/biology-qualifiers/">
            <rdf:Description rdf:about="#metaid_CDc20">
	<bqbiol:is>
	<rdf:Bag>
	<rdf:li rdf:resource="http://identifiers.org/uniprot/P26309"/>
	</rdf:Bag>
	</bqbiol:is>
	</rdf:Description>
	
	</rdf:RDF>
	</annotation>
            </species>
      <species compartment="cell" id="CDh1" initialConcentration="0.000653278" metaid="metaid_CDh1" name="Cdh1">
        <annotation>
	<rdf:RDF xmlns:rdf="http://www.w3.org/1999/02/22-rdf-syntax-ns#" xmlns:bqmodel="http://biomodels.net/model-qualifiers/" xmlns:bqbiol="http://biomodels.net/biology-qualifiers/">
            <rdf:Description rdf:about="#metaid_CDh1">
	<bqbiol:is>
	<rdf:Bag>
	<rdf:li rdf:resource="http://identifiers.org/uniprot/P12830"/>
	</rdf:Bag>
	</bqbiol:is>
	</rdf:Description>
	
	</rdf:RDF>
	</annotation>
            </species>
      <species compartment="cell" id="CYCA" initialConcentration="1.4094" metaid="metaid_CYCA" name="cyclin A:Cdk2">
        <annotation>
	<rdf:RDF xmlns:rdf="http://www.w3.org/1999/02/22-rdf-syntax-ns#" xmlns:bqmodel="http://biomodels.net/model-qualifiers/" xmlns:bqbiol="http://biomodels.net/biology-qualifiers/">
            <rdf:Description rdf:about="#metaid_CYCA">
	<bqbiol:hasPart>
	<rdf:Bag>
	<rdf:li rdf:resource="http://identifiers.org/uniprot/P24941"/>
	<rdf:li rdf:resource="http://identifiers.org/interpro/IPR015453"/>
	</rdf:Bag>
	</bqbiol:hasPart>
	</rdf:Description>
	
	</rdf:RDF>
	</annotation>
            </species>
      <species compartment="cell" id="CYCB" initialConcentration="2.72898" metaid="metaid_CYCB" name="cyclin B:Cdk2">
        <annotation>
	<rdf:RDF xmlns:rdf="http://www.w3.org/1999/02/22-rdf-syntax-ns#" xmlns:bqmodel="http://biomodels.net/model-qualifiers/" xmlns:bqbiol="http://biomodels.net/biology-qualifiers/">
            <rdf:Description rdf:about="#metaid_CYCB">
	<bqbiol:hasPart>
	<rdf:Bag>
	<rdf:li rdf:resource="http://identifiers.org/uniprot/P24941"/>
	<rdf:li rdf:resource="http://identifiers.org/interpro/IPR015454"/>
	</rdf:Bag>
	</bqbiol:hasPart>
	</rdf:Description>
	
	</rdf:RDF>
	</annotation>
            </species>
      <species compartment="cell" id="CYCD" initialConcentration="0.43929" metaid="metaid_CYCD" name="cyclin D:Cdk2">
        <annotation>
	<rdf:RDF xmlns:rdf="http://www.w3.org/1999/02/22-rdf-syntax-ns#" xmlns:bqmodel="http://biomodels.net/model-qualifiers/" xmlns:bqbiol="http://biomodels.net/biology-qualifiers/">
            <rdf:Description rdf:about="#metaid_CYCD">
	<bqbiol:hasPart>
	<rdf:Bag>
	<rdf:li rdf:resource="http://identifiers.org/uniprot/P24941"/>
	<rdf:li rdf:resource="http://identifiers.org/interpro/IPR015451"/>
	</rdf:Bag>
	</bqbiol:hasPart>
	</rdf:Description>
	
	</rdf:RDF>
	</annotation>
            </species>
      <species compartment="cell" id="CYCE" initialConcentration="0.0229112" metaid="metaid_CYCE" name="cyclin E:Cdk2">
        <annotation>
	<rdf:RDF xmlns:rdf="http://www.w3.org/1999/02/22-rdf-syntax-ns#" xmlns:bqmodel="http://biomodels.net/model-qualifiers/" xmlns:bqbiol="http://biomodels.net/biology-qualifiers/">
            <rdf:Description rdf:about="#metaid_CYCE">
	<bqbiol:hasPart>
	<rdf:Bag>
	<rdf:li rdf:resource="http://identifiers.org/uniprot/P24864"/>
	<rdf:li rdf:resource="http://identifiers.org/uniprot/P24941"/>
	</rdf:Bag>
	</bqbiol:hasPart>
	</rdf:Description>
	
	</rdf:RDF>
	</annotation>
            </species>
      <species compartment="cell" id="DRG" initialConcentration="0.900533" metaid="_061705" name="delayed-response genes"/>
      <species compartment="cell" id="var2" initialConcentration="0.989986" metaid="metaid_var2" name="E2F">
        <annotation>
	<rdf:RDF xmlns:rdf="http://www.w3.org/1999/02/22-rdf-syntax-ns#" xmlns:bqmodel="http://biomodels.net/model-qualifiers/" xmlns:bqbiol="http://biomodels.net/biology-qualifiers/">
            <rdf:Description rdf:about="#metaid_var2">
	<bqbiol:is>
	<rdf:Bag>
	<rdf:li rdf:resource="http://identifiers.org/uniprot/Q01094"/>
	</rdf:Bag>
	</bqbiol:is>
	</rdf:Description>
	
	</rdf:RDF>
	</annotation>
            </species>
      <species compartment="cell" id="var5" initialConcentration="0.00478911" metaid="metaid_var5" name="E2F:Rb">
        <annotation>
	<rdf:RDF xmlns:rdf="http://www.w3.org/1999/02/22-rdf-syntax-ns#" xmlns:bqmodel="http://biomodels.net/model-qualifiers/" xmlns:bqbiol="http://biomodels.net/biology-qualifiers/">
            <rdf:Description rdf:about="#metaid_var5">
	<bqbiol:hasPart>
	<rdf:Bag>
	<rdf:li rdf:resource="http://identifiers.org/uniprot/Q01094"/>
	<rdf:li rdf:resource="http://identifiers.org/uniprot/P06400"/>
	</rdf:Bag>
	</bqbiol:hasPart>
	</rdf:Description>
	
	</rdf:RDF>
	</annotation>
            </species>
      <species compartment="cell" id="ERG" initialConcentration="0.0121809" metaid="_061714" name="early-response genes"/>
      <species compartment="cell" id="GM" initialConcentration="1.35565" metaid="_061715" name="general machinery for protein synthesis"/>
      <species compartment="cell" id="var1" initialConcentration="9.97574" metaid="metaid_var1" name="hypophosphorylated Rb">
        <annotation>
	<rdf:RDF xmlns:rdf="http://www.w3.org/1999/02/22-rdf-syntax-ns#" xmlns:bqmodel="http://biomodels.net/model-qualifiers/" xmlns:bqbiol="http://biomodels.net/biology-qualifiers/">
            <rdf:Description rdf:about="#metaid_var1">
	<bqbiol:is>
	<rdf:Bag>
	<rdf:li rdf:resource="http://identifiers.org/uniprot/P06400"/>
	</rdf:Bag>
	</bqbiol:is>
	</rdf:Description>
	
	</rdf:RDF>
	</annotation>
            </species>
      <species compartment="cell" id="CDc20T" initialConcentration="2.36733" metaid="metaid_CDc20T" name="inactive Cdc20">
        <annotation>
	<rdf:RDF xmlns:rdf="http://www.w3.org/1999/02/22-rdf-syntax-ns#" xmlns:bqmodel="http://biomodels.net/model-qualifiers/" xmlns:bqbiol="http://biomodels.net/biology-qualifiers/">
            <rdf:Description rdf:about="#metaid_CDc20T">
	<bqbiol:is>
	<rdf:Bag>
	<rdf:li rdf:resource="http://identifiers.org/uniprot/P26309"/>
	</rdf:Bag>
	</bqbiol:is>
	</rdf:Description>
	
	</rdf:RDF>
	</annotation>
            </species>
      <species compartment="cell" id="MASS" initialConcentration="1.68776" metaid="metaid_MASS" name="mass">
        <annotation>
	<rdf:RDF xmlns:rdf="http://www.w3.org/1999/02/22-rdf-syntax-ns#" xmlns:bqmodel="http://biomodels.net/model-qualifiers/" xmlns:bqbiol="http://biomodels.net/biology-qualifiers/">
            <rdf:Description rdf:about="#metaid_MASS">
	<bqbiol:is>
	<rdf:Bag>
	<rdf:li rdf:resource="http://identifiers.org/go/GO:0016049"/>
	</rdf:Bag>
	</bqbiol:is>
	</rdf:Description>
	
	</rdf:RDF>
	</annotation>
            </species>
      <species compartment="cell" id="P27" initialConcentration="0.00922806" metaid="metaid_P27" name="P27">
        <annotation>
	<rdf:RDF xmlns:rdf="http://www.w3.org/1999/02/22-rdf-syntax-ns#" xmlns:bqmodel="http://biomodels.net/model-qualifiers/" xmlns:bqbiol="http://biomodels.net/biology-qualifiers/">
            <rdf:Description rdf:about="#metaid_P27">
	<bqbiol:is>
	<rdf:Bag>
	<rdf:li rdf:resource="http://identifiers.org/uniprot/P46527"/>
	</rdf:Bag>
	</bqbiol:is>
	</rdf:Description>
	
	</rdf:RDF>
	</annotation>
            </species>
      <species compartment="cell" id="CA" initialConcentration="0.0356927" metaid="metaid_CA" name="P27:cyclin A:Cdk2">
        <annotation>
	<rdf:RDF xmlns:rdf="http://www.w3.org/1999/02/22-rdf-syntax-ns#" xmlns:bqmodel="http://biomodels.net/model-qualifiers/" xmlns:bqbiol="http://biomodels.net/biology-qualifiers/">
            <rdf:Description rdf:about="#metaid_CA">
	<bqbiol:hasPart>
	<rdf:Bag>
	<rdf:li rdf:resource="http://identifiers.org/uniprot/P46527"/>
	<rdf:li rdf:resource="http://identifiers.org/uniprot/P24941"/>
	<rdf:li rdf:resource="http://identifiers.org/interpro/IPR015453"/>
	</rdf:Bag>
	</bqbiol:hasPart>
	</rdf:Description>
	
	</rdf:RDF>
	</annotation>
            </species>
      <species compartment="cell" id="CD" initialConcentration="0.010976" metaid="metaid_CD" name="P27:cyclin D:Cdk2">
        <annotation>
	<rdf:RDF xmlns:rdf="http://www.w3.org/1999/02/22-rdf-syntax-ns#" xmlns:bqmodel="http://biomodels.net/model-qualifiers/" xmlns:bqbiol="http://biomodels.net/biology-qualifiers/">
            <rdf:Description rdf:about="#metaid_CD">
	<bqbiol:hasPart>
	<rdf:Bag>
	<rdf:li rdf:resource="http://identifiers.org/uniprot/P46527"/>
	<rdf:li rdf:resource="http://identifiers.org/uniprot/P24941"/>
	<rdf:li rdf:resource="http://identifiers.org/interpro/IPR015451"/>
	</rdf:Bag>
	</bqbiol:hasPart>
	</rdf:Description>
	
	</rdf:RDF>
	</annotation>
            </species>
      <species compartment="cell" id="CE" initialConcentration="0.000542587" metaid="metaid_CE" name="P27:cyclin E:Cdk2">
        <annotation>
	<rdf:RDF xmlns:rdf="http://www.w3.org/1999/02/22-rdf-syntax-ns#" xmlns:bqmodel="http://biomodels.net/model-qualifiers/" xmlns:bqbiol="http://biomodels.net/biology-qualifiers/">
            <rdf:Description rdf:about="#metaid_CE">
	<bqbiol:hasPart>
	<rdf:Bag>
	<rdf:li rdf:resource="http://identifiers.org/uniprot/P46527"/>
	<rdf:li rdf:resource="http://identifiers.org/uniprot/P24864"/>
	<rdf:li rdf:resource="http://identifiers.org/uniprot/P24941"/>
	</rdf:Bag>
	</bqbiol:hasPart>
	</rdf:Description>
	
	</rdf:RDF>
	</annotation>
            </species>
      <species compartment="cell" id="var3" initialConcentration="3.98594" metaid="metaid_var3" name="phosphorylated E2F">
        <annotation>
	<rdf:RDF xmlns:rdf="http://www.w3.org/1999/02/22-rdf-syntax-ns#" xmlns:bqmodel="http://biomodels.net/model-qualifiers/" xmlns:bqbiol="http://biomodels.net/biology-qualifiers/">
            <rdf:Description rdf:about="#metaid_var3">
	<bqbiol:is>
	<rdf:Bag>
	<rdf:li rdf:resource="http://identifiers.org/uniprot/Q01094"/>
	</rdf:Bag>
	</bqbiol:is>
	</rdf:Description>
	
	</rdf:RDF>
	</annotation>
            </species>
      <species compartment="cell" id="var6" initialConcentration="0.0192822" metaid="metaid_var6" name="phosphorylated E2F:Rb">
        <annotation>
	<rdf:RDF xmlns:rdf="http://www.w3.org/1999/02/22-rdf-syntax-ns#" xmlns:bqmodel="http://biomodels.net/model-qualifiers/" xmlns:bqbiol="http://biomodels.net/biology-qualifiers/">
            <rdf:Description rdf:about="#metaid_var6">
	<bqbiol:hasPart>
	<rdf:Bag>
	<rdf:li rdf:resource="http://identifiers.org/uniprot/Q01094"/>
	<rdf:li rdf:resource="http://identifiers.org/uniprot/P06400"/>
	</rdf:Bag>
	</bqbiol:hasPart>
	</rdf:Description>
	
	</rdf:RDF>
	</annotation>
            </species>
      <species compartment="cell" id="IEP" initialConcentration="0.154655" metaid="metaid_IEP" name="phosphorylated intermediary enzyme">
        <annotation>
	<rdf:RDF xmlns:rdf="http://www.w3.org/1999/02/22-rdf-syntax-ns#" xmlns:bqmodel="http://biomodels.net/model-qualifiers/" xmlns:bqbiol="http://biomodels.net/biology-qualifiers/">
            <rdf:Description rdf:about="#metaid_IEP">
	<bqbiol:is>
	<rdf:Bag>
	<rdf:li rdf:resource="http://identifiers.org/go/GO:0005680"/>
	</rdf:Bag>
	</bqbiol:is>
	</rdf:Description>
	
	</rdf:RDF>
	</annotation>
            </species>
      <species compartment="cell" id="PPX" initialConcentration="1" metaid="metaid_PPX" name="PPX">
        <annotation>
	<rdf:RDF xmlns:rdf="http://www.w3.org/1999/02/22-rdf-syntax-ns#" xmlns:bqmodel="http://biomodels.net/model-qualifiers/" xmlns:bqbiol="http://biomodels.net/biology-qualifiers/">
            <rdf:Description rdf:about="#metaid_PPX">
	<bqbiol:is>
	<rdf:Bag>
	<rdf:li rdf:resource="http://identifiers.org/uniprot/P38698"/>
	</rdf:Bag>
	</bqbiol:is>
	</rdf:Description>
	
	</rdf:RDF>
	</annotation>
            </species>
      <species compartment="cell" id="var4" initialConcentration="0.000190871" metaid="metaid_var4" name="retinoblastoma protein (Rb)">
        <annotation>
	<rdf:RDF xmlns:rdf="http://www.w3.org/1999/02/22-rdf-syntax-ns#" xmlns:bqmodel="http://biomodels.net/model-qualifiers/" xmlns:bqbiol="http://biomodels.net/biology-qualifiers/">
            <rdf:Description rdf:about="#metaid_var4">
	<bqbiol:is>
	<rdf:Bag>
	<rdf:li rdf:resource="http://identifiers.org/uniprot/P06400"/>
	</rdf:Bag>
	</bqbiol:is>
	</rdf:Description>
	
	</rdf:RDF>
	</annotation>
            </species>
    </listOfSpecies>
    <listOfParameters>
      <parameter constant="false" id="Flag" metaid="_061926" units="dimensionless" value="1"/>
      <parameter constant="false" id="r31switch" metaid="_061927" units="dimensionless" value="1"/>
      <parameter constant="false" id="PP1A" metaid="_061929" units="dimensionless"/>
      <parameter constant="false" id="V2" metaid="_061930" units="dimensionless"/>
      <parameter constant="false" id="V4" metaid="_061931" units="dimensionless"/>
      <parameter constant="false" id="V6" metaid="_061932" units="dimensionless"/>
      <parameter constant="false" id="V8" metaid="_061934" units="dimensionless"/>
      <parameter constant="false" id="CYCET" metaid="_061935" units="dimensionless"/>
      <parameter constant="false" id="CYCDT" metaid="_061936" units="dimensionless"/>
      <parameter constant="false" id="CYCAT" metaid="_061937" units="dimensionless"/>
      <parameter constant="false" id="P27T" metaid="_061938" units="dimensionless"/>
      <parameter id="K10" metaid="_061940" units="per_hour" value="5"/>
      <parameter id="K8a" metaid="_061941" units="per_hour" value="0.1"/>
      <parameter id="K8" metaid="_061942" units="per_hour" value="2"/>
      <parameter id="K25" metaid="_061943" units="per_hour" value="1000"/>
      <parameter id="K25R" metaid="_061944" units="per_hour" value="10"/>
      <parameter id="J8" metaid="_061946" units="dimensionless" value="0.1"/>
      <parameter id="YE" metaid="_061947" units="dimensionless" value="1"/>
      <parameter id="YB" metaid="_061948" units="dimensionless" value="0.05"/>
      <parameter id="K30" metaid="_061949" units="per_hour" value="20"/>
      <parameter id="K2a" metaid="_061950" units="per_hour" value="0.05"/>
      <parameter id="K2" metaid="_061952" units="per_hour" value="20"/>
      <parameter id="K2aa" metaid="_061953" units="per_hour" value="1"/>
      <parameter id="K6a" metaid="_061954" units="per_hour" value="10"/>
      <parameter id="K6" metaid="_061955" units="per_hour" value="100"/>
      <parameter id="HE" metaid="_061956" units="dimensionless" value="0.5"/>
      <parameter id="HB" metaid="_061958" units="dimensionless" value="1"/>
      <parameter id="HA" metaid="_061959" units="dimensionless" value="0.5"/>
      <parameter id="RBT" metaid="_061960" units="dimensionless" value="10"/>
      <parameter id="LD" metaid="_061961" units="dimensionless" value="3.3"/>
      <parameter id="LE" metaid="_061962" units="dimensionless" value="5"/>
      <parameter id="LB" metaid="_061964" units="dimensionless" value="5"/>
      <parameter id="LA" metaid="_061965" units="dimensionless" value="3"/>
      <parameter id="K20" metaid="_061966" units="per_hour" value="10"/>
      <parameter id="K21" metaid="_061967" units="dimensionless" value="1"/>
      <parameter id="PP1T" metaid="_061968" units="dimensionless" value="1"/>
      <parameter id="FE" metaid="_061970" units="dimensionless" value="25"/>
      <parameter id="FB" metaid="_061971" units="dimensionless" value="2"/>
      <parameter id="K4" metaid="_061972" units="per_hour" value="40"/>
      <parameter id="GE" metaid="_061973" units="dimensionless" value="0"/>
      <parameter id="GB" metaid="_061975" units="dimensionless" value="1"/>
      <parameter id="GA" metaid="_061976" units="dimensionless" value="0.3"/>
      <parameter id="K12" metaid="_061977" units="per_hour" value="1.5"/>
      <parameter id="E2FT" metaid="_061978" units="dimensionless" value="5"/>
      <parameter id="K22" metaid="_061979" units="per_hour" value="1"/>
      <parameter id="K23a" metaid="_061981" units="per_hour" value="0.005"/>
      <parameter id="K23" metaid="_061982" units="per_hour" value="1"/>
      <parameter id="K26" metaid="_061983" units="per_hour" value="10000"/>
      <parameter id="K26R" metaid="_061984" units="per_hour" value="200"/>
      <parameter id="eps" metaid="_061985" units="dimensionless" value="1"/>
    </listOfParameters>
    <listOfRules>
      <assignmentRule metaid="_061915" variable="PP1A">
        <math xmlns="http://www.w3.org/1998/Math/MathML">        
          <apply>
            <divide/>
            <ci> PP1T </ci>
            <apply>
              <plus/>
              <cn type="integer"> 1 </cn>
              <apply>
                <times/>
                <ci> K21 </ci>
                <apply>
                  <plus/>
                  <apply>
                    <times/>
                    <ci> FB </ci>
                    <ci> CYCB </ci>
                  </apply>
                  <apply>
                    <times/>
                    <ci> FE </ci>
                    <apply>
                      <plus/>
                      <ci> CYCA </ci>
                      <ci> CYCE </ci>
                    </apply>
                  </apply>
                </apply>
              </apply>
            </apply>
          </apply>
        </math>
            </assignmentRule>
      <assignmentRule metaid="_061916" variable="V2">
        <math xmlns="http://www.w3.org/1998/Math/MathML">        
          <apply>
            <plus/>
            <apply>
              <times/>
              <ci> K2aa </ci>
              <ci> CDc20 </ci>
            </apply>
            <apply>
              <times/>
              <ci> K2a </ci>
              <apply>
                <minus/>
                <cn type="integer"> 1 </cn>
                <ci> CDh1 </ci>
              </apply>
            </apply>
            <apply>
              <times/>
              <ci> K2 </ci>
              <ci> CDh1 </ci>
            </apply>
          </apply>
        </math>
            </assignmentRule>
      <assignmentRule metaid="_061917" variable="V4">
        <math xmlns="http://www.w3.org/1998/Math/MathML">        
          <apply>
            <times/>
            <ci> K4 </ci>
            <apply>
              <plus/>
              <apply>
                <times/>
                <ci> GA </ci>
                <ci> CYCA </ci>
              </apply>
              <apply>
                <times/>
                <ci> GB </ci>
                <ci> CYCB </ci>
              </apply>
              <apply>
                <times/>
                <ci> GE </ci>
                <ci> CYCE </ci>
              </apply>
            </apply>
          </apply>
        </math>
            </assignmentRule>
      <assignmentRule metaid="_061918" variable="V6">
        <math xmlns="http://www.w3.org/1998/Math/MathML">        
          <apply>
            <plus/>
            <ci> K6a </ci>
            <apply>
              <times/>
              <ci> K6 </ci>
              <apply>
                <plus/>
                <apply>
                  <times/>
                  <ci> HA </ci>
                  <ci> CYCA </ci>
                </apply>
                <apply>
                  <times/>
                  <ci> HB </ci>
                  <ci> CYCB </ci>
                </apply>
                <apply>
                  <times/>
                  <ci> HE </ci>
                  <ci> CYCE </ci>
                </apply>
              </apply>
            </apply>
          </apply>
        </math>
            </assignmentRule>
      <assignmentRule metaid="_061919" variable="V8">
        <math xmlns="http://www.w3.org/1998/Math/MathML">        
          <apply>
            <plus/>
            <ci> K8a </ci>
            <apply>
              <divide/>
              <apply>
                <times/>
                <ci> K8 </ci>
                <apply>
                  <plus/>
                  <apply>
                    <times/>
                    <ci> YB </ci>
                    <ci> CYCB </ci>
                  </apply>
                  <apply>
                    <times/>
                    <ci> YE </ci>
                    <apply>
                      <plus/>
                      <ci> CYCA </ci>
                      <ci> CYCE </ci>
                    </apply>
                  </apply>
                </apply>
              </apply>
              <apply>
                <plus/>
                <ci> CYCET </ci>
                <ci> J8 </ci>
              </apply>
            </apply>
          </apply>
        </math>
            </assignmentRule>
      <assignmentRule metaid="_061921" variable="CYCET">
        <math xmlns="http://www.w3.org/1998/Math/MathML">        
          <apply>
            <plus/>
            <ci> CE </ci>
            <ci> CYCE </ci>
          </apply>
        </math>
            </assignmentRule>
      <assignmentRule metaid="_061922" variable="CYCDT">
        <math xmlns="http://www.w3.org/1998/Math/MathML">        
          <apply>
            <plus/>
            <ci> CD </ci>
            <ci> CYCD </ci>
          </apply>
        </math>
            </assignmentRule>
      <assignmentRule metaid="_061923" variable="CYCAT">
        <math xmlns="http://www.w3.org/1998/Math/MathML">        
          <apply>
            <plus/>
            <ci> CA </ci>
            <ci> CYCA </ci>
          </apply>
        </math>
            </assignmentRule>
      <assignmentRule metaid="_061924" variable="P27T">
        <math xmlns="http://www.w3.org/1998/Math/MathML">        
          <apply>
            <plus/>
            <ci> CA </ci>
            <ci> CD </ci>
            <ci> CE </ci>
            <ci> P27 </ci>
          </apply>
        </math>
            </assignmentRule>
    </listOfRules>
    <listOfReactions>
      <reaction id="v1" metaid="_061772" name="v1">
        <listOfReactants>
          <speciesReference metaid="ff4452da-0d6c-45e6-9056-fb3644cbefd6" species="ERG"/>
        </listOfReactants>
        <kineticLaw metaid="_1b89c16c-b86a-41d6-9a91-14371718e6fb">
          <math xmlns="http://www.w3.org/1998/Math/MathML">          
            <apply>
              <times/>
              <ci> k16 </ci>
              <ci> ERG </ci>
            </apply>
          </math>
                  <listOfParameters>
            <parameter id="k16" metaid="_061836" units="per_hour" value="0.25"/>
          </listOfParameters>
        </kineticLaw>
      </reaction>
      <reaction id="v2" metaid="_061774" name="v2">
        <listOfReactants>
          <speciesReference metaid="a8f34f4e-ea03-442f-8347-de72a66b3b1a" species="DRG"/>
        </listOfReactants>
        <kineticLaw metaid="_6dc83979-9069-444c-9ba7-0bb1b18c7602">
          <math xmlns="http://www.w3.org/1998/Math/MathML">          
            <apply>
              <times/>
              <ci> k18 </ci>
              <ci> DRG </ci>
            </apply>
          </math>
                  <listOfParameters>
            <parameter id="k18" metaid="_061837" units="per_hour" value="10"/>
          </listOfParameters>
        </kineticLaw>
      </reaction>
      <reaction id="v3" metaid="_061775" name="v3">
        <listOfReactants>
          <speciesReference metaid="_184cda6f-ca0d-4bd2-914b-65165594a0f7" species="CD"/>
        </listOfReactants>
        <listOfProducts>
          <speciesReference metaid="dd959658-6106-4210-b274-f0cac0c49287" species="P27"/>
        </listOfProducts>
        <kineticLaw metaid="_75d110a0-82d0-4ba0-8cf5-b538e39d5321">
          <math xmlns="http://www.w3.org/1998/Math/MathML">          
            <apply>
              <times/>
              <ci> K10 </ci>
              <ci> CD </ci>
            </apply>
          </math>
                </kineticLaw>
      </reaction>
      <reaction id="v4" metaid="_061776" name="v4">
        <listOfReactants>
          <speciesReference metaid="_74c0ca3d-4791-4a93-b757-b730f848cf34" species="CYCD"/>
        </listOfReactants>
        <kineticLaw metaid="acce1773-299e-43cb-aa39-414f85a0deb3">
          <math xmlns="http://www.w3.org/1998/Math/MathML">          
            <apply>
              <times/>
              <ci> K10 </ci>
              <ci> CYCD </ci>
            </apply>
          </math>
                </kineticLaw>
      </reaction>
      <reaction id="v5" metaid="_061777" name="v5">
        <listOfReactants>
          <speciesReference metaid="f6b31a80-8406-4b85-9148-997cb68012b3" species="CYCE"/>
          <speciesReference metaid="c335b8a1-cf16-4f1a-b3b7-1a89f749e80b" species="P27"/>
        </listOfReactants>
        <listOfProducts>
          <speciesReference metaid="dd41c093-c1bf-4184-81d8-48367abc946c" species="CE"/>
        </listOfProducts>
        <kineticLaw metaid="ac862b0e-4e23-4ae4-9b87-1f51cd8a250d">
          <math xmlns="http://www.w3.org/1998/Math/MathML">          
            <apply>
              <times/>
              <ci> K25 </ci>
              <ci> CYCE </ci>
              <ci> P27 </ci>
            </apply>
          </math>
                </kineticLaw>
      </reaction>
      <reaction id="v6" metaid="_061778" name="v6">
        <listOfReactants>
          <speciesReference metaid="ae8f0c29-b5ec-4d0b-ae34-883cd97fb071" species="CYCA"/>
          <speciesReference metaid="_77f13401-6ed5-4d41-b1b2-bbfc155d1bad" species="P27"/>
        </listOfReactants>
        <listOfProducts>
          <speciesReference metaid="ab51e1ec-ce0b-4977-aed4-52451570dea8" species="CA"/>
        </listOfProducts>
        <kineticLaw metaid="b8c99bbb-e9c2-46bd-b8db-233205759e64">
          <math xmlns="http://www.w3.org/1998/Math/MathML">          
            <apply>
              <times/>
              <ci> K25 </ci>
              <ci> CYCA </ci>
              <ci> P27 </ci>
            </apply>
          </math>
                </kineticLaw>
      </reaction>
      <reaction id="v7" metaid="_061780" name="v7">
        <listOfReactants>
          <speciesReference metaid="ee854431-6cb3-415a-893d-452e88ba5fa3" species="CYCD"/>
          <speciesReference metaid="f9fd0369-263f-4320-a796-ab8110e7ba2b" species="P27"/>
        </listOfReactants>
        <listOfProducts>
          <speciesReference metaid="b58e65cb-db4f-47f2-abfd-8117e3a6ac59" species="CD"/>
        </listOfProducts>
        <kineticLaw metaid="c153d6d1-a561-471f-9b21-21b37e7f1730">
          <math xmlns="http://www.w3.org/1998/Math/MathML">          
            <apply>
              <times/>
              <ci> k24 </ci>
              <ci> CYCD </ci>
              <ci> P27 </ci>
            </apply>
          </math>
                  <listOfParameters>
            <parameter id="k24" metaid="_061842" units="per_hour" value="1000"/>
          </listOfParameters>
        </kineticLaw>
      </reaction>
      <reaction id="v8" metaid="_061781" name="v8">
        <listOfReactants>
          <speciesReference metaid="aef5e609-4acd-49fa-a7b2-cec30f77de0a" species="CD"/>
        </listOfReactants>
        <listOfProducts>
          <speciesReference metaid="_95a1a128-8c19-4b84-beb1-bddc34352e50" species="CYCD"/>
          <speciesReference metaid="bb5cae8c-57ee-48cf-a7e5-729975d87aec" species="P27"/>
        </listOfProducts>
        <kineticLaw metaid="_79160da2-d2a3-4843-853a-e322abd86e0e">
          <math xmlns="http://www.w3.org/1998/Math/MathML">          
            <apply>
              <times/>
              <ci> k24r </ci>
              <ci> CD </ci>
            </apply>
          </math>
                  <listOfParameters>
            <parameter id="k24r" metaid="_061843" units="per_hour" value="10"/>
          </listOfParameters>
        </kineticLaw>
      </reaction>
      <reaction id="v9" metaid="_061782" name="v9">
        <listOfReactants>
          <speciesReference metaid="ab04d77b-5feb-43c5-bb3a-57811651fd13" species="CYCA"/>
        </listOfReactants>
        <listOfModifiers>
          <modifierSpeciesReference metaid="de541dd2-29ce-4992-a85f-d6ca34da196f" species="CDc20"/>
        </listOfModifiers>
        <kineticLaw metaid="_55908ca3-052e-4852-bcfb-e62b20636253">
          <math xmlns="http://www.w3.org/1998/Math/MathML">          
            <apply>
              <times/>
              <ci> K30 </ci>
              <ci> CDc20 </ci>
              <ci> CYCA </ci>
            </apply>
          </math>
                </kineticLaw>
      </reaction>
      <reaction id="v10" metaid="_061783" name="v10">
        <listOfReactants>
          <speciesReference metaid="c954d6e9-b7f0-4a51-bab5-8b0086f89c4a" species="CA"/>
        </listOfReactants>
        <listOfProducts>
          <speciesReference metaid="d62be4c1-a83e-4185-82c7-5a6bc17f75ac" species="P27"/>
        </listOfProducts>
        <listOfModifiers>
          <modifierSpeciesReference metaid="ecee2e06-1aae-41b3-9fb9-947d6d9f1ece" species="CDc20"/>
        </listOfModifiers>
        <kineticLaw metaid="_93edd3da-a295-4fcf-8a29-706d179937a8">
          <math xmlns="http://www.w3.org/1998/Math/MathML">          
            <apply>
              <times/>
              <ci> K30 </ci>
              <ci> CA </ci>
              <ci> CDc20 </ci>
            </apply>
          </math>
                </kineticLaw>
      </reaction>
      <reaction id="v11" metaid="_061784" name="v11">
        <listOfReactants>
          <speciesReference metaid="_31195446-7332-4e09-872d-bf7b7188510d" species="CE"/>
        </listOfReactants>
        <listOfProducts>
          <speciesReference metaid="b5df3b65-b4f7-4d62-8983-d474e4df4a45" species="CYCE"/>
          <speciesReference metaid="_930bc9d4-645c-4298-b106-07df937f709c" species="P27"/>
        </listOfProducts>
        <kineticLaw metaid="edc20105-3fab-4a48-a128-19a16b0a43a3">
          <math xmlns="http://www.w3.org/1998/Math/MathML">          
            <apply>
              <times/>
              <ci> K25R </ci>
              <ci> CE </ci>
            </apply>
          </math>
                </kineticLaw>
      </reaction>
      <reaction id="v12" metaid="_061786" name="v12">
        <listOfReactants>
          <speciesReference metaid="_1a2948c9-96fb-4027-9437-fa9346981178" species="CA"/>
        </listOfReactants>
        <listOfProducts>
          <speciesReference metaid="_774b54a0-850a-4fcc-adf0-b446e959690f" species="CYCA"/>
          <speciesReference metaid="_22590cfa-5f10-485f-9432-94085eb49353" species="P27"/>
        </listOfProducts>
        <kineticLaw metaid="_18c506b5-96b4-4f83-af22-364a36b96757">
          <math xmlns="http://www.w3.org/1998/Math/MathML">          
            <apply>
              <times/>
              <ci> K25R </ci>
              <ci> CA </ci>
            </apply>
          </math>
                </kineticLaw>
      </reaction>
      <reaction id="v13" metaid="_061787" name="v13">
        <listOfReactants>
          <speciesReference metaid="_5534fb3b-5dd9-4430-8977-d811cf2e58b2" species="CE"/>
        </listOfReactants>
        <listOfProducts>
          <speciesReference metaid="c4f3cf07-4670-4d81-a315-f625d3c0e290" species="P27"/>
        </listOfProducts>
        <listOfModifiers>
          <modifierSpeciesReference metaid="_82f6b563-ae74-4aa6-9cbf-3495948f6c0a" species="CYCB"/>
          <modifierSpeciesReference metaid="_44d37e80-3745-447a-a3bc-25d2ea7e5f76" species="CYCA"/>
          <modifierSpeciesReference metaid="c94bff9d-f870-4f25-b660-67fd19364afe" species="CYCE"/>
        </listOfModifiers>
        <kineticLaw metaid="_20e5d38c-8caa-4e49-9131-6f7110df6027">
          <math xmlns="http://www.w3.org/1998/Math/MathML">          
            <apply>
              <times/>
              <ci> V8 </ci>
              <ci> CE </ci>
            </apply>
          </math>
                </kineticLaw>
      </reaction>
      <reaction id="v14" metaid="_061788" name="v14">
        <listOfReactants>
          <speciesReference metaid="_98fa8ec3-0b03-4ea1-800a-b1200b11988b" species="CYCE"/>
        </listOfReactants>
        <listOfModifiers>
          <modifierSpeciesReference metaid="_67a1fc04-a5e4-4d81-bc5e-4a518a83538b" species="CYCB"/>
          <modifierSpeciesReference metaid="_825ad333-2e31-42a9-a9ea-ec0e9bb8472a" species="CYCA"/>
          <modifierSpeciesReference metaid="a5ed696a-ff0e-4faa-9844-8df7e6c9e58d" species="CE"/>
        </listOfModifiers>
        <kineticLaw metaid="_56335ab0-cc4a-4792-8922-19a543dd4ce3">
          <math xmlns="http://www.w3.org/1998/Math/MathML">          
            <apply>
              <times/>
              <ci> V8 </ci>
              <ci> CYCE </ci>
            </apply>
          </math>
                </kineticLaw>
      </reaction>
      <reaction id="v15" metaid="_061789" name="v15">
        <listOfReactants>
          <speciesReference metaid="a396d2b2-e641-40b5-a612-133984a7c983" species="P27"/>
        </listOfReactants>
        <listOfModifiers>
          <modifierSpeciesReference metaid="cca7b3d6-610d-4e23-9ec1-7059beae5b73" species="CYCA"/>
          <modifierSpeciesReference metaid="b4ea82de-2d4c-4e9d-bd70-bb3597b949c0" species="CYCB"/>
          <modifierSpeciesReference metaid="_82ac7d3c-7f9b-42d8-8873-a780e4bbb359" species="CYCE"/>
        </listOfModifiers>
        <kineticLaw metaid="a71a4159-f502-4fb4-b7db-d0ccb6586d98">
          <math xmlns="http://www.w3.org/1998/Math/MathML">          
            <apply>
              <times/>
              <ci> V6 </ci>
              <ci> P27 </ci>
            </apply>
          </math>
                </kineticLaw>
      </reaction>
      <reaction id="v16" metaid="_061790" name="v16">
        <listOfReactants>
          <speciesReference metaid="_6df1567a-a39a-428a-a5b2-4dadf222c60f" species="CE"/>
        </listOfReactants>
        <listOfProducts>
          <speciesReference metaid="_9dfe012c-9785-4836-bd98-7d9f828a06f3" species="CYCE"/>
        </listOfProducts>
        <listOfModifiers>
          <modifierSpeciesReference metaid="_8ca0d467-56ab-44d5-a97d-2a2825db38ff" species="CYCA"/>
          <modifierSpeciesReference metaid="bac0ba20-cb72-4952-b8ac-be451f94c2a7" species="CYCB"/>
        </listOfModifiers>
        <kineticLaw metaid="_483a2f16-90b8-48dd-b3b7-094f5fb0e207">
          <math xmlns="http://www.w3.org/1998/Math/MathML">          
            <apply>
              <times/>
              <ci> V6 </ci>
              <ci> CE </ci>
            </apply>
          </math>
                </kineticLaw>
      </reaction>
      <reaction id="v17" metaid="_061792" name="v17">
        <listOfReactants>
          <speciesReference metaid="_99db8fb1-f675-418d-a261-51d5b211d5ae" species="CD"/>
        </listOfReactants>
        <listOfProducts>
          <speciesReference metaid="cd293ca1-9d71-4a78-863a-c0c478ed8992" species="CYCD"/>
        </listOfProducts>
        <listOfModifiers>
          <modifierSpeciesReference metaid="_006aa810-50e8-4e3e-aec2-6e65f0f1719e" species="CYCA"/>
          <modifierSpeciesReference metaid="_4e65b020-a826-42a8-9ce1-a1b34568bc9a" species="CYCB"/>
          <modifierSpeciesReference metaid="_36aa6db3-dae9-4494-b859-67c018af2208" species="CYCE"/>
        </listOfModifiers>
        <kineticLaw metaid="_62d3ad0e-f282-4881-b495-6b7598c2a931">
          <math xmlns="http://www.w3.org/1998/Math/MathML">          
            <apply>
              <times/>
              <ci> V6 </ci>
              <ci> CD </ci>
            </apply>
          </math>
                </kineticLaw>
      </reaction>
      <reaction id="v18" metaid="_061793" name="v18">
        <listOfReactants>
          <speciesReference metaid="dafa59e6-e564-42d9-a226-84e982cb5558" species="CA"/>
        </listOfReactants>
        <listOfProducts>
          <speciesReference metaid="_10e3eea5-0a37-4df1-bfd5-4dce0bdf5c8a" species="CYCA"/>
        </listOfProducts>
        <listOfModifiers>
          <modifierSpeciesReference metaid="b070cccc-ee52-417b-b73b-781a50ec77bf" species="CYCB"/>
          <modifierSpeciesReference metaid="_3cff0a1b-f0e9-44f8-b89f-b0ddbfa91bd3" species="CYCE"/>
        </listOfModifiers>
        <kineticLaw metaid="_8e2e828a-4f11-4c05-affb-e7614df778c3">
          <math xmlns="http://www.w3.org/1998/Math/MathML">          
            <apply>
              <times/>
              <ci> V6 </ci>
              <ci> CA </ci>
            </apply>
          </math>
                </kineticLaw>
      </reaction>
      <reaction id="v19" metaid="_061794" name="v19">
        <listOfReactants>
          <speciesReference metaid="d845e94e-ab6b-4fe4-8b36-34b75bd712ea" species="CYCB"/>
        </listOfReactants>
        <listOfModifiers>
          <modifierSpeciesReference metaid="_9487e13d-ffd7-40a9-95c9-b04cb42981ea" species="CDc20"/>
          <modifierSpeciesReference metaid="d5c16b92-35d9-459f-b6ed-5d5d153f5144" species="CDh1"/>
        </listOfModifiers>
        <kineticLaw metaid="ecf68f72-81e1-477c-904d-04c85a2410f4">
          <math xmlns="http://www.w3.org/1998/Math/MathML">          
            <apply>
              <times/>
              <ci> V2 </ci>
              <ci> CYCB </ci>
            </apply>
          </math>
                </kineticLaw>
      </reaction>
      <reaction id="v20" metaid="_061795" name="v20">
        <listOfProducts>
          <speciesReference metaid="_80dcaf72-b6da-47ec-a7b2-21a77bba059a" species="CDh1"/>
        </listOfProducts>
        <listOfModifiers>
          <modifierSpeciesReference metaid="_77d8d305-bb13-42b8-b82c-59644b8b6dfa" species="CDc20"/>
        </listOfModifiers>
        <kineticLaw metaid="_9b29e6cd-e8d3-4453-8e56-68692dce3915">
          <math xmlns="http://www.w3.org/1998/Math/MathML">          
            <apply>
              <divide/>
              <apply>
                <times/>
                <apply>
                  <plus/>
                  <ci> K3a </ci>
                  <apply>
                    <times/>
                    <ci> K3 </ci>
                    <ci> CDc20 </ci>
                  </apply>
                </apply>
                <apply>
                  <minus/>
                  <cn type="integer"> 1 </cn>
                  <ci> CDh1 </ci>
                </apply>
              </apply>
              <apply>
                <minus/>
                <apply>
                  <plus/>
                  <cn type="integer"> 1 </cn>
                  <ci> J3 </ci>
                </apply>
                <ci> CDh1 </ci>
              </apply>
            </apply>
          </math>
                  <listOfParameters>
            <parameter id="J3" metaid="_061853" units="dimensionless" value="0.01"/>
            <parameter id="K3" metaid="_061855" units="per_hour" value="140"/>
            <parameter id="K3a" metaid="_061856" units="per_hour" value="7.5"/>
          </listOfParameters>
        </kineticLaw>
      </reaction>
      <reaction id="v21" metaid="_061796" name="v21">
        <listOfReactants>
          <speciesReference metaid="ce494bfd-1fed-4a40-9d99-0dbc667c671c" species="CDh1"/>
        </listOfReactants>
        <listOfModifiers>
          <modifierSpeciesReference metaid="_4f0970cb-3b48-4b6c-b48d-278b46c224a4" species="CYCA"/>
          <modifierSpeciesReference metaid="c32a8aa5-b854-46d7-9b4b-f1a5e07303ab" species="CYCB"/>
          <modifierSpeciesReference metaid="_05736d28-7ed2-4278-aec2-a5dbc1ba2ed9" species="CYCE"/>
        </listOfModifiers>
        <kineticLaw metaid="_96e1a61d-9983-4f99-b194-68867db0a543">
          <math xmlns="http://www.w3.org/1998/Math/MathML">          
            <apply>
              <divide/>
              <apply>
                <times/>
                <ci> V4 </ci>
                <ci> CDh1 </ci>
              </apply>
              <apply>
                <plus/>
                <ci> J4 </ci>
                <ci> CDh1 </ci>
              </apply>
            </apply>
          </math>
                  <listOfParameters>
            <parameter id="J4" metaid="_061858" units="dimensionless" value="0.01"/>
          </listOfParameters>
        </kineticLaw>
      </reaction>
      <reaction id="v22" metaid="_061798" name="v22">
        <listOfReactants>
          <speciesReference metaid="_65a0df85-d47d-4ee5-a7c0-5916d168f636" species="PPX"/>
        </listOfReactants>
        <kineticLaw metaid="_47742868-e6ba-438d-a3e1-823e591d51b1">
          <math xmlns="http://www.w3.org/1998/Math/MathML">          
            <apply>
              <times/>
              <ci> K34 </ci>
              <ci> PPX </ci>
            </apply>
          </math>
                  <listOfParameters>
            <parameter id="K34" metaid="_061859" units="per_hour" value="0.05"/>
          </listOfParameters>
        </kineticLaw>
      </reaction>
      <reaction id="v23" metaid="_061799" name="v23">
        <listOfProducts>
          <speciesReference metaid="d1e2403c-a238-48af-8f29-8a84b3fac73a" species="IEP"/>
        </listOfProducts>
        <listOfModifiers>
          <modifierSpeciesReference metaid="_3a0c2c5f-9ea5-499d-afa6-58458b6ba192" species="CYCB"/>
        </listOfModifiers>
        <kineticLaw metaid="_3ccff3a8-2a97-48be-8b33-2dfd5b957408">
          <math xmlns="http://www.w3.org/1998/Math/MathML">          
            <apply>
              <divide/>
              <apply>
                <times/>
                <ci> K31 </ci>
                <ci> CYCB </ci>
                <apply>
                  <minus/>
                  <cn type="integer"> 1 </cn>
                  <ci> IEP </ci>
                </apply>
              </apply>
              <apply>
                <minus/>
                <apply>
                  <plus/>
                  <cn type="integer"> 1 </cn>
                  <ci> J31 </ci>
                </apply>
                <ci> IEP </ci>
              </apply>
            </apply>
          </math>
                  <listOfParameters>
            <parameter id="J31" metaid="_061861" units="dimensionless" value="0.01"/>
            <parameter id="K31" metaid="_061863" units="per_hour" value="0.7"/>
          </listOfParameters>
        </kineticLaw>
      </reaction>
      <reaction id="v24" metaid="_061800" name="v24">
        <listOfReactants>
          <speciesReference metaid="d2964277-6beb-4596-ba13-47a5d47077bc" species="IEP"/>
        </listOfReactants>
        <listOfModifiers>
          <modifierSpeciesReference metaid="_3983e54d-db5a-4a44-9b4d-5929539fcd4a" species="PPX"/>
        </listOfModifiers>
        <kineticLaw metaid="bf89b480-8cc3-458a-a6e2-d558dacc9565">
          <math xmlns="http://www.w3.org/1998/Math/MathML">          
            <apply>
              <divide/>
              <apply>
                <times/>
                <ci> K32 </ci>
                <ci> IEP </ci>
                <ci> PPX </ci>
              </apply>
              <apply>
                <plus/>
                <ci> J32 </ci>
                <ci> IEP </ci>
              </apply>
            </apply>
          </math>
                  <listOfParameters>
            <parameter id="J32" metaid="_061865" units="dimensionless" value="0.01"/>
            <parameter id="K32" metaid="_061866" units="per_hour" value="1.8"/>
          </listOfParameters>
        </kineticLaw>
      </reaction>
      <reaction id="v25" metaid="_061801" name="v25">
        <listOfReactants>
          <speciesReference metaid="_0bd0fd27-4b00-4448-b095-b957aecb5a13" species="CDc20T"/>
        </listOfReactants>
        <kineticLaw metaid="_60ec0aa2-4ef6-47ba-ba8f-0b43a00844c3">
          <math xmlns="http://www.w3.org/1998/Math/MathML">          
            <apply>
              <times/>
              <ci> K12 </ci>
              <ci> CDc20T </ci>
            </apply>
          </math>
                </kineticLaw>
      </reaction>
      <reaction id="v26" metaid="_061802" name="v26">
        <listOfProducts>
          <speciesReference metaid="_792a4334-8b17-42ee-bfcb-80d843834157" species="CDc20"/>
        </listOfProducts>
        <listOfModifiers>
          <modifierSpeciesReference metaid="_1c048768-15d3-4a36-bd7f-1e5e2a619c8a" species="CDc20T"/>
          <modifierSpeciesReference metaid="c592cc65-4555-46b1-ab69-2002122d9c57" species="IEP"/>
        </listOfModifiers>
        <kineticLaw metaid="_5b5cc915-2e75-4dd2-978a-f6eda43ccee2">
          <math xmlns="http://www.w3.org/1998/Math/MathML">          
            <apply>
              <divide/>
              <apply>
                <times/>
                <ci> K13 </ci>
                <apply>
                  <plus/>
                  <apply>
                    <minus/>
                    <ci> CDc20 </ci>
                  </apply>
                  <ci> CDc20T </ci>
                </apply>
                <ci> IEP </ci>
              </apply>
              <apply>
                <plus/>
                <apply>
                  <minus/>
                  <ci> J13 </ci>
                  <ci> CDc20 </ci>
                </apply>
                <ci> CDc20T </ci>
              </apply>
            </apply>
          </math>
                  <listOfParameters>
            <parameter id="J13" metaid="_061868" units="dimensionless" value="0.005"/>
            <parameter id="K13" metaid="_061869" units="per_hour" value="5"/>
          </listOfParameters>
        </kineticLaw>
      </reaction>
      <reaction id="v27" metaid="_061804" name="v27">
        <listOfReactants>
          <speciesReference metaid="_50dc95ac-244d-4793-b539-126c079bcda3" species="CDc20"/>
        </listOfReactants>
        <kineticLaw metaid="ea3930dd-4196-4df9-aaf9-76334133be67">
          <math xmlns="http://www.w3.org/1998/Math/MathML">          
            <apply>
              <divide/>
              <apply>
                <times/>
                <ci> K14 </ci>
                <ci> CDc20 </ci>
              </apply>
              <apply>
                <plus/>
                <ci> J14 </ci>
                <ci> CDc20 </ci>
              </apply>
            </apply>
          </math>
                  <listOfParameters>
            <parameter id="J14" metaid="_061870" units="dimensionless" value="0.005"/>
            <parameter id="K14" metaid="_061871" units="per_hour" value="2.5"/>
          </listOfParameters>
        </kineticLaw>
      </reaction>
      <reaction id="v28" metaid="_061805" name="v28">
        <listOfReactants>
          <speciesReference metaid="_88e741a1-8ab2-45b1-89ee-5d3eadb89467" species="CDc20"/>
        </listOfReactants>
        <kineticLaw metaid="cfda0594-23b4-4512-963e-6b8d194b5db2">
          <math xmlns="http://www.w3.org/1998/Math/MathML">          
            <apply>
              <times/>
              <ci> K12 </ci>
              <ci> CDc20 </ci>
            </apply>
          </math>
                </kineticLaw>
      </reaction>
      <reaction id="v29" metaid="_061806" name="v29">
        <listOfReactants>
          <speciesReference metaid="_6ba446f1-c0fb-4cc0-a53c-03ba2a72f4c1" species="var5"/>
        </listOfReactants>
        <listOfProducts>
          <speciesReference metaid="_422df4dc-0820-46d5-ba7a-d5c1359595d8" species="var1"/>
          <speciesReference metaid="_18dd538c-d6d2-4337-b921-c2bc455ba4b6" species="var2"/>
        </listOfProducts>
        <listOfModifiers>
          <modifierSpeciesReference metaid="f0664d41-1603-464f-8964-d7e1fb6ac4fe" species="CYCA"/>
          <modifierSpeciesReference metaid="_4cef837d-0fbb-4f88-9d6f-f2506c739383" species="CYCB"/>
          <modifierSpeciesReference metaid="_7940f00b-5948-4dde-a08f-9f925a5ffd82" species="CD"/>
          <modifierSpeciesReference metaid="_6d11ed9e-2902-434d-99cb-941b632f2f90" species="CYCD"/>
          <modifierSpeciesReference metaid="d373b8a6-16d3-40bf-962e-3ce0a12ecef1" species="CYCE"/>
        </listOfModifiers>
        <kineticLaw metaid="_3cbea338-bac4-4f08-94d1-5c196cdbf2c3">
          <math xmlns="http://www.w3.org/1998/Math/MathML">          
            <apply>
              <times/>
              <ci> K20 </ci>
              <apply>
                <plus/>
                <apply>
                  <times/>
                  <ci> LA </ci>
                  <ci> CYCA </ci>
                </apply>
                <apply>
                  <times/>
                  <ci> LB </ci>
                  <ci> CYCB </ci>
                </apply>
                <apply>
                  <times/>
                  <ci> LD </ci>
                  <apply>
                    <plus/>
                    <ci> CD </ci>
                    <ci> CYCD </ci>
                  </apply>
                </apply>
                <apply>
                  <times/>
                  <ci> LE </ci>
                  <ci> CYCE </ci>
                </apply>
              </apply>
              <ci> var5 </ci>
            </apply>
          </math>
                </kineticLaw>
      </reaction>
      <reaction id="v30" metaid="_061807" name="v30">
        <listOfReactants>
          <speciesReference metaid="_82eec665-fbfc-4bb7-9a7d-d1cecd6108dc" species="var6"/>
        </listOfReactants>
        <listOfProducts>
          <speciesReference metaid="e449e35c-8436-466e-a4a8-c3f01d7e0f9b" species="var1"/>
          <speciesReference metaid="_10caf955-38dc-4728-87d5-110d8e68cb03" species="var3"/>
        </listOfProducts>
        <listOfModifiers>
          <modifierSpeciesReference metaid="_40d5b97b-ea83-4600-8510-eb6813143c2d" species="CYCA"/>
          <modifierSpeciesReference metaid="_3e4520ee-7c51-4c80-9483-776621afc0bd" species="CYCB"/>
          <modifierSpeciesReference metaid="_7143272f-7094-4ed7-a899-2308788507ba" species="CD"/>
          <modifierSpeciesReference metaid="c7d465db-a302-4c52-9d93-172871122a54" species="CYCD"/>
          <modifierSpeciesReference metaid="_5ac61e9f-9142-4675-a897-74b6146d1bd7" species="CYCE"/>
        </listOfModifiers>
        <kineticLaw metaid="_15375630-9624-437a-80c1-46d85f234fd4">
          <math xmlns="http://www.w3.org/1998/Math/MathML">          
            <apply>
              <times/>
              <ci> K20 </ci>
              <apply>
                <plus/>
                <apply>
                  <times/>
                  <ci> LA </ci>
                  <ci> CYCA </ci>
                </apply>
                <apply>
                  <times/>
                  <ci> LB </ci>
                  <ci> CYCB </ci>
                </apply>
                <apply>
                  <times/>
                  <ci> LD </ci>
                  <apply>
                    <plus/>
                    <ci> CD </ci>
                    <ci> CYCD </ci>
                  </apply>
                </apply>
                <apply>
                  <times/>
                  <ci> LE </ci>
                  <ci> CYCE </ci>
                </apply>
              </apply>
              <ci> var6 </ci>
            </apply>
          </math>
                </kineticLaw>
      </reaction>
      <reaction id="v31" metaid="_061808" name="v31">
        <listOfProducts>
          <speciesReference metaid="f031e1f0-e742-4db1-999b-7e662bd70214" species="GM"/>
        </listOfProducts>
        <listOfModifiers>
          <modifierSpeciesReference metaid="_1612f7fd-3318-4ba1-9fb2-4ccd478d06ff" species="MASS"/>
        </listOfModifiers>
        <kineticLaw metaid="_976cb07e-3e84-4be9-8ebd-3c953e29a1cf">
          <math xmlns="http://www.w3.org/1998/Math/MathML">          
            <apply>
              <times/>
              <ci> K27 </ci>
              <ci> MASS </ci>
              <ci> r31switch </ci>
            </apply>
          </math>
                  <listOfParameters>
            <parameter id="K27" metaid="_061874" units="per_hour" value="0.2"/>
          </listOfParameters>
        </kineticLaw>
      </reaction>
      <reaction id="v32" metaid="_061810" name="v32">
        <listOfReactants>
          <speciesReference metaid="_77dcf81f-8412-48cf-8152-0250203f5ec1" species="GM"/>
        </listOfReactants>
        <kineticLaw metaid="_53d1af2c-5558-4b2c-9c4d-1ce504cf6c01">
          <math xmlns="http://www.w3.org/1998/Math/MathML">          
            <apply>
              <times/>
              <ci> K28 </ci>
              <ci> GM </ci>
            </apply>
          </math>
                  <listOfParameters>
            <parameter id="K28" metaid="_061876" units="per_hour" value="0.2"/>
          </listOfParameters>
        </kineticLaw>
      </reaction>
      <reaction id="v33" metaid="_061811" name="v33">
        <listOfProducts>
          <speciesReference metaid="_9a344972-f6d0-4ff9-a36b-6caaebaa1531" species="MASS"/>
        </listOfProducts>
        <listOfModifiers>
          <modifierSpeciesReference metaid="a98611b9-6719-4e26-b027-55ce67539eed" species="GM"/>
        </listOfModifiers>
        <kineticLaw metaid="f9fab0b6-a8c4-4919-a165-e722dd75a0c5">
          <math xmlns="http://www.w3.org/1998/Math/MathML">          
            <apply>
              <times/>
              <ci> eps </ci>
              <ci> MU </ci>
              <ci> GM </ci>
            </apply>
          </math>
                  <listOfParameters>
            <parameter id="MU" metaid="_061877" units="per_hour" value="0.061"/>
          </listOfParameters>
        </kineticLaw>
      </reaction>
      <reaction id="v34" metaid="_061812" name="v34">
        <listOfProducts>
          <speciesReference metaid="ee081362-c00f-474c-b839-1014db558b24" species="ERG"/>
        </listOfProducts>
        <listOfModifiers>
          <modifierSpeciesReference metaid="_2bdafa7b-c377-41a6-a726-d5e048e173cc" species="DRG"/>
        </listOfModifiers>
        <kineticLaw metaid="_179634f0-2870-4d25-8367-51e183e4cc0d">
          <math xmlns="http://www.w3.org/1998/Math/MathML">          
            <apply>
              <divide/>
              <apply>
                <times/>
                <ci> eps </ci>
                <ci> k15 </ci>
              </apply>
              <apply>
                <plus/>
                <cn type="integer"> 1 </cn>
                <apply>
                  <divide/>
                  <apply>
                    <power/>
                    <ci> DRG </ci>
                    <cn type="integer"> 2 </cn>
                  </apply>
                  <apply>
                    <power/>
                    <ci> J15 </ci>
                    <cn type="integer"> 2 </cn>
                  </apply>
                </apply>
              </apply>
            </apply>
          </math>
                  <listOfParameters>
            <parameter id="J15" metaid="_061879" units="dimensionless" value="0.1"/>
            <parameter id="k15" metaid="_061880" units="per_hour" value="0.25"/>
          </listOfParameters>
        </kineticLaw>
      </reaction>
      <reaction id="v35" metaid="_061813" name="v35">
        <listOfProducts>
          <speciesReference metaid="_5f6aaf0f-1376-4a56-be2b-c5b865296e4c" species="CDc20T"/>
        </listOfProducts>
        <listOfModifiers>
          <modifierSpeciesReference metaid="_720f188a-1a88-47dc-b651-f6316fe13d57" species="CYCB"/>
        </listOfModifiers>
        <kineticLaw metaid="_4f1ba27b-8e42-4022-bec2-7ed135672e79">
          <math xmlns="http://www.w3.org/1998/Math/MathML">          
            <apply>
              <times/>
              <ci> eps </ci>
              <apply>
                <plus/>
                <ci> K11a </ci>
                <apply>
                  <times/>
                  <ci> K11 </ci>
                  <ci> CYCB </ci>
                </apply>
              </apply>
            </apply>
          </math>
                  <listOfParameters>
            <parameter id="K11" metaid="_061881" units="per_hour" value="1.5"/>
            <parameter id="K11a" metaid="_061882" units="per_hour" value="0"/>
          </listOfParameters>
        </kineticLaw>
      </reaction>
      <reaction id="v36" metaid="_061814" name="v36">
        <listOfProducts>
          <speciesReference metaid="_1289aa4e-1ef4-480e-825c-ad5873aa3afc" species="CYCA"/>
        </listOfProducts>
        <listOfModifiers>
          <modifierSpeciesReference metaid="cfa6c034-6d28-410f-a881-51e98b2fee6a" species="MASS"/>
          <modifierSpeciesReference metaid="_1067a313-48c6-4c46-ac22-8ca5e161f110" species="var2"/>
        </listOfModifiers>
        <kineticLaw metaid="_4e3a4d2c-12a0-44a0-b0b1-c515d45a75d7">
          <math xmlns="http://www.w3.org/1998/Math/MathML">          
            <apply>
              <times/>
              <ci> eps </ci>
              <ci> K29 </ci>
              <ci> MASS </ci>
              <ci> var2 </ci>
            </apply>
          </math>
                  <listOfParameters>
            <parameter id="K29" metaid="_061883" units="per_hour" value="0.05"/>
          </listOfParameters>
        </kineticLaw>
      </reaction>
      <reaction id="v37" metaid="_061816" name="v37">
        <listOfProducts>
          <speciesReference metaid="_90b91ee6-f40f-423d-8cc8-3dbbd2a17b2b" species="PPX"/>
        </listOfProducts>
        <kineticLaw metaid="bce25e1c-6393-41b0-9125-e29daa96ef00">
          <math xmlns="http://www.w3.org/1998/Math/MathML">          
            <apply>
              <times/>
              <ci> eps </ci>
              <ci> K33 </ci>
            </apply>
          </math>
                  <listOfParameters>
            <parameter id="K33" metaid="_061885" units="per_hour" value="0.05"/>
          </listOfParameters>
        </kineticLaw>
      </reaction>
      <reaction id="v38" metaid="_061817" name="v38">
        <listOfProducts>
          <speciesReference metaid="a512ae5a-8b47-4248-b801-e18b31ac5aa1" species="CYCE"/>
        </listOfProducts>
        <listOfModifiers>
          <modifierSpeciesReference metaid="db6d88b4-368f-4f87-9279-90c2886396fb" species="var2"/>
        </listOfModifiers>
        <kineticLaw metaid="_1858c3a2-3149-4ebd-bad6-0a1af03135ff">
          <math xmlns="http://www.w3.org/1998/Math/MathML">          
            <apply>
              <times/>
              <ci> eps </ci>
              <apply>
                <plus/>
                <ci> K7a </ci>
                <apply>
                  <times/>
                  <ci> K7 </ci>
                  <ci> var2 </ci>
                </apply>
              </apply>
            </apply>
          </math>
                  <listOfParameters>
            <parameter id="K7" metaid="_061886" units="per_hour" value="0.6"/>
            <parameter id="K7a" metaid="_061887" units="per_hour" value="0"/>
          </listOfParameters>
        </kineticLaw>
      </reaction>
      <reaction id="v39" metaid="_061818" name="v39">
        <listOfProducts>
          <speciesReference metaid="_5a382310-ef48-4c24-85f5-5a5084a0da9c" species="CYCD"/>
        </listOfProducts>
        <listOfModifiers>
          <modifierSpeciesReference metaid="d8af5b0a-9bef-40ee-8f05-7ce39210c8a5" species="DRG"/>
        </listOfModifiers>
        <kineticLaw metaid="_97d2d6c2-23fb-4668-a28b-9f81075e494e">
          <math xmlns="http://www.w3.org/1998/Math/MathML">          
            <apply>
              <times/>
              <ci> eps </ci>
              <ci> K9 </ci>
              <ci> DRG </ci>
            </apply>
          </math>
                  <listOfParameters>
            <parameter id="K9" metaid="_061889" units="per_hour" value="2.5"/>
          </listOfParameters>
        </kineticLaw>
      </reaction>
      <reaction id="v40" metaid="_061819" name="v40">
        <listOfProducts>
          <speciesReference metaid="_63fc1712-ca34-40c7-964b-11f5be6dde76" species="P27"/>
        </listOfProducts>
        <kineticLaw metaid="_50099de8-2601-46d0-9aac-16c790a6454a">
          <math xmlns="http://www.w3.org/1998/Math/MathML">          
            <apply>
              <times/>
              <ci> eps </ci>
              <ci> K5 </ci>
            </apply>
          </math>
                  <listOfParameters>
            <parameter id="K5" metaid="_061890" units="per_hour" value="20"/>
          </listOfParameters>
        </kineticLaw>
      </reaction>
      <reaction id="v41" metaid="_061820" name="v41">
        <listOfProducts>
          <speciesReference metaid="_6bf4342d-37e0-4652-82bb-7fe86c2b2b9b" species="DRG"/>
        </listOfProducts>
        <listOfModifiers>
          <modifierSpeciesReference metaid="_9ea46cf1-e4e9-4035-9062-ab6e02c947dd" species="ERG"/>
        </listOfModifiers>
        <kineticLaw metaid="_925d3973-1271-4bf3-82e2-b269b62fea74">
          <math xmlns="http://www.w3.org/1998/Math/MathML">          
            <apply>
              <times/>
              <ci> eps </ci>
              <apply>
                <plus/>
                <apply>
                  <divide/>
                  <apply>
                    <times/>
                    <ci> k17 </ci>
                    <apply>
                      <power/>
                      <ci> DRG </ci>
                      <cn type="integer"> 2 </cn>
                    </apply>
                  </apply>
                  <apply>
                    <times/>
                    <apply>
                      <power/>
                      <ci> J17 </ci>
                      <cn type="integer"> 2 </cn>
                    </apply>
                    <apply>
                      <plus/>
                      <cn type="integer"> 1 </cn>
                      <apply>
                        <divide/>
                        <apply>
                          <power/>
                          <ci> DRG </ci>
                          <cn type="integer"> 2 </cn>
                        </apply>
                        <apply>
                          <power/>
                          <ci> J17 </ci>
                          <cn type="integer"> 2 </cn>
                        </apply>
                      </apply>
                    </apply>
                  </apply>
                </apply>
                <apply>
                  <times/>
                  <ci> k17a </ci>
                  <ci> ERG </ci>
                </apply>
              </apply>
            </apply>
          </math>
                  <listOfParameters>
            <parameter id="J17" metaid="_061892" units="dimensionless" value="0.3"/>
            <parameter id="k17" metaid="_061893" units="per_hour" value="10"/>
            <parameter id="k17a" metaid="_061895" units="per_hour" value="0.35"/>
          </listOfParameters>
        </kineticLaw>
      </reaction>
      <reaction id="v42" metaid="_061822" name="v42">
        <listOfProducts>
          <speciesReference metaid="c5c4b3cf-fc9d-4871-8c59-785e4842c867" species="CYCB"/>
        </listOfProducts>
        <kineticLaw metaid="_4e0a2ffd-6e0b-40e4-987f-ff2c0535ade8">
          <math xmlns="http://www.w3.org/1998/Math/MathML">          
            <apply>
              <times/>
              <ci> eps </ci>
              <apply>
                <plus/>
                <ci> K1a </ci>
                <apply>
                  <divide/>
                  <apply>
                    <times/>
                    <ci> K1 </ci>
                    <apply>
                      <power/>
                      <ci> CYCB </ci>
                      <cn type="integer"> 2 </cn>
                    </apply>
                  </apply>
                  <apply>
                    <times/>
                    <apply>
                      <power/>
                      <ci> J1 </ci>
                      <cn type="integer"> 2 </cn>
                    </apply>
                    <apply>
                      <plus/>
                      <cn type="integer"> 1 </cn>
                      <apply>
                        <divide/>
                        <apply>
                          <power/>
                          <ci> CYCB </ci>
                          <cn type="integer"> 2 </cn>
                        </apply>
                        <apply>
                          <power/>
                          <ci> J1 </ci>
                          <cn type="integer"> 2 </cn>
                        </apply>
                      </apply>
                    </apply>
                  </apply>
                </apply>
              </apply>
            </apply>
          </math>
                  <listOfParameters>
            <parameter id="J1" metaid="_061897" units="dimensionless" value="0.1"/>
            <parameter id="K1" metaid="_061898" units="per_hour" value="0.6"/>
            <parameter id="K1a" metaid="_061899" units="per_hour" value="0.1"/>
          </listOfParameters>
        </kineticLaw>
      </reaction>
      <reaction id="v43" metaid="_061823" name="v43">
        <listOfReactants>
          <speciesReference metaid="_7b87ad11-8c10-4bc7-90a0-745f288009d9" species="var4"/>
        </listOfReactants>
        <listOfProducts>
          <speciesReference metaid="_61df428f-d622-4d3e-b981-b60231160eef" species="var1"/>
        </listOfProducts>
        <listOfModifiers>
          <modifierSpeciesReference metaid="_4b839445-aea0-429e-baac-eef0563d7dc4" species="CYCA"/>
          <modifierSpeciesReference metaid="_2fc7ceff-e171-4772-a571-7f60d6f03226" species="CYCB"/>
          <modifierSpeciesReference metaid="_64b6140f-457a-4b3d-afe2-6065ef18c454" species="CD"/>
          <modifierSpeciesReference metaid="_501badf2-82c9-4bdf-9a1a-066e2f0d56f1" species="CYCD"/>
          <modifierSpeciesReference metaid="f727ec4a-2fe1-4462-89c6-ebdf093dc299" species="CYCE"/>
        </listOfModifiers>
        <kineticLaw metaid="_17620bbc-66e4-4afa-867f-dc6975751a23">
          <math xmlns="http://www.w3.org/1998/Math/MathML">          
            <apply>
              <times/>
              <ci> K20 </ci>
              <apply>
                <plus/>
                <apply>
                  <times/>
                  <ci> LA </ci>
                  <ci> CYCA </ci>
                </apply>
                <apply>
                  <times/>
                  <ci> LB </ci>
                  <ci> CYCB </ci>
                </apply>
                <apply>
                  <times/>
                  <ci> LD </ci>
                  <apply>
                    <plus/>
                    <ci> CD </ci>
                    <ci> CYCD </ci>
                  </apply>
                </apply>
                <apply>
                  <times/>
                  <ci> LE </ci>
                  <ci> CYCE </ci>
                </apply>
              </apply>
              <ci> var4 </ci>
            </apply>
          </math>
                </kineticLaw>
      </reaction>
      <reaction id="v44" metaid="_061824" name="v44">
        <listOfReactants>
          <speciesReference metaid="_93dd3a62-d808-4f43-87bc-ebd16b4223ef" species="var1"/>
        </listOfReactants>
        <listOfProducts>
          <speciesReference metaid="_7f8e1f31-d782-4145-9ac8-b112aa696ecf" species="var4"/>
        </listOfProducts>
        <listOfModifiers>
          <modifierSpeciesReference metaid="f2810b3e-9590-4b39-b6d4-862f513faf2c" species="CYCB"/>
          <modifierSpeciesReference metaid="_67c62b62-867f-4e0b-98e6-6117bd1fa93f" species="CYCA"/>
          <modifierSpeciesReference metaid="_427b64bd-12b0-4319-a613-4265acc62ec5" species="CYCE"/>
        </listOfModifiers>
        <kineticLaw metaid="_336f5acc-5569-47a9-8b23-d224d49257b9">
          <math xmlns="http://www.w3.org/1998/Math/MathML">          
            <apply>
              <times/>
              <apply>
                <plus/>
                <apply>
                  <times/>
                  <ci> K19 </ci>
                  <ci> PP1A </ci>
                </apply>
                <apply>
                  <times/>
                  <ci> K19a </ci>
                  <apply>
                    <minus/>
                    <ci> PP1T </ci>
                    <ci> PP1A </ci>
                  </apply>
                </apply>
              </apply>
              <ci> var1 </ci>
            </apply>
          </math>
                  <listOfParameters>
            <parameter id="K19" metaid="_061901" units="per_hour" value="20"/>
            <parameter id="K19a" metaid="_061902" units="per_hour" value="0"/>
          </listOfParameters>
        </kineticLaw>
      </reaction>
      <reaction id="v45" metaid="_061825" name="v45">
        <listOfReactants>
          <speciesReference metaid="_2a71a74e-7b1c-4d18-a745-e038b896b52d" species="var5"/>
        </listOfReactants>
        <listOfProducts>
          <speciesReference metaid="ac6a4e57-8072-4093-9ebc-29ab02da9386" species="var2"/>
          <speciesReference metaid="_0e849676-def4-4d23-a940-7be0cf3e500b" species="var4"/>
        </listOfProducts>
        <kineticLaw metaid="_3fefee83-5006-4b04-9ee9-4c8b0bc2caba">
          <math xmlns="http://www.w3.org/1998/Math/MathML">          
            <apply>
              <times/>
              <ci> K26R </ci>
              <ci> var5 </ci>
            </apply>
          </math>
                </kineticLaw>
      </reaction>
      <reaction id="v46" metaid="_061827" name="v46">
        <listOfReactants>
          <speciesReference metaid="b6770fc7-8284-411e-904c-496ac3955052" species="var2"/>
        </listOfReactants>
        <listOfProducts>
          <speciesReference metaid="c8a7db5a-5775-48ca-8244-13ec7e47d113" species="var3"/>
        </listOfProducts>
        <listOfModifiers>
          <modifierSpeciesReference metaid="_1ace59a3-82a3-49cd-b5d2-b38a2937e454" species="CYCA"/>
          <modifierSpeciesReference metaid="_8309fdf3-dc42-4636-8c90-9d09ca7858c1" species="CYCB"/>
        </listOfModifiers>
        <kineticLaw metaid="a38da9a1-209b-46fe-af28-5025dd3a48dd">
          <math xmlns="http://www.w3.org/1998/Math/MathML">          
            <apply>
              <times/>
              <apply>
                <plus/>
                <ci> K23a </ci>
                <apply>
                  <times/>
                  <ci> K23 </ci>
                  <apply>
                    <plus/>
                    <ci> CYCA </ci>
                    <ci> CYCB </ci>
                  </apply>
                </apply>
              </apply>
              <ci> var2 </ci>
            </apply>
          </math>
                </kineticLaw>
      </reaction>
      <reaction id="v47" metaid="_061828" name="v47">
        <listOfReactants>
          <speciesReference metaid="_130cb2aa-cc0c-4c64-a960-b1766a586367" species="var3"/>
        </listOfReactants>
        <listOfProducts>
          <speciesReference metaid="f7f35d72-7367-43d3-a411-f6dc95fbd185" species="var2"/>
        </listOfProducts>
        <kineticLaw metaid="a1f4b257-88d1-48ec-bbc8-e3c317fac9a7">
          <math xmlns="http://www.w3.org/1998/Math/MathML">          
            <apply>
              <times/>
              <ci> K22 </ci>
              <ci> var3 </ci>
            </apply>
          </math>
                </kineticLaw>
      </reaction>
      <reaction id="v48" metaid="_061829" name="v48">
        <listOfReactants>
          <speciesReference metaid="_0452e4d5-b560-424c-85c1-2802ff4029be" species="var2"/>
          <speciesReference metaid="_9a7a0e54-7826-421e-8e32-4e7044bac1d2" species="var4"/>
        </listOfReactants>
        <listOfProducts>
          <speciesReference metaid="dab40ceb-46fd-4c95-b38b-d599819bcdc8" species="var5"/>
        </listOfProducts>
        <kineticLaw metaid="c806c807-e80a-4cf1-8de8-bbb2db589f4d">
          <math xmlns="http://www.w3.org/1998/Math/MathML">          
            <apply>
              <times/>
              <ci> K26 </ci>
              <ci> var2 </ci>
              <ci> var4 </ci>
            </apply>
          </math>
                </kineticLaw>
      </reaction>
      <reaction id="v49" metaid="_061830" name="v49">
        <listOfReactants>
          <speciesReference metaid="be899b26-76ac-4336-beb5-078d13d976dd" species="var6"/>
        </listOfReactants>
        <listOfProducts>
          <speciesReference metaid="_9091ccc8-335e-4c5f-8c9a-e92d45b6e730" species="var3"/>
          <speciesReference metaid="_39898c07-5cd3-408b-9a80-dc33bd144f5f" species="var4"/>
        </listOfProducts>
        <kineticLaw metaid="f98cfda5-f1f7-49fd-87f8-9584d16dfabf">
          <math xmlns="http://www.w3.org/1998/Math/MathML">          
            <apply>
              <times/>
              <ci> K26R </ci>
              <ci> var6 </ci>
            </apply>
          </math>
                </kineticLaw>
      </reaction>
      <reaction id="v50" metaid="_061832" name="v50">
        <listOfReactants>
          <speciesReference metaid="d33ac408-4599-4c1d-9808-e98267d4aa61" species="var3"/>
          <speciesReference metaid="_45a36a27-8a57-419a-bf99-62c810e55773" species="var4"/>
        </listOfReactants>
        <listOfProducts>
          <speciesReference metaid="b02ba1b7-a406-4368-bc9b-0718d6a47d14" species="var6"/>
        </listOfProducts>
        <kineticLaw metaid="_938dea69-771e-465e-ad2d-410f563190ef">
          <math xmlns="http://www.w3.org/1998/Math/MathML">          
            <apply>
              <times/>
              <ci> K26 </ci>
              <ci> var3 </ci>
              <ci> var4 </ci>
            </apply>
          </math>
                </kineticLaw>
      </reaction>
      <reaction id="v51" metaid="_061833" name="v51">
        <listOfReactants>
          <speciesReference metaid="_95420187-90de-47a7-aa7a-860e208948d3" species="var6"/>
        </listOfReactants>
        <listOfProducts>
          <speciesReference metaid="f11fd49a-8b54-44dd-9cc2-7a21833b8ebc" species="var5"/>
        </listOfProducts>
        <kineticLaw metaid="_2db2ca8f-bc20-4aa8-8a31-13d33e88ee24">
          <math xmlns="http://www.w3.org/1998/Math/MathML">          
            <apply>
              <times/>
              <ci> K22 </ci>
              <ci> var6 </ci>
            </apply>
          </math>
                </kineticLaw>
      </reaction>
      <reaction id="v52" metaid="_061834" name="v52">
        <listOfReactants>
          <speciesReference metaid="ff31d78e-308a-4ea0-8a96-2389c701e717" species="var5"/>
        </listOfReactants>
        <listOfProducts>
          <speciesReference metaid="_73a7bfbd-135c-4707-93db-72396a203d47" species="var6"/>
        </listOfProducts>
        <listOfModifiers>
          <modifierSpeciesReference metaid="d674f27e-6ee6-4823-b858-1c5d3a39a111" species="CYCA"/>
          <modifierSpeciesReference metaid="_266398df-cae2-4ef2-b069-db344e610389" species="CYCB"/>
        </listOfModifiers>
        <kineticLaw metaid="adc48643-95ef-4d74-9400-e15d255df13c">
          <math xmlns="http://www.w3.org/1998/Math/MathML">          
            <apply>
              <times/>
              <apply>
                <plus/>
                <ci> K23a </ci>
                <apply>
                  <times/>
                  <ci> K23 </ci>
                  <apply>
                    <plus/>
                    <ci> CYCA </ci>
                    <ci> CYCB </ci>
                  </apply>
                </apply>
              </apply>
              <ci> var5 </ci>
            </apply>
          </math>
                </kineticLaw>
      </reaction>
    </listOfReactions>
    <listOfEvents>
      <event id="r31Ifpart1" metaid="_061910" name="r31Ifpart1">
        <trigger metaid="_0d2fd2ea-65ea-493c-b0b3-14caec309c24">
          <math xmlns="http://www.w3.org/1998/Math/MathML">          
            <apply>
              <gt/>
              <apply>
                <times/>
                <apply>
                  <plus/>
                  <ci> var4 </ci>
                  <ci> var5 </ci>
                  <ci> var6 </ci>
                </apply>
                <apply>
                  <power/>
                  <apply>
                    <plus/>
                    <ci> var1 </ci>
                    <ci> var4 </ci>
                    <ci> var5 </ci>
                    <ci> var6 </ci>
                  </apply>
                  <cn type="integer"> -1 </cn>
                </apply>
              </apply>
              <cn> 0.8 </cn>
            </apply>
          </math>
                </trigger>
        <listOfEventAssignments>
          <eventAssignment metaid="_8d903dc3-6833-414f-a848-434494190cbc" variable="r31switch">
            <math xmlns="http://www.w3.org/1998/Math/MathML">            
              <cn type="integer"> 0 </cn>
            </math>
                    </eventAssignment>
        </listOfEventAssignments>
      </event>
      <event id="r31Ifpart2" metaid="_061912" name="r31Ifpart2">
        <trigger metaid="eaab8b65-258a-4c13-9e3a-c472c2d6cef5">
          <math xmlns="http://www.w3.org/1998/Math/MathML">          
            <apply>
              <lt/>
              <apply>
                <times/>
                <apply>
                  <plus/>
                  <ci> var4 </ci>
                  <ci> var5 </ci>
                  <ci> var6 </ci>
                </apply>
                <apply>
                  <power/>
                  <apply>
                    <plus/>
                    <ci> var1 </ci>
                    <ci> var4 </ci>
                    <ci> var5 </ci>
                    <ci> var6 </ci>
                  </apply>
                  <cn type="integer"> -1 </cn>
                </apply>
              </apply>
              <cn> 0.8 </cn>
            </apply>
          </math>
                </trigger>
        <listOfEventAssignments>
          <eventAssignment metaid="e73260cb-903a-4c2d-b89d-5052a8fe721f" variable="r31switch">
            <math xmlns="http://www.w3.org/1998/Math/MathML">            
              <cn type="integer"> 1 </cn>
            </math>
                    </eventAssignment>
        </listOfEventAssignments>
      </event>
      <event id="divisionEvent" metaid="_061913" name="divisionEvent">
        <trigger metaid="ec306e28-d13c-4339-9e24-f6ff41d4c5f8">
          <math xmlns="http://www.w3.org/1998/Math/MathML">          
            <apply>
              <and/>
              <apply>
                <gt/>
                <ci> CDh1 </ci>
                <cn> 0.2 </cn>
              </apply>
              <apply>
                <eq/>
                <ci> Flag </ci>
                <cn type="integer"> 1 </cn>
              </apply>
            </apply>
          </math>
                </trigger>
        <listOfEventAssignments>
          <eventAssignment metaid="_0eb4c0cc-c00c-45a2-a5ad-742b7f8059d1" variable="GM">
            <math xmlns="http://www.w3.org/1998/Math/MathML">            
              <apply>
                <times/>
                <cn> 0.5 </cn>
                <ci> GM </ci>
              </apply>
            </math>
                    </eventAssignment>
          <eventAssignment metaid="_6d776c76-1b3e-4f50-9232-2920b7dce29c" variable="MASS">
            <math xmlns="http://www.w3.org/1998/Math/MathML">            
              <apply>
                <times/>
                <cn> 0.5 </cn>
                <ci> MASS </ci>
              </apply>
            </math>
                    </eventAssignment>
          <eventAssignment metaid="_9bd0e88d-c963-4fa4-8a7b-5080eaf7e9a2" variable="Flag">
            <math xmlns="http://www.w3.org/1998/Math/MathML">            
              <cn type="integer"> 2 </cn>
            </math>
                    </eventAssignment>
        </listOfEventAssignments>
      </event>
      <event id="checkEvent" metaid="_061914" name="checkEvent">
        <trigger metaid="_7e2227cc-bcfd-49e5-823e-74f63f5de207">
          <math xmlns="http://www.w3.org/1998/Math/MathML">          
            <apply>
              <and/>
              <apply>
                <lt/>
                <ci> CDh1 </ci>
                <cn> 0.2 </cn>
              </apply>
              <apply>
                <eq/>
                <ci> Flag </ci>
                <cn type="integer"> 2 </cn>
              </apply>
            </apply>
          </math>
                </trigger>
        <listOfEventAssignments>
          <eventAssignment metaid="c1ee6565-f9a0-4bc4-b68c-6744eaf9ff21" variable="Flag">
            <math xmlns="http://www.w3.org/1998/Math/MathML">            
              <cn type="integer"> 1 </cn>
            </math>
                    </eventAssignment>
        </listOfEventAssignments>
      </event>
    </listOfEvents>
  </model>
</sbml>
