<?xml version="1.0" encoding="UTF-8" standalone="no"?>
<sbml xmlns="http://www.sbml.org/sbml/level2/version3" level="2" metaid="metaid_0000001" version="3">
  <model id="Locke2006_CircClock_LL" metaid="_805229" name="Locke2006_CircClock_LL">
    <notes>
      <body xmlns="http://www.w3.org/1999/xhtml">
        <p>
      This a model from the article:
      <br/>
        <strong>Experimental validation of a predicted feedback loop in the multi-oscillator clock of Arabidopsis thaliana. 
</strong>
        <br/>
Locke JC, Kozma-Bognár L, Gould PD, Fehér B, Kevei E, Nagy F, Turner MS, Hall A, Millar AJ 
      <em>Mol. Syst. Biol.</em>2006;Volume:2;Page:59 
      <a href="http://www.ncbi.nlm.nih.gov/pubmed/17102804">17102804</a>,
      <br/>
        <strong>Abstract:</strong>
        <br/>
Our computational model of the circadian clock comprised the feedback loop between LATE ELONGATED HYPOCOTYL (LHY), CIRCADIAN CLOCK ASSOCIATED 1 (CCA1) and TIMING OF CAB EXPRESSION 1 (TOC1), and a predicted, interlocking feedback loop involving TOC1 and a hypothetical component Y. Experiments based on model predictions suggested GIGANTEA (GI) as a candidate for Y. We now extend the model to include a recently demonstrated feedback loop between the TOC1 homologues PSEUDO-RESPONSE REGULATOR 7 (PRR7), PRR9 and LHY and CCA1. This three-loop network explains the rhythmic phenotype of toc1 mutant alleles. Model predictions fit closely to new data on the gi;lhy;cca1 mutant, which confirm that GI is a major contributor to Y function. Analysis of the three-loop network suggests that the plant clock consists of morning and evening oscillators, coupled intracellularly, which may be analogous to coupled, morning and evening clock cells in Drosophila and the mouse.
   </p>
        <br/>
        <p>The model describes a three loops model of the Arabidopsis circadian clock. It provides initial conditions, parameter values and reactions for the production rates of the following species: LHY mRNA (cLm), cytoplasmic LHY (cLc), nuclear LHY (cLn), TOC1 mRNA (cTm), cytoplasmic TOC1 (cTc), nuclear TOC1 (cTn),  X mRNA (cXm), cytoplasmic X (cXc), nuclear X (cXn), Y mRNA (cYm), cytoplasmic Y (cYc), nuclear Y (cYn), nuclear P (cPn), APRR7/9 mRNA, cytoplasmic APRR7/9, and nuclear APRR7/9. </p>
        <p>The paper describes the behaviour of the model in constant light (LL) and day-night cycle (LD). However, the current model only contains the LL cycle. Some parameter values  should be changed from the wild-type (WT) ones in order to simulate the effect of mutations. These changes are listed in the notes of relevant parameters.</p>
        <p xmlns="http://www.w3.org/1999/xhtml">This model originates from BioModels Database: A Database of Annotated Published Models. It is copyright (c) 2005-2009 The BioModels Team.<br/>For more information see the <a href="http://www.ebi.ac.uk/biomodels/legal.html" target="_blank">terms of use</a>.<br/>To cite BioModels Database, please use <a href="http://www.pubmedcentral.nih.gov/articlerender.fcgi?tool=pubmed&amp;pubmedid=16381960" target="_blank">Le Novère N., Bornstein B., Broicher A., Courtot M., Donizelli M., Dharuri H., Li L., Sauro H., Schilstra M., Shapiro B., Snoep J.L., Hucka M. (2006) BioModels Database: A Free, Centralized Database of Curated, Published, Quantitative Kinetic Models of Biochemical and Cellular Systems Nucleic Acids Res., 34: D689-D691.</a>
      </p>
    </body>
  </notes>
    <annotation>
	<rdf:RDF xmlns:rdf="http://www.w3.org/1999/02/22-rdf-syntax-ns#" xmlns:dc="http://purl.org/dc/elements/1.1/" xmlns:vCard="http://www.w3.org/2001/vcard-rdf/3.0#" xmlns:dcterms="http://purl.org/dc/terms/" xmlns:bqmodel="http://biomodels.net/model-qualifiers/" xmlns:bqbiol="http://biomodels.net/biology-qualifiers/">
        <rdf:Description rdf:about="#_805229">
	<dc:creator>
	<rdf:Bag>
	<rdf:li rdf:parseType="Resource">
	<vCard:N rdf:parseType="Resource">
	<vCard:Family>Le Novère</vCard:Family>
	<vCard:Given>Nicolas</vCard:Given>
	</vCard:N>
	<vCard:EMAIL>lenov@ebi.ac.uk</vCard:EMAIL>
	<vCard:ORG rdf:parseType="Resource">
	<vCard:Orgname>EMBL-EBI</vCard:Orgname>
	</vCard:ORG>
	</rdf:li>
	
	<rdf:li rdf:parseType="Resource">
	<vCard:N rdf:parseType="Resource">
	<vCard:Family>Hall</vCard:Family>
	<vCard:Given>Anthony</vCard:Given>
	</vCard:N>
	<vCard:EMAIL>Anthony.hall@liverpool.ac.uk</vCard:EMAIL>
	<vCard:ORG rdf:parseType="Resource">
	<vCard:Orgname>School of Biological Sciences, University of Liverpool</vCard:Orgname>
	</vCard:ORG>
	</rdf:li>
	<rdf:li rdf:parseType="Resource">
	<vCard:N rdf:parseType="Resource">
	<vCard:Family>He</vCard:Family>
	<vCard:Given>Enuo</vCard:Given>
	</vCard:N>
	<vCard:EMAIL>enuo.he@wolfson.ox.ac.uk</vCard:EMAIL>
	<vCard:ORG rdf:parseType="Resource">
	<vCard:Orgname>University of Oxford</vCard:Orgname>
	</vCard:ORG>
	</rdf:li>
	</rdf:Bag>
	</dc:creator>
	<dcterms:created rdf:parseType="Resource">
	<dcterms:W3CDTF>2007-02-20T13:57:29Z</dcterms:W3CDTF>
	</dcterms:created>
	<dcterms:modified rdf:parseType="Resource">
	<dcterms:W3CDTF>2015-02-25T13:40:01Z</dcterms:W3CDTF>
	</dcterms:modified>
	<bqmodel:is>
	<rdf:Bag>
	<rdf:li rdf:resource="http://identifiers.org/biomodels.db/MODEL4025803561"/>
	</rdf:Bag>
	</bqmodel:is>
	<bqmodel:is>
	<rdf:Bag>
	<rdf:li rdf:resource="http://identifiers.org/biomodels.db/BIOMD0000000089"/>
	</rdf:Bag>
	</bqmodel:is>
	<bqmodel:isDescribedBy>
	<rdf:Bag>
	<rdf:li rdf:resource="http://identifiers.org/pubmed/17102804"/>
	</rdf:Bag>
	</bqmodel:isDescribedBy>
	<bqmodel:isDerivedFrom>
	<rdf:Bag>
	<rdf:li rdf:resource="http://identifiers.org/biomodels.db/BIOMD0000000055"/>
	</rdf:Bag>
	</bqmodel:isDerivedFrom>
	<bqbiol:hasTaxon>
	<rdf:Bag>
	<rdf:li rdf:resource="http://identifiers.org/taxonomy/3702"/>
	</rdf:Bag>
	</bqbiol:hasTaxon>
	<bqbiol:isVersionOf>
	<rdf:Bag>
	<rdf:li rdf:resource="http://identifiers.org/go/GO:0042752"/>
	</rdf:Bag>
	</bqbiol:isVersionOf>
	</rdf:Description>
	
	</rdf:RDF>
	</annotation>
      <listOfFunctionDefinitions>
      <functionDefinition id="function_1" metaid="metaid_0000120" name="degradation (Michaelis_Menten_Equation)" sboTerm="SBO:0000029">
        <math xmlns="http://www.w3.org/1998/Math/MathML">        
          <lambda>
            <bvar>
              <ci> V </ci>
            </bvar>
            <bvar>
              <ci> substrate </ci>
            </bvar>
            <bvar>
              <ci> Km </ci>
            </bvar>
            <apply>
              <divide/>
              <apply>
                <times/>
                <ci> V </ci>
                <ci> substrate </ci>
              </apply>
              <apply>
                <plus/>
                <ci> Km </ci>
                <ci> substrate </ci>
              </apply>
            </apply>
          </lambda>
        </math>
            </functionDefinition>
    </listOfFunctionDefinitions>
    <listOfUnitDefinitions>
      <unitDefinition id="time" metaid="metaid_0000039">
        <listOfUnits>
          <unit kind="second" metaid="e1068884-2481-48b3-bdbd-f91012ab304f" multiplier="3600"/>
        </listOfUnits>
      </unitDefinition>
      <unitDefinition id="substance" metaid="metaid_0000123" name="nM">
        <listOfUnits>
          <unit kind="mole" metaid="_5e543c96-e214-4bdc-b0a1-f03d21a575f0" scale="-9"/>
        </listOfUnits>
      </unitDefinition>
    </listOfUnitDefinitions>
    <listOfCompartments>
      <compartment id="compartment" metaid="_805245" name="cell" sboTerm="SBO:0000290" size="1">
        <annotation>
	<rdf:RDF xmlns:rdf="http://www.w3.org/1999/02/22-rdf-syntax-ns#" xmlns:bqmodel="http://biomodels.net/model-qualifiers/" xmlns:bqbiol="http://biomodels.net/biology-qualifiers/">
            <rdf:Description rdf:about="#_805245">
	<bqbiol:isVersionOf>
	<rdf:Bag>
	<rdf:li rdf:resource="http://identifiers.org/go/GO:0005623"/>
	</rdf:Bag>
	</bqbiol:isVersionOf>
	</rdf:Description>
	
	</rdf:RDF>
	</annotation>
            </compartment>
    </listOfCompartments>
    <listOfSpecies>
      <species compartment="compartment" id="cLm" initialConcentration="0.4625" metaid="_805246" name="LHY mRNA" sboTerm="SBO:0000278">
        <annotation>
	<rdf:RDF xmlns:rdf="http://www.w3.org/1999/02/22-rdf-syntax-ns#" xmlns:bqmodel="http://biomodels.net/model-qualifiers/" xmlns:bqbiol="http://biomodels.net/biology-qualifiers/">
            <rdf:Description rdf:about="#_805246">
	<bqbiol:isVersionOf>
	<rdf:Bag>
	<rdf:li rdf:resource="http://identifiers.org/chebi/CHEBI:33699"/>
	</rdf:Bag>
	</bqbiol:isVersionOf>
	</rdf:Description>
	
	</rdf:RDF>
	</annotation>
            </species>
      <species compartment="compartment" id="cLc" initialConcentration="0.0132" metaid="_805265" name="LHY protein in cytoplasm" sboTerm="SBO:0000245">
        <annotation>
	<rdf:RDF xmlns:rdf="http://www.w3.org/1999/02/22-rdf-syntax-ns#" xmlns:bqmodel="http://biomodels.net/model-qualifiers/" xmlns:bqbiol="http://biomodels.net/biology-qualifiers/">
            <rdf:Description rdf:about="#_805265">
	<bqbiol:hasVersion>
	<rdf:Bag>
	<rdf:li rdf:resource="http://identifiers.org/uniprot/O81713"/>
	<rdf:li rdf:resource="http://identifiers.org/uniprot/P92973"/>
	</rdf:Bag>
	</bqbiol:hasVersion>
	</rdf:Description>
	
	</rdf:RDF>
	</annotation>
            </species>
      <species compartment="compartment" id="cLn" initialConcentration="0.0699" metaid="_805285" name="LHY protein in nucleus" sboTerm="SBO:0000245">
        <annotation>
	<rdf:RDF xmlns:rdf="http://www.w3.org/1999/02/22-rdf-syntax-ns#" xmlns:bqmodel="http://biomodels.net/model-qualifiers/" xmlns:bqbiol="http://biomodels.net/biology-qualifiers/">
            <rdf:Description rdf:about="#_805285">
	<bqbiol:hasVersion>
	<rdf:Bag>
	<rdf:li rdf:resource="http://identifiers.org/uniprot/P92973"/>
	<rdf:li rdf:resource="http://identifiers.org/uniprot/O81713"/>
	</rdf:Bag>
	</bqbiol:hasVersion>
	</rdf:Description>
	
	</rdf:RDF>
	</annotation>
            </species>
      <species compartment="compartment" id="cTm" initialConcentration="0.4303" metaid="_805305" name="TOC1 mRNA" sboTerm="SBO:0000278">
        <annotation>
	<rdf:RDF xmlns:rdf="http://www.w3.org/1999/02/22-rdf-syntax-ns#" xmlns:bqmodel="http://biomodels.net/model-qualifiers/" xmlns:bqbiol="http://biomodels.net/biology-qualifiers/">
            <rdf:Description rdf:about="#_805305">
	<bqbiol:isVersionOf>
	<rdf:Bag>
	<rdf:li rdf:resource="http://identifiers.org/chebi/CHEBI:33699"/>
	</rdf:Bag>
	</bqbiol:isVersionOf>
	</rdf:Description>
	
	</rdf:RDF>
	</annotation>
            </species>
      <species compartment="compartment" id="cTc" initialConcentration="10.2965" metaid="_805325" name="TOC1 protein  in cytoplasm" sboTerm="SBO:0000245">
        <annotation>
	<rdf:RDF xmlns:rdf="http://www.w3.org/1999/02/22-rdf-syntax-ns#" xmlns:bqmodel="http://biomodels.net/model-qualifiers/" xmlns:bqbiol="http://biomodels.net/biology-qualifiers/">
            <rdf:Description rdf:about="#_805325">
	<bqbiol:is>
	<rdf:Bag>
	<rdf:li rdf:resource="http://identifiers.org/uniprot/Q9LKL2"/>
	</rdf:Bag>
	</bqbiol:is>
	</rdf:Description>
	
	</rdf:RDF>
	</annotation>
            </species>
      <species compartment="compartment" id="cTn" initialConcentration="0.5402" metaid="_805345" name="TOC1 protein in nucleus" sboTerm="SBO:0000245">
        <annotation>
	<rdf:RDF xmlns:rdf="http://www.w3.org/1999/02/22-rdf-syntax-ns#" xmlns:bqmodel="http://biomodels.net/model-qualifiers/" xmlns:bqbiol="http://biomodels.net/biology-qualifiers/">
            <rdf:Description rdf:about="#_805345">
	<bqbiol:is>
	<rdf:Bag>
	<rdf:li rdf:resource="http://identifiers.org/uniprot/Q9LKL2"/>
	</rdf:Bag>
	</bqbiol:is>
	</rdf:Description>
	
	</rdf:RDF>
	</annotation>
            </species>
      <species compartment="compartment" id="cXm" initialConcentration="0.0957" metaid="_805365" name="X mRNA" sboTerm="SBO:0000278">
        <annotation>
	<rdf:RDF xmlns:rdf="http://www.w3.org/1999/02/22-rdf-syntax-ns#" xmlns:bqmodel="http://biomodels.net/model-qualifiers/" xmlns:bqbiol="http://biomodels.net/biology-qualifiers/">
            <rdf:Description rdf:about="#_805365">
	<bqbiol:isVersionOf>
	<rdf:Bag>
	<rdf:li rdf:resource="http://identifiers.org/chebi/CHEBI:33699"/>
	</rdf:Bag>
	</bqbiol:isVersionOf>
	</rdf:Description>
	
	</rdf:RDF>
	</annotation>
            </species>
      <species compartment="compartment" id="cXc" initialConcentration="1.5413" metaid="_805385" name="X protein in cytoplasm" sboTerm="SBO:0000245"/>
      <species compartment="compartment" id="cXn" initialConcentration="0.4585" metaid="_805405" name="X protein in nucleus" sboTerm="SBO:0000245"/>
      <species compartment="compartment" id="cYm" initialConcentration="0.0303" metaid="_805425" name="Y mRNA" sboTerm="SBO:0000278">
        <annotation>
	<rdf:RDF xmlns:rdf="http://www.w3.org/1999/02/22-rdf-syntax-ns#" xmlns:bqmodel="http://biomodels.net/model-qualifiers/" xmlns:bqbiol="http://biomodels.net/biology-qualifiers/">
            <rdf:Description rdf:about="#_805425">
	<bqbiol:isVersionOf>
	<rdf:Bag>
	<rdf:li rdf:resource="http://identifiers.org/chebi/CHEBI:33699"/>
	</rdf:Bag>
	</bqbiol:isVersionOf>
	</rdf:Description>
	
	</rdf:RDF>
	</annotation>
            </species>
      <species compartment="compartment" id="cYc" initialConcentration="0.0041" metaid="_805445" name="Y protein in the cytoplasm" sboTerm="SBO:0000245">
        <annotation>
	<rdf:RDF xmlns:rdf="http://www.w3.org/1999/02/22-rdf-syntax-ns#" xmlns:bqmodel="http://biomodels.net/model-qualifiers/" xmlns:bqbiol="http://biomodels.net/biology-qualifiers/">
            <rdf:Description rdf:about="#_805445">
	<bqbiol:hasVersion>
	<rdf:Bag>
	<rdf:li rdf:resource="http://identifiers.org/uniprot/Q9SQI2"/>
	</rdf:Bag>
	</bqbiol:hasVersion>
	</rdf:Description>
	
	</rdf:RDF>
	</annotation>
            </species>
      <species compartment="compartment" id="cYn" initialConcentration="0.0122" metaid="_805465" name="Y protein in nucleus" sboTerm="SBO:0000245">
        <annotation>
	<rdf:RDF xmlns:rdf="http://www.w3.org/1999/02/22-rdf-syntax-ns#" xmlns:bqmodel="http://biomodels.net/model-qualifiers/" xmlns:bqbiol="http://biomodels.net/biology-qualifiers/">
            <rdf:Description rdf:about="#_805465">
	<bqbiol:hasVersion>
	<rdf:Bag>
	<rdf:li rdf:resource="http://identifiers.org/uniprot/Q9SQI2"/>
	</rdf:Bag>
	</bqbiol:hasVersion>
	</rdf:Description>
	
	</rdf:RDF>
	</annotation>
            </species>
      <species compartment="compartment" id="cPn" initialConcentration="0.8476" metaid="_805485" name="light sensitive protein P" sboTerm="SBO:0000245"/>
      <species compartment="compartment" id="cAm" initialConcentration="14.6921" metaid="_805505" name="PPR7/9 mRNA" sboTerm="SBO:0000278">
        <annotation>
	<rdf:RDF xmlns:rdf="http://www.w3.org/1999/02/22-rdf-syntax-ns#" xmlns:bqmodel="http://biomodels.net/model-qualifiers/" xmlns:bqbiol="http://biomodels.net/biology-qualifiers/">
            <rdf:Description rdf:about="#_805505">
	<bqbiol:isVersionOf>
	<rdf:Bag>
	<rdf:li rdf:resource="http://identifiers.org/chebi/CHEBI:33699"/>
	</rdf:Bag>
	</bqbiol:isVersionOf>
	</rdf:Description>
	
	</rdf:RDF>
	</annotation>
            </species>
      <species compartment="compartment" id="cAc" initialConcentration="0.7027" metaid="_805525" name="PPR7/9 protein in cytoplasm" sboTerm="SBO:0000245">
        <annotation>
	<rdf:RDF xmlns:rdf="http://www.w3.org/1999/02/22-rdf-syntax-ns#" xmlns:bqmodel="http://biomodels.net/model-qualifiers/" xmlns:bqbiol="http://biomodels.net/biology-qualifiers/">
            <rdf:Description rdf:about="#_805525">
	<bqbiol:hasPart>
	<rdf:Bag>
	<rdf:li rdf:resource="http://identifiers.org/uniprot/Q93WK5"/>
	<rdf:li rdf:resource="http://identifiers.org/uniprot/Q8L500"/>
	</rdf:Bag>
	</bqbiol:hasPart>
	</rdf:Description>
	
	</rdf:RDF>
	</annotation>
            </species>
      <species compartment="compartment" id="cAn" initialConcentration="0.8648" metaid="_805545" name="PPR7/9 protein in nucleus" sboTerm="SBO:0000245">
        <annotation>
	<rdf:RDF xmlns:rdf="http://www.w3.org/1999/02/22-rdf-syntax-ns#" xmlns:bqmodel="http://biomodels.net/model-qualifiers/" xmlns:bqbiol="http://biomodels.net/biology-qualifiers/">
            <rdf:Description rdf:about="#_805545">
	<bqbiol:hasPart>
	<rdf:Bag>
	<rdf:li rdf:resource="http://identifiers.org/uniprot/Q93WK5"/>
	<rdf:li rdf:resource="http://identifiers.org/uniprot/Q8L500"/>
	</rdf:Bag>
	</bqbiol:hasPart>
	</rdf:Description>
	
	</rdf:RDF>
	</annotation>
            </species>
    </listOfSpecies>
    <listOfParameters>
      <parameter id="q1" metaid="metaid_0000040" name="q1" sboTerm="SBO:0000337" value="4.1954"/>
      <parameter id="n0" metaid="metaid_0000041" name="n0" sboTerm="SBO:0000186" value="0.05"/>
      <parameter id="g0" metaid="metaid_0000042" name="g0" sboTerm="SBO:0000186" value="1"/>
      <parameter id="alpha" metaid="metaid_0000043" name="alpha" sboTerm="SBO:0000261" value="4"/>
      <parameter id="n1" metaid="metaid_0000044" name="n1" sboTerm="SBO:0000186" value="7.8142"/>
      <parameter id="a" metaid="metaid_0000045" name="a" sboTerm="SBO:0000190" value="1.2479"/>
      <parameter id="g1" metaid="metaid_0000046" name="g1" sboTerm="SBO:0000363" value="3.1383"/>
      <parameter id="m1" metaid="metaid_0000047" name="m1" sboTerm="SBO:0000324" value="1.999"/>
      <parameter id="k1" metaid="metaid_0000048" name="k1" sboTerm="SBO:0000027" value="2.392"/>
      <parameter id="p1" metaid="metaid_0000049" name="p1" sboTerm="SBO:0000153" value="0.8295">
        <notes>
        <p xmlns="http://www.w3.org/1999/xhtml">In lhy;cca1 mutation plan p1'=0.001*p1=0.8295e-3 </p>
      </notes>
      </parameter>
      <parameter id="r1" metaid="metaid_0000050" name="r1" sboTerm="SBO:0000153" value="16.8363"/>
      <parameter id="r2" metaid="metaid_0000051" name="r2" sboTerm="SBO:0000156" value="0.1687"/>
      <parameter id="m2" metaid="metaid_0000052" name="m2" sboTerm="SBO:0000324" value="20.44"/>
      <parameter id="k2" metaid="metaid_0000053" name="k2" sboTerm="SBO:0000027" value="1.5644"/>
      <parameter id="m3" metaid="metaid_0000054" name="m3" sboTerm="SBO:0000324" value="3.6888"/>
      <parameter id="k3" metaid="metaid_0000055" name="k3" sboTerm="SBO:0000027" value="1.2765"/>
      <parameter id="n2" metaid="metaid_0000056" name="n2" sboTerm="SBO:0000186" value="3.0087"/>
      <parameter id="b" metaid="metaid_0000057" name="b" sboTerm="SBO:0000190" value="1.0258"/>
      <parameter id="g2" metaid="metaid_0000058" name="g2" sboTerm="SBO:0000363" value="0.0368"/>
      <parameter id="g3" metaid="metaid_0000059" name="g3" sboTerm="SBO:0000261" value="0.2658"/>
      <parameter id="c" metaid="metaid_0000060" name="c" sboTerm="SBO:0000190" value="1.0258"/>
      <parameter id="m4" metaid="metaid_0000061" name="m4" sboTerm="SBO:0000324" value="3.8231"/>
      <parameter id="k4" metaid="metaid_0000062" name="k4" sboTerm="SBO:0000027" value="2.5734"/>
      <parameter id="p2" metaid="metaid_0000063" name="p2" sboTerm="SBO:0000153" value="4.324">
        <notes>
        <p xmlns="http://www.w3.org/1999/xhtml">In toc1 mutation plant p2'=0.001*p2=4.324e-3</p>
      </notes>
      </parameter>
      <parameter id="r3" metaid="metaid_0000064" name="r3" sboTerm="SBO:0000153" value="0.3166"/>
      <parameter id="r4" metaid="metaid_0000065" name="r4" sboTerm="SBO:0000156" value="2.1509"/>
      <parameter id="m5" metaid="metaid_0000066" name="m5" sboTerm="SBO:0000324" value="0.0013"/>
      <parameter id="m6" metaid="metaid_0000067" name="m6" sboTerm="SBO:0000324" value="3.1741"/>
      <parameter id="k5" metaid="metaid_0000068" name="k5" sboTerm="SBO:0000027" value="2.7454"/>
      <parameter id="m7" metaid="metaid_0000069" name="m7" sboTerm="SBO:0000324" value="0.0492"/>
      <parameter id="m8" metaid="metaid_0000070" name="m8" sboTerm="SBO:0000324" value="4.0424"/>
      <parameter id="k6" metaid="metaid_0000071" name="k6" sboTerm="SBO:0000027" value="0.4033"/>
      <parameter id="n3" metaid="metaid_0000072" name="n3" sboTerm="SBO:0000186" value="0.2431"/>
      <parameter id="d" metaid="metaid_0000073" name="d" sboTerm="SBO:0000190" value="1.4422"/>
      <parameter id="g4" metaid="metaid_0000074" name="g4" sboTerm="SBO:0000363" value="0.5388"/>
      <parameter id="m9" metaid="metaid_0000075" name="m9" sboTerm="SBO:0000324" value="10.1132"/>
      <parameter id="k7" metaid="metaid_0000076" name="k7" sboTerm="SBO:0000027" value="6.5585"/>
      <parameter id="p3" metaid="metaid_0000077" name="p3" sboTerm="SBO:0000153" value="2.147"/>
      <parameter id="r5" metaid="metaid_0000078" name="r5" sboTerm="SBO:0000153" value="1.0352"/>
      <parameter id="r6" metaid="metaid_0000079" name="r6" sboTerm="SBO:0000156" value="3.3017"/>
      <parameter id="m10" metaid="metaid_0000080" name="m10" sboTerm="SBO:0000324" value="0.2179"/>
      <parameter id="k8" metaid="metaid_0000081" name="k8" sboTerm="SBO:0000027" value="0.6632"/>
      <parameter id="m11" metaid="metaid_0000082" name="m11" sboTerm="SBO:0000324" value="3.3442"/>
      <parameter id="k9" metaid="metaid_0000083" name="k9" sboTerm="SBO:0000027" value="17.1111"/>
      <parameter id="q2" metaid="metaid_0000084" name="q2" sboTerm="SBO:0000337" value="2.4017"/>
      <parameter id="n4" metaid="metaid_0000085" name="n4" sboTerm="SBO:0000186" value="0.0857"/>
      <parameter id="n5" metaid="metaid_0000086" name="n5" sboTerm="SBO:0000186" value="0.1649"/>
      <parameter id="g5" metaid="metaid_0000087" name="g5" sboTerm="SBO:0000261" value="1.178"/>
      <parameter id="g6" metaid="metaid_0000088" name="g6" sboTerm="SBO:0000261" value="0.0645"/>
      <parameter id="e" metaid="metaid_0000089" name="e" sboTerm="SBO:0000190" value="3.6064"/>
      <parameter id="f" metaid="metaid_0000090" name="f" sboTerm="SBO:0000190" value="1.0237"/>
      <parameter id="m12" metaid="metaid_0000091" name="m12" sboTerm="SBO:0000324" value="4.297"/>
      <parameter id="k10" metaid="metaid_0000092" name="k10" sboTerm="SBO:0000027" value="1.7303"/>
      <parameter id="p4" metaid="metaid_0000093" name="p4" sboTerm="SBO:0000153" value="0.2485">
        <notes>
        <p xmlns="http://www.w3.org/1999/xhtml">In gi mutation plant p4'=30%*p4=0.3*0.2485=0.07455</p>
      </notes>
      </parameter>
      <parameter id="r7" metaid="metaid_0000094" name="r7" sboTerm="SBO:0000153" value="2.2123"/>
      <parameter id="r8" metaid="metaid_0000095" name="r8" sboTerm="SBO:0000156" value="0.2002"/>
      <parameter id="m13" metaid="metaid_0000096" name="m13" sboTerm="SBO:0000324" value="0.1347"/>
      <parameter id="k11" metaid="metaid_0000097" name="k11" sboTerm="SBO:0000027" value="1.8258"/>
      <parameter id="m14" metaid="metaid_0000098" name="m14" sboTerm="SBO:0000324" value="0.6114"/>
      <parameter id="k12" metaid="metaid_0000099" name="k12" sboTerm="SBO:0000027" value="1.8066"/>
      <parameter id="p5" metaid="metaid_0000100" name="p5" sboTerm="SBO:0000153" value="0.5"/>
      <parameter id="k13" metaid="metaid_0000101" name="k13" sboTerm="SBO:0000027" value="1.2"/>
      <parameter id="m15" metaid="metaid_0000102" name="m15" sboTerm="SBO:0000324" value="1.2"/>
      <parameter id="q3" metaid="metaid_0000103" name="q3" sboTerm="SBO:0000337" value="1"/>
      <parameter id="q4" metaid="metaid_0000104" name="q4" sboTerm="SBO:0000337" value="2.4514"/>
      <parameter id="g" metaid="metaid_0000105" name="g" sboTerm="SBO:0000190" value="1.0258"/>
      <parameter id="n6" metaid="metaid_0000106" name="n6" sboTerm="SBO:0000186" value="8.0706"/>
      <parameter id="g7" metaid="metaid_0000107" name="g7" sboTerm="SBO:0000363" value="0.0004"/>
      <parameter id="m16" metaid="metaid_0000108" name="m16" sboTerm="SBO:0000324" value="12.2398"/>
      <parameter id="k14" metaid="metaid_0000109" name="k14" sboTerm="SBO:0000027" value="10.3617"/>
      <parameter id="p6" metaid="metaid_0000110" name="p6" sboTerm="SBO:0000153" value="0.2907">
        <notes>
        <p xmlns="http://www.w3.org/1999/xhtml">In ppr7;prr9 mutation plant p6'=0.001*p6=0.2907e-3.</p>
      </notes>
      </parameter>
      <parameter id="r9" metaid="metaid_0000111" name="r9" sboTerm="SBO:0000153" value="0.2528"/>
      <parameter id="r10" metaid="metaid_0000112" name="r10" sboTerm="SBO:0000156" value="0.2212"/>
      <parameter id="m17" metaid="metaid_0000113" name="m17" sboTerm="SBO:0000324" value="4.4505"/>
      <parameter id="k15" metaid="metaid_0000114" name="k15" sboTerm="SBO:0000027" value="0.0703"/>
      <parameter id="m18" metaid="metaid_0000115" name="m18" sboTerm="SBO:0000324" value="0.0156"/>
      <parameter id="k16" metaid="metaid_0000116" name="k16" sboTerm="SBO:0000027" value="0.6104"/>
      <parameter id="light" metaid="metaid_0000122" name="light" sboTerm="SBO:0000492" value="1">
        <notes>
        <p xmlns="http://www.w3.org/1999/xhtml">light=1 when light is present,0 otherwise.</p>
      </notes>
      </parameter>
    </listOfParameters>
    <listOfReactions>
      <reaction id="reaction_1" metaid="metaid_0000124" name="cLm transcription" reversible="false" sboTerm="SBO:0000183">
        <annotation>
	<rdf:RDF xmlns:rdf="http://www.w3.org/1999/02/22-rdf-syntax-ns#" xmlns:bqmodel="http://biomodels.net/model-qualifiers/" xmlns:bqbiol="http://biomodels.net/biology-qualifiers/">
            <rdf:Description rdf:about="#metaid_0000124">
	<bqbiol:isVersionOf>
	<rdf:Bag>
	<rdf:li rdf:resource="http://identifiers.org/go/GO:0006351"/>
	</rdf:Bag>
	</bqbiol:isVersionOf>
	</rdf:Description>
	
	</rdf:RDF>
	</annotation>
              <listOfProducts>
          <speciesReference metaid="ec4e8677-3138-4cea-96dd-c26ea18322e8" species="cLm"/>
        </listOfProducts>
        <listOfModifiers>
          <modifierSpeciesReference metaid="_667f0c61-59d3-47f4-8371-9d1271ea467f" species="cAn"/>
          <modifierSpeciesReference metaid="f6e7209b-6061-43e2-9e76-6164be3efafb" species="cXn"/>
          <modifierSpeciesReference metaid="_20e7ca0d-d07f-426e-b8c3-bb0116b6311a" species="cPn"/>
        </listOfModifiers>
        <kineticLaw metaid="_06832ca0-ddb8-44d0-a7b5-d67ef1a1950a">
          <math xmlns="http://www.w3.org/1998/Math/MathML">          
            <apply>
              <times/>
              <apply>
                <divide/>
                <apply>
                  <times/>
                  <ci> compartment </ci>
                  <apply>
                    <power/>
                    <ci> g0 </ci>
                    <ci> alpha </ci>
                  </apply>
                </apply>
                <apply>
                  <plus/>
                  <apply>
                    <power/>
                    <ci> g0 </ci>
                    <ci> alpha </ci>
                  </apply>
                  <apply>
                    <power/>
                    <ci> cAn </ci>
                    <ci> alpha </ci>
                  </apply>
                </apply>
              </apply>
              <apply>
                <plus/>
                <apply>
                  <times/>
                  <ci> light </ci>
                  <apply>
                    <plus/>
                    <apply>
                      <times/>
                      <ci> q1 </ci>
                      <ci> cPn </ci>
                    </apply>
                    <ci> n0 </ci>
                  </apply>
                </apply>
                <apply>
                  <divide/>
                  <apply>
                    <times/>
                    <ci> n1 </ci>
                    <apply>
                      <power/>
                      <ci> cXn </ci>
                      <ci> a </ci>
                    </apply>
                  </apply>
                  <apply>
                    <plus/>
                    <apply>
                      <power/>
                      <ci> g1 </ci>
                      <ci> a </ci>
                    </apply>
                    <apply>
                      <power/>
                      <ci> cXn </ci>
                      <ci> a </ci>
                    </apply>
                  </apply>
                </apply>
              </apply>
            </apply>
          </math>
                </kineticLaw>
      </reaction>
      <reaction id="reaction_0" metaid="metaid_0000125" name="cLm degradation" reversible="false" sboTerm="SBO:0000179">
        <annotation>
	<rdf:RDF xmlns:rdf="http://www.w3.org/1999/02/22-rdf-syntax-ns#" xmlns:bqmodel="http://biomodels.net/model-qualifiers/" xmlns:bqbiol="http://biomodels.net/biology-qualifiers/">
            <rdf:Description rdf:about="#metaid_0000125">
	<bqbiol:isVersionOf>
	<rdf:Bag>
	<rdf:li rdf:resource="http://identifiers.org/go/GO:0006402"/>
	</rdf:Bag>
	</bqbiol:isVersionOf>
	</rdf:Description>
	
	</rdf:RDF>
	</annotation>
              <listOfReactants>
          <speciesReference metaid="_20772272-029a-487c-99e5-386e9b918148" species="cLm"/>
        </listOfReactants>
        <kineticLaw metaid="_2668c304-138a-4f5c-a387-23985f5de0f2">
          <math xmlns="http://www.w3.org/1998/Math/MathML">          
            <apply>
              <times/>
              <ci> compartment </ci>
              <apply>
                <ci> function_1 </ci>
                <ci> m1 </ci>
                <ci> cLm </ci>
                <ci> k1 </ci>
              </apply>
            </apply>
          </math>
                </kineticLaw>
      </reaction>
      <reaction id="reaction_2" metaid="metaid_0000126" name="cLc translation" reversible="false" sboTerm="SBO:0000184">
        <annotation>
	<rdf:RDF xmlns:rdf="http://www.w3.org/1999/02/22-rdf-syntax-ns#" xmlns:bqmodel="http://biomodels.net/model-qualifiers/" xmlns:bqbiol="http://biomodels.net/biology-qualifiers/">
            <rdf:Description rdf:about="#metaid_0000126">
	<bqbiol:isVersionOf>
	<rdf:Bag>
	<rdf:li rdf:resource="http://identifiers.org/go/GO:0006412"/>
	</rdf:Bag>
	</bqbiol:isVersionOf>
	</rdf:Description>
	
	</rdf:RDF>
	</annotation>
              <listOfProducts>
          <speciesReference metaid="e195a5f8-6c98-423b-b6b6-2a5129dc891b" species="cLc"/>
        </listOfProducts>
        <listOfModifiers>
          <modifierSpeciesReference metaid="_6706033f-3447-4b50-93b3-ae7007387661" species="cLm"/>
        </listOfModifiers>
        <kineticLaw metaid="d519fe1c-e334-4b2a-a698-b79ea6c7b7f5">
          <math xmlns="http://www.w3.org/1998/Math/MathML">          
            <apply>
              <times/>
              <ci> compartment </ci>
              <ci> p1 </ci>
              <ci> cLm </ci>
            </apply>
          </math>
                </kineticLaw>
      </reaction>
      <reaction id="reaction_3" metaid="metaid_0000127" name="LHY protein translocation" sboTerm="SBO:0000185">
        <annotation>
	<rdf:RDF xmlns:rdf="http://www.w3.org/1999/02/22-rdf-syntax-ns#" xmlns:bqmodel="http://biomodels.net/model-qualifiers/" xmlns:bqbiol="http://biomodels.net/biology-qualifiers/">
            <rdf:Description rdf:about="#metaid_0000127">
	<bqbiol:isVersionOf>
	<rdf:Bag>
	<rdf:li rdf:resource="http://identifiers.org/go/GO:0000060"/>
	</rdf:Bag>
	</bqbiol:isVersionOf>
	</rdf:Description>
	
	</rdf:RDF>
	</annotation>
              <listOfReactants>
          <speciesReference metaid="_5934a11a-0ac6-44e9-abf8-a7a2de8fd5c3" species="cLc"/>
        </listOfReactants>
        <listOfProducts>
          <speciesReference metaid="b4676b94-4d00-4ed3-ac18-1a9b2844dc71" species="cLn"/>
        </listOfProducts>
        <kineticLaw metaid="_58654b5d-7439-48af-bfb8-6a6b5fb45e4c">
          <math xmlns="http://www.w3.org/1998/Math/MathML">          
            <apply>
              <times/>
              <ci> compartment </ci>
              <apply>
                <minus/>
                <apply>
                  <times/>
                  <ci> r1 </ci>
                  <ci> cLc </ci>
                </apply>
                <apply>
                  <times/>
                  <ci> r2 </ci>
                  <ci> cLn </ci>
                </apply>
              </apply>
            </apply>
          </math>
                </kineticLaw>
      </reaction>
      <reaction id="reaction_4" metaid="metaid_0000128" name="cLc degradation" reversible="false" sboTerm="SBO:0000179">
        <annotation>
	<rdf:RDF xmlns:rdf="http://www.w3.org/1999/02/22-rdf-syntax-ns#" xmlns:bqmodel="http://biomodels.net/model-qualifiers/" xmlns:bqbiol="http://biomodels.net/biology-qualifiers/">
            <rdf:Description rdf:about="#metaid_0000128">
	<bqbiol:isVersionOf>
	<rdf:Bag>
	<rdf:li rdf:resource="http://identifiers.org/go/GO:0030163"/>
	</rdf:Bag>
	</bqbiol:isVersionOf>
	</rdf:Description>
	
	</rdf:RDF>
	</annotation>
              <listOfReactants>
          <speciesReference metaid="_32b176db-ece5-4fc2-a470-318f6852c800" species="cLc"/>
        </listOfReactants>
        <kineticLaw metaid="a7b58e18-6703-4755-84b8-52a6fa320982">
          <math xmlns="http://www.w3.org/1998/Math/MathML">          
            <apply>
              <times/>
              <ci> compartment </ci>
              <apply>
                <ci> function_1 </ci>
                <ci> m2 </ci>
                <ci> cLc </ci>
                <ci> k2 </ci>
              </apply>
            </apply>
          </math>
                </kineticLaw>
      </reaction>
      <reaction id="reaction_5" metaid="metaid_0000129" name="cLn degradation" reversible="false" sboTerm="SBO:0000179">
        <annotation>
	<rdf:RDF xmlns:rdf="http://www.w3.org/1999/02/22-rdf-syntax-ns#" xmlns:bqmodel="http://biomodels.net/model-qualifiers/" xmlns:bqbiol="http://biomodels.net/biology-qualifiers/">
            <rdf:Description rdf:about="#metaid_0000129">
	<bqbiol:isVersionOf>
	<rdf:Bag>
	<rdf:li rdf:resource="http://identifiers.org/go/GO:0030163"/>
	</rdf:Bag>
	</bqbiol:isVersionOf>
	</rdf:Description>
	
	</rdf:RDF>
	</annotation>
              <listOfReactants>
          <speciesReference metaid="da8fcab7-6a7a-43c4-bd4b-f2f3beeffb7d" species="cLn"/>
        </listOfReactants>
        <kineticLaw metaid="_2d242583-cbc9-405c-b147-75907c2cdc18">
          <math xmlns="http://www.w3.org/1998/Math/MathML">          
            <apply>
              <times/>
              <ci> compartment </ci>
              <apply>
                <ci> function_1 </ci>
                <ci> m3 </ci>
                <ci> cLn </ci>
                <ci> k3 </ci>
              </apply>
            </apply>
          </math>
                </kineticLaw>
      </reaction>
      <reaction id="reaction_6" metaid="metaid_0000130" name="cTm  transcription" reversible="false" sboTerm="SBO:0000183">
        <annotation>
	<rdf:RDF xmlns:rdf="http://www.w3.org/1999/02/22-rdf-syntax-ns#" xmlns:bqmodel="http://biomodels.net/model-qualifiers/" xmlns:bqbiol="http://biomodels.net/biology-qualifiers/">
            <rdf:Description rdf:about="#metaid_0000130">
	<bqbiol:isVersionOf>
	<rdf:Bag>
	<rdf:li rdf:resource="http://identifiers.org/go/GO:0006351"/>
	</rdf:Bag>
	</bqbiol:isVersionOf>
	</rdf:Description>
	
	</rdf:RDF>
	</annotation>
              <listOfProducts>
          <speciesReference metaid="_68d4829d-2650-4154-8294-70c767c44105" species="cTm"/>
        </listOfProducts>
        <listOfModifiers>
          <modifierSpeciesReference metaid="_0a164ac8-16f7-4829-a660-352fe41a93a5" species="cYn"/>
          <modifierSpeciesReference metaid="_190ab020-b50c-4875-aab5-3eadfbd2436c" species="cLn"/>
        </listOfModifiers>
        <kineticLaw metaid="e3300886-4e9d-4f27-8756-05fd57e94eb6">
          <math xmlns="http://www.w3.org/1998/Math/MathML">          
            <apply>
              <times/>
              <apply>
                <divide/>
                <apply>
                  <times/>
                  <ci> compartment </ci>
                  <ci> n2 </ci>
                  <apply>
                    <power/>
                    <ci> cYn </ci>
                    <ci> b </ci>
                  </apply>
                </apply>
                <apply>
                  <plus/>
                  <apply>
                    <power/>
                    <ci> g2 </ci>
                    <ci> b </ci>
                  </apply>
                  <apply>
                    <power/>
                    <ci> cYn </ci>
                    <ci> b </ci>
                  </apply>
                </apply>
              </apply>
              <apply>
                <divide/>
                <apply>
                  <power/>
                  <ci> g3 </ci>
                  <ci> c </ci>
                </apply>
                <apply>
                  <plus/>
                  <apply>
                    <power/>
                    <ci> g3 </ci>
                    <ci> c </ci>
                  </apply>
                  <apply>
                    <power/>
                    <ci> cLn </ci>
                    <ci> c </ci>
                  </apply>
                </apply>
              </apply>
            </apply>
          </math>
                </kineticLaw>
      </reaction>
      <reaction id="reaction_7" metaid="metaid_0000131" name="cTm degradation" reversible="false" sboTerm="SBO:0000179">
        <annotation>
	<rdf:RDF xmlns:rdf="http://www.w3.org/1999/02/22-rdf-syntax-ns#" xmlns:bqmodel="http://biomodels.net/model-qualifiers/" xmlns:bqbiol="http://biomodels.net/biology-qualifiers/">
            <rdf:Description rdf:about="#metaid_0000131">
	<bqbiol:isVersionOf>
	<rdf:Bag>
	<rdf:li rdf:resource="http://identifiers.org/go/GO:0006402"/>
	</rdf:Bag>
	</bqbiol:isVersionOf>
	</rdf:Description>
	
	</rdf:RDF>
	</annotation>
              <listOfReactants>
          <speciesReference metaid="ce708932-1d66-4ba3-a72f-c18f9b51c080" species="cTm"/>
        </listOfReactants>
        <kineticLaw metaid="_769fa2a4-5115-4e39-9f78-4073ecf400d1">
          <math xmlns="http://www.w3.org/1998/Math/MathML">          
            <apply>
              <times/>
              <ci> compartment </ci>
              <apply>
                <ci> function_1 </ci>
                <ci> m4 </ci>
                <ci> cTm </ci>
                <ci> k4 </ci>
              </apply>
            </apply>
          </math>
                </kineticLaw>
      </reaction>
      <reaction id="reaction_9" metaid="metaid_0000133" name="Y protein translocation" sboTerm="SBO:0000185">
        <annotation>
	<rdf:RDF xmlns:rdf="http://www.w3.org/1999/02/22-rdf-syntax-ns#" xmlns:bqmodel="http://biomodels.net/model-qualifiers/" xmlns:bqbiol="http://biomodels.net/biology-qualifiers/">
            <rdf:Description rdf:about="#metaid_0000133">
	<bqbiol:isVersionOf>
	<rdf:Bag>
	<rdf:li rdf:resource="http://identifiers.org/go/GO:0000060"/>
	</rdf:Bag>
	</bqbiol:isVersionOf>
	</rdf:Description>
	
	</rdf:RDF>
	</annotation>
              <listOfReactants>
          <speciesReference metaid="bedf92aa-40d9-4026-98ce-f96e15ebcb6b" species="cYc"/>
        </listOfReactants>
        <listOfProducts>
          <speciesReference metaid="_0a763678-f7e6-4917-83f6-ca7d7ea33f6f" species="cYn"/>
        </listOfProducts>
        <kineticLaw metaid="_5902badc-1335-4528-960a-5ddd7f47cc73">
          <math xmlns="http://www.w3.org/1998/Math/MathML">          
            <apply>
              <times/>
              <ci> compartment </ci>
              <apply>
                <minus/>
                <apply>
                  <times/>
                  <ci> r7 </ci>
                  <ci> cYc </ci>
                </apply>
                <apply>
                  <times/>
                  <ci> r8 </ci>
                  <ci> cYn </ci>
                </apply>
              </apply>
            </apply>
          </math>
                </kineticLaw>
      </reaction>
      <reaction id="reaction_10" metaid="metaid_0000134" name="cYn degradation" reversible="false" sboTerm="SBO:0000179">
        <annotation>
	<rdf:RDF xmlns:rdf="http://www.w3.org/1999/02/22-rdf-syntax-ns#" xmlns:bqmodel="http://biomodels.net/model-qualifiers/" xmlns:bqbiol="http://biomodels.net/biology-qualifiers/">
            <rdf:Description rdf:about="#metaid_0000134">
	<bqbiol:isVersionOf>
	<rdf:Bag>
	<rdf:li rdf:resource="http://identifiers.org/go/GO:0030163"/>
	</rdf:Bag>
	</bqbiol:isVersionOf>
	</rdf:Description>
	
	</rdf:RDF>
	</annotation>
              <listOfReactants>
          <speciesReference metaid="c2074d1f-9b14-4893-94db-4b437c6ddc73" species="cYn"/>
        </listOfReactants>
        <kineticLaw metaid="a8e8f3b8-994e-4d5e-9e10-f30691a57bdb">
          <math xmlns="http://www.w3.org/1998/Math/MathML">          
            <apply>
              <times/>
              <ci> compartment </ci>
              <apply>
                <ci> function_1 </ci>
                <ci> m14 </ci>
                <ci> cYn </ci>
                <ci> k12 </ci>
              </apply>
            </apply>
          </math>
                </kineticLaw>
      </reaction>
      <reaction id="reaction_11" metaid="metaid_0000135" name="cYc translation" reversible="false" sboTerm="SBO:0000184">
        <annotation>
	<rdf:RDF xmlns:rdf="http://www.w3.org/1999/02/22-rdf-syntax-ns#" xmlns:bqmodel="http://biomodels.net/model-qualifiers/" xmlns:bqbiol="http://biomodels.net/biology-qualifiers/">
            <rdf:Description rdf:about="#metaid_0000135">
	<bqbiol:isVersionOf>
	<rdf:Bag>
	<rdf:li rdf:resource="http://identifiers.org/go/GO:0006412"/>
	</rdf:Bag>
	</bqbiol:isVersionOf>
	</rdf:Description>
	
	</rdf:RDF>
	</annotation>
              <listOfProducts>
          <speciesReference metaid="_4b82d14c-5339-48a1-a641-4f8ee43864b6" species="cYc"/>
        </listOfProducts>
        <listOfModifiers>
          <modifierSpeciesReference metaid="_60422092-515b-48bb-a274-67f6f9b108a0" species="cYm"/>
        </listOfModifiers>
        <kineticLaw metaid="ca9efc8c-6e8f-48d0-82e0-3a912d991017">
          <math xmlns="http://www.w3.org/1998/Math/MathML">          
            <apply>
              <times/>
              <ci> compartment </ci>
              <ci> p4 </ci>
              <ci> cYm </ci>
            </apply>
          </math>
                </kineticLaw>
      </reaction>
      <reaction id="reaction_12" metaid="metaid_0000136" name="cYc degradation" reversible="false" sboTerm="SBO:0000179">
        <annotation>
	<rdf:RDF xmlns:rdf="http://www.w3.org/1999/02/22-rdf-syntax-ns#" xmlns:bqmodel="http://biomodels.net/model-qualifiers/" xmlns:bqbiol="http://biomodels.net/biology-qualifiers/">
            <rdf:Description rdf:about="#metaid_0000136">
	<bqbiol:isVersionOf>
	<rdf:Bag>
	<rdf:li rdf:resource="http://identifiers.org/go/GO:0030163"/>
	</rdf:Bag>
	</bqbiol:isVersionOf>
	</rdf:Description>
	
	</rdf:RDF>
	</annotation>
              <listOfReactants>
          <speciesReference metaid="e4d4aae0-f969-486c-8605-83a7e40de0fb" species="cYc"/>
        </listOfReactants>
        <kineticLaw metaid="deb7ee46-8796-4570-9f57-a0a1975ffdef">
          <math xmlns="http://www.w3.org/1998/Math/MathML">          
            <apply>
              <times/>
              <ci> compartment </ci>
              <apply>
                <ci> function_1 </ci>
                <ci> m13 </ci>
                <ci> cYc </ci>
                <ci> k11 </ci>
              </apply>
            </apply>
          </math>
                </kineticLaw>
      </reaction>
      <reaction id="reaction_13" metaid="metaid_0000137" name="X protein translocation" sboTerm="SBO:0000185">
        <annotation>
	<rdf:RDF xmlns:rdf="http://www.w3.org/1999/02/22-rdf-syntax-ns#" xmlns:bqmodel="http://biomodels.net/model-qualifiers/" xmlns:bqbiol="http://biomodels.net/biology-qualifiers/">
            <rdf:Description rdf:about="#metaid_0000137">
	<bqbiol:isVersionOf>
	<rdf:Bag>
	<rdf:li rdf:resource="http://identifiers.org/go/GO:0000060"/>
	</rdf:Bag>
	</bqbiol:isVersionOf>
	</rdf:Description>
	
	</rdf:RDF>
	</annotation>
              <listOfReactants>
          <speciesReference metaid="_4ec1114f-01f3-4e04-97af-1b36a1d7a58e" species="cXc"/>
        </listOfReactants>
        <listOfProducts>
          <speciesReference metaid="_370d3365-6682-4ef5-8a63-8ca2e03b444d" species="cXn"/>
        </listOfProducts>
        <kineticLaw metaid="_83b7c57a-ef79-4e5a-a23f-c131ec52fc1f">
          <math xmlns="http://www.w3.org/1998/Math/MathML">          
            <apply>
              <times/>
              <ci> compartment </ci>
              <apply>
                <minus/>
                <apply>
                  <times/>
                  <ci> r5 </ci>
                  <ci> cXc </ci>
                </apply>
                <apply>
                  <times/>
                  <ci> r6 </ci>
                  <ci> cXn </ci>
                </apply>
              </apply>
            </apply>
          </math>
                </kineticLaw>
      </reaction>
      <reaction id="reaction_14" metaid="metaid_0000138" name="cXc degradation" reversible="false" sboTerm="SBO:0000179">
        <annotation>
	<rdf:RDF xmlns:rdf="http://www.w3.org/1999/02/22-rdf-syntax-ns#" xmlns:bqmodel="http://biomodels.net/model-qualifiers/" xmlns:bqbiol="http://biomodels.net/biology-qualifiers/">
            <rdf:Description rdf:about="#metaid_0000138">
	<bqbiol:isVersionOf>
	<rdf:Bag>
	<rdf:li rdf:resource="http://identifiers.org/go/GO:0030163"/>
	</rdf:Bag>
	</bqbiol:isVersionOf>
	</rdf:Description>
	
	</rdf:RDF>
	</annotation>
              <listOfReactants>
          <speciesReference metaid="_574aeefe-77f3-453b-9ec4-d0bc96450aa1" species="cXc"/>
        </listOfReactants>
        <kineticLaw metaid="_1cc7e1cf-c48a-4f35-926a-2d8e99bae766">
          <math xmlns="http://www.w3.org/1998/Math/MathML">          
            <apply>
              <times/>
              <ci> compartment </ci>
              <apply>
                <ci> function_1 </ci>
                <ci> m10 </ci>
                <ci> cXc </ci>
                <ci> k8 </ci>
              </apply>
            </apply>
          </math>
                </kineticLaw>
      </reaction>
      <reaction id="reaction_15" metaid="metaid_0000139" name="cXc translation" reversible="false" sboTerm="SBO:0000184">
        <annotation>
	<rdf:RDF xmlns:rdf="http://www.w3.org/1999/02/22-rdf-syntax-ns#" xmlns:bqmodel="http://biomodels.net/model-qualifiers/" xmlns:bqbiol="http://biomodels.net/biology-qualifiers/">
            <rdf:Description rdf:about="#metaid_0000139">
	<bqbiol:isVersionOf>
	<rdf:Bag>
	<rdf:li rdf:resource="http://identifiers.org/go/GO:0006412"/>
	</rdf:Bag>
	</bqbiol:isVersionOf>
	</rdf:Description>
	
	</rdf:RDF>
	</annotation>
              <listOfProducts>
          <speciesReference metaid="_412c4b80-6d89-402b-87df-f084ba106813" species="cXc"/>
        </listOfProducts>
        <listOfModifiers>
          <modifierSpeciesReference metaid="_316b180f-ba02-4f7e-9178-fa89683bc964" species="cXm"/>
        </listOfModifiers>
        <kineticLaw metaid="_9996877f-8078-44a9-85aa-a24230fdc4d4">
          <math xmlns="http://www.w3.org/1998/Math/MathML">          
            <apply>
              <times/>
              <ci> compartment </ci>
              <ci> p3 </ci>
              <ci> cXm </ci>
            </apply>
          </math>
                </kineticLaw>
      </reaction>
      <reaction id="reaction_16" metaid="metaid_0000140" name="cXn degradation" reversible="false" sboTerm="SBO:0000179">
        <annotation>
	<rdf:RDF xmlns:rdf="http://www.w3.org/1999/02/22-rdf-syntax-ns#" xmlns:bqmodel="http://biomodels.net/model-qualifiers/" xmlns:bqbiol="http://biomodels.net/biology-qualifiers/">
            <rdf:Description rdf:about="#metaid_0000140">
	<bqbiol:isVersionOf>
	<rdf:Bag>
	<rdf:li rdf:resource="http://identifiers.org/go/GO:0030163"/>
	</rdf:Bag>
	</bqbiol:isVersionOf>
	</rdf:Description>
	
	</rdf:RDF>
	</annotation>
              <listOfReactants>
          <speciesReference metaid="_913aa20c-33eb-40a7-a6a7-0c49cf2afbaa" species="cXn"/>
        </listOfReactants>
        <kineticLaw metaid="_45510b0e-c928-4aa0-bd41-6f4ced5441a5">
          <math xmlns="http://www.w3.org/1998/Math/MathML">          
            <apply>
              <times/>
              <ci> compartment </ci>
              <apply>
                <ci> function_1 </ci>
                <ci> m11 </ci>
                <ci> cXn </ci>
                <ci> k9 </ci>
              </apply>
            </apply>
          </math>
                </kineticLaw>
      </reaction>
      <reaction id="reaction_17" metaid="metaid_0000141" name="cAc translation" reversible="false" sboTerm="SBO:0000184">
        <annotation>
	<rdf:RDF xmlns:rdf="http://www.w3.org/1999/02/22-rdf-syntax-ns#" xmlns:bqmodel="http://biomodels.net/model-qualifiers/" xmlns:bqbiol="http://biomodels.net/biology-qualifiers/">
            <rdf:Description rdf:about="#metaid_0000141">
	<bqbiol:isVersionOf>
	<rdf:Bag>
	<rdf:li rdf:resource="http://identifiers.org/go/GO:0006412"/>
	</rdf:Bag>
	</bqbiol:isVersionOf>
	</rdf:Description>
	
	</rdf:RDF>
	</annotation>
              <listOfProducts>
          <speciesReference metaid="_69ec72d2-aaba-4bde-99bd-fb874018fb38" species="cAc"/>
        </listOfProducts>
        <listOfModifiers>
          <modifierSpeciesReference metaid="_8aca931f-4f68-4261-8077-24ea23712704" species="cAm"/>
        </listOfModifiers>
        <kineticLaw metaid="eab93a21-2a74-410a-8ce4-aaba6d6eaa2a">
          <math xmlns="http://www.w3.org/1998/Math/MathML">          
            <apply>
              <times/>
              <ci> compartment </ci>
              <ci> p6 </ci>
              <ci> cAm </ci>
            </apply>
          </math>
                </kineticLaw>
      </reaction>
      <reaction id="reaction_18" metaid="metaid_0000142" name="PPR7/9 protein translocation" sboTerm="SBO:0000185">
        <annotation>
	<rdf:RDF xmlns:rdf="http://www.w3.org/1999/02/22-rdf-syntax-ns#" xmlns:bqmodel="http://biomodels.net/model-qualifiers/" xmlns:bqbiol="http://biomodels.net/biology-qualifiers/">
            <rdf:Description rdf:about="#metaid_0000142">
	<bqbiol:isVersionOf>
	<rdf:Bag>
	<rdf:li rdf:resource="http://identifiers.org/go/GO:0000060"/>
	</rdf:Bag>
	</bqbiol:isVersionOf>
	</rdf:Description>
	
	</rdf:RDF>
	</annotation>
              <listOfReactants>
          <speciesReference metaid="_8a2631c2-da05-4ffd-b891-ff415cf11445" species="cAc"/>
        </listOfReactants>
        <listOfProducts>
          <speciesReference metaid="_52718871-4ef7-4ed2-93e6-4311710579ed" species="cAn"/>
        </listOfProducts>
        <kineticLaw metaid="_8b2fd240-a73d-4130-b4fa-b470872fa7eb">
          <math xmlns="http://www.w3.org/1998/Math/MathML">          
            <apply>
              <times/>
              <ci> compartment </ci>
              <apply>
                <minus/>
                <apply>
                  <times/>
                  <ci> r9 </ci>
                  <ci> cAc </ci>
                </apply>
                <apply>
                  <times/>
                  <ci> r10 </ci>
                  <ci> cAn </ci>
                </apply>
              </apply>
            </apply>
          </math>
                </kineticLaw>
      </reaction>
      <reaction id="reaction_19" metaid="metaid_0000143" name="cAc degradation" reversible="false" sboTerm="SBO:0000179">
        <annotation>
	<rdf:RDF xmlns:rdf="http://www.w3.org/1999/02/22-rdf-syntax-ns#" xmlns:bqmodel="http://biomodels.net/model-qualifiers/" xmlns:bqbiol="http://biomodels.net/biology-qualifiers/">
            <rdf:Description rdf:about="#metaid_0000143">
	<bqbiol:isVersionOf>
	<rdf:Bag>
	<rdf:li rdf:resource="http://identifiers.org/go/GO:0030163"/>
	</rdf:Bag>
	</bqbiol:isVersionOf>
	</rdf:Description>
	
	</rdf:RDF>
	</annotation>
              <listOfReactants>
          <speciesReference metaid="_24551c9c-9175-456f-8ff8-8f0756926284" species="cAc"/>
        </listOfReactants>
        <kineticLaw metaid="_317d545f-a67f-4971-b9fa-df1b1d8d6de3">
          <math xmlns="http://www.w3.org/1998/Math/MathML">          
            <apply>
              <times/>
              <ci> compartment </ci>
              <apply>
                <ci> function_1 </ci>
                <ci> m17 </ci>
                <ci> cAc </ci>
                <ci> k15 </ci>
              </apply>
            </apply>
          </math>
                </kineticLaw>
      </reaction>
      <reaction id="reaction_20" metaid="metaid_0000144" name="cAn degradation" reversible="false" sboTerm="SBO:0000179">
        <annotation>
	<rdf:RDF xmlns:rdf="http://www.w3.org/1999/02/22-rdf-syntax-ns#" xmlns:bqmodel="http://biomodels.net/model-qualifiers/" xmlns:bqbiol="http://biomodels.net/biology-qualifiers/">
            <rdf:Description rdf:about="#metaid_0000144">
	<bqbiol:isVersionOf>
	<rdf:Bag>
	<rdf:li rdf:resource="http://identifiers.org/go/GO:0030163"/>
	</rdf:Bag>
	</bqbiol:isVersionOf>
	</rdf:Description>
	
	</rdf:RDF>
	</annotation>
              <listOfReactants>
          <speciesReference metaid="_96ece84c-6ba6-4587-b66a-eb4ca258e46e" species="cAn"/>
        </listOfReactants>
        <kineticLaw metaid="_2aa758a7-7ad5-4e67-9050-29eca79a8674">
          <math xmlns="http://www.w3.org/1998/Math/MathML">          
            <apply>
              <times/>
              <ci> compartment </ci>
              <apply>
                <ci> function_1 </ci>
                <ci> m18 </ci>
                <ci> cAn </ci>
                <ci> k16 </ci>
              </apply>
            </apply>
          </math>
                </kineticLaw>
      </reaction>
      <reaction id="reaction_21" metaid="metaid_0000145" name="light dependent production of protein P" reversible="false" sboTerm="SBO:0000393">
        <annotation>
	<rdf:RDF xmlns:rdf="http://www.w3.org/1999/02/22-rdf-syntax-ns#" xmlns:bqmodel="http://biomodels.net/model-qualifiers/" xmlns:bqbiol="http://biomodels.net/biology-qualifiers/">
            <rdf:Description rdf:about="#metaid_0000145">
	<bqbiol:isVersionOf>
	<rdf:Bag>
	<rdf:li rdf:resource="http://identifiers.org/go/GO:0045727"/>
	</rdf:Bag>
	</bqbiol:isVersionOf>
	</rdf:Description>
	
	</rdf:RDF>
	</annotation>
              <listOfProducts>
          <speciesReference metaid="b08d8568-410d-406c-8972-e0d4c2c65f9d" species="cPn"/>
        </listOfProducts>
        <kineticLaw metaid="_9c209bd1-a748-4a5c-95d0-8b2a108fb85d">
          <math xmlns="http://www.w3.org/1998/Math/MathML">          
            <apply>
              <times/>
              <apply>
                <minus/>
                <cn type="integer"> 1 </cn>
                <ci> light </ci>
              </apply>
              <ci> p5 </ci>
              <ci> compartment </ci>
            </apply>
          </math>
                </kineticLaw>
      </reaction>
      <reaction id="reaction_22" metaid="metaid_0000146" name="light activation protein P degradation" reversible="false" sboTerm="SBO:0000179">
        <annotation>
	<rdf:RDF xmlns:rdf="http://www.w3.org/1999/02/22-rdf-syntax-ns#" xmlns:bqmodel="http://biomodels.net/model-qualifiers/" xmlns:bqbiol="http://biomodels.net/biology-qualifiers/">
            <rdf:Description rdf:about="#metaid_0000146">
	<bqbiol:isVersionOf>
	<rdf:Bag>
	<rdf:li rdf:resource="http://identifiers.org/go/GO:0030163"/>
	</rdf:Bag>
	</bqbiol:isVersionOf>
	</rdf:Description>
	
	</rdf:RDF>
	</annotation>
              <listOfReactants>
          <speciesReference metaid="_77ee2198-a515-4b0b-8da6-6f314ab3033b" species="cPn"/>
        </listOfReactants>
        <kineticLaw metaid="_82c64cf9-f981-4495-8b8e-3f35fd00d0aa">
          <math xmlns="http://www.w3.org/1998/Math/MathML">          
            <apply>
              <times/>
              <ci> q3 </ci>
              <ci> light </ci>
              <ci> cPn </ci>
              <ci> compartment </ci>
            </apply>
          </math>
                </kineticLaw>
      </reaction>
      <reaction id="reaction_23" metaid="metaid_0000147" name="cPn degradation" reversible="false" sboTerm="SBO:0000179">
        <annotation>
	<rdf:RDF xmlns:rdf="http://www.w3.org/1999/02/22-rdf-syntax-ns#" xmlns:bqmodel="http://biomodels.net/model-qualifiers/" xmlns:bqbiol="http://biomodels.net/biology-qualifiers/">
            <rdf:Description rdf:about="#metaid_0000147">
	<bqbiol:isVersionOf>
	<rdf:Bag>
	<rdf:li rdf:resource="http://identifiers.org/go/GO:0030163"/>
	</rdf:Bag>
	</bqbiol:isVersionOf>
	</rdf:Description>
	
	</rdf:RDF>
	</annotation>
              <listOfReactants>
          <speciesReference metaid="_2824a79f-8f28-44c9-b30d-d748f9ea2c48" species="cPn"/>
        </listOfReactants>
        <kineticLaw metaid="cccd788a-544a-4088-9143-daad39e78ab3">
          <math xmlns="http://www.w3.org/1998/Math/MathML">          
            <apply>
              <divide/>
              <apply>
                <times/>
                <ci> compartment </ci>
                <ci> m15 </ci>
                <ci> cPn </ci>
              </apply>
              <apply>
                <plus/>
                <ci> k13 </ci>
                <ci> cPn </ci>
              </apply>
            </apply>
          </math>
                </kineticLaw>
      </reaction>
      <reaction id="reaction_25" metaid="metaid_0000149" name="light activation of cAm transcription" reversible="false" sboTerm="SBO:0000183">
        <annotation>
	<rdf:RDF xmlns:rdf="http://www.w3.org/1999/02/22-rdf-syntax-ns#" xmlns:bqmodel="http://biomodels.net/model-qualifiers/" xmlns:bqbiol="http://biomodels.net/biology-qualifiers/">
            <rdf:Description rdf:about="#metaid_0000149">
	<bqbiol:isVersionOf>
	<rdf:Bag>
	<rdf:li rdf:resource="http://identifiers.org/go/GO:0006351"/>
	</rdf:Bag>
	</bqbiol:isVersionOf>
	</rdf:Description>
	
	</rdf:RDF>
	</annotation>
              <listOfProducts>
          <speciesReference metaid="_14b862c7-f93b-4bd7-9bc0-13e6b079e074" species="cAm"/>
        </listOfProducts>
        <listOfModifiers>
          <modifierSpeciesReference metaid="fe781201-b59d-4e46-800d-fcaf6f5e7060" species="cPn"/>
        </listOfModifiers>
        <kineticLaw metaid="_553f5aae-acc9-44f0-ad5a-92bc76ca0e68">
          <math xmlns="http://www.w3.org/1998/Math/MathML">          
            <apply>
              <times/>
              <ci> light </ci>
              <ci> q4 </ci>
              <ci> cPn </ci>
              <ci> compartment </ci>
            </apply>
          </math>
                </kineticLaw>
      </reaction>
      <reaction id="reaction_26" metaid="metaid_0000150" name="light independent cAm transcription" reversible="false" sboTerm="SBO:0000183">
        <annotation>
	<rdf:RDF xmlns:rdf="http://www.w3.org/1999/02/22-rdf-syntax-ns#" xmlns:bqmodel="http://biomodels.net/model-qualifiers/" xmlns:bqbiol="http://biomodels.net/biology-qualifiers/">
            <rdf:Description rdf:about="#metaid_0000150">
	<bqbiol:isVersionOf>
	<rdf:Bag>
	<rdf:li rdf:resource="http://identifiers.org/go/GO:0006351"/>
	</rdf:Bag>
	</bqbiol:isVersionOf>
	</rdf:Description>
	
	</rdf:RDF>
	</annotation>
              <listOfProducts>
          <speciesReference metaid="_1a33fdec-7cba-405e-bfea-aab14ed54e1a" species="cAm"/>
        </listOfProducts>
        <listOfModifiers>
          <modifierSpeciesReference metaid="_632641d3-d506-441b-915c-570fff88c96a" species="cLn"/>
        </listOfModifiers>
        <kineticLaw metaid="fcc2cbf4-922d-460f-b5b9-42abbb22bbca">
          <math xmlns="http://www.w3.org/1998/Math/MathML">          
            <apply>
              <divide/>
              <apply>
                <times/>
                <ci> compartment </ci>
                <ci> n6 </ci>
                <apply>
                  <power/>
                  <ci> cLn </ci>
                  <ci> g </ci>
                </apply>
              </apply>
              <apply>
                <plus/>
                <apply>
                  <power/>
                  <ci> g7 </ci>
                  <ci> g </ci>
                </apply>
                <apply>
                  <power/>
                  <ci> cLn </ci>
                  <ci> g </ci>
                </apply>
              </apply>
            </apply>
          </math>
                </kineticLaw>
      </reaction>
      <reaction id="reaction_27" metaid="metaid_0000151" name="cAm degradation" reversible="false" sboTerm="SBO:0000179">
        <annotation>
	<rdf:RDF xmlns:rdf="http://www.w3.org/1999/02/22-rdf-syntax-ns#" xmlns:bqmodel="http://biomodels.net/model-qualifiers/" xmlns:bqbiol="http://biomodels.net/biology-qualifiers/">
            <rdf:Description rdf:about="#metaid_0000151">
	<bqbiol:isVersionOf>
	<rdf:Bag>
	<rdf:li rdf:resource="http://identifiers.org/go/GO:0006402"/>
	</rdf:Bag>
	</bqbiol:isVersionOf>
	</rdf:Description>
	
	</rdf:RDF>
	</annotation>
              <listOfReactants>
          <speciesReference metaid="_6219abbe-c967-41a8-a6bf-3b6cb7d48627" species="cAm"/>
        </listOfReactants>
        <kineticLaw metaid="_546694bd-4135-4a27-8dc4-a01454ee9b8d">
          <math xmlns="http://www.w3.org/1998/Math/MathML">          
            <apply>
              <divide/>
              <apply>
                <times/>
                <ci> compartment </ci>
                <ci> m16 </ci>
                <ci> cAm </ci>
              </apply>
              <apply>
                <plus/>
                <ci> k14 </ci>
                <ci> cAm </ci>
              </apply>
            </apply>
          </math>
                </kineticLaw>
      </reaction>
      <reaction id="reaction_28" metaid="metaid_0000152" name="cXm transcription" reversible="false" sboTerm="SBO:0000183">
        <annotation>
	<rdf:RDF xmlns:rdf="http://www.w3.org/1999/02/22-rdf-syntax-ns#" xmlns:bqmodel="http://biomodels.net/model-qualifiers/" xmlns:bqbiol="http://biomodels.net/biology-qualifiers/">
            <rdf:Description rdf:about="#metaid_0000152">
	<bqbiol:isVersionOf>
	<rdf:Bag>
	<rdf:li rdf:resource="http://identifiers.org/go/GO:0006351"/>
	</rdf:Bag>
	</bqbiol:isVersionOf>
	</rdf:Description>
	
	</rdf:RDF>
	</annotation>
              <listOfProducts>
          <speciesReference metaid="d8725981-e8ad-4b04-a3f2-d3f11057a418" species="cXm"/>
        </listOfProducts>
        <listOfModifiers>
          <modifierSpeciesReference metaid="_81117e3f-f0ff-4c5a-af0f-ca3787255578" species="cTn"/>
        </listOfModifiers>
        <kineticLaw metaid="fe71f536-da5a-498a-8a88-e3a8d3fb12be">
          <math xmlns="http://www.w3.org/1998/Math/MathML">          
            <apply>
              <divide/>
              <apply>
                <times/>
                <ci> compartment </ci>
                <ci> n3 </ci>
                <apply>
                  <power/>
                  <ci> cTn </ci>
                  <ci> d </ci>
                </apply>
              </apply>
              <apply>
                <plus/>
                <apply>
                  <power/>
                  <ci> g4 </ci>
                  <ci> d </ci>
                </apply>
                <apply>
                  <power/>
                  <ci> cTn </ci>
                  <ci> d </ci>
                </apply>
              </apply>
            </apply>
          </math>
                </kineticLaw>
      </reaction>
      <reaction id="reaction_29" metaid="metaid_0000153" name="cXm degradation" reversible="false" sboTerm="SBO:0000179">
        <annotation>
	<rdf:RDF xmlns:rdf="http://www.w3.org/1999/02/22-rdf-syntax-ns#" xmlns:bqmodel="http://biomodels.net/model-qualifiers/" xmlns:bqbiol="http://biomodels.net/biology-qualifiers/">
            <rdf:Description rdf:about="#metaid_0000153">
	<bqbiol:isVersionOf>
	<rdf:Bag>
	<rdf:li rdf:resource="http://identifiers.org/go/GO:0006402"/>
	</rdf:Bag>
	</bqbiol:isVersionOf>
	</rdf:Description>
	
	</rdf:RDF>
	</annotation>
              <listOfReactants>
          <speciesReference metaid="_527ef965-5087-4cc0-a4c6-6e4a95922312" species="cXm"/>
        </listOfReactants>
        <kineticLaw metaid="_78b9d47f-012f-437e-919f-65ec004b45cc">
          <math xmlns="http://www.w3.org/1998/Math/MathML">          
            <apply>
              <divide/>
              <apply>
                <times/>
                <ci> compartment </ci>
                <ci> m9 </ci>
                <ci> cXm </ci>
              </apply>
              <apply>
                <plus/>
                <ci> k7 </ci>
                <ci> cXm </ci>
              </apply>
            </apply>
          </math>
                </kineticLaw>
      </reaction>
      <reaction id="reaction_30" metaid="metaid_0000154" name="cTc translation" reversible="false" sboTerm="SBO:0000184">
        <annotation>
	<rdf:RDF xmlns:rdf="http://www.w3.org/1999/02/22-rdf-syntax-ns#" xmlns:bqmodel="http://biomodels.net/model-qualifiers/" xmlns:bqbiol="http://biomodels.net/biology-qualifiers/">
            <rdf:Description rdf:about="#metaid_0000154">
	<bqbiol:isVersionOf>
	<rdf:Bag>
	<rdf:li rdf:resource="http://identifiers.org/go/GO:0006412"/>
	</rdf:Bag>
	</bqbiol:isVersionOf>
	</rdf:Description>
	
	</rdf:RDF>
	</annotation>
              <listOfProducts>
          <speciesReference metaid="_7eb85efe-36e5-47c5-aa3c-5d736927474e" species="cTc"/>
        </listOfProducts>
        <listOfModifiers>
          <modifierSpeciesReference metaid="_09e80bb1-d781-4abe-ac0c-42532dacdb71" species="cTm"/>
        </listOfModifiers>
        <kineticLaw metaid="f1a830fb-a569-4b4c-885e-1d361c9f8fe7">
          <math xmlns="http://www.w3.org/1998/Math/MathML">          
            <apply>
              <times/>
              <ci> p2 </ci>
              <ci> compartment </ci>
              <ci> cTm </ci>
            </apply>
          </math>
                </kineticLaw>
      </reaction>
      <reaction id="reaction_31" metaid="metaid_0000155" name="TOC1 protein translocation" sboTerm="SBO:0000185">
        <annotation>
	<rdf:RDF xmlns:rdf="http://www.w3.org/1999/02/22-rdf-syntax-ns#" xmlns:bqmodel="http://biomodels.net/model-qualifiers/" xmlns:bqbiol="http://biomodels.net/biology-qualifiers/">
            <rdf:Description rdf:about="#metaid_0000155">
	<bqbiol:isVersionOf>
	<rdf:Bag>
	<rdf:li rdf:resource="http://identifiers.org/go/GO:0000060"/>
	</rdf:Bag>
	</bqbiol:isVersionOf>
	</rdf:Description>
	
	</rdf:RDF>
	</annotation>
              <listOfReactants>
          <speciesReference metaid="_016be725-8afe-46e1-9c1c-fcb9c489efd6" species="cTc"/>
        </listOfReactants>
        <listOfProducts>
          <speciesReference metaid="_411e3cba-0b6c-4e99-ad81-aa9e68ab501a" species="cTn"/>
        </listOfProducts>
        <kineticLaw metaid="b0ef4b2b-d53f-4294-af61-b0ee1f0ec112">
          <math xmlns="http://www.w3.org/1998/Math/MathML">          
            <apply>
              <times/>
              <ci> compartment </ci>
              <apply>
                <plus/>
                <apply>
                  <times/>
                  <apply>
                    <minus/>
                    <ci> r4 </ci>
                  </apply>
                  <ci> cTn </ci>
                </apply>
                <apply>
                  <times/>
                  <ci> r3 </ci>
                  <ci> cTc </ci>
                </apply>
              </apply>
            </apply>
          </math>
                </kineticLaw>
      </reaction>
      <reaction id="reaction_32" metaid="metaid_0000156" name="light activation degradation of cTc" reversible="false" sboTerm="SBO:0000179">
        <annotation>
	<rdf:RDF xmlns:rdf="http://www.w3.org/1999/02/22-rdf-syntax-ns#" xmlns:bqmodel="http://biomodels.net/model-qualifiers/" xmlns:bqbiol="http://biomodels.net/biology-qualifiers/">
            <rdf:Description rdf:about="#metaid_0000156">
              <bqbiol:isVersionOf>
	<rdf:Bag>
	<rdf:li rdf:resource="http://identifiers.org/go/GO:0030163"/>
	</rdf:Bag>
	</bqbiol:isVersionOf>
	
	<bqbiol:isVersionOf>
	<rdf:Bag>
	<rdf:li rdf:resource="http://identifiers.org/go/GO:0045732"/>
	</rdf:Bag>
	</bqbiol:isVersionOf>
	</rdf:Description>
	
	</rdf:RDF>
	</annotation>
              <listOfReactants>
          <speciesReference metaid="_908bdba5-2fc9-4c25-b820-9622bf433ffd" species="cTc"/>
        </listOfReactants>
        <kineticLaw metaid="_3398a18f-e882-41fd-a852-282ad4f21b8a">
          <math xmlns="http://www.w3.org/1998/Math/MathML">          
            <apply>
              <divide/>
              <apply>
                <times/>
                <ci> compartment </ci>
                <apply>
                  <minus/>
                  <cn type="integer"> 1 </cn>
                  <ci> light </ci>
                </apply>
                <ci> m5 </ci>
                <ci> cTc </ci>
              </apply>
              <apply>
                <plus/>
                <ci> k5 </ci>
                <ci> cTc </ci>
              </apply>
            </apply>
          </math>
                </kineticLaw>
      </reaction>
      <reaction id="reaction_33" metaid="metaid_0000157" name="light independent degradation of cTc" reversible="false" sboTerm="SBO:0000179">
        <annotation>
	<rdf:RDF xmlns:rdf="http://www.w3.org/1999/02/22-rdf-syntax-ns#" xmlns:bqmodel="http://biomodels.net/model-qualifiers/" xmlns:bqbiol="http://biomodels.net/biology-qualifiers/">
            <rdf:Description rdf:about="#metaid_0000157">
	<bqbiol:isVersionOf>
	<rdf:Bag>
	<rdf:li rdf:resource="http://identifiers.org/go/GO:0030163"/>
	</rdf:Bag>
	</bqbiol:isVersionOf>
	</rdf:Description>
	
	</rdf:RDF>
	</annotation>
              <listOfReactants>
          <speciesReference metaid="_37c1496f-9a00-4f78-ab49-5a4b4d608108" species="cTc"/>
        </listOfReactants>
        <kineticLaw metaid="_9d746775-d186-4699-b115-49592af86a92">
          <math xmlns="http://www.w3.org/1998/Math/MathML">          
            <apply>
              <divide/>
              <apply>
                <times/>
                <ci> m6 </ci>
                <ci> compartment </ci>
                <ci> cTc </ci>
              </apply>
              <apply>
                <plus/>
                <ci> k5 </ci>
                <ci> cTc </ci>
              </apply>
            </apply>
          </math>
                </kineticLaw>
      </reaction>
      <reaction id="reaction_34" metaid="metaid_0000158" name="light activation degradation of cTn" reversible="false" sboTerm="SBO:0000179">
        <annotation>
	<rdf:RDF xmlns:rdf="http://www.w3.org/1999/02/22-rdf-syntax-ns#" xmlns:bqmodel="http://biomodels.net/model-qualifiers/" xmlns:bqbiol="http://biomodels.net/biology-qualifiers/">
            <rdf:Description rdf:about="#metaid_0000158">
	<bqbiol:isVersionOf>
	<rdf:Bag>
	<rdf:li rdf:resource="http://identifiers.org/go/GO:0030163"/>
	</rdf:Bag>
	</bqbiol:isVersionOf>
	</rdf:Description>
	
	</rdf:RDF>
	</annotation>
              <listOfReactants>
          <speciesReference metaid="ecf2de34-72c2-4c2d-88b7-c6dbe4c27425" species="cTn"/>
        </listOfReactants>
        <kineticLaw metaid="_493e89ff-0cf9-4e47-92ad-ca236b7f4f74">
          <math xmlns="http://www.w3.org/1998/Math/MathML">          
            <apply>
              <divide/>
              <apply>
                <times/>
                <ci> compartment </ci>
                <apply>
                  <minus/>
                  <cn type="integer"> 1 </cn>
                  <ci> light </ci>
                </apply>
                <ci> m7 </ci>
                <ci> cTn </ci>
              </apply>
              <apply>
                <plus/>
                <ci> k6 </ci>
                <ci> cTn </ci>
              </apply>
            </apply>
          </math>
                </kineticLaw>
      </reaction>
      <reaction id="reaction_38" metaid="metaid_0000159" name="light independent degradation cTn" reversible="false" sboTerm="SBO:0000179">
        <annotation>
	<rdf:RDF xmlns:rdf="http://www.w3.org/1999/02/22-rdf-syntax-ns#" xmlns:bqmodel="http://biomodels.net/model-qualifiers/" xmlns:bqbiol="http://biomodels.net/biology-qualifiers/">
            <rdf:Description rdf:about="#metaid_0000159">
	<bqbiol:isVersionOf>
	<rdf:Bag>
	<rdf:li rdf:resource="http://identifiers.org/go/GO:0030163"/>
	</rdf:Bag>
	</bqbiol:isVersionOf>
	</rdf:Description>
	
	</rdf:RDF>
	</annotation>
              <listOfReactants>
          <speciesReference metaid="b8c972a2-92b3-4540-9273-c6fb0845809b" species="cTn"/>
        </listOfReactants>
        <kineticLaw metaid="a167a3cc-d0fe-45b6-be37-7ea5adcfc6e3">
          <math xmlns="http://www.w3.org/1998/Math/MathML">          
            <apply>
              <divide/>
              <apply>
                <times/>
                <ci> m8 </ci>
                <ci> compartment </ci>
                <ci> cTn </ci>
              </apply>
              <apply>
                <plus/>
                <ci> k6 </ci>
                <ci> cTn </ci>
              </apply>
            </apply>
          </math>
                </kineticLaw>
      </reaction>
      <reaction id="reaction_39" metaid="metaid_0000160" name="cYm transcription" reversible="false" sboTerm="SBO:0000183">
        <annotation>
	<rdf:RDF xmlns:rdf="http://www.w3.org/1999/02/22-rdf-syntax-ns#" xmlns:bqmodel="http://biomodels.net/model-qualifiers/" xmlns:bqbiol="http://biomodels.net/biology-qualifiers/">
            <rdf:Description rdf:about="#metaid_0000160">
	<bqbiol:isVersionOf>
	<rdf:Bag>
	<rdf:li rdf:resource="http://identifiers.org/go/GO:0006351"/>
	</rdf:Bag>
	</bqbiol:isVersionOf>
	</rdf:Description>
	
	</rdf:RDF>
	</annotation>
              <listOfProducts>
          <speciesReference metaid="_2508d335-66f4-4dee-b49d-f41f3b0e029a" species="cYm"/>
        </listOfProducts>
        <listOfModifiers>
          <modifierSpeciesReference metaid="_9828ac2d-201c-495d-9b7b-40e522a0a888" species="cTn"/>
          <modifierSpeciesReference metaid="a1f2a4ab-f4f3-4edf-a522-274264cf4a6d" species="cLn"/>
          <modifierSpeciesReference metaid="_51e69aa6-11d8-4f3f-9d78-785f59758410" species="cPn"/>
        </listOfModifiers>
        <kineticLaw metaid="_4838a6d0-6f28-44af-8985-5c32efe8accf">
          <math xmlns="http://www.w3.org/1998/Math/MathML">          
            <apply>
              <times/>
              <ci> compartment </ci>
              <apply>
                <plus/>
                <apply>
                  <times/>
                  <ci> light </ci>
                  <ci> q2 </ci>
                  <ci> cPn </ci>
                </apply>
                <apply>
                  <divide/>
                  <apply>
                    <times/>
                    <apply>
                      <plus/>
                      <apply>
                        <times/>
                        <ci> light </ci>
                        <ci> n4 </ci>
                      </apply>
                      <ci> n5 </ci>
                    </apply>
                    <apply>
                      <power/>
                      <ci> g5 </ci>
                      <ci> e </ci>
                    </apply>
                  </apply>
                  <apply>
                    <plus/>
                    <apply>
                      <power/>
                      <ci> g5 </ci>
                      <ci> e </ci>
                    </apply>
                    <apply>
                      <power/>
                      <ci> cTn </ci>
                      <ci> e </ci>
                    </apply>
                  </apply>
                </apply>
              </apply>
              <apply>
                <divide/>
                <apply>
                  <power/>
                  <ci> g6 </ci>
                  <ci> f </ci>
                </apply>
                <apply>
                  <plus/>
                  <apply>
                    <power/>
                    <ci> g6 </ci>
                    <ci> f </ci>
                  </apply>
                  <apply>
                    <power/>
                    <ci> cLn </ci>
                    <ci> f </ci>
                  </apply>
                </apply>
              </apply>
            </apply>
          </math>
                </kineticLaw>
      </reaction>
      <reaction id="reaction_40" metaid="metaid_0000161" name="cYm degradation" reversible="false" sboTerm="SBO:0000179">
        <annotation>
	<rdf:RDF xmlns:rdf="http://www.w3.org/1999/02/22-rdf-syntax-ns#" xmlns:bqmodel="http://biomodels.net/model-qualifiers/" xmlns:bqbiol="http://biomodels.net/biology-qualifiers/">
            <rdf:Description rdf:about="#metaid_0000161">
	<bqbiol:isVersionOf>
	<rdf:Bag>
	<rdf:li rdf:resource="http://identifiers.org/go/GO:0006402"/>
	</rdf:Bag>
	</bqbiol:isVersionOf>
	</rdf:Description>
	
	</rdf:RDF>
	</annotation>
              <listOfReactants>
          <speciesReference metaid="b817ac57-59b1-4d7c-8bac-7078eb7f875b" species="cYm"/>
        </listOfReactants>
        <kineticLaw metaid="f488dbc9-b1d0-4a22-8521-b08d4427e891">
          <math xmlns="http://www.w3.org/1998/Math/MathML">          
            <apply>
              <divide/>
              <apply>
                <times/>
                <ci> compartment </ci>
                <ci> m12 </ci>
                <ci> cYm </ci>
              </apply>
              <apply>
                <plus/>
                <ci> k10 </ci>
                <ci> cYm </ci>
              </apply>
            </apply>
          </math>
                </kineticLaw>
      </reaction>
    </listOfReactions>
  </model>
</sbml>
