<?xml version="1.0" encoding="UTF-8" standalone="no"?>
<sbml xmlns="http://www.sbml.org/sbml/level2/version3" level="2" metaid="_55667754_36ed_4b00_b683_6791cfca84f3" version="3">
  <model id="Akman2008_Circadian_Clock_Model1" metaid="_008455" name="Akman2008_Circadian_Clock_Model1">
    <notes>
      <body xmlns="http://www.w3.org/1999/xhtml">
        <p>This a model from the article:      <br/>
                <strong>Isoform switching facilitates period control in the Neurospora crassa circadian clock.</strong>
                <br/>
          Akman OE, Locke JC, Tang S, Carré I, Millar AJ, Rand DA      <em>Mol. Syst. Biol.</em>
          2008;Vol 4: 164      <a href="http://www.ncbi.nlm.nih.gov/pubmed/18277380">18277380</a>
          ,      <br/>
                <strong>Abstract:</strong>
                <br/>
          A striking and defining feature of circadian clocks is the small variation in period over a physiological range of temperatures. This is referred to as temperature compensation, although recent work has suggested that the variation observed is a specific, adaptive control of period. Moreover, given that many biological rate constants have a Q(10) of around 2, it is remarkable that such clocks remain rhythmic under significant temperature changes. We introduce a new mathematical model for the Neurospora crassa circadian network incorporating experimental work showing that temperature alters the balance of translation between a short and long form of the FREQUENCY (FRQ) protein. This is used to discuss period control and functionality for the Neurospora system. The model reproduces a broad range of key experimental data on temperature dependence and rhythmicity, both in wild-type and mutant strains. We present a simple mechanism utilising the presence of the FRQ isoforms (isoform switching) by which period control could have evolved, and argue that this regulatory structure may also increase the temperature range where the clock is robustly rhythmic.      </p>
            <p>This model originates from BioModels Database: A Database of Annotated Published Models (http://www.ebi.ac.uk/biomodels/). It is copyright (c) 2005-2011 The BioModels.net Team.      <br/>
          For more information see the      <a href="http://www.ebi.ac.uk/biomodels/legal.html" target="_blank">terms of use</a>
          .      <br/>
          To cite BioModels Database, please use:      <a href="http://www.ncbi.nlm.nih.gov/pubmed/20587024" target="_blank">Li C, Donizelli M, Rodriguez N, Dharuri H, Endler L, Chelliah V, Li L, He E, Henry A, Stefan MI, Snoep JL, Hucka M, Le Novère N, Laibe C (2010) BioModels Database: An enhanced, curated and annotated resource for published quantitative kinetic models. BMC Syst Biol., 4:92.</a>
                </p>
            </body>
      
    </notes>
    <annotation>
	<rdf:RDF xmlns:rdf="http://www.w3.org/1999/02/22-rdf-syntax-ns#" xmlns:dc="http://purl.org/dc/elements/1.1/" xmlns:vCard="http://www.w3.org/2001/vcard-rdf/3.0#" xmlns:dcterms="http://purl.org/dc/terms/" xmlns:bqmodel="http://biomodels.net/model-qualifiers/" xmlns:bqbiol="http://biomodels.net/biology-qualifiers/">
        <rdf:Description rdf:about="#_008455">
	<dc:creator>
	<rdf:Bag>
	<rdf:li rdf:parseType="Resource">
	<vCard:N rdf:parseType="Resource">
	<vCard:Family>Chelliah</vCard:Family>
	<vCard:Given>Vijayalakshmi</vCard:Given>
	</vCard:N>
	<vCard:EMAIL>viji@ebi.ac.uk</vCard:EMAIL>
	<vCard:ORG rdf:parseType="Resource">
	<vCard:Orgname>EMBL-EBI</vCard:Orgname>
	</vCard:ORG>
	</rdf:li>
	<rdf:li rdf:parseType="Resource">
	<vCard:N rdf:parseType="Resource">
	<vCard:Family>Akman</vCard:Family>
	<vCard:Given>Ozgur</vCard:Given>
	</vCard:N>
	<vCard:EMAIL>oakman@staffmail.ed.ac.uk</vCard:EMAIL>
	<vCard:ORG rdf:parseType="Resource">
	<vCard:Orgname>Centre for Systems Biology at Edinburgh, The University of Edinburgh, Edinburgh, UK</vCard:Orgname>
	</vCard:ORG>
	</rdf:li>
	</rdf:Bag>
	</dc:creator>
	<dcterms:created rdf:parseType="Resource">
	<dcterms:W3CDTF>2008-12-03T12:40:08Z</dcterms:W3CDTF>
	</dcterms:created>
	<dcterms:modified rdf:parseType="Resource">
	<dcterms:W3CDTF>2015-02-25T13:50:18Z</dcterms:W3CDTF>
	</dcterms:modified>
	<bqmodel:is>
	<rdf:Bag>
	<rdf:li rdf:resource="http://identifiers.org/biomodels.db/MODEL8306248909"/>
	</rdf:Bag>
	</bqmodel:is>
	<bqmodel:is>
	<rdf:Bag>
	<rdf:li rdf:resource="http://identifiers.org/biomodels.db/BIOMD0000000295"/>
	</rdf:Bag>
	</bqmodel:is>
	<bqmodel:isDescribedBy>
	<rdf:Bag>
	<rdf:li rdf:resource="http://identifiers.org/pubmed/18277380"/>
	</rdf:Bag>
	</bqmodel:isDescribedBy>
	<bqmodel:isDerivedFrom>
	<rdf:Bag>
	<rdf:li rdf:resource="http://identifiers.org/biomodels.db/BIOMD0000000299"/>
	</rdf:Bag>
	</bqmodel:isDerivedFrom>
	<bqbiol:hasTaxon>
	<rdf:Bag>
	<rdf:li rdf:resource="http://identifiers.org/taxonomy/5141"/>
	</rdf:Bag>
	</bqbiol:hasTaxon>
	<bqbiol:isVersionOf>
	<rdf:Bag>
	<rdf:li rdf:resource="http://identifiers.org/go/GO:0042752"/>
	</rdf:Bag>
	</bqbiol:isVersionOf>
	</rdf:Description>
	
	</rdf:RDF>
	</annotation>
      <listOfCompartments>
      <compartment id="nucleus" metaid="_008456" name="nucleus" sboTerm="SBO:0000290" size="1">
        <annotation>
	<rdf:RDF xmlns:rdf="http://www.w3.org/1999/02/22-rdf-syntax-ns#" xmlns:bqmodel="http://biomodels.net/model-qualifiers/" xmlns:bqbiol="http://biomodels.net/biology-qualifiers/">
            <rdf:Description rdf:about="#_008456">
	<bqbiol:isVersionOf>
	<rdf:Bag>
	<rdf:li rdf:resource="http://identifiers.org/go/GO:0005634"/>
	</rdf:Bag>
	</bqbiol:isVersionOf>
	</rdf:Description>
	
	</rdf:RDF>
	</annotation>
            </compartment>
      <compartment id="cytoplasm" metaid="_108456" name="cytoplasm" sboTerm="SBO:0000290" size="1">
        <annotation>
	<rdf:RDF xmlns:rdf="http://www.w3.org/1999/02/22-rdf-syntax-ns#" xmlns:bqmodel="http://biomodels.net/model-qualifiers/" xmlns:bqbiol="http://biomodels.net/biology-qualifiers/">
            <rdf:Description rdf:about="#_108456">
	<bqbiol:isVersionOf>
	<rdf:Bag>
	<rdf:li rdf:resource="http://identifiers.org/go/GO:0005737"/>
	</rdf:Bag>
	</bqbiol:isVersionOf>
	</rdf:Description>
	
	</rdf:RDF>
	</annotation>
            </compartment>
    </listOfCompartments>
    <listOfSpecies>
      <species compartment="cytoplasm" id="FC" initialConcentration="2.46246334204771" metaid="_008458" name="FC" sboTerm="SBO:0000245">
        <annotation>
	<rdf:RDF xmlns:rdf="http://www.w3.org/1999/02/22-rdf-syntax-ns#" xmlns:bqmodel="http://biomodels.net/model-qualifiers/" xmlns:bqbiol="http://biomodels.net/biology-qualifiers/">
            <rdf:Description rdf:about="#_008458">
	<bqbiol:isVersionOf>
	<rdf:Bag>
	<rdf:li rdf:resource="http://identifiers.org/uniprot/P19970"/>
	</rdf:Bag>
	</bqbiol:isVersionOf>
	</rdf:Description>
	
	</rdf:RDF>
	</annotation>
            </species>
      <species compartment="cytoplasm" id="FCp" initialConcentration="2.7123114824279" metaid="_008460" name="FCp" sboTerm="SBO:0000245">
        <annotation>
	<rdf:RDF xmlns:rdf="http://www.w3.org/1999/02/22-rdf-syntax-ns#" xmlns:bqmodel="http://biomodels.net/model-qualifiers/" xmlns:bqbiol="http://biomodels.net/biology-qualifiers/">
            <rdf:Description rdf:about="#_008460">
	<bqbiol:isVersionOf>
	<rdf:Bag>
	<rdf:li rdf:resource="http://identifiers.org/uniprot/P19970"/>
	</rdf:Bag>
	</bqbiol:isVersionOf>
	</rdf:Description>
	
	</rdf:RDF>
	</annotation>
            </species>
      <species compartment="nucleus" id="FN" initialConcentration="1.84400040515923" metaid="_008462" name="FN" sboTerm="SBO:0000245">
        <annotation>
	<rdf:RDF xmlns:rdf="http://www.w3.org/1999/02/22-rdf-syntax-ns#" xmlns:bqmodel="http://biomodels.net/model-qualifiers/" xmlns:bqbiol="http://biomodels.net/biology-qualifiers/">
            <rdf:Description rdf:about="#_008462">
	<bqbiol:isVersionOf>
	<rdf:Bag>
	<rdf:li rdf:resource="http://identifiers.org/uniprot/P19970"/>
	</rdf:Bag>
	</bqbiol:isVersionOf>
	</rdf:Description>
	
	</rdf:RDF>
	</annotation>
            </species>
      <species compartment="nucleus" id="FNp" initialConcentration="2.74224951500791" metaid="_008464" name="FNp" sboTerm="SBO:0000245">
        <annotation>
	<rdf:RDF xmlns:rdf="http://www.w3.org/1999/02/22-rdf-syntax-ns#" xmlns:bqmodel="http://biomodels.net/model-qualifiers/" xmlns:bqbiol="http://biomodels.net/biology-qualifiers/">
            <rdf:Description rdf:about="#_008464">
	<bqbiol:isVersionOf>
	<rdf:Bag>
	<rdf:li rdf:resource="http://identifiers.org/uniprot/P19970"/>
	</rdf:Bag>
	</bqbiol:isVersionOf>
	</rdf:Description>
	
	</rdf:RDF>
	</annotation>
            </species>
      <species compartment="nucleus" id="MF" initialConcentration="0.725579308537909" metaid="_008466" name="MF" sboTerm="SBO:0000278">
        <annotation>
	<rdf:RDF xmlns:rdf="http://www.w3.org/1999/02/22-rdf-syntax-ns#" xmlns:bqmodel="http://biomodels.net/model-qualifiers/" xmlns:bqbiol="http://biomodels.net/biology-qualifiers/">
            <rdf:Description rdf:about="#_008466">
	<bqbiol:encodes>
	<rdf:Bag>
	<rdf:li rdf:resource="http://identifiers.org/uniprot/P19970"/>
	</rdf:Bag>
	</bqbiol:encodes>
	</rdf:Description>
	
	</rdf:RDF>
	</annotation>
            </species>
    </listOfSpecies>
    <listOfParameters>
      <parameter id="vs" metaid="_008483" name="vs" sboTerm="SBO:0000186" value="1.2236333742524"/>
      <parameter id="ki" metaid="_008485" name="ki" sboTerm="SBO:0000009" value="5.04543346939346"/>
      <parameter id="n" metaid="_008487" name="n" sboTerm="SBO:0000190" value="6.3958"/>
      <parameter id="vm" metaid="_008489" name="vm" sboTerm="SBO:0000186" value="0.885376326739544"/>
      <parameter id="km" metaid="_008491" name="km" sboTerm="SBO:0000027" value="0.0846004096489894"/>
      <parameter id="ks" metaid="_008493" name="ks" sboTerm="SBO:0000009" value="0.313846476998244"/>
      <parameter id="vd" metaid="_008495" name="vd" sboTerm="SBO:0000009" value="0.161111487362275"/>
      <parameter id="k1n" metaid="_008497" name="k1n" sboTerm="SBO:0000027" value="0.222636680929471"/>
      <parameter id="k2n" metaid="_008499" name="k2n" sboTerm="SBO:0000027" value="0.331484503209686"/>
      <parameter id="ksp" metaid="_008501" name="ksp" sboTerm="SBO:0000009" value="0.294840169149965"/>
      <parameter id="vdp" metaid="_008503" name="vdp" sboTerm="SBO:0000009" value="0.139750313979272"/>
      <parameter id="k1np" metaid="_008505" name="k1np" sboTerm="SBO:0000009" value="0.272306464006464"/>
      <parameter id="k2np" metaid="_008507" name="k2np" sboTerm="SBO:0000009" value="0.295420749525813"/>
      <parameter id="amp" metaid="_008509" name="amp" sboTerm="SBO:0000492" value="0"/>
      <parameter id="dawn" metaid="_008511" name="dawn" sboTerm="SBO:0000002" value="6"/>
      <parameter id="dusk" metaid="_008513" name="dusk" sboTerm="SBO:0000002" value="18"/>
      <parameter constant="false" id="Tot_FRQ" metaid="_108513" name="Tot_FRQ"/>
    </listOfParameters>
    <listOfRules>
      <assignmentRule metaid="metaid_0000550" variable="Tot_FRQ">
        <math xmlns="http://www.w3.org/1998/Math/MathML">        
          <apply>
            <plus/>
            <ci> FC </ci>
            <ci> FCp </ci>
            <ci> FN </ci>
            <ci> FNp </ci>
          </apply>
        </math>
            </assignmentRule>
    </listOfRules>
    <listOfReactions>
      <reaction id="MFtrn" metaid="_008468" name="MFtrn" reversible="false" sboTerm="SBO:0000183">
        <annotation>
	<rdf:RDF xmlns:rdf="http://www.w3.org/1999/02/22-rdf-syntax-ns#" xmlns:bqmodel="http://biomodels.net/model-qualifiers/" xmlns:bqbiol="http://biomodels.net/biology-qualifiers/">
            <rdf:Description rdf:about="#_008468">
	<bqbiol:isVersionOf>
	<rdf:Bag>
	<rdf:li rdf:resource="http://identifiers.org/go/GO:0006351"/>
	</rdf:Bag>
	</bqbiol:isVersionOf>
	</rdf:Description>
	
	</rdf:RDF>
	</annotation>
              <listOfProducts>
          <speciesReference metaid="b751c290_dbd1_465c_9e52_76c8cd72b8a0" species="MF"/>
        </listOfProducts>
        <listOfModifiers>
          <modifierSpeciesReference metaid="_820f7d26_4383_4fc0_ab35_c7cdf50e0af8" species="FN"/>
          <modifierSpeciesReference metaid="_26d05b47_98fe_45da_9b4d_7c8d8785a5fc" species="FNp"/>
        </listOfModifiers>
        <kineticLaw metaid="_802b2f57_b1ed_40fd_be57_c84812c4e4cf">
          <math xmlns="http://www.w3.org/1998/Math/MathML">          
            <apply>
              <divide/>
              <apply>
                <times/>
                <apply>
                  <plus/>
                  <ci> vs </ci>
                  <apply>
                    <times/>
                    <ci> amp </ci>
                    <apply>
                      <divide/>
                      <apply>
                        <times/>
                        <apply>
                          <plus/>
                          <cn type="integer"> 1 </cn>
                          <apply>
                            <tanh/>
                            <apply>
                              <times/>
                              <cn type="integer"> 2 </cn>
                              <apply>
                                <minus/>
                                <apply>
                                  <minus/>
                                  <csymbol encoding="text" definitionURL="http://www.sbml.org/sbml/symbols/time"> time </csymbol>
                                  <apply>
                                    <times/>
                                    <cn type="integer"> 24 </cn>
                                    <apply>
                                      <floor/>
                                      <apply>
                                        <divide/>
                                        <csymbol encoding="text" definitionURL="http://www.sbml.org/sbml/symbols/time"> time </csymbol>
                                        <cn type="integer"> 24 </cn>
                                      </apply>
                                    </apply>
                                  </apply>
                                </apply>
                                <ci> dawn </ci>
                              </apply>
                            </apply>
                          </apply>
                        </apply>
                        <apply>
                          <minus/>
                          <cn type="integer"> 1 </cn>
                          <apply>
                            <tanh/>
                            <apply>
                              <times/>
                              <cn type="integer"> 2 </cn>
                              <apply>
                                <minus/>
                                <apply>
                                  <minus/>
                                  <csymbol encoding="text" definitionURL="http://www.sbml.org/sbml/symbols/time"> time </csymbol>
                                  <apply>
                                    <times/>
                                    <cn type="integer"> 24 </cn>
                                    <apply>
                                      <floor/>
                                      <apply>
                                        <divide/>
                                        <csymbol encoding="text" definitionURL="http://www.sbml.org/sbml/symbols/time"> time </csymbol>
                                        <cn type="integer"> 24 </cn>
                                      </apply>
                                    </apply>
                                  </apply>
                                </apply>
                                <ci> dusk </ci>
                              </apply>
                            </apply>
                          </apply>
                        </apply>
                      </apply>
                      <cn type="integer"> 4 </cn>
                    </apply>
                  </apply>
                </apply>
                <apply>
                  <power/>
                  <ci> ki </ci>
                  <ci> n </ci>
                </apply>
              </apply>
              <apply>
                <plus/>
                <apply>
                  <power/>
                  <ci> ki </ci>
                  <ci> n </ci>
                </apply>
                <apply>
                  <power/>
                  <apply>
                    <plus/>
                    <ci> FN </ci>
                    <ci> FNp </ci>
                  </apply>
                  <ci> n </ci>
                </apply>
              </apply>
            </apply>
          </math>
                </kineticLaw>
      </reaction>
      <reaction id="MFdeg" metaid="_008470" name="MFdeg" reversible="false" sboTerm="SBO:0000179">
        <annotation>
	<rdf:RDF xmlns:rdf="http://www.w3.org/1999/02/22-rdf-syntax-ns#" xmlns:bqmodel="http://biomodels.net/model-qualifiers/" xmlns:bqbiol="http://biomodels.net/biology-qualifiers/">
            <rdf:Description rdf:about="#_008470">
	<bqbiol:isVersionOf>
	<rdf:Bag>
	<rdf:li rdf:resource="http://identifiers.org/go/GO:0009056"/>
	</rdf:Bag>
	</bqbiol:isVersionOf>
	</rdf:Description>
	
	</rdf:RDF>
	</annotation>
              <listOfReactants>
          <speciesReference metaid="_20a7a505_fcce_4403_9c7f_e2a6d5e83db0" species="MF"/>
        </listOfReactants>
        <kineticLaw metaid="c8521ed8_a374_4a81_9931_3d4372833ac1">
          <math xmlns="http://www.w3.org/1998/Math/MathML">          
            <apply>
              <divide/>
              <apply>
                <times/>
                <ci> vm </ci>
                <ci> MF </ci>
              </apply>
              <apply>
                <plus/>
                <ci> km </ci>
                <ci> MF </ci>
              </apply>
            </apply>
          </math>
                </kineticLaw>
      </reaction>
      <reaction id="FCtrl" metaid="_008472" name="FCtrl" reversible="false" sboTerm="SBO:0000184">
        <annotation>
	<rdf:RDF xmlns:rdf="http://www.w3.org/1999/02/22-rdf-syntax-ns#" xmlns:bqmodel="http://biomodels.net/model-qualifiers/" xmlns:bqbiol="http://biomodels.net/biology-qualifiers/">
            <rdf:Description rdf:about="#_008472">
	<bqbiol:isVersionOf>
	<rdf:Bag>
	<rdf:li rdf:resource="http://identifiers.org/go/GO:0006412"/>
	</rdf:Bag>
	</bqbiol:isVersionOf>
	</rdf:Description>
	
	</rdf:RDF>
	</annotation>
              <listOfProducts>
          <speciesReference metaid="dfb76075_1878_4a56_b06d_b4dcfb740314" species="FC"/>
        </listOfProducts>
        <listOfModifiers>
          <modifierSpeciesReference metaid="e0791559_5330_4226_a36c_1d5b93ce2ec6" species="MF"/>
        </listOfModifiers>
        <kineticLaw metaid="_562a87bb_8930_4479_be5b_358d2455e7bb">
          <math xmlns="http://www.w3.org/1998/Math/MathML">          
            <apply>
              <times/>
              <ci> ks </ci>
              <ci> MF </ci>
            </apply>
          </math>
                </kineticLaw>
      </reaction>
      <reaction id="FCdeg" metaid="_008474" name="FCdeg" reversible="false" sboTerm="SBO:0000179">
        <annotation>
	<rdf:RDF xmlns:rdf="http://www.w3.org/1999/02/22-rdf-syntax-ns#" xmlns:bqmodel="http://biomodels.net/model-qualifiers/" xmlns:bqbiol="http://biomodels.net/biology-qualifiers/">
            <rdf:Description rdf:about="#_008474">
	<bqbiol:isVersionOf>
	<rdf:Bag>
	<rdf:li rdf:resource="http://identifiers.org/go/GO:0009056"/>
	</rdf:Bag>
	</bqbiol:isVersionOf>
	</rdf:Description>
	
	</rdf:RDF>
	</annotation>
              <listOfReactants>
          <speciesReference metaid="c1b6fca4_6794_4a2f_89c6_3532a66229ba" species="FC"/>
        </listOfReactants>
        <kineticLaw metaid="_28e2750e_f785_4c35_8469_46f0b6e29a86">
          <math xmlns="http://www.w3.org/1998/Math/MathML">          
            <apply>
              <times/>
              <ci> vd </ci>
              <ci> FC </ci>
            </apply>
          </math>
                </kineticLaw>
      </reaction>
      <reaction id="FCtrs" metaid="_008476" name="FCtrs" sboTerm="SBO:0000185">
        <annotation>
	<rdf:RDF xmlns:rdf="http://www.w3.org/1999/02/22-rdf-syntax-ns#" xmlns:bqmodel="http://biomodels.net/model-qualifiers/" xmlns:bqbiol="http://biomodels.net/biology-qualifiers/">
            <rdf:Description rdf:about="#_008476">
	<bqbiol:isVersionOf>
	<rdf:Bag>
	<rdf:li rdf:resource="http://identifiers.org/go/GO:0006810"/>
	</rdf:Bag>
	</bqbiol:isVersionOf>
	</rdf:Description>
	
	</rdf:RDF>
	</annotation>
              <listOfReactants>
          <speciesReference metaid="_79fd751f_6550_473b_9d40_b4092814f315" species="FC"/>
        </listOfReactants>
        <listOfProducts>
          <speciesReference metaid="cd078995_79c5_4ce1_87b5_464bef5ede17" species="FN"/>
        </listOfProducts>
        <kineticLaw metaid="f83feed9_2783_442d_8c17_c0440676342b">
          <math xmlns="http://www.w3.org/1998/Math/MathML">          
            <apply>
              <minus/>
              <apply>
                <times/>
                <ci> k1n </ci>
                <ci> FC </ci>
              </apply>
              <apply>
                <times/>
                <ci> k2n </ci>
                <ci> FN </ci>
              </apply>
            </apply>
          </math>
                </kineticLaw>
      </reaction>
      <reaction id="FCptrl" metaid="_008478" name="FCptrl" reversible="false" sboTerm="SBO:0000184">
        <annotation>
	<rdf:RDF xmlns:rdf="http://www.w3.org/1999/02/22-rdf-syntax-ns#" xmlns:bqmodel="http://biomodels.net/model-qualifiers/" xmlns:bqbiol="http://biomodels.net/biology-qualifiers/">
            <rdf:Description rdf:about="#_008478">
	<bqbiol:isVersionOf>
	<rdf:Bag>
	<rdf:li rdf:resource="http://identifiers.org/go/GO:0006412"/>
	</rdf:Bag>
	</bqbiol:isVersionOf>
	</rdf:Description>
	
	</rdf:RDF>
	</annotation>
              <listOfProducts>
          <speciesReference metaid="ae474451_736f_42de_8802_fc40aafa63cf" species="FCp"/>
        </listOfProducts>
        <listOfModifiers>
          <modifierSpeciesReference metaid="_166ed0e7_c183_4d71_869f_994d25dedc4e" species="MF"/>
        </listOfModifiers>
        <kineticLaw metaid="c15f2cc5_2f46_4d23_871b_13da6dfa5f64">
          <math xmlns="http://www.w3.org/1998/Math/MathML">          
            <apply>
              <times/>
              <ci> ksp </ci>
              <ci> MF </ci>
            </apply>
          </math>
                </kineticLaw>
      </reaction>
      <reaction id="FCpdeg" metaid="_008480" name="FCpdeg" reversible="false" sboTerm="SBO:0000179">
        <annotation>
	<rdf:RDF xmlns:rdf="http://www.w3.org/1999/02/22-rdf-syntax-ns#" xmlns:bqmodel="http://biomodels.net/model-qualifiers/" xmlns:bqbiol="http://biomodels.net/biology-qualifiers/">
            <rdf:Description rdf:about="#_008480">
	<bqbiol:isVersionOf>
	<rdf:Bag>
	<rdf:li rdf:resource="http://identifiers.org/go/GO:0009056"/>
	</rdf:Bag>
	</bqbiol:isVersionOf>
	</rdf:Description>
	
	</rdf:RDF>
	</annotation>
              <listOfReactants>
          <speciesReference metaid="d8b4cf5e_fd22_488d_a016_741cab3d5cdb" species="FCp"/>
        </listOfReactants>
        <kineticLaw metaid="_92d0ac92_fc92_4688_b64e_8ddea5a792a6">
          <math xmlns="http://www.w3.org/1998/Math/MathML">          
            <apply>
              <times/>
              <ci> vdp </ci>
              <ci> FCp </ci>
            </apply>
          </math>
                </kineticLaw>
      </reaction>
      <reaction id="FCptrs" metaid="_008482" name="FCptrs" sboTerm="SBO:0000185">
        <annotation>
	<rdf:RDF xmlns:rdf="http://www.w3.org/1999/02/22-rdf-syntax-ns#" xmlns:bqmodel="http://biomodels.net/model-qualifiers/" xmlns:bqbiol="http://biomodels.net/biology-qualifiers/">
            <rdf:Description rdf:about="#_008482">
	<bqbiol:isVersionOf>
	<rdf:Bag>
	<rdf:li rdf:resource="http://identifiers.org/go/GO:0006810"/>
	</rdf:Bag>
	</bqbiol:isVersionOf>
	</rdf:Description>
	
	</rdf:RDF>
	</annotation>
              <listOfReactants>
          <speciesReference metaid="a588a8e8_29d1_4a17_a403_a9fcac488422" species="FCp"/>
        </listOfReactants>
        <listOfProducts>
          <speciesReference metaid="_6839a73c_9447_424e_ad4f_5390e001460e" species="FNp"/>
        </listOfProducts>
        <kineticLaw metaid="_2dc9f1a0_9e50_4340_898e_36810d797645">
          <math xmlns="http://www.w3.org/1998/Math/MathML">          
            <apply>
              <minus/>
              <apply>
                <times/>
                <ci> k1np </ci>
                <ci> FCp </ci>
              </apply>
              <apply>
                <times/>
                <ci> k2np </ci>
                <ci> FNp </ci>
              </apply>
            </apply>
          </math>
                </kineticLaw>
      </reaction>
    </listOfReactions>
  </model>
</sbml>
