<?xml version="1.0" encoding="UTF-8" standalone="no"?>
<sbml xmlns="http://www.sbml.org/sbml/level2/version4" level="2" metaid="_2b77ca5a_b3a0_40c5_b7d9_afae298fe6a1" version="4">
  <model id="MODEL1308080005" metaid="aa6b300c_07e2_4a8c_8e11_20a678377fc7" name="Cao2013 - Application of ABSIS method in the bistable Schlögl model">
    <annotation>
	<rdf:RDF xmlns:rdf="http://www.w3.org/1999/02/22-rdf-syntax-ns#" xmlns:dc="http://purl.org/dc/elements/1.1/" xmlns:vCard="http://www.w3.org/2001/vcard-rdf/3.0#" xmlns:dcterms="http://purl.org/dc/terms/" xmlns:bqmodel="http://biomodels.net/model-qualifiers/" xmlns:bqbiol="http://biomodels.net/biology-qualifiers/">
        <rdf:Description rdf:about="#aa6b300c_07e2_4a8c_8e11_20a678377fc7">
	<dc:creator>
	<rdf:Bag>
	<rdf:li rdf:parseType="Resource">
	<vCard:N rdf:parseType="Resource">
	<vCard:Family>Chelliah</vCard:Family>
	<vCard:Given>Vijayalakshmi</vCard:Given>
	</vCard:N>
	<vCard:EMAIL>viji@ebi.ac.uk</vCard:EMAIL>
	<vCard:ORG rdf:parseType="Resource">
	<vCard:Orgname>EMBL-EBI</vCard:Orgname>
	</vCard:ORG>
	</rdf:li>
	<rdf:li rdf:parseType="Resource">
	<vCard:N rdf:parseType="Resource">
	<vCard:Family>Cao</vCard:Family>
	<vCard:Given>Youfang</vCard:Given>
	</vCard:N>
	<vCard:EMAIL>youfang@uic.edu</vCard:EMAIL>
	<vCard:ORG rdf:parseType="Resource">
	<vCard:Orgname>University of Illinois at Chicago</vCard:Orgname>
	</vCard:ORG>
	</rdf:li>
	</rdf:Bag>
	</dc:creator>
	<dcterms:created rdf:parseType="Resource">
	<dcterms:W3CDTF>2013-09-23T12:04:17Z</dcterms:W3CDTF>
	</dcterms:created>
	<dcterms:modified rdf:parseType="Resource">
	<dcterms:W3CDTF>2014-04-04T16:05:23Z</dcterms:W3CDTF>
	</dcterms:modified>
	<bqmodel:is>
	<rdf:Bag>
	<rdf:li rdf:resource="http://identifiers.org/biomodels.db/MODEL1308080005"/>
	</rdf:Bag>
	</bqmodel:is>
	<bqmodel:is>
	<rdf:Bag>
	<rdf:li rdf:resource="http://identifiers.org/biomodels.db/BIOMD0000000485"/>
	</rdf:Bag>
	</bqmodel:is>
	<bqmodel:isDescribedBy>
	<rdf:Bag>
	<rdf:li rdf:resource="http://identifiers.org/pubmed/23862966"/>
	</rdf:Bag>
	</bqmodel:isDescribedBy>
	<bqmodel:isDerivedFrom>
	<rdf:Bag>
	<rdf:li rdf:resource="http://identifiers.org/doi/10.1007/BF01379769"/>
	</rdf:Bag>
	</bqmodel:isDerivedFrom>
	<bqbiol:hasTaxon>
	<rdf:Bag>
	<rdf:li rdf:resource="http://identifiers.org/taxonomy/131567"/>
	</rdf:Bag>
	</bqbiol:hasTaxon>
	<bqbiol:isVersionOf>
	<rdf:Bag>
	<rdf:li rdf:resource="http://identifiers.org/go/GO:0003824"/>
	</rdf:Bag>
	</bqbiol:isVersionOf>
	<bqbiol:hasProperty>
	<rdf:Bag>
	<rdf:li rdf:resource="http://identifiers.org/mamo/MAMO_0000046"/>
	</rdf:Bag>
	</bqbiol:hasProperty>
	</rdf:Description>
	
	</rdf:RDF>
	</annotation>
      <listOfCompartments>
      <compartment id="default" metaid="_2ccd5426_b62d_4746_9779_3b0013a497ab" sboTerm="SBO:0000290" size="1"/>
    </listOfCompartments>
    <listOfSpecies>
      <species compartment="default" id="X" initialAmount="1" metaid="_4c594196_525a_441b_907e_6b0ddd7b358f" name="X" sboTerm="SBO:0000285"/>
      <species compartment="default" id="ES" initialAmount="1" metaid="d9fa4d56_8f40_4620_9581_4bef1cb52c66" name="ES" sboTerm="SBO:0000285"/>
    </listOfSpecies>
    <listOfParameters>
      <parameter id="k1" metaid="d33cc391_f79c_4faa_8034_6f8db9478437" value="3"/>
      <parameter id="k2" metaid="_89c30d8e_8a6f_493e_9c50_7d8dd64e9328" value="0.6"/>
      <parameter id="k3" metaid="abf387fd_b6a0_45b8_8e8f_f978e0239eab" value="0.25"/>
      <parameter id="k4" metaid="a64fbe73_3a36_490b_93ab_645c43ce2834" value="2.95"/>
      <parameter id="A" metaid="_75b35e8f_8be8_419e_af8e_228bb0dd62e7" value="1"/>
      <parameter id="B" metaid="db9638a5_6476_40e5_9cd7_93088e962115" value="2"/>
      <parameter id="V" metaid="c2f01c5d_2ad6_4d0f_9fee_c7ca0984c43e" value="25"/>
      <parameter id="value" metaid="_9bc1be22_e1d1_4696_ac52_037d52eedb28" value="1"/>
    </listOfParameters>
    <listOfReactions>
      <reaction id="Reaction1" metaid="_45359f71_11bb_49c9_8a70_c234789a48a7" reversible="false">
        <listOfReactants>
          <speciesReference metaid="_38de35c4_1202_4b96_b7ec_63444dd8a139" species="ES"/>
        </listOfReactants>
        <listOfProducts>
          <speciesReference metaid="_7f1f9a4d_1ec2_4878_9046_c8e88360a883" species="X"/>
        </listOfProducts>
        <listOfModifiers>
          <modifierSpeciesReference metaid="_172feb8b_e03e_41bf_8c3f_0398f0fd45d5" species="X"/>
          <modifierSpeciesReference metaid="bbe52395_c7a9_4877_8764_4d47e9ef755b" species="X"/>
          <modifierSpeciesReference metaid="d50b161b_342c_487e_8ad9_328201778a5b" species="X"/>
        </listOfModifiers>
        <kineticLaw metaid="a5876ec1_5c2b_4753_92c9_73dc28f539a5">
          <math xmlns="http://www.w3.org/1998/Math/MathML">          
            <apply>
              <divide/>
              <apply>
                <times/>
                <ci> default </ci>
                <ci> k1 </ci>
                <ci> A </ci>
                <ci> X </ci>
                <apply>
                  <minus/>
                  <ci> X </ci>
                  <cn> 1 </cn>
                </apply>
              </apply>
              <ci> V </ci>
            </apply>
          </math>
                </kineticLaw>
      </reaction>
      <reaction id="Reaction2" metaid="_9b4788eb_9033_478d_86ba_b5e41dfa7508" reversible="false">
        <listOfReactants>
          <speciesReference metaid="_5cc34ea7_bf26_4c8f_b38e_f492424aa24c" species="X"/>
        </listOfReactants>
        <listOfProducts>
          <speciesReference metaid="ee8ca767_1ac5_4afc_ba4a_301e4748f675" species="ES"/>
        </listOfProducts>
        <listOfModifiers>
          <modifierSpeciesReference metaid="_2673a659_2b1d_4a50_b65b_5bc28fd60f5c" species="X"/>
          <modifierSpeciesReference metaid="e239b60a_8011_4359_bf85_832384f74a0e" species="X"/>
          <modifierSpeciesReference metaid="eacfa1b4_9271_4cf1_ab39_f978b63cb676" species="X"/>
        </listOfModifiers>
        <kineticLaw metaid="_64b05296_0a02_4fa4_b781_4a936b59b114">
          <math xmlns="http://www.w3.org/1998/Math/MathML">          
            <apply>
              <divide/>
              <apply>
                <times/>
                <ci> default </ci>
                <apply>
                  <divide/>
                  <ci> k2 </ci>
                  <cn> 1 </cn>
                </apply>
                <ci> X </ci>
                <apply>
                  <minus/>
                  <ci> X </ci>
                  <cn> 1 </cn>
                </apply>
                <apply>
                  <minus/>
                  <ci> X </ci>
                  <cn> 2 </cn>
                </apply>
              </apply>
              <apply>
                <power/>
                <ci> V </ci>
                <cn> 2 </cn>
              </apply>
            </apply>
          </math>
                </kineticLaw>
      </reaction>
      <reaction id="Reaction6" metaid="f2a11a34_6cff_4227_949d_86b38901252b" reversible="false">
        <listOfReactants>
          <speciesReference metaid="a667ebbf_b9ee_44a0_a4f6_a694db307fb5" species="ES"/>
        </listOfReactants>
        <listOfProducts>
          <speciesReference metaid="f2382ec6_98c8_4dcd_a379_982ff5af40b8" species="X"/>
        </listOfProducts>
        <kineticLaw metaid="_209d3c3e_b41e_4f40_84b4_04604bf09b28">
          <math xmlns="http://www.w3.org/1998/Math/MathML">          
            <apply>
              <times/>
              <ci> default </ci>
              <ci> k3 </ci>
              <ci> B </ci>
              <ci> V </ci>
            </apply>
          </math>
                </kineticLaw>
      </reaction>
      <reaction id="Reaction7" metaid="_17590eb2_1077_4da6_96d1_f13b9a0a710f" reversible="false">
        <listOfReactants>
          <speciesReference metaid="_4b19fd0c_f462_4a58_8f2c_41bfff60815e" species="X"/>
        </listOfReactants>
        <listOfProducts>
          <speciesReference metaid="f7ead6ca_46ac_4b6d_9466_840464fe028e" species="ES"/>
        </listOfProducts>
        <listOfModifiers>
          <modifierSpeciesReference metaid="ed5d0fc2_adfe_44fc_ae99_eedd7f335cb4" species="X"/>
        </listOfModifiers>
        <kineticLaw metaid="_3bf60323_9790_4218_bec8_518587309023">
          <math xmlns="http://www.w3.org/1998/Math/MathML">          
            <apply>
              <times/>
              <ci> default </ci>
              <ci> k4 </ci>
              <ci> X </ci>
            </apply>
          </math>
                </kineticLaw>
      </reaction>
    </listOfReactions>
  </model>
</sbml>
