<?xml version="1.0" encoding="UTF-8" standalone="no"?>
<sbml xmlns="http://www.sbml.org/sbml/level2/version4" level="2" metaid="_88b88d37_92fd_4f5c_bf4a_db5b22bb01d4" version="4">
  <model id="MODEL1308080004" metaid="_68dad3c4_21ac_4051_9d4d_cfc88ad279ff" name="Cao2013 - Application of ABSIS method in birth-death process">
    <annotation>
	<rdf:RDF xmlns:rdf="http://www.w3.org/1999/02/22-rdf-syntax-ns#" xmlns:dc="http://purl.org/dc/elements/1.1/" xmlns:vCard="http://www.w3.org/2001/vcard-rdf/3.0#" xmlns:dcterms="http://purl.org/dc/terms/" xmlns:bqmodel="http://biomodels.net/model-qualifiers/" xmlns:bqbiol="http://biomodels.net/biology-qualifiers/">
        <rdf:Description rdf:about="#_68dad3c4_21ac_4051_9d4d_cfc88ad279ff">
	<dc:creator>
	<rdf:Bag>
	<rdf:li rdf:parseType="Resource">
	<vCard:N rdf:parseType="Resource">
	<vCard:Family>Juty</vCard:Family>
	<vCard:Given>Nick</vCard:Given>
	</vCard:N>
	<vCard:EMAIL>juty@ebi.ac.uk</vCard:EMAIL>
	<vCard:ORG rdf:parseType="Resource">
	<vCard:Orgname>EMBL-EBI</vCard:Orgname>
	</vCard:ORG>
	</rdf:li>
	
	<rdf:li rdf:parseType="Resource">
	<vCard:N rdf:parseType="Resource">
	<vCard:Family>Cao</vCard:Family>
	<vCard:Given>Youfang</vCard:Given>
	</vCard:N>
	<vCard:EMAIL>youfang@uic.edu</vCard:EMAIL>
	<vCard:ORG rdf:parseType="Resource">
	<vCard:Orgname>University of Illinois at Chicago</vCard:Orgname>
	</vCard:ORG>
	</rdf:li>
	<rdf:li rdf:parseType="Resource">
	<vCard:N rdf:parseType="Resource">
	<vCard:Family>Chelliah</vCard:Family>
	<vCard:Given>Vijayalakshmi</vCard:Given>
	</vCard:N>
	<vCard:EMAIL>viji@ebi.ac.uk</vCard:EMAIL>
	<vCard:ORG rdf:parseType="Resource">
	<vCard:Orgname>EMBL-EBI</vCard:Orgname>
	</vCard:ORG>
	</rdf:li>
	</rdf:Bag>
	</dc:creator>
	<dcterms:created rdf:parseType="Resource">
	<dcterms:W3CDTF>2013-09-23T12:03:19Z</dcterms:W3CDTF>
	</dcterms:created>
	<dcterms:modified rdf:parseType="Resource">
	<dcterms:W3CDTF>2014-04-28T15:57:32Z</dcterms:W3CDTF>
	</dcterms:modified>
	<bqmodel:is>
	<rdf:Bag>
	<rdf:li rdf:resource="http://identifiers.org/biomodels.db/MODEL1308080004"/>
	</rdf:Bag>
	</bqmodel:is>
	<bqmodel:is>
	<rdf:Bag>
	<rdf:li rdf:resource="http://identifiers.org/biomodels.db/BIOMD0000000484"/>
	</rdf:Bag>
	</bqmodel:is>
	<bqmodel:isDescribedBy>
	<rdf:Bag>
	<rdf:li rdf:resource="http://identifiers.org/pubmed/23862966"/>
	</rdf:Bag>
	</bqmodel:isDescribedBy>
	<bqmodel:isDerivedFrom>
	<rdf:Bag>
	<rdf:li rdf:resource="http://identifiers.org/pubmed/21054005"/>
	<rdf:li rdf:resource="http://identifiers.org/pubmed/21280690"/>
	</rdf:Bag>
	</bqmodel:isDerivedFrom>
	<bqbiol:hasTaxon>
	<rdf:Bag>
	<rdf:li rdf:resource="http://identifiers.org/taxonomy/131567"/>
	</rdf:Bag>
	</bqbiol:hasTaxon>
	<bqbiol:isVersionOf>
	<rdf:Bag>
	<rdf:li rdf:resource="http://identifiers.org/go/GO:0040008"/>
	</rdf:Bag>
	</bqbiol:isVersionOf>
	<bqbiol:hasProperty>
	<rdf:Bag>
	<rdf:li rdf:resource="http://identifiers.org/mamo/MAMO_0000046"/>
	</rdf:Bag>
	</bqbiol:hasProperty>
	</rdf:Description>
	
	</rdf:RDF>
	</annotation>
      <listOfCompartments>
      <compartment id="default" metaid="_7f192d1a_62f3_4146_b68f_fc25512dbb09" sboTerm="SBO:0000290" size="1"/>
    </listOfCompartments>
    <listOfSpecies>
      <species charge="0" compartment="default" id="S" initialAmount="0" metaid="_4923c21a_e20a_4f3f_b02b_b87b6ba3bd85" name="S" sboTerm="SBO:0000285"/>
      <species charge="0" compartment="default" id="ES" initialAmount="0" metaid="c9838957_c24c_4a84_a032_a071b8be0a07" name="ES" sboTerm="SBO:0000285"/>
    </listOfSpecies>
    <listOfParameters>
      <parameter id="k1" metaid="_106e87f2_195f_405a_a4ce_4efa8b0b84a5" value="1"/>
      <parameter id="k2" metaid="a76df69e_28b9_4313_bf79_e813224605fa" value="0.025"/>
    </listOfParameters>
    <listOfReactions>
      <reaction fast="false" id="re2" metaid="e02b11ea_5f2d_4e1f_9a4d_b395d454ac4b" reversible="false">
        <listOfReactants>
          <speciesReference metaid="_5fb62737_0dba_406b_bfce_56d1d7998124" species="ES"/>
        </listOfReactants>
        <listOfProducts>
          <speciesReference metaid="_4413cf24_d8e1_4cc0_bd3f_8ab3527d17de" species="S"/>
        </listOfProducts>
        <kineticLaw metaid="a98e4251_223d_4570_9b34_acce63a96420">
          <math xmlns="http://www.w3.org/1998/Math/MathML">          
            <apply>
              <times/>
              <ci> default </ci>
              <ci> k1 </ci>
            </apply>
          </math>
                </kineticLaw>
      </reaction>
      <reaction fast="false" id="re12" metaid="_468f3252_9181_4056_94db_314a2f0c41c7" reversible="false">
        <listOfReactants>
          <speciesReference metaid="dc20a12d_40de_48e1_a49e_6565edb30312" species="S"/>
        </listOfReactants>
        <listOfProducts>
          <speciesReference metaid="b7cde763_8105_47cd_9e19_ea747666a521" species="ES"/>
        </listOfProducts>
        <listOfModifiers>
          <modifierSpeciesReference metaid="_3771acd6_86de_49ff_98b5_a4ae73b52db5" species="S"/>
        </listOfModifiers>
        <kineticLaw metaid="_4d870ede_6587_45ee_9489_b84fad622e9f">
          <math xmlns="http://www.w3.org/1998/Math/MathML">          
            <apply>
              <times/>
              <ci> k2 </ci>
              <ci> S </ci>
            </apply>
          </math>
                </kineticLaw>
      </reaction>
    </listOfReactions>
  </model>
</sbml>
