<?xml version="1.0" encoding="UTF-8" standalone="no"?>
<sbml xmlns="http://www.sbml.org/sbml/level2/version4" level="2" metaid="_377930" version="4">
  <model id="Model_1" metaid="_0" name="Lee2010_ThrombinActivation_OneForm_reduced">
    <annotation>
	<rdf:RDF xmlns:rdf="http://www.w3.org/1999/02/22-rdf-syntax-ns#" xmlns:dc="http://purl.org/dc/elements/1.1/" xmlns:vCard="http://www.w3.org/2001/vcard-rdf/3.0#" xmlns:dcterms="http://purl.org/dc/terms/" xmlns:bqmodel="http://biomodels.net/model-qualifiers/" xmlns:bqbiol="http://biomodels.net/biology-qualifiers/">
        <rdf:Description rdf:about="#_0">
	<dc:creator>
	<rdf:Bag>
	<rdf:li rdf:parseType="Resource">
	<vCard:N rdf:parseType="Resource">
	<vCard:Family>Schubert</vCard:Family>
	<vCard:Given>Michael</vCard:Given>
	</vCard:N>
	<vCard:EMAIL>schubert@ebi.ac.uk</vCard:EMAIL>
	<vCard:ORG rdf:parseType="Resource">
	<vCard:Orgname>EBI</vCard:Orgname>
	</vCard:ORG>
	</rdf:li>
	</rdf:Bag>
	</dc:creator>
	<dcterms:created rdf:parseType="Resource">
	<dcterms:W3CDTF>2011-08-26T16:35:05Z</dcterms:W3CDTF>
	</dcterms:created>
	<dcterms:modified rdf:parseType="Resource">
	<dcterms:W3CDTF>2014-10-09T16:58:21Z</dcterms:W3CDTF>
	</dcterms:modified>
	<bqmodel:is>
	<rdf:Bag>
	<rdf:li rdf:resource="http://identifiers.org/biomodels.db/MODEL1108260003"/>
	</rdf:Bag>
	</bqmodel:is>
	<bqmodel:is>
	<rdf:Bag>
	<rdf:li rdf:resource="http://identifiers.org/biomodels.db/BIOMD0000000357"/>
	</rdf:Bag>
	</bqmodel:is>
	<bqmodel:isDescribedBy>
	<rdf:Bag>
	<rdf:li rdf:resource="http://identifiers.org/pubmed/20435402"/>
	</rdf:Bag>
	</bqmodel:isDescribedBy>
	<bqmodel:isDerivedFrom>
	<rdf:Bag>
	<rdf:li rdf:resource="http://identifiers.org/pubmed/17726029"/>
	</rdf:Bag>
	</bqmodel:isDerivedFrom>
	<bqbiol:hasTaxon>
	<rdf:Bag>
	<rdf:li rdf:resource="http://identifiers.org/taxonomy/2759"/>
	</rdf:Bag>
	</bqbiol:hasTaxon>
	<bqbiol:isVersionOf>
	<rdf:Bag>
	<rdf:li rdf:resource="http://identifiers.org/go/GO:0007596"/>
	<rdf:li rdf:resource="http://identifiers.org/go/GO:0003804"/>
	</rdf:Bag>
	</bqbiol:isVersionOf>
	</rdf:Description>
	
	</rdf:RDF>
	</annotation>
      <listOfUnitDefinitions>
      <unitDefinition id="substance" metaid="_377942" name="substance">
        <listOfUnits>
          <unit kind="mole" metaid="_377954" scale="-6"/>
        </listOfUnits>
      </unitDefinition>
    </listOfUnitDefinitions>
    <listOfCompartments>
      <compartment id="compartment" metaid="_30" name="compartment" size="1"/>
    </listOfCompartments>
    <listOfSpecies>
      <species compartment="compartment" id="E" initialConcentration="0.00015" metaid="_1" name="E">
        <annotation>
	<rdf:RDF xmlns:rdf="http://www.w3.org/1999/02/22-rdf-syntax-ns#" xmlns:bqmodel="http://biomodels.net/model-qualifiers/" xmlns:bqbiol="http://biomodels.net/biology-qualifiers/">
            <rdf:Description rdf:about="#_1">
	<bqbiol:isVersionOf>
	<rdf:Bag>
	<rdf:li rdf:resource="http://identifiers.org/pr/PR:000007294"/>
	</rdf:Bag>
	</bqbiol:isVersionOf>
	</rdf:Description>
	
	</rdf:RDF>
	</annotation>
            </species>
      <species compartment="compartment" id="E_P_1" initialConcentration="0" metaid="_2" name="E_P_1">
        <annotation>
	<rdf:RDF xmlns:rdf="http://www.w3.org/1999/02/22-rdf-syntax-ns#" xmlns:bqmodel="http://biomodels.net/model-qualifiers/" xmlns:bqbiol="http://biomodels.net/biology-qualifiers/">
            <rdf:Description rdf:about="#_2">
	<bqbiol:hasPart>
	<rdf:Bag>
	<rdf:li rdf:resource="http://identifiers.org/pr/PR:000007294"/>
	<rdf:li rdf:resource="http://identifiers.org/pr/PR:000007299"/>
	</rdf:Bag>
	</bqbiol:hasPart>
	</rdf:Description>
	
	</rdf:RDF>
	</annotation>
            </species>
      <species compartment="compartment" id="P" initialConcentration="1" metaid="_3" name="P">
        <annotation>
	<rdf:RDF xmlns:rdf="http://www.w3.org/1999/02/22-rdf-syntax-ns#" xmlns:bqmodel="http://biomodels.net/model-qualifiers/" xmlns:bqbiol="http://biomodels.net/biology-qualifiers/">
            <rdf:Description rdf:about="#_3">
	<bqbiol:isVersionOf>
	<rdf:Bag>
	<rdf:li rdf:resource="http://identifiers.org/pr/PR:000007299"/>
	</rdf:Bag>
	</bqbiol:isVersionOf>
	</rdf:Description>
	
	</rdf:RDF>
	</annotation>
            </species>
      <species compartment="compartment" id="M" initialConcentration="0" metaid="_4" name="M">
        <annotation>
	<rdf:RDF xmlns:rdf="http://www.w3.org/1999/02/22-rdf-syntax-ns#" xmlns:bqmodel="http://biomodels.net/model-qualifiers/" xmlns:bqbiol="http://biomodels.net/biology-qualifiers/">
            <rdf:Description rdf:about="#_4">
	<bqbiol:isVersionOf>
	<rdf:Bag>
	<rdf:li rdf:resource="http://identifiers.org/pr/PR:000007299"/>
	</rdf:Bag>
	</bqbiol:isVersionOf>
	</rdf:Description>
	
	</rdf:RDF>
	</annotation>
            </species>
      <species compartment="compartment" id="E_M" initialConcentration="0" metaid="_5" name="E_M">
        <annotation>
	<rdf:RDF xmlns:rdf="http://www.w3.org/1999/02/22-rdf-syntax-ns#" xmlns:bqmodel="http://biomodels.net/model-qualifiers/" xmlns:bqbiol="http://biomodels.net/biology-qualifiers/">
            <rdf:Description rdf:about="#_5">
	<bqbiol:hasPart>
	<rdf:Bag>
	<rdf:li rdf:resource="http://identifiers.org/pr/PR:000007299"/>
	<rdf:li rdf:resource="http://identifiers.org/pr/PR:000007294"/>
	</rdf:Bag>
	</bqbiol:hasPart>
	</rdf:Description>
	
	</rdf:RDF>
	</annotation>
            </species>
      <species compartment="compartment" id="T" initialConcentration="0" metaid="_6" name="T">
        <annotation>
	<rdf:RDF xmlns:rdf="http://www.w3.org/1999/02/22-rdf-syntax-ns#" xmlns:bqmodel="http://biomodels.net/model-qualifiers/" xmlns:bqbiol="http://biomodels.net/biology-qualifiers/">
            <rdf:Description rdf:about="#_6">
	<bqbiol:isVersionOf>
	<rdf:Bag>
	<rdf:li rdf:resource="http://identifiers.org/pr/PR:000007299"/>
	</rdf:Bag>
	</bqbiol:isVersionOf>
	</rdf:Description>
	
	</rdf:RDF>
	</annotation>
            </species>
      <species compartment="compartment" id="E_P_2" initialConcentration="0" metaid="_7" name="E_P_2">
        <annotation>
	<rdf:RDF xmlns:rdf="http://www.w3.org/1999/02/22-rdf-syntax-ns#" xmlns:bqmodel="http://biomodels.net/model-qualifiers/" xmlns:bqbiol="http://biomodels.net/biology-qualifiers/">
            <rdf:Description rdf:about="#_7">
	<bqbiol:hasPart>
	<rdf:Bag>
	<rdf:li rdf:resource="http://identifiers.org/pr/PR:000007299"/>
	<rdf:li rdf:resource="http://identifiers.org/pr/PR:000007294"/>
	</rdf:Bag>
	</bqbiol:hasPart>
	</rdf:Description>
	
	</rdf:RDF>
	</annotation>
            </species>
      <species compartment="compartment" id="P2" initialConcentration="0" metaid="_8" name="P2">
        <annotation>
	<rdf:RDF xmlns:rdf="http://www.w3.org/1999/02/22-rdf-syntax-ns#" xmlns:bqmodel="http://biomodels.net/model-qualifiers/" xmlns:bqbiol="http://biomodels.net/biology-qualifiers/">
            <rdf:Description rdf:about="#_8">
	<bqbiol:hasPart>
	<rdf:Bag>
	<rdf:li rdf:resource="http://identifiers.org/pr/PR:000007299"/>
	</rdf:Bag>
	</bqbiol:hasPart>
	</rdf:Description>
	
	</rdf:RDF>
	</annotation>
            </species>
      <species compartment="compartment" id="E_P2" initialConcentration="0" metaid="_9" name="E_P2">
        <annotation>
	<rdf:RDF xmlns:rdf="http://www.w3.org/1999/02/22-rdf-syntax-ns#" xmlns:bqmodel="http://biomodels.net/model-qualifiers/" xmlns:bqbiol="http://biomodels.net/biology-qualifiers/">
            <rdf:Description rdf:about="#_9">
	<bqbiol:hasPart>
	<rdf:Bag>
	<rdf:li rdf:resource="http://identifiers.org/pr/PR:000007294"/>
	<rdf:li rdf:resource="http://identifiers.org/pr/PR:000007299"/>
	</rdf:Bag>
	</bqbiol:hasPart>
	</rdf:Description>
	
	</rdf:RDF>
	</annotation>
            </species>
    </listOfSpecies>
    <listOfParameters>
      <parameter id="k1" metaid="_18" name="k1" sboTerm="SBO:0000036" value="91.8"/>
      <parameter id="k2" metaid="_19" name="k2" sboTerm="SBO:0000035" value="82.4"/>
      <parameter id="k3a" metaid="_20" name="k3a" sboTerm="SBO:0000036" value="151.5"/>
      <parameter id="k4a" metaid="_21" name="k4a" sboTerm="SBO:0000035" value="209.9"/>
      <parameter id="k5" metaid="_22" name="k5" sboTerm="SBO:0000036" value="5.16"/>
      <parameter id="k6" metaid="_23" name="k6" sboTerm="SBO:0000035" value="32.3"/>
      <parameter id="k7a" metaid="_24" name="k7a" sboTerm="SBO:0000036" value="4.7"/>
      <parameter id="k8a" metaid="_25" name="k8a" sboTerm="SBO:0000035" value="42.6"/>
      <parameter id="j1" metaid="_26" name="j1" sboTerm="SBO:0000038" value="33.4"/>
      <parameter id="j3a" metaid="_27" name="j3a" sboTerm="SBO:0000038" value="0.185"/>
      <parameter id="j5" metaid="_28" name="j5" sboTerm="SBO:0000038" value="21.8"/>
      <parameter id="j7a" metaid="_29" name="j7a" sboTerm="SBO:0000038" value="2.66E-5"/>
    </listOfParameters>
    <listOfReactions>
      <reaction id="r1" metaid="_10" name="r1">
        <listOfReactants>
          <speciesReference metaid="_377966" sboTerm="SBO:0000010" species="E"/>
          <speciesReference metaid="_377979" sboTerm="SBO:0000010" species="P"/>
        </listOfReactants>
        <listOfProducts>
          <speciesReference metaid="_377991" sboTerm="SBO:0000011" species="E_P_1"/>
        </listOfProducts>
        <kineticLaw metaid="_378003" sboTerm="SBO:0000101">
          <math xmlns="http://www.w3.org/1998/Math/MathML">          
            <apply>
              <times/>
              <ci> compartment </ci>
              <apply>
                <minus/>
                <apply>
                  <times/>
                  <ci> k1 </ci>
                  <ci> E </ci>
                  <ci> P </ci>
                </apply>
                <apply>
                  <times/>
                  <ci> j1 </ci>
                  <ci> E_P_1 </ci>
                </apply>
              </apply>
            </apply>
          </math>
                </kineticLaw>
      </reaction>
      <reaction id="r2" metaid="_11" name="r2" reversible="false">
        <annotation>
	<rdf:RDF xmlns:rdf="http://www.w3.org/1999/02/22-rdf-syntax-ns#" xmlns:bqmodel="http://biomodels.net/model-qualifiers/" xmlns:bqbiol="http://biomodels.net/biology-qualifiers/">
            <rdf:Description rdf:about="#_11">
	<bqbiol:isVersionOf>
	<rdf:Bag>
	<rdf:li rdf:resource="http://identifiers.org/ec-code/3.4.21.6"/>
	<rdf:li rdf:resource="http://identifiers.org/go/GO:0004252"/>
	</rdf:Bag>
	</bqbiol:isVersionOf>
	</rdf:Description>
	
	</rdf:RDF>
	</annotation>
              <listOfReactants>
          <speciesReference metaid="_378015" sboTerm="SBO:0000010" species="E_P_1"/>
        </listOfReactants>
        <listOfProducts>
          <speciesReference metaid="_378027" sboTerm="SBO:0000011" species="E"/>
          <speciesReference metaid="_378040" sboTerm="SBO:0000011" species="M"/>
        </listOfProducts>
        <kineticLaw metaid="_378052" sboTerm="SBO:0000049">
          <math xmlns="http://www.w3.org/1998/Math/MathML">          
            <apply>
              <times/>
              <ci> compartment </ci>
              <ci> k2 </ci>
              <ci> E_P_1 </ci>
            </apply>
          </math>
                </kineticLaw>
      </reaction>
      <reaction id="r5" metaid="_12" name="r5">
        <listOfReactants>
          <speciesReference metaid="_378064" sboTerm="SBO:0000010" species="E"/>
          <speciesReference metaid="_378076" sboTerm="SBO:0000010" species="M"/>
        </listOfReactants>
        <listOfProducts>
          <speciesReference metaid="_378088" sboTerm="SBO:0000011" species="E_M"/>
        </listOfProducts>
        <kineticLaw metaid="_378100" sboTerm="SBO:0000101">
          <math xmlns="http://www.w3.org/1998/Math/MathML">          
            <apply>
              <times/>
              <ci> compartment </ci>
              <apply>
                <minus/>
                <apply>
                  <times/>
                  <ci> k3a </ci>
                  <ci> E </ci>
                  <ci> M </ci>
                </apply>
                <apply>
                  <times/>
                  <ci> j3a </ci>
                  <ci> E_M </ci>
                </apply>
              </apply>
            </apply>
          </math>
                </kineticLaw>
      </reaction>
      <reaction id="r7" metaid="_13" name="r7" reversible="false">
        <annotation>
	<rdf:RDF xmlns:rdf="http://www.w3.org/1999/02/22-rdf-syntax-ns#" xmlns:bqmodel="http://biomodels.net/model-qualifiers/" xmlns:bqbiol="http://biomodels.net/biology-qualifiers/">
            <rdf:Description rdf:about="#_13">
	<bqbiol:isVersionOf>
	<rdf:Bag>
	<rdf:li rdf:resource="http://identifiers.org/ec-code/3.4.21.6"/>
	<rdf:li rdf:resource="http://identifiers.org/go/GO:0004252"/>
	</rdf:Bag>
	</bqbiol:isVersionOf>
	</rdf:Description>
	
	</rdf:RDF>
	</annotation>
              <listOfReactants>
          <speciesReference metaid="_378112" sboTerm="SBO:0000010" species="E_M"/>
        </listOfReactants>
        <listOfProducts>
          <speciesReference metaid="_378124" sboTerm="SBO:0000011" species="E"/>
          <speciesReference metaid="_378136" sboTerm="SBO:0000011" species="T"/>
        </listOfProducts>
        <kineticLaw metaid="_378148" sboTerm="SBO:0000049">
          <math xmlns="http://www.w3.org/1998/Math/MathML">          
            <apply>
              <times/>
              <ci> compartment </ci>
              <ci> k4a </ci>
              <ci> E_M </ci>
            </apply>
          </math>
                </kineticLaw>
      </reaction>
      <reaction id="r8" metaid="_14" name="r8">
        <listOfReactants>
          <speciesReference metaid="_378160" sboTerm="SBO:0000010" species="E"/>
          <speciesReference metaid="_378172" sboTerm="SBO:0000010" species="P"/>
        </listOfReactants>
        <listOfProducts>
          <speciesReference metaid="_378184" sboTerm="SBO:0000011" species="E_P_2"/>
        </listOfProducts>
        <kineticLaw metaid="_378196" sboTerm="SBO:0000101">
          <math xmlns="http://www.w3.org/1998/Math/MathML">          
            <apply>
              <times/>
              <ci> compartment </ci>
              <apply>
                <minus/>
                <apply>
                  <times/>
                  <ci> k5 </ci>
                  <ci> E </ci>
                  <ci> P </ci>
                </apply>
                <apply>
                  <times/>
                  <ci> j5 </ci>
                  <ci> E_P_2 </ci>
                </apply>
              </apply>
            </apply>
          </math>
                </kineticLaw>
      </reaction>
      <reaction id="r9" metaid="_15" name="r9" reversible="false">
        <annotation>
	<rdf:RDF xmlns:rdf="http://www.w3.org/1999/02/22-rdf-syntax-ns#" xmlns:bqmodel="http://biomodels.net/model-qualifiers/" xmlns:bqbiol="http://biomodels.net/biology-qualifiers/">
            <rdf:Description rdf:about="#_15">
	<bqbiol:isVersionOf>
	<rdf:Bag>
	<rdf:li rdf:resource="http://identifiers.org/ec-code/3.4.21.6"/>
	<rdf:li rdf:resource="http://identifiers.org/go/GO:0004252"/>
	</rdf:Bag>
	</bqbiol:isVersionOf>
	</rdf:Description>
	
	</rdf:RDF>
	</annotation>
              <listOfReactants>
          <speciesReference metaid="_378208" sboTerm="SBO:0000010" species="E_P_2"/>
        </listOfReactants>
        <listOfProducts>
          <speciesReference metaid="_378220" sboTerm="SBO:0000011" species="E"/>
          <speciesReference metaid="_378232" sboTerm="SBO:0000011" species="P2"/>
        </listOfProducts>
        <kineticLaw metaid="_378244" sboTerm="SBO:0000049">
          <math xmlns="http://www.w3.org/1998/Math/MathML">          
            <apply>
              <times/>
              <ci> compartment </ci>
              <ci> k6 </ci>
              <ci> E_P_2 </ci>
            </apply>
          </math>
                </kineticLaw>
      </reaction>
      <reaction id="r12" metaid="_16" name="r12">
        <listOfReactants>
          <speciesReference metaid="_378256" sboTerm="SBO:0000010" species="E"/>
          <speciesReference metaid="_378268" sboTerm="SBO:0000010" species="P2"/>
        </listOfReactants>
        <listOfProducts>
          <speciesReference metaid="_378280" sboTerm="SBO:0000011" species="E_P2"/>
        </listOfProducts>
        <kineticLaw metaid="_378292" sboTerm="SBO:0000101">
          <math xmlns="http://www.w3.org/1998/Math/MathML">          
            <apply>
              <times/>
              <ci> compartment </ci>
              <apply>
                <minus/>
                <apply>
                  <times/>
                  <ci> k7a </ci>
                  <ci> E </ci>
                  <ci> P2 </ci>
                </apply>
                <apply>
                  <times/>
                  <ci> j7a </ci>
                  <ci> E_P2 </ci>
                </apply>
              </apply>
            </apply>
          </math>
                </kineticLaw>
      </reaction>
      <reaction id="r14" metaid="_17" name="r14" reversible="false">
        <annotation>
	<rdf:RDF xmlns:rdf="http://www.w3.org/1999/02/22-rdf-syntax-ns#" xmlns:bqmodel="http://biomodels.net/model-qualifiers/" xmlns:bqbiol="http://biomodels.net/biology-qualifiers/">
            <rdf:Description rdf:about="#_17">
	<bqbiol:isVersionOf>
	<rdf:Bag>
	<rdf:li rdf:resource="http://identifiers.org/ec-code/3.4.21.6"/>
	<rdf:li rdf:resource="http://identifiers.org/go/GO:0004252"/>
	</rdf:Bag>
	</bqbiol:isVersionOf>
	</rdf:Description>
	
	</rdf:RDF>
	</annotation>
              <listOfReactants>
          <speciesReference metaid="_378304" sboTerm="SBO:0000010" species="E_P2"/>
        </listOfReactants>
        <listOfProducts>
          <speciesReference metaid="_378316" sboTerm="SBO:0000011" species="E"/>
          <speciesReference metaid="_378328" sboTerm="SBO:0000011" species="T"/>
        </listOfProducts>
        <kineticLaw metaid="_378340" sboTerm="SBO:0000049">
          <math xmlns="http://www.w3.org/1998/Math/MathML">          
            <apply>
              <times/>
              <ci> compartment </ci>
              <ci> k8a </ci>
              <ci> E_P2 </ci>
            </apply>
          </math>
                </kineticLaw>
      </reaction>
    </listOfReactions>
  </model>
</sbml>
