<?xml version="1.0" encoding="UTF-8" standalone="no"?>
<sbml xmlns="http://www.sbml.org/sbml/level2/version4" level="2" metaid="_144765" version="4">
  <model id="MODEL1112190005" metaid="COPASI1" name="Sarma2012 - Oscillations in MAPK cascade (S2), inclusion of external signalling module">
    <notes>
      <body xmlns="http://www.w3.org/1999/xhtml">
        <div class="dc:title">Sarma2012 - Oscillations in MAPK cascade (S2), inclusion of external signalling module</div>
            <div class="dc:description">      <p>Two plausible designs (S1 and S2) of coupled positive and negative feedback loops of MAPK cascade has been described in this paper. This model corresponds to model S2 that comprises negative feedback from MK-PP to MKKK-P layer coupled to positive feedback from MK-PP to MKK-PP layer. In addition, a positive feedback loop from S2 to the phosphorylation step of Kinase X has been introduced.</p>
                </div>
            <div class="dc:bibliographicCitation">      <p>This model is described in the article:</p>
                <div class="bibo:title">        <a href="http://identifiers.org/pubmed/22694947" title="Access to this publication">Oscillations in MAPK cascade triggered by two distinct designs of coupled positive and negative feedback loops.</a>
                    </div>
                <div class="bibo:authorList">Sarma U, Ghosh I.</div>
                <div class="bibo:Journal">BMC Res Notes. 2012 Jun 13;5:287.</div>
                <p>Abstract:</p>
                <div class="bibo:abstract">        <p>BACKGROUND:          <br/>
              Feedback loops, both positive and negative are embedded in the Mitogen Activated Protein Kinase (MAPK) cascade. In the three layer MAPK cascade, both feedback loops originate from the terminal layer and their sites of action are either of the two upstream layers. Recent studies have shown that the cascade uses coupled positive and negative feedback loops in generating oscillations. Two plausible designs of coupled positive and negative feedback loops can be elucidated from the literature; in one design the positive feedback precedes the negative feedback in the direction of signal flow and vice-versa in another. But it remains unexplored how the two designs contribute towards triggering oscillations in MAPK cascade. Thus it is also not known how amplitude, frequency, robustness or nature (analogous/digital) of the oscillations would be shaped by these two designs.          </p>
                    <p>RESULTS:          <br/>
              We built two models of MAPK cascade that exhibited oscillations as function of two underlying designs of coupled positive and negative feedback loops. Frequency, amplitude and nature (digital/analogous) of oscillations were found to be differentially determined by each design. It was observed that the positive feedback emerging from an oscillating MAPK cascade and functional in an external signal processing module can trigger oscillations in the target module, provided that the target module satisfy certain parametric requirements. The augmentation of the two models was done to incorporate the nuclear-cytoplasmic shuttling of cascade components followed by induction of a nuclear phosphatase. It revealed that the fate of oscillations in the MAPK cascade is governed by the feedback designs. Oscillations were unaffected due to nuclear compartmentalization owing to one design but were completely abolished in the other case.          </p>
                    <p>CONCLUSION:          <br/>
              The MAPK cascade can utilize two distinct designs of coupled positive and negative feedback loops to trigger oscillations. The amplitude, frequency and robustness of the oscillations in presence or absence of nuclear compartmentalization were differentially determined by two designs of coupled positive and negative feedback loops. A positive feedback from an oscillating MAPK cascade was shown to induce oscillations in an external signal processing module, uncovering a novel regulatory aspect of MAPK signal processing.          </p>
                    </div>
                </div>
            <div class="dc:publisher">      <p>This model is hosted on        <a href="http://www.ebi.ac.uk/biomodels/">BioModels Database</a>
            and identified
by:        <a href="http://identifiers.org/biomodels.db/MODEL1112190005">MODEL1112190005</a>
            .        </p>
                <p>To cite BioModels Database, please use:        <a href="http://identifiers.org/pubmed/20587024" title="Latest BioModels Database publication">BioModels Database: An enhanced, curated and annotated resource
for published quantitative kinetic models</a>
            .        </p>
                </div>
            <div class="dc:license">      <p>To the extent possible under law, all copyright and related or
neighbouring rights to this encoded model have been dedicated to the public
domain worldwide. Please refer to        <a href="http://creativecommons.org/publicdomain/zero/1.0/" title="Access to: CC0 1.0 Universal (CC0 1.0), Public Domain Dedication">CC0 Public Domain
Dedication</a>
            for more information.        </p>
                </div>
            </body>
      
    </notes>
    <annotation>
<COPASI xmlns="http://www.copasi.org/static/sbml">
        <rdf:RDF xmlns:dcterms="http://purl.org/dc/terms/" xmlns:rdf="http://www.w3.org/1999/02/22-rdf-syntax-ns#">
          <rdf:Description rdf:about="#COPASI1">
            <dcterms:created>
              <rdf:Description>
                <dcterms:W3CDTF>2010-09-22T22:11:08Z</dcterms:W3CDTF>
              </rdf:Description>
            </dcterms:created>
          </rdf:Description>
        </rdf:RDF>
      </COPASI>
	<rdf:RDF xmlns:rdf="http://www.w3.org/1999/02/22-rdf-syntax-ns#" xmlns:dc="http://purl.org/dc/elements/1.1/" xmlns:vCard="http://www.w3.org/2001/vcard-rdf/3.0#" xmlns:dcterms="http://purl.org/dc/terms/" xmlns:bqmodel="http://biomodels.net/model-qualifiers/" xmlns:bqbiol="http://biomodels.net/biology-qualifiers/">
        <rdf:Description rdf:about="#COPASI1">
	<dc:creator>
	<rdf:Bag>
	<rdf:li rdf:parseType="Resource">
	<vCard:N rdf:parseType="Resource">
	<vCard:Family>Juty</vCard:Family>
	<vCard:Given>Nick</vCard:Given>
	</vCard:N>
	<vCard:EMAIL>juty@ebi.ac.uk</vCard:EMAIL>
	<vCard:ORG rdf:parseType="Resource">
	<vCard:Orgname>EMBL-EBI</vCard:Orgname>
	</vCard:ORG>
	</rdf:li>
	
	<rdf:li rdf:parseType="Resource">
	<vCard:N rdf:parseType="Resource">
	<vCard:Family>Sarma</vCard:Family>
	<vCard:Given>Uddipan</vCard:Given>
	</vCard:N>
	<vCard:EMAIL>uddipan@nccs.res.in</vCard:EMAIL>
	<vCard:ORG rdf:parseType="Resource">
	<vCard:Orgname>National Centre for Cell Science</vCard:Orgname>
	</vCard:ORG>
	</rdf:li>
	<rdf:li rdf:parseType="Resource">
	<vCard:N rdf:parseType="Resource">
	<vCard:Family>Chelliah</vCard:Family>
	<vCard:Given>Vijayalakshmi</vCard:Given>
	</vCard:N>
	<vCard:EMAIL>viji@ebi.ac.uk</vCard:EMAIL>
	<vCard:ORG rdf:parseType="Resource">
	<vCard:Orgname>EMBL-EBI</vCard:Orgname>
	</vCard:ORG>
	</rdf:li>
	</rdf:Bag>
	</dc:creator>
	<dcterms:created rdf:parseType="Resource">
	<dcterms:W3CDTF>2013-03-18T14:06:11Z</dcterms:W3CDTF>
	</dcterms:created>
	<dcterms:modified rdf:parseType="Resource">
	<dcterms:W3CDTF>2016-04-08T17:24:41Z</dcterms:W3CDTF>
	</dcterms:modified>
	<bqmodel:is>
	<rdf:Bag>
	<rdf:li rdf:resource="http://identifiers.org/biomodels.db/MODEL1112190005"/>
	</rdf:Bag>
	</bqmodel:is>
	<bqmodel:is>
	<rdf:Bag>
	<rdf:li rdf:resource="http://identifiers.org/biomodels.db/BIOMD0000000442"/>
	</rdf:Bag>
	</bqmodel:is>
	<bqmodel:isDescribedBy>
	<rdf:Bag>
	<rdf:li rdf:resource="http://identifiers.org/pubmed/22694947"/>
	</rdf:Bag>
	</bqmodel:isDescribedBy>
	<bqmodel:isDerivedFrom>
	<rdf:Bag>
	<rdf:li rdf:resource="http://identifiers.org/biomodels.db/BIOMD0000000441"/>
	</rdf:Bag>
	</bqmodel:isDerivedFrom>
	<bqbiol:isVersionOf>
	<rdf:Bag>
	<rdf:li rdf:resource="http://identifiers.org/go/GO:0000165"/>
	</rdf:Bag>
	</bqbiol:isVersionOf>
	<bqbiol:hasTaxon>
	<rdf:Bag>
	<rdf:li rdf:resource="http://identifiers.org/taxonomy/131567"/>
	</rdf:Bag>
	</bqbiol:hasTaxon>
	</rdf:Description>
	
	</rdf:RDF>
	</annotation>
      <listOfFunctionDefinitions>
      <functionDefinition id="function_4_1_1" metaid="COPASI14" name="function_4_1_1">
        <annotation>
<COPASI xmlns="http://www.copasi.org/static/sbml">
            <rdf:RDF xmlns:dcterms="http://purl.org/dc/terms/" xmlns:rdf="http://www.w3.org/1999/02/22-rdf-syntax-ns#">
              <rdf:Description rdf:about="#COPASI14">
                <dcterms:created>
                  <rdf:Description>
                    <dcterms:W3CDTF>2011-06-21T14:46:10Z</dcterms:W3CDTF>
                  </rdf:Description>
                </dcterms:created>
              </rdf:Description>
            </rdf:RDF>
          </COPASI>
                                        </annotation>
        <math xmlns="http://www.w3.org/1998/Math/MathML">        
          <lambda>
            <bvar>
              <ci> A </ci>
            </bvar>
            <bvar>
              <ci> K1 </ci>
            </bvar>
            <bvar>
              <ci> Ka </ci>
            </bvar>
            <bvar>
              <ci> V1 </ci>
            </bvar>
            <bvar>
              <ci> species_0 </ci>
            </bvar>
            <bvar>
              <ci> species_7 </ci>
            </bvar>
            <apply>
              <times/>
              <apply>
                <divide/>
                <apply>
                  <divide/>
                  <apply>
                    <times/>
                    <ci> V1 </ci>
                    <ci> species_0 </ci>
                  </apply>
                  <ci> K1 </ci>
                </apply>
                <apply>
                  <plus/>
                  <cn> 1 </cn>
                  <apply>
                    <divide/>
                    <ci> species_0 </ci>
                    <ci> K1 </ci>
                  </apply>
                </apply>
              </apply>
              <apply>
                <divide/>
                <apply>
                  <plus/>
                  <cn> 1 </cn>
                  <apply>
                    <divide/>
                    <apply>
                      <times/>
                      <ci> A </ci>
                      <ci> species_7 </ci>
                    </apply>
                    <ci> Ka </ci>
                  </apply>
                </apply>
                <apply>
                  <plus/>
                  <cn> 1 </cn>
                  <apply>
                    <divide/>
                    <ci> species_7 </ci>
                    <ci> Ka </ci>
                  </apply>
                </apply>
              </apply>
            </apply>
          </lambda>
        </math>
            </functionDefinition>
      <functionDefinition id="function_4_3_1" metaid="_144777" name="function_4_3_1">
        <math xmlns="http://www.w3.org/1998/Math/MathML">        
          <lambda>
            <bvar>
              <ci> K3 </ci>
            </bvar>
            <bvar>
              <ci> KI </ci>
            </bvar>
            <bvar>
              <ci> k3 </ci>
            </bvar>
            <bvar>
              <ci> species_1 </ci>
            </bvar>
            <bvar>
              <ci> species_2 </ci>
            </bvar>
            <bvar>
              <ci> species_3 </ci>
            </bvar>
            <bvar>
              <ci> species_7 </ci>
            </bvar>
            <apply>
              <divide/>
              <apply>
                <divide/>
                <apply>
                  <times/>
                  <ci> k3 </ci>
                  <ci> species_1 </ci>
                  <ci> species_2 </ci>
                </apply>
                <ci> K3 </ci>
              </apply>
              <apply>
                <times/>
                <apply>
                  <plus/>
                  <cn> 1 </cn>
                  <apply>
                    <divide/>
                    <ci> species_2 </ci>
                    <ci> K3 </ci>
                  </apply>
                  <apply>
                    <divide/>
                    <ci> species_3 </ci>
                    <ci> K3 </ci>
                  </apply>
                </apply>
                <apply>
                  <plus/>
                  <cn> 1 </cn>
                  <apply>
                    <divide/>
                    <ci> species_7 </ci>
                    <ci> KI </ci>
                  </apply>
                </apply>
              </apply>
            </apply>
          </lambda>
        </math>
            </functionDefinition>
      <functionDefinition id="function_4_4_1" metaid="_144789" name="function_4_4_1">
        <math xmlns="http://www.w3.org/1998/Math/MathML">        
          <lambda>
            <bvar>
              <ci> K4 </ci>
            </bvar>
            <bvar>
              <ci> KI </ci>
            </bvar>
            <bvar>
              <ci> k4 </ci>
            </bvar>
            <bvar>
              <ci> species_1 </ci>
            </bvar>
            <bvar>
              <ci> species_2 </ci>
            </bvar>
            <bvar>
              <ci> species_3 </ci>
            </bvar>
            <bvar>
              <ci> species_7 </ci>
            </bvar>
            <apply>
              <divide/>
              <apply>
                <divide/>
                <apply>
                  <times/>
                  <ci> k4 </ci>
                  <ci> species_1 </ci>
                  <ci> species_3 </ci>
                </apply>
                <ci> K4 </ci>
              </apply>
              <apply>
                <times/>
                <apply>
                  <plus/>
                  <cn> 1 </cn>
                  <apply>
                    <divide/>
                    <ci> species_2 </ci>
                    <ci> K4 </ci>
                  </apply>
                  <apply>
                    <divide/>
                    <ci> species_3 </ci>
                    <ci> K4 </ci>
                  </apply>
                </apply>
                <apply>
                  <plus/>
                  <cn> 1 </cn>
                  <apply>
                    <divide/>
                    <ci> species_7 </ci>
                    <ci> KI </ci>
                  </apply>
                </apply>
              </apply>
            </apply>
          </lambda>
        </math>
            </functionDefinition>
      <functionDefinition id="function_4_7_1" metaid="_144801" name="function_4_7_1">
        <math xmlns="http://www.w3.org/1998/Math/MathML">        
          <lambda>
            <bvar>
              <ci> K7 </ci>
            </bvar>
            <bvar>
              <ci> k7 </ci>
            </bvar>
            <bvar>
              <ci> species_4 </ci>
            </bvar>
            <bvar>
              <ci> species_5 </ci>
            </bvar>
            <bvar>
              <ci> species_6 </ci>
            </bvar>
            <apply>
              <divide/>
              <apply>
                <divide/>
                <apply>
                  <times/>
                  <ci> k7 </ci>
                  <ci> species_4 </ci>
                  <ci> species_5 </ci>
                </apply>
                <ci> K7 </ci>
              </apply>
              <apply>
                <plus/>
                <cn> 1 </cn>
                <apply>
                  <divide/>
                  <ci> species_5 </ci>
                  <ci> K7 </ci>
                </apply>
                <apply>
                  <divide/>
                  <ci> species_6 </ci>
                  <ci> K7 </ci>
                </apply>
              </apply>
            </apply>
          </lambda>
        </math>
            </functionDefinition>
      <functionDefinition id="function_4_8_1" metaid="_144813" name="function_4_8_1">
        <math xmlns="http://www.w3.org/1998/Math/MathML">        
          <lambda>
            <bvar>
              <ci> K8 </ci>
            </bvar>
            <bvar>
              <ci> k8 </ci>
            </bvar>
            <bvar>
              <ci> species_4 </ci>
            </bvar>
            <bvar>
              <ci> species_5 </ci>
            </bvar>
            <bvar>
              <ci> species_6 </ci>
            </bvar>
            <apply>
              <divide/>
              <apply>
                <divide/>
                <apply>
                  <times/>
                  <ci> k8 </ci>
                  <ci> species_4 </ci>
                  <ci> species_6 </ci>
                </apply>
                <ci> K8 </ci>
              </apply>
              <apply>
                <plus/>
                <cn> 1 </cn>
                <apply>
                  <divide/>
                  <ci> species_5 </ci>
                  <ci> K8 </ci>
                </apply>
                <apply>
                  <divide/>
                  <ci> species_6 </ci>
                  <ci> K8 </ci>
                </apply>
              </apply>
            </apply>
          </lambda>
        </math>
            </functionDefinition>
      <functionDefinition id="function_4_2_1" metaid="_144825" name="function_4_2_1">
        <math xmlns="http://www.w3.org/1998/Math/MathML">        
          <lambda>
            <bvar>
              <ci> K2 </ci>
            </bvar>
            <bvar>
              <ci> k2 </ci>
            </bvar>
            <bvar>
              <ci> species_1 </ci>
            </bvar>
            <bvar>
              <ci> species_8 </ci>
            </bvar>
            <apply>
              <divide/>
              <apply>
                <divide/>
                <apply>
                  <times/>
                  <ci> k2 </ci>
                  <ci> species_8 </ci>
                  <ci> species_1 </ci>
                </apply>
                <ci> K2 </ci>
              </apply>
              <apply>
                <plus/>
                <cn> 1 </cn>
                <apply>
                  <divide/>
                  <ci> species_1 </ci>
                  <ci> K2 </ci>
                </apply>
              </apply>
            </apply>
          </lambda>
        </math>
            </functionDefinition>
      <functionDefinition id="function_4_5_1" metaid="_144837" name="function_4_5_1">
        <math xmlns="http://www.w3.org/1998/Math/MathML">        
          <lambda>
            <bvar>
              <ci> K5 </ci>
            </bvar>
            <bvar>
              <ci> k5 </ci>
            </bvar>
            <bvar>
              <ci> species_3 </ci>
            </bvar>
            <bvar>
              <ci> species_4 </ci>
            </bvar>
            <bvar>
              <ci> species_9 </ci>
            </bvar>
            <apply>
              <divide/>
              <apply>
                <divide/>
                <apply>
                  <times/>
                  <ci> k5 </ci>
                  <ci> species_9 </ci>
                  <ci> species_4 </ci>
                </apply>
                <ci> K5 </ci>
              </apply>
              <apply>
                <plus/>
                <cn> 1 </cn>
                <apply>
                  <divide/>
                  <ci> species_4 </ci>
                  <ci> K5 </ci>
                </apply>
                <apply>
                  <divide/>
                  <ci> species_3 </ci>
                  <ci> K5 </ci>
                </apply>
              </apply>
            </apply>
          </lambda>
        </math>
            </functionDefinition>
      <functionDefinition id="function_4_6_1" metaid="_144849" name="function_4_6_1">
        <math xmlns="http://www.w3.org/1998/Math/MathML">        
          <lambda>
            <bvar>
              <ci> K6 </ci>
            </bvar>
            <bvar>
              <ci> k6 </ci>
            </bvar>
            <bvar>
              <ci> species_3 </ci>
            </bvar>
            <bvar>
              <ci> species_4 </ci>
            </bvar>
            <bvar>
              <ci> species_9 </ci>
            </bvar>
            <apply>
              <divide/>
              <apply>
                <divide/>
                <apply>
                  <times/>
                  <ci> k6 </ci>
                  <ci> species_9 </ci>
                  <ci> species_3 </ci>
                </apply>
                <ci> K6 </ci>
              </apply>
              <apply>
                <plus/>
                <cn> 1 </cn>
                <apply>
                  <divide/>
                  <ci> species_4 </ci>
                  <ci> K6 </ci>
                </apply>
                <apply>
                  <divide/>
                  <ci> species_3 </ci>
                  <ci> K6 </ci>
                </apply>
              </apply>
            </apply>
          </lambda>
        </math>
            </functionDefinition>
      <functionDefinition id="function_4_9_1" metaid="_144861" name="function_4_9_1">
        <math xmlns="http://www.w3.org/1998/Math/MathML">        
          <lambda>
            <bvar>
              <ci> K9 </ci>
            </bvar>
            <bvar>
              <ci> k9 </ci>
            </bvar>
            <bvar>
              <ci> species_10 </ci>
            </bvar>
            <bvar>
              <ci> species_6 </ci>
            </bvar>
            <bvar>
              <ci> species_7 </ci>
            </bvar>
            <apply>
              <divide/>
              <apply>
                <divide/>
                <apply>
                  <times/>
                  <ci> k9 </ci>
                  <ci> species_10 </ci>
                  <ci> species_7 </ci>
                </apply>
                <ci> K9 </ci>
              </apply>
              <apply>
                <plus/>
                <cn> 1 </cn>
                <apply>
                  <divide/>
                  <ci> species_7 </ci>
                  <ci> K9 </ci>
                </apply>
                <apply>
                  <divide/>
                  <ci> species_6 </ci>
                  <ci> K9 </ci>
                </apply>
              </apply>
            </apply>
          </lambda>
        </math>
            </functionDefinition>
      <functionDefinition id="function_4_10_1" metaid="_144873" name="function_4_10_1">
        <math xmlns="http://www.w3.org/1998/Math/MathML">        
          <lambda>
            <bvar>
              <ci> K10 </ci>
            </bvar>
            <bvar>
              <ci> k10 </ci>
            </bvar>
            <bvar>
              <ci> species_10 </ci>
            </bvar>
            <bvar>
              <ci> species_6 </ci>
            </bvar>
            <bvar>
              <ci> species_7 </ci>
            </bvar>
            <apply>
              <divide/>
              <apply>
                <divide/>
                <apply>
                  <times/>
                  <ci> k10 </ci>
                  <ci> species_10 </ci>
                  <ci> species_6 </ci>
                </apply>
                <ci> K10 </ci>
              </apply>
              <apply>
                <plus/>
                <cn> 1 </cn>
                <apply>
                  <divide/>
                  <ci> species_7 </ci>
                  <ci> K10 </ci>
                </apply>
                <apply>
                  <divide/>
                  <ci> species_6 </ci>
                  <ci> K10 </ci>
                </apply>
              </apply>
            </apply>
          </lambda>
        </math>
            </functionDefinition>
      <functionDefinition id="function_1" metaid="COPASI15" name=" 11">
        <annotation>
<COPASI xmlns="http://www.copasi.org/static/sbml">
            <rdf:RDF xmlns:dcterms="http://purl.org/dc/terms/" xmlns:rdf="http://www.w3.org/1999/02/22-rdf-syntax-ns#">
              <rdf:Description rdf:about="#COPASI15">
                <dcterms:created>
                  <rdf:Description>
                    <dcterms:W3CDTF>2011-06-21T14:46:29Z</dcterms:W3CDTF>
                  </rdf:Description>
                </dcterms:created>
              </rdf:Description>
            </rdf:RDF>
          </COPASI>
                                        </annotation>
        <math xmlns="http://www.w3.org/1998/Math/MathML">        
          <lambda>
            <bvar>
              <ci> V11 </ci>
            </bvar>
            <bvar>
              <ci> X </ci>
            </bvar>
            <bvar>
              <ci> K11 </ci>
            </bvar>
            <bvar>
              <ci> A </ci>
            </bvar>
            <bvar>
              <ci> species_7 </ci>
            </bvar>
            <bvar>
              <ci> Ka </ci>
            </bvar>
            <apply>
              <times/>
              <apply>
                <divide/>
                <apply>
                  <divide/>
                  <apply>
                    <times/>
                    <ci> V11 </ci>
                    <ci> X </ci>
                  </apply>
                  <ci> K11 </ci>
                </apply>
                <apply>
                  <plus/>
                  <cn> 1 </cn>
                  <apply>
                    <divide/>
                    <ci> X </ci>
                    <ci> K11 </ci>
                  </apply>
                </apply>
              </apply>
              <apply>
                <divide/>
                <apply>
                  <plus/>
                  <cn> 1 </cn>
                  <apply>
                    <divide/>
                    <apply>
                      <times/>
                      <ci> A </ci>
                      <ci> species_7 </ci>
                    </apply>
                    <ci> Ka </ci>
                  </apply>
                </apply>
                <apply>
                  <plus/>
                  <cn> 1 </cn>
                  <apply>
                    <divide/>
                    <ci> species_7 </ci>
                    <ci> Ka </ci>
                  </apply>
                </apply>
              </apply>
            </apply>
          </lambda>
        </math>
            </functionDefinition>
      <functionDefinition id="function_2" metaid="COPASI16" name="12">
        <annotation>
<COPASI xmlns="http://www.copasi.org/static/sbml">
            <rdf:RDF xmlns:dcterms="http://purl.org/dc/terms/" xmlns:rdf="http://www.w3.org/1999/02/22-rdf-syntax-ns#">
              <rdf:Description rdf:about="#COPASI16">
                <dcterms:created>
                  <rdf:Description>
                    <dcterms:W3CDTF>2011-06-21T14:49:37Z</dcterms:W3CDTF>
                  </rdf:Description>
                </dcterms:created>
              </rdf:Description>
            </rdf:RDF>
          </COPASI>
                                        </annotation>
        <math xmlns="http://www.w3.org/1998/Math/MathML">        
          <lambda>
            <bvar>
              <ci> V12 </ci>
            </bvar>
            <bvar>
              <ci> X_P </ci>
            </bvar>
            <bvar>
              <ci> K12 </ci>
            </bvar>
            <apply>
              <divide/>
              <apply>
                <times/>
                <ci> V12 </ci>
                <ci> X_P </ci>
              </apply>
              <apply>
                <plus/>
                <ci> K12 </ci>
                <ci> X_P </ci>
              </apply>
            </apply>
          </lambda>
        </math>
            </functionDefinition>
    </listOfFunctionDefinitions>
    <listOfUnitDefinitions>
      <unitDefinition id="volume" metaid="_144885" name="volume">
        <listOfUnits>
          <unit kind="litre" metaid="_144897" scale="-3"/>
        </listOfUnits>
      </unitDefinition>
      <unitDefinition id="substance" metaid="_144909" name="substance">
        <listOfUnits>
          <unit kind="mole" metaid="_144921" scale="-9"/>
        </listOfUnits>
      </unitDefinition>
    </listOfUnitDefinitions>
    <listOfCompartments>
      <compartment id="compartment_0" metaid="_144933" name="compartment" size="1">
        <annotation>
	<rdf:RDF xmlns:rdf="http://www.w3.org/1999/02/22-rdf-syntax-ns#" xmlns:bqbiol="http://biomodels.net/biology-qualifiers/">
            <rdf:Description rdf:about="#_144933">
	<bqbiol:is>
	<rdf:Bag>
	<rdf:li rdf:resource="http://identifiers.org/go/GO:0005623"/>
	</rdf:Bag>
	</bqbiol:is>
	</rdf:Description>
	
	</rdf:RDF>
	</annotation>
            </compartment>
    </listOfCompartments>
    <listOfSpecies>
      <species compartment="compartment_0" id="species_0" initialConcentration="999.999903688753" metaid="_144945" name="MKKK">
        <annotation>
	<rdf:RDF xmlns:rdf="http://www.w3.org/1999/02/22-rdf-syntax-ns#" xmlns:bqbiol="http://biomodels.net/biology-qualifiers/">
            <rdf:Description rdf:about="#_144945">
	<bqbiol:isVersionOf>
	<rdf:Bag>
	<rdf:li rdf:resource="http://identifiers.org/uniprot/P04049"/>
	</rdf:Bag>
	</bqbiol:isVersionOf>
	</rdf:Description>
	
	</rdf:RDF>
	</annotation>
            </species>
      <species compartment="compartment_0" id="species_1" initialConcentration="0" metaid="_144957" name="MKKK_P">
        <annotation>
	<rdf:RDF xmlns:rdf="http://www.w3.org/1999/02/22-rdf-syntax-ns#" xmlns:bqbiol="http://biomodels.net/biology-qualifiers/">
            <rdf:Description rdf:about="#_144957">
	<bqbiol:isVersionOf>
	<rdf:Bag>
	<rdf:li rdf:resource="http://identifiers.org/uniprot/P04049"/>
	<rdf:li rdf:resource="http://identifiers.org/kegg.compound/C00562"/>
	</rdf:Bag>
	</bqbiol:isVersionOf>
	</rdf:Description>
	
	</rdf:RDF>
	</annotation>
            </species>
      <species compartment="compartment_0" id="species_2" initialConcentration="3999.99961475501" metaid="_144969" name="MKK">
        <annotation>
	<rdf:RDF xmlns:rdf="http://www.w3.org/1999/02/22-rdf-syntax-ns#" xmlns:bqbiol="http://biomodels.net/biology-qualifiers/">
            <rdf:Description rdf:about="#_144969">
	<bqbiol:isVersionOf>
	<rdf:Bag>
	<rdf:li rdf:resource="http://identifiers.org/uniprot/Q02750"/>
	</rdf:Bag>
	</bqbiol:isVersionOf>
	</rdf:Description>
	
	</rdf:RDF>
	</annotation>
            </species>
      <species compartment="compartment_0" id="species_3" initialConcentration="0" metaid="_144981" name="MKK_P">
        <annotation>
	<rdf:RDF xmlns:rdf="http://www.w3.org/1999/02/22-rdf-syntax-ns#" xmlns:bqbiol="http://biomodels.net/biology-qualifiers/">
            <rdf:Description rdf:about="#_144981">
	<bqbiol:isVersionOf>
	<rdf:Bag>
	<rdf:li rdf:resource="http://identifiers.org/uniprot/Q02750"/>
	<rdf:li rdf:resource="http://identifiers.org/kegg.compound/C00562"/>
	</rdf:Bag>
	</bqbiol:isVersionOf>
	</rdf:Description>
	
	</rdf:RDF>
	</annotation>
            </species>
      <species compartment="compartment_0" id="species_4" initialConcentration="0" metaid="_144993" name="MKK_PP">
        <annotation>
	<rdf:RDF xmlns:rdf="http://www.w3.org/1999/02/22-rdf-syntax-ns#" xmlns:bqbiol="http://biomodels.net/biology-qualifiers/">
            <rdf:Description rdf:about="#_144993">
	<bqbiol:isVersionOf>
	<rdf:Bag>
	<rdf:li rdf:resource="http://identifiers.org/uniprot/Q02750"/>
	<rdf:li rdf:resource="http://identifiers.org/kegg.compound/C00562"/>
	</rdf:Bag>
	</bqbiol:isVersionOf>
	</rdf:Description>
	
	</rdf:RDF>
	</annotation>
            </species>
      <species compartment="compartment_0" id="species_5" initialConcentration="999.999903688753" metaid="_145005" name="M">
        <annotation>
	<rdf:RDF xmlns:rdf="http://www.w3.org/1999/02/22-rdf-syntax-ns#" xmlns:bqbiol="http://biomodels.net/biology-qualifiers/">
            <rdf:Description rdf:about="#_145005">
	<bqbiol:isVersionOf>
	<rdf:Bag>
	<rdf:li rdf:resource="http://identifiers.org/uniprot/P28482"/>
	</rdf:Bag>
	</bqbiol:isVersionOf>
	</rdf:Description>
	
	</rdf:RDF>
	</annotation>
            </species>
      <species compartment="compartment_0" id="species_6" initialConcentration="0" metaid="_145017" name="M_P">
        <annotation>
	<rdf:RDF xmlns:rdf="http://www.w3.org/1999/02/22-rdf-syntax-ns#" xmlns:bqbiol="http://biomodels.net/biology-qualifiers/">
            <rdf:Description rdf:about="#_145017">
	<bqbiol:isVersionOf>
	<rdf:Bag>
	<rdf:li rdf:resource="http://identifiers.org/uniprot/P28482"/>
	<rdf:li rdf:resource="http://identifiers.org/kegg.compound/C00562"/>
	</rdf:Bag>
	</bqbiol:isVersionOf>
	</rdf:Description>
	
	</rdf:RDF>
	</annotation>
            </species>
      <species compartment="compartment_0" id="species_7" initialConcentration="0" metaid="_145029" name="M_PP">
        <annotation>
	<rdf:RDF xmlns:rdf="http://www.w3.org/1999/02/22-rdf-syntax-ns#" xmlns:bqbiol="http://biomodels.net/biology-qualifiers/">
            <rdf:Description rdf:about="#_145029">
	<bqbiol:isVersionOf>
	<rdf:Bag>
	<rdf:li rdf:resource="http://identifiers.org/uniprot/P28482"/>
	<rdf:li rdf:resource="http://identifiers.org/kegg.compound/C00562"/>
	</rdf:Bag>
	</bqbiol:isVersionOf>
	</rdf:Description>
	
	</rdf:RDF>
	</annotation>
            </species>
      <species compartment="compartment_0" id="species_8" initialConcentration="99.9999903688752" metaid="_145041" name="P1">
        <annotation>
	<rdf:RDF xmlns:rdf="http://www.w3.org/1999/02/22-rdf-syntax-ns#" xmlns:bqbiol="http://biomodels.net/biology-qualifiers/">
            <rdf:Description rdf:about="#_145041">
	<bqbiol:isVersionOf>
	<rdf:Bag>
	<rdf:li rdf:resource="http://identifiers.org/uniprot/P51452"/>
	</rdf:Bag>
	</bqbiol:isVersionOf>
	</rdf:Description>
	
	</rdf:RDF>
	</annotation>
            </species>
      <species compartment="compartment_0" id="species_9" initialConcentration="499.999951844377" metaid="_145053" name="P2">
        <annotation>
	<rdf:RDF xmlns:rdf="http://www.w3.org/1999/02/22-rdf-syntax-ns#" xmlns:bqbiol="http://biomodels.net/biology-qualifiers/">
            <rdf:Description rdf:about="#_145053">
	<bqbiol:isVersionOf>
	<rdf:Bag>
	<rdf:li rdf:resource="http://identifiers.org/uniprot/P51452"/>
	</rdf:Bag>
	</bqbiol:isVersionOf>
	</rdf:Description>
	
	</rdf:RDF>
	</annotation>
            </species>
      <species compartment="compartment_0" id="species_10" initialConcentration="499.999951844377" metaid="_145065" name="P3">
        <annotation>
	<rdf:RDF xmlns:rdf="http://www.w3.org/1999/02/22-rdf-syntax-ns#" xmlns:bqbiol="http://biomodels.net/biology-qualifiers/">
            <rdf:Description rdf:about="#_145065">
	<bqbiol:isVersionOf>
	<rdf:Bag>
	<rdf:li rdf:resource="http://identifiers.org/uniprot/P51452"/>
	</rdf:Bag>
	</bqbiol:isVersionOf>
	</rdf:Description>
	
	</rdf:RDF>
	</annotation>
            </species>
      <species compartment="compartment_0" id="species_11" initialConcentration="99.9999903688752" metaid="_145077" name="X">
        <annotation>
	<rdf:RDF xmlns:rdf="http://www.w3.org/1999/02/22-rdf-syntax-ns#" xmlns:bqbiol="http://biomodels.net/biology-qualifiers/">
            <rdf:Description rdf:about="#_145077">
	<bqbiol:isVersionOf>
	<rdf:Bag>
	<rdf:li rdf:resource="http://identifiers.org/uniprot/P28482"/>
	</rdf:Bag>
	</bqbiol:isVersionOf>
	</rdf:Description>
	
	</rdf:RDF>
	</annotation>
            </species>
      <species compartment="compartment_0" id="species_12" initialConcentration="0" metaid="_145089" name="X_P">
        <annotation>
	<rdf:RDF xmlns:rdf="http://www.w3.org/1999/02/22-rdf-syntax-ns#" xmlns:bqbiol="http://biomodels.net/biology-qualifiers/">
            <rdf:Description rdf:about="#_145089">
	<bqbiol:isVersionOf>
	<rdf:Bag>
	<rdf:li rdf:resource="http://identifiers.org/uniprot/P28482"/>
	<rdf:li rdf:resource="http://identifiers.org/kegg.compound/C00562"/>
	</rdf:Bag>
	</bqbiol:isVersionOf>
	</rdf:Description>
	
	</rdf:RDF>
	</annotation>
            </species>
    </listOfSpecies>
    <listOfReactions>
      <reaction id="reaction_0" metaid="COPASI2" name="1" reversible="false">
        <annotation>
<COPASI xmlns="http://www.copasi.org/static/sbml">
            <rdf:RDF xmlns:dcterms="http://purl.org/dc/terms/" xmlns:rdf="http://www.w3.org/1999/02/22-rdf-syntax-ns#">
              <rdf:Description rdf:about="#COPASI2">
                <dcterms:created>
                  <rdf:Description>
                    <dcterms:W3CDTF>2011-06-24T16:08:19Z</dcterms:W3CDTF>
                  </rdf:Description>
                </dcterms:created>
              </rdf:Description>
            </rdf:RDF>
          </COPASI>
	<rdf:RDF xmlns:rdf="http://www.w3.org/1999/02/22-rdf-syntax-ns#" xmlns:bqbiol="http://biomodels.net/biology-qualifiers/">
            <rdf:Description rdf:about="#COPASI2">
	<bqbiol:isVersionOf>
	<rdf:Bag>
	<rdf:li rdf:resource="http://identifiers.org/go/GO:0016310"/>
	</rdf:Bag>
	</bqbiol:isVersionOf>
	</rdf:Description>
	
	</rdf:RDF>
	</annotation>
              <listOfReactants>
          <speciesReference metaid="_145101" species="species_0"/>
        </listOfReactants>
        <listOfProducts>
          <speciesReference metaid="_145113" species="species_1"/>
        </listOfProducts>
        <listOfModifiers>
          <modifierSpeciesReference metaid="_145125" species="species_7"/>
          <modifierSpeciesReference metaid="_080554" species="species_0"/>
          <modifierSpeciesReference metaid="_080566" species="species_7"/>
          <modifierSpeciesReference metaid="_5d472937_b748_417d_8476_45a0cb77a2e3" species="species_0"/>
          <modifierSpeciesReference metaid="_8d55192f_03eb_48f6_b624_4c5b0c72204a" species="species_7"/>
        </listOfModifiers>
        <kineticLaw metaid="_145137">
          <math xmlns="http://www.w3.org/1998/Math/MathML">          
            <apply>
              <times/>
              <ci> compartment_0 </ci>
              <apply>
                <ci> function_4_1_1 </ci>
                <ci> A </ci>
                <ci> K1 </ci>
                <ci> Ka </ci>
                <ci> V1 </ci>
                <ci> species_0 </ci>
                <ci> species_7 </ci>
              </apply>
            </apply>
          </math>
                  <listOfParameters>
            <parameter id="A" metaid="_145149" name="A" value="100"/>
            <parameter id="K1" metaid="_145161" name="K1" value="15"/>
            <parameter id="Ka" metaid="_145173" name="Ka" value="500"/>
            <parameter id="V1" metaid="_145185" name="V1" value="6"/>
          </listOfParameters>
        </kineticLaw>
      </reaction>
      <reaction id="reaction_1" metaid="COPASI3" name="3" reversible="false">
        <annotation>
<COPASI xmlns="http://www.copasi.org/static/sbml">
            <rdf:RDF xmlns:dcterms="http://purl.org/dc/terms/" xmlns:rdf="http://www.w3.org/1999/02/22-rdf-syntax-ns#">
              <rdf:Description rdf:about="#COPASI3">
                <dcterms:created>
                  <rdf:Description>
                    <dcterms:W3CDTF>2011-06-24T16:10:26Z</dcterms:W3CDTF>
                  </rdf:Description>
                </dcterms:created>
              </rdf:Description>
            </rdf:RDF>
          </COPASI>
	<rdf:RDF xmlns:rdf="http://www.w3.org/1999/02/22-rdf-syntax-ns#" xmlns:bqbiol="http://biomodels.net/biology-qualifiers/">
            <rdf:Description rdf:about="#COPASI3">
	<bqbiol:isVersionOf>
	<rdf:Bag>
	<rdf:li rdf:resource="http://identifiers.org/go/GO:0016310"/>
	</rdf:Bag>
	</bqbiol:isVersionOf>
	</rdf:Description>
	
	</rdf:RDF>
	</annotation>
              <listOfReactants>
          <speciesReference metaid="_145197" species="species_2"/>
        </listOfReactants>
        <listOfProducts>
          <speciesReference metaid="_145209" species="species_3"/>
        </listOfProducts>
        <listOfModifiers>
          <modifierSpeciesReference metaid="_145221" species="species_1"/>
          <modifierSpeciesReference metaid="_145233" species="species_3"/>
          <modifierSpeciesReference metaid="_145245" species="species_7"/>
          <modifierSpeciesReference metaid="_080578" species="species_1"/>
          <modifierSpeciesReference metaid="_080590" species="species_2"/>
          <modifierSpeciesReference metaid="_080602" species="species_3"/>
          <modifierSpeciesReference metaid="_080614" species="species_7"/>
          <modifierSpeciesReference metaid="eb549966_d738_4c89_b067_9c722951a236" species="species_1"/>
          <modifierSpeciesReference metaid="c1f75bb4_588d_4359_b13b_0a6e951148d2" species="species_2"/>
          <modifierSpeciesReference metaid="_76c32574_b826_4433_aee9_18da8bac0bc9" species="species_3"/>
          <modifierSpeciesReference metaid="bf8da4e9_6564_43f9_b5f6_e3bd219d1d3c" species="species_7"/>
        </listOfModifiers>
        <kineticLaw metaid="_145257">
          <math xmlns="http://www.w3.org/1998/Math/MathML">          
            <apply>
              <times/>
              <ci> compartment_0 </ci>
              <apply>
                <ci> function_4_3_1 </ci>
                <ci> K3 </ci>
                <ci> KI </ci>
                <ci> k3 </ci>
                <ci> species_1 </ci>
                <ci> species_2 </ci>
                <ci> species_3 </ci>
                <ci> species_7 </ci>
              </apply>
            </apply>
          </math>
                  <listOfParameters>
            <parameter id="K3" metaid="_145269" name="K3" value="20"/>
            <parameter id="KI" metaid="_145281" name="KI" value="9"/>
            <parameter id="k3" metaid="_145293" name="k3" value="0.1"/>
          </listOfParameters>
        </kineticLaw>
      </reaction>
      <reaction id="reaction_2" metaid="COPASI4" name="4" reversible="false">
        <annotation>
<COPASI xmlns="http://www.copasi.org/static/sbml">
            <rdf:RDF xmlns:dcterms="http://purl.org/dc/terms/" xmlns:rdf="http://www.w3.org/1999/02/22-rdf-syntax-ns#">
              <rdf:Description rdf:about="#COPASI4">
                <dcterms:created>
                  <rdf:Description>
                    <dcterms:W3CDTF>2011-06-24T16:10:53Z</dcterms:W3CDTF>
                  </rdf:Description>
                </dcterms:created>
              </rdf:Description>
            </rdf:RDF>
          </COPASI>
	<rdf:RDF xmlns:rdf="http://www.w3.org/1999/02/22-rdf-syntax-ns#" xmlns:bqbiol="http://biomodels.net/biology-qualifiers/">
            <rdf:Description rdf:about="#COPASI4">
	<bqbiol:isVersionOf>
	<rdf:Bag>
	<rdf:li rdf:resource="http://identifiers.org/go/GO:0016310"/>
	</rdf:Bag>
	</bqbiol:isVersionOf>
	</rdf:Description>
	
	</rdf:RDF>
	</annotation>
              <listOfReactants>
          <speciesReference metaid="_145305" species="species_3"/>
        </listOfReactants>
        <listOfProducts>
          <speciesReference metaid="_145317" species="species_4"/>
        </listOfProducts>
        <listOfModifiers>
          <modifierSpeciesReference metaid="_145329" species="species_1"/>
          <modifierSpeciesReference metaid="_145341" species="species_2"/>
          <modifierSpeciesReference metaid="_145353" species="species_7"/>
          <modifierSpeciesReference metaid="_080626" species="species_1"/>
          <modifierSpeciesReference metaid="_080638" species="species_2"/>
          <modifierSpeciesReference metaid="_080650" species="species_3"/>
          <modifierSpeciesReference metaid="_080662" species="species_7"/>
          <modifierSpeciesReference metaid="_67bc20f7_ffe1_401f_b8a0_78a4774c7a25" species="species_1"/>
          <modifierSpeciesReference metaid="_2e646202_56eb_4224_ae53_b0fa97cf0916" species="species_2"/>
          <modifierSpeciesReference metaid="af517201_07fa_45a3_96c4_31f780cb0f18" species="species_3"/>
          <modifierSpeciesReference metaid="_0d45552d_2403_46b6_adeb_b563a1fa53d1" species="species_7"/>
        </listOfModifiers>
        <kineticLaw metaid="_145365">
          <math xmlns="http://www.w3.org/1998/Math/MathML">          
            <apply>
              <times/>
              <ci> compartment_0 </ci>
              <apply>
                <ci> function_4_4_1 </ci>
                <ci> K4 </ci>
                <ci> KI </ci>
                <ci> k4 </ci>
                <ci> species_1 </ci>
                <ci> species_2 </ci>
                <ci> species_3 </ci>
                <ci> species_7 </ci>
              </apply>
            </apply>
          </math>
                  <listOfParameters>
            <parameter id="K4" metaid="_145377" name="K4" value="20"/>
            <parameter id="KI" metaid="_145389" name="KI" value="9"/>
            <parameter id="k4" metaid="_145401" name="k4" value="0.1"/>
          </listOfParameters>
        </kineticLaw>
      </reaction>
      <reaction id="reaction_3" metaid="COPASI5" name="7" reversible="false">
        <annotation>
<COPASI xmlns="http://www.copasi.org/static/sbml">
            <rdf:RDF xmlns:dcterms="http://purl.org/dc/terms/" xmlns:rdf="http://www.w3.org/1999/02/22-rdf-syntax-ns#">
              <rdf:Description rdf:about="#COPASI5">
                <dcterms:created>
                  <rdf:Description>
                    <dcterms:W3CDTF>2011-06-24T16:12:05Z</dcterms:W3CDTF>
                  </rdf:Description>
                </dcterms:created>
              </rdf:Description>
            </rdf:RDF>
          </COPASI>
	<rdf:RDF xmlns:rdf="http://www.w3.org/1999/02/22-rdf-syntax-ns#" xmlns:bqbiol="http://biomodels.net/biology-qualifiers/">
            <rdf:Description rdf:about="#COPASI5">
	<bqbiol:isVersionOf>
	<rdf:Bag>
	<rdf:li rdf:resource="http://identifiers.org/go/GO:0016310"/>
	</rdf:Bag>
	</bqbiol:isVersionOf>
	</rdf:Description>
	
	</rdf:RDF>
	</annotation>
              <listOfReactants>
          <speciesReference metaid="_145413" species="species_5"/>
        </listOfReactants>
        <listOfProducts>
          <speciesReference metaid="_145425" species="species_6"/>
        </listOfProducts>
        <listOfModifiers>
          <modifierSpeciesReference metaid="_145437" species="species_4"/>
          <modifierSpeciesReference metaid="_145449" species="species_6"/>
          <modifierSpeciesReference metaid="_080674" species="species_4"/>
          <modifierSpeciesReference metaid="_080686" species="species_5"/>
          <modifierSpeciesReference metaid="_080698" species="species_6"/>
          <modifierSpeciesReference metaid="_797f43a8_64a9_4c40_82ae_c62c05638dda" species="species_4"/>
          <modifierSpeciesReference metaid="_26845c22_3846_462e_814e_1c577b6f9759" species="species_5"/>
          <modifierSpeciesReference metaid="da631d69_551b_44bd_b6a2_a64da4e64d07" species="species_6"/>
        </listOfModifiers>
        <kineticLaw metaid="_145461">
          <math xmlns="http://www.w3.org/1998/Math/MathML">          
            <apply>
              <times/>
              <ci> compartment_0 </ci>
              <apply>
                <ci> function_4_7_1 </ci>
                <ci> K7 </ci>
                <ci> k7 </ci>
                <ci> species_4 </ci>
                <ci> species_5 </ci>
                <ci> species_6 </ci>
              </apply>
            </apply>
          </math>
                  <listOfParameters>
            <parameter id="K7" metaid="_145473" name="K7" value="20"/>
            <parameter id="k7" metaid="_145484" name="k7" value="0.1"/>
          </listOfParameters>
        </kineticLaw>
      </reaction>
      <reaction id="reaction_4" metaid="COPASI6" name="8" reversible="false">
        <annotation>
<COPASI xmlns="http://www.copasi.org/static/sbml">
            <rdf:RDF xmlns:dcterms="http://purl.org/dc/terms/" xmlns:rdf="http://www.w3.org/1999/02/22-rdf-syntax-ns#">
              <rdf:Description rdf:about="#COPASI6">
                <dcterms:created>
                  <rdf:Description>
                    <dcterms:W3CDTF>2011-06-24T16:12:38Z</dcterms:W3CDTF>
                  </rdf:Description>
                </dcterms:created>
              </rdf:Description>
            </rdf:RDF>
          </COPASI>
	<rdf:RDF xmlns:rdf="http://www.w3.org/1999/02/22-rdf-syntax-ns#" xmlns:bqbiol="http://biomodels.net/biology-qualifiers/">
            <rdf:Description rdf:about="#COPASI6">
	<bqbiol:isVersionOf>
	<rdf:Bag>
	<rdf:li rdf:resource="http://identifiers.org/go/GO:0016310"/>
	</rdf:Bag>
	</bqbiol:isVersionOf>
	</rdf:Description>
	
	</rdf:RDF>
	</annotation>
              <listOfReactants>
          <speciesReference metaid="_145496" species="species_6"/>
        </listOfReactants>
        <listOfProducts>
          <speciesReference metaid="_145508" species="species_7"/>
        </listOfProducts>
        <listOfModifiers>
          <modifierSpeciesReference metaid="_145520" species="species_4"/>
          <modifierSpeciesReference metaid="_145532" species="species_5"/>
          <modifierSpeciesReference metaid="_080710" species="species_4"/>
          <modifierSpeciesReference metaid="_080722" species="species_5"/>
          <modifierSpeciesReference metaid="_080734" species="species_6"/>
          <modifierSpeciesReference metaid="_836d3073_cefb_4c75_ad1a_41e10d142090" species="species_4"/>
          <modifierSpeciesReference metaid="_143c21eb_26e3_46d8_97d9_cba73daa3404" species="species_5"/>
          <modifierSpeciesReference metaid="_46a026b0_e265_4a56_8e2a_1c1f87df33b3" species="species_6"/>
        </listOfModifiers>
        <kineticLaw metaid="_145544">
          <math xmlns="http://www.w3.org/1998/Math/MathML">          
            <apply>
              <times/>
              <ci> compartment_0 </ci>
              <apply>
                <ci> function_4_8_1 </ci>
                <ci> K8 </ci>
                <ci> k8 </ci>
                <ci> species_4 </ci>
                <ci> species_5 </ci>
                <ci> species_6 </ci>
              </apply>
            </apply>
          </math>
                  <listOfParameters>
            <parameter id="K8" metaid="_145557" name="K8" value="20"/>
            <parameter id="k8" metaid="_145568" name="k8" value="0.1"/>
          </listOfParameters>
        </kineticLaw>
      </reaction>
      <reaction id="reaction_5" metaid="COPASI7" name="2" reversible="false">
        <annotation>
<COPASI xmlns="http://www.copasi.org/static/sbml">
            <rdf:RDF xmlns:dcterms="http://purl.org/dc/terms/" xmlns:rdf="http://www.w3.org/1999/02/22-rdf-syntax-ns#">
              <rdf:Description rdf:about="#COPASI7">
                <dcterms:created>
                  <rdf:Description>
                    <dcterms:W3CDTF>2011-06-24T16:09:42Z</dcterms:W3CDTF>
                  </rdf:Description>
                </dcterms:created>
              </rdf:Description>
            </rdf:RDF>
          </COPASI>
	<rdf:RDF xmlns:rdf="http://www.w3.org/1999/02/22-rdf-syntax-ns#" xmlns:bqbiol="http://biomodels.net/biology-qualifiers/">
            <rdf:Description rdf:about="#COPASI7">
	<bqbiol:isVersionOf>
	<rdf:Bag>
	<rdf:li rdf:resource="http://identifiers.org/go/GO:0016311"/>
	</rdf:Bag>
	</bqbiol:isVersionOf>
	</rdf:Description>
	
	</rdf:RDF>
	</annotation>
              <listOfReactants>
          <speciesReference metaid="_145580" species="species_1"/>
        </listOfReactants>
        <listOfProducts>
          <speciesReference metaid="_145592" species="species_0"/>
        </listOfProducts>
        <listOfModifiers>
          <modifierSpeciesReference metaid="_145604" species="species_8"/>
          <modifierSpeciesReference metaid="_080746" species="species_1"/>
          <modifierSpeciesReference metaid="_080758" species="species_8"/>
          <modifierSpeciesReference metaid="a5565e51_931b_4e53_aaca_70a837dd4d12" species="species_1"/>
          <modifierSpeciesReference metaid="_1c36fdc0_bc47_47dc_be16_13fa589d1b54" species="species_8"/>
        </listOfModifiers>
        <kineticLaw metaid="_145616">
          <math xmlns="http://www.w3.org/1998/Math/MathML">          
            <apply>
              <times/>
              <ci> compartment_0 </ci>
              <apply>
                <ci> function_4_2_1 </ci>
                <ci> K2 </ci>
                <ci> k2 </ci>
                <ci> species_1 </ci>
                <ci> species_8 </ci>
              </apply>
            </apply>
          </math>
                  <listOfParameters>
            <parameter id="K2" metaid="_145628" name="K2" value="100"/>
            <parameter id="k2" metaid="_145640" name="k2" value="0.1"/>
          </listOfParameters>
        </kineticLaw>
      </reaction>
      <reaction id="reaction_6" metaid="COPASI8" name="5" reversible="false">
        <annotation>
<COPASI xmlns="http://www.copasi.org/static/sbml">
            <rdf:RDF xmlns:dcterms="http://purl.org/dc/terms/" xmlns:rdf="http://www.w3.org/1999/02/22-rdf-syntax-ns#">
              <rdf:Description rdf:about="#COPASI8">
                <dcterms:created>
                  <rdf:Description>
                    <dcterms:W3CDTF>2011-06-24T16:11:11Z</dcterms:W3CDTF>
                  </rdf:Description>
                </dcterms:created>
              </rdf:Description>
            </rdf:RDF>
          </COPASI>
	<rdf:RDF xmlns:rdf="http://www.w3.org/1999/02/22-rdf-syntax-ns#" xmlns:bqbiol="http://biomodels.net/biology-qualifiers/">
            <rdf:Description rdf:about="#COPASI8">
	<bqbiol:isVersionOf>
	<rdf:Bag>
	<rdf:li rdf:resource="http://identifiers.org/go/GO:0016311"/>
	</rdf:Bag>
	</bqbiol:isVersionOf>
	</rdf:Description>
	
	</rdf:RDF>
	</annotation>
              <listOfReactants>
          <speciesReference metaid="_145652" species="species_4"/>
        </listOfReactants>
        <listOfProducts>
          <speciesReference metaid="_145664" species="species_3"/>
        </listOfProducts>
        <listOfModifiers>
          <modifierSpeciesReference metaid="_145676" species="species_9"/>
          <modifierSpeciesReference metaid="_145688" species="species_3"/>
          <modifierSpeciesReference metaid="_080770" species="species_3"/>
          <modifierSpeciesReference metaid="_080782" species="species_4"/>
          <modifierSpeciesReference metaid="_080794" species="species_9"/>
          <modifierSpeciesReference metaid="aae5364a_1c88_48a5_84fa_c8da4c991058" species="species_3"/>
          <modifierSpeciesReference metaid="b419c060_65e0_4631_bedf_7064eb50c4df" species="species_4"/>
          <modifierSpeciesReference metaid="_9d054f4f_2bc8_427e_9f4e_3c9241f95a80" species="species_9"/>
        </listOfModifiers>
        <kineticLaw metaid="_145700">
          <math xmlns="http://www.w3.org/1998/Math/MathML">          
            <apply>
              <times/>
              <ci> compartment_0 </ci>
              <apply>
                <ci> function_4_5_1 </ci>
                <ci> K5 </ci>
                <ci> k5 </ci>
                <ci> species_3 </ci>
                <ci> species_4 </ci>
                <ci> species_9 </ci>
              </apply>
            </apply>
          </math>
                  <listOfParameters>
            <parameter id="K5" metaid="_145712" name="K5" value="20"/>
            <parameter id="k5" metaid="_145724" name="k5" value="0.02"/>
          </listOfParameters>
        </kineticLaw>
      </reaction>
      <reaction id="reaction_7" metaid="COPASI9" name="6" reversible="false">
        <annotation>
<COPASI xmlns="http://www.copasi.org/static/sbml">
            <rdf:RDF xmlns:dcterms="http://purl.org/dc/terms/" xmlns:rdf="http://www.w3.org/1999/02/22-rdf-syntax-ns#">
              <rdf:Description rdf:about="#COPASI9">
                <dcterms:created>
                  <rdf:Description>
                    <dcterms:W3CDTF>2011-06-24T16:11:30Z</dcterms:W3CDTF>
                  </rdf:Description>
                </dcterms:created>
              </rdf:Description>
            </rdf:RDF>
          </COPASI>
	<rdf:RDF xmlns:rdf="http://www.w3.org/1999/02/22-rdf-syntax-ns#" xmlns:bqbiol="http://biomodels.net/biology-qualifiers/">
            <rdf:Description rdf:about="#COPASI9">
	<bqbiol:isVersionOf>
	<rdf:Bag>
	<rdf:li rdf:resource="http://identifiers.org/go/GO:0016311"/>
	</rdf:Bag>
	</bqbiol:isVersionOf>
	</rdf:Description>
	
	</rdf:RDF>
	</annotation>
              <listOfReactants>
          <speciesReference metaid="_145736" species="species_3"/>
        </listOfReactants>
        <listOfProducts>
          <speciesReference metaid="_145748" species="species_2"/>
        </listOfProducts>
        <listOfModifiers>
          <modifierSpeciesReference metaid="_145760" species="species_9"/>
          <modifierSpeciesReference metaid="_145772" species="species_4"/>
          <modifierSpeciesReference metaid="_080806" species="species_3"/>
          <modifierSpeciesReference metaid="_080818" species="species_4"/>
          <modifierSpeciesReference metaid="_080830" species="species_9"/>
          <modifierSpeciesReference metaid="a9e5dc06_0aae_4167_a743_3bdd37af5538" species="species_3"/>
          <modifierSpeciesReference metaid="a04393ba_6568_421e_a64e_17dca8209039" species="species_4"/>
          <modifierSpeciesReference metaid="_0ccf4871_0dae_4f41_a0fe_6c3d51657e89" species="species_9"/>
        </listOfModifiers>
        <kineticLaw metaid="_145784">
          <math xmlns="http://www.w3.org/1998/Math/MathML">          
            <apply>
              <times/>
              <ci> compartment_0 </ci>
              <apply>
                <ci> function_4_6_1 </ci>
                <ci> K6 </ci>
                <ci> k6 </ci>
                <ci> species_3 </ci>
                <ci> species_4 </ci>
                <ci> species_9 </ci>
              </apply>
            </apply>
          </math>
                  <listOfParameters>
            <parameter id="K6" metaid="_145796" name="K6" value="20"/>
            <parameter id="k6" metaid="_145808" name="k6" value="0.02"/>
          </listOfParameters>
        </kineticLaw>
      </reaction>
      <reaction id="reaction_8" metaid="COPASI10" name="9" reversible="false">
        <annotation>
<COPASI xmlns="http://www.copasi.org/static/sbml">
            <rdf:RDF xmlns:dcterms="http://purl.org/dc/terms/" xmlns:rdf="http://www.w3.org/1999/02/22-rdf-syntax-ns#">
              <rdf:Description rdf:about="#COPASI10">
                <dcterms:created>
                  <rdf:Description>
                    <dcterms:W3CDTF>2011-06-19T13:02:34Z</dcterms:W3CDTF>
                  </rdf:Description>
                </dcterms:created>
              </rdf:Description>
            </rdf:RDF>
          </COPASI>
	<rdf:RDF xmlns:rdf="http://www.w3.org/1999/02/22-rdf-syntax-ns#" xmlns:bqbiol="http://biomodels.net/biology-qualifiers/">
            <rdf:Description rdf:about="#COPASI10">
	<bqbiol:isVersionOf>
	<rdf:Bag>
	<rdf:li rdf:resource="http://identifiers.org/go/GO:0016311"/>
	</rdf:Bag>
	</bqbiol:isVersionOf>
	</rdf:Description>
	
	</rdf:RDF>
	</annotation>
              <listOfReactants>
          <speciesReference metaid="_145820" species="species_7"/>
        </listOfReactants>
        <listOfProducts>
          <speciesReference metaid="_145832" species="species_6"/>
        </listOfProducts>
        <listOfModifiers>
          <modifierSpeciesReference metaid="_145844" species="species_10"/>
          <modifierSpeciesReference metaid="_145856" species="species_6"/>
          <modifierSpeciesReference metaid="_145868" species="species_5"/>
          <modifierSpeciesReference metaid="_080842" species="species_10"/>
          <modifierSpeciesReference metaid="_080854" species="species_6"/>
          <modifierSpeciesReference metaid="_080867" species="species_7"/>
          <modifierSpeciesReference metaid="aaee894b_bd97_447c_a567_90549ac107d7" species="species_10"/>
          <modifierSpeciesReference metaid="_6a91df39_bacf_4ea8_a5d7_7090eb68312f" species="species_6"/>
          <modifierSpeciesReference metaid="_18dec2f6_7c74_4aeb_8a66_7988997d6137" species="species_7"/>
        </listOfModifiers>
        <kineticLaw metaid="_145880">
          <math xmlns="http://www.w3.org/1998/Math/MathML">          
            <apply>
              <times/>
              <ci> compartment_0 </ci>
              <apply>
                <ci> function_4_9_1 </ci>
                <ci> K9 </ci>
                <ci> k9 </ci>
                <ci> species_10 </ci>
                <ci> species_6 </ci>
                <ci> species_7 </ci>
              </apply>
            </apply>
          </math>
                  <listOfParameters>
            <parameter id="K9" metaid="_145892" name="K9" value="20"/>
            <parameter id="k9" metaid="_145904" name="k9" value="0.02"/>
          </listOfParameters>
        </kineticLaw>
      </reaction>
      <reaction id="reaction_9" metaid="COPASI11" name="10" reversible="false">
        <annotation>
<COPASI xmlns="http://www.copasi.org/static/sbml">
            <rdf:RDF xmlns:dcterms="http://purl.org/dc/terms/" xmlns:rdf="http://www.w3.org/1999/02/22-rdf-syntax-ns#">
              <rdf:Description rdf:about="#COPASI11">
                <dcterms:created>
                  <rdf:Description>
                    <dcterms:W3CDTF>2011-06-19T13:02:44Z</dcterms:W3CDTF>
                  </rdf:Description>
                </dcterms:created>
              </rdf:Description>
            </rdf:RDF>
          </COPASI>
	<rdf:RDF xmlns:rdf="http://www.w3.org/1999/02/22-rdf-syntax-ns#" xmlns:bqbiol="http://biomodels.net/biology-qualifiers/">
            <rdf:Description rdf:about="#COPASI11">
	<bqbiol:isVersionOf>
	<rdf:Bag>
	<rdf:li rdf:resource="http://identifiers.org/go/GO:0016311"/>
	</rdf:Bag>
	</bqbiol:isVersionOf>
	</rdf:Description>
	
	</rdf:RDF>
	</annotation>
              <listOfReactants>
          <speciesReference metaid="_145916" species="species_6"/>
        </listOfReactants>
        <listOfProducts>
          <speciesReference metaid="_145928" species="species_5"/>
        </listOfProducts>
        <listOfModifiers>
          <modifierSpeciesReference metaid="_145940" species="species_10"/>
          <modifierSpeciesReference metaid="_145952" species="species_7"/>
          <modifierSpeciesReference metaid="_145964" species="species_5"/>
          <modifierSpeciesReference metaid="_080879" species="species_10"/>
          <modifierSpeciesReference metaid="_080891" species="species_6"/>
          <modifierSpeciesReference metaid="_080903" species="species_7"/>
          <modifierSpeciesReference metaid="_51c507d2_b9d4_4851_acac_eebf4a88de5b" species="species_10"/>
          <modifierSpeciesReference metaid="_07c399a7_f0a8_4ea1_af46_d82d2c5e54a7" species="species_6"/>
          <modifierSpeciesReference metaid="_43a5765e_809b_4121_9de7_0d7f7f93e520" species="species_7"/>
        </listOfModifiers>
        <kineticLaw metaid="_145976">
          <math xmlns="http://www.w3.org/1998/Math/MathML">          
            <apply>
              <times/>
              <ci> compartment_0 </ci>
              <apply>
                <ci> function_4_10_1 </ci>
                <ci> K10 </ci>
                <ci> k10 </ci>
                <ci> species_10 </ci>
                <ci> species_6 </ci>
                <ci> species_7 </ci>
              </apply>
            </apply>
          </math>
                  <listOfParameters>
            <parameter id="K10" metaid="_145988" name="K10" value="20"/>
            <parameter id="k10" metaid="_146000" name="k10" value="0.02"/>
          </listOfParameters>
        </kineticLaw>
      </reaction>
      <reaction id="reaction_10" metaid="COPASI12" name="11" reversible="false">
        <annotation>
<COPASI xmlns="http://www.copasi.org/static/sbml">
            <rdf:RDF xmlns:dcterms="http://purl.org/dc/terms/" xmlns:rdf="http://www.w3.org/1999/02/22-rdf-syntax-ns#">
              <rdf:Description rdf:about="#COPASI12">
                <dcterms:created>
                  <rdf:Description>
                    <dcterms:W3CDTF>2011-06-21T14:43:13Z</dcterms:W3CDTF>
                  </rdf:Description>
                </dcterms:created>
              </rdf:Description>
            </rdf:RDF>
          </COPASI>
	<rdf:RDF xmlns:rdf="http://www.w3.org/1999/02/22-rdf-syntax-ns#" xmlns:bqbiol="http://biomodels.net/biology-qualifiers/">
            <rdf:Description rdf:about="#COPASI12">
	<bqbiol:isVersionOf>
	<rdf:Bag>
	<rdf:li rdf:resource="http://identifiers.org/go/GO:0016310"/>
	</rdf:Bag>
	</bqbiol:isVersionOf>
	</rdf:Description>
	
	</rdf:RDF>
	</annotation>
              <listOfReactants>
          <speciesReference metaid="_146012" species="species_11"/>
        </listOfReactants>
        <listOfProducts>
          <speciesReference metaid="_146024" species="species_12"/>
        </listOfProducts>
        <listOfModifiers>
          <modifierSpeciesReference metaid="_146036" species="species_7"/>
          <modifierSpeciesReference metaid="_080915" species="species_11"/>
          <modifierSpeciesReference metaid="_080927" species="species_7"/>
          <modifierSpeciesReference metaid="_2e28b34a_24f5_4075_b7bc_32f45507b2c1" species="species_11"/>
          <modifierSpeciesReference metaid="_932ce239_c6dd_403f_9b36_c80f177b9ec5" species="species_7"/>
        </listOfModifiers>
        <kineticLaw metaid="_146048">
          <math xmlns="http://www.w3.org/1998/Math/MathML">          
            <apply>
              <times/>
              <ci> compartment_0 </ci>
              <apply>
                <ci> function_1 </ci>
                <ci> V11 </ci>
                <ci> species_11 </ci>
                <ci> K11 </ci>
                <ci> A </ci>
                <ci> species_7 </ci>
                <ci> Ka </ci>
              </apply>
            </apply>
          </math>
                  <listOfParameters>
            <parameter id="V11" metaid="_146060" name="V11" value="0.1"/>
            <parameter id="K11" metaid="_146072" name="K11" value="50"/>
            <parameter id="A" metaid="_146084" name="A" value="100"/>
            <parameter id="Ka" metaid="_146096" name="Ka" value="500"/>
          </listOfParameters>
        </kineticLaw>
      </reaction>
      <reaction id="reaction_11" metaid="COPASI13" name="12" reversible="false">
        <annotation>
<COPASI xmlns="http://www.copasi.org/static/sbml">
            <rdf:RDF xmlns:dcterms="http://purl.org/dc/terms/" xmlns:rdf="http://www.w3.org/1999/02/22-rdf-syntax-ns#">
              <rdf:Description rdf:about="#COPASI13">
                <dcterms:created>
                  <rdf:Description>
                    <dcterms:W3CDTF>2011-06-21T14:49:34Z</dcterms:W3CDTF>
                  </rdf:Description>
                </dcterms:created>
              </rdf:Description>
            </rdf:RDF>
          </COPASI>
	<rdf:RDF xmlns:rdf="http://www.w3.org/1999/02/22-rdf-syntax-ns#" xmlns:bqbiol="http://biomodels.net/biology-qualifiers/">
            <rdf:Description rdf:about="#COPASI13">
	<bqbiol:isVersionOf>
	<rdf:Bag>
	<rdf:li rdf:resource="http://identifiers.org/go/GO:0016311"/>
	</rdf:Bag>
	</bqbiol:isVersionOf>
	</rdf:Description>
	
	</rdf:RDF>
	</annotation>
              <listOfReactants>
          <speciesReference metaid="_146108" species="species_12"/>
        </listOfReactants>
        <listOfProducts>
          <speciesReference metaid="_146120" species="species_11"/>
        </listOfProducts>
        <listOfModifiers>
          <modifierSpeciesReference metaid="_080939" species="species_12"/>
          <modifierSpeciesReference metaid="_5bcfefc9_1ba6_498a_867b_b29a1b182958" species="species_12"/>
        </listOfModifiers>
        <kineticLaw metaid="_146132">
          <math xmlns="http://www.w3.org/1998/Math/MathML">          
            <apply>
              <times/>
              <ci> compartment_0 </ci>
              <apply>
                <ci> function_2 </ci>
                <ci> V12 </ci>
                <ci> species_12 </ci>
                <ci> K12 </ci>
              </apply>
            </apply>
          </math>
                  <listOfParameters>
            <parameter id="V12" metaid="_146144" name="V12" value="0.5"/>
            <parameter id="K12" metaid="_146156" name="K12" value="50"/>
          </listOfParameters>
        </kineticLaw>
      </reaction>
    </listOfReactions>
  </model>
</sbml>
