<?xml version="1.0" encoding="UTF-8" standalone="no"?>
<sbml xmlns="http://www.sbml.org/sbml/level2" level="2" metaid="metaid_0000001" version="1">
  <model id="model_0000001" metaid="metaid_0000002" name="Komarova2005_TheoreticalFramework_BasicArchitecture">
    <notes>
      <body xmlns="http://www.w3.org/1999/xhtml">
        <p>This model according to the paper      <i>A Theoretical Framework for Specificity in Cell Signalling</i>
          The model is "basic architecture" of Figure2A. Figure2B, Figure2C have been reproduced by MathSBML. The reproduced figures are slightly different from the original ones in the paper, the peak of [x2] is higher than 1 and is not decreasing dramatically when [x0]=0. And I think maybe the author shift the or scale the curves.      </p>
            <br/>
            <p>To the extent possible under law, all copyright and related or neighbouring rights to this encoded model have been dedicated to the public domain worldwide. Please refer to      <a href="http://creativecommons.org/publicdomain/zero/1.0/" title="Creative Commons CC0">CC0 Public Domain Dedication</a>
          for more information.      </p>
            <p>In summary, you are entitled to use this encoded model in absolutely any manner you deem suitable, verbatim, or with modification, alone or embedded it in a larger context, redistribute it, commercially or not, in a restricted way or not.</p>
            <br/>
            <p>To cite BioModels Database, please use:      <a href="http://www.ncbi.nlm.nih.gov/pubmed/20587024" target="_blank">Li C, Donizelli M, Rodriguez N, Dharuri H, Endler L, Chelliah V, Li L, He E, Henry A, Stefan MI, Snoep JL, Hucka M, Le Novère N, Laibe C (2010) BioModels Database: An enhanced, curated and annotated resource for published quantitative kinetic models. BMC Syst Biol., 4:92.</a>
                </p>
            </body>
      
    </notes>
    <annotation>
      <rdf:RDF xmlns:rdf="http://www.w3.org/1999/02/22-rdf-syntax-ns#" xmlns:bqmodel="http://biomodels.net/model-qualifiers/" xmlns:vCard="http://www.w3.org/2001/vcard-rdf/3.0#" xmlns:dc="http://purl.org/dc/elements/1.1/" xmlns:dcterms="http://purl.org/dc/terms/" xmlns:bqbiol="http://biomodels.net/biology-qualifiers/">
        <rdf:Description rdf:about="#metaid_0000002">
	<dc:creator>
	<rdf:Bag>
	<rdf:li rdf:parseType="Resource">
	<vCard:N rdf:parseType="Resource">
	<vCard:Family>He</vCard:Family>
	<vCard:Given>Enuo</vCard:Given>
	</vCard:N>
	<vCard:EMAIL>enuo@caltech.edu</vCard:EMAIL>
	<vCard:ORG rdf:parseType="Resource">
	<vCard:Orgname>BNMC</vCard:Orgname>
	</vCard:ORG>
	</rdf:li>
	</rdf:Bag>
	</dc:creator>
	<dcterms:created rdf:parseType="Resource">
	<dcterms:W3CDTF>2007-06-04T15:33:08Z</dcterms:W3CDTF>
	</dcterms:created>
	<dcterms:modified rdf:parseType="Resource">
	<dcterms:W3CDTF>2012-07-05T16:31:20Z</dcterms:W3CDTF>
	</dcterms:modified>
	<bqmodel:is>
	<rdf:Bag>
	<rdf:li rdf:resource="http://identifiers.org/biomodels.db/MODEL2451230486"/>
	</rdf:Bag>
	</bqmodel:is>
	<bqmodel:is>
	<rdf:Bag>
	<rdf:li rdf:resource="http://identifiers.org/biomodels.db/BIOMD0000000125"/>
	</rdf:Bag>
	</bqmodel:is>
	<bqmodel:isDescribedBy>
	<rdf:Bag>
	<rdf:li rdf:resource="http://identifiers.org/pubmed/16729058"/>
	</rdf:Bag>
	</bqmodel:isDescribedBy>
	<bqbiol:isVersionOf>
	<rdf:Bag>
	<rdf:li rdf:resource="http://identifiers.org/go/GO:0030159"/>
	<rdf:li rdf:resource="http://identifiers.org/go/GO:0051716"/>
	<rdf:li rdf:resource="http://identifiers.org/go/GO:0007166"/>
	</rdf:Bag>
	</bqbiol:isVersionOf>
	<bqbiol:hasVersion>
	<rdf:Bag>
	<rdf:li rdf:resource="http://identifiers.org/kegg.pathway/map04010"/>
	<rdf:li rdf:resource="http://identifiers.org/go/GO:0000165"/>
	</rdf:Bag>
	</bqbiol:hasVersion>
	<bqbiol:hasTaxon>
	<rdf:Bag>
	<rdf:li rdf:resource="http://identifiers.org/taxonomy/33154"/>
	</rdf:Bag>
	</bqbiol:hasTaxon>
	</rdf:Description>
	
      </rdf:RDF>
    </annotation>
      <listOfCompartments>
      <compartment id="compartment_0000001" metaid="metaid_0000003" name="cell" size="1">
        <annotation>
          <rdf:RDF xmlns:rdf="http://www.w3.org/1999/02/22-rdf-syntax-ns#" xmlns:bqmodel="http://biomodels.net/model-qualifiers/" xmlns:bqbiol="http://biomodels.net/biology-qualifiers/">
            <rdf:Description rdf:about="#metaid_0000003">
	<bqbiol:isVersionOf>
	<rdf:Bag>
	<rdf:li rdf:resource="http://identifiers.org/go/GO:0005623"/>
	</rdf:Bag>
	</bqbiol:isVersionOf>
	</rdf:Description>
	
          </rdf:RDF>
        </annotation>
            </compartment>
    </listOfCompartments>
    <listOfSpecies>
      <species compartment="compartment_0000001" id="x1" initialConcentration="0" metaid="metaid_0000004">
        <annotation>
          <rdf:RDF xmlns:rdf="http://www.w3.org/1999/02/22-rdf-syntax-ns#" xmlns:bqmodel="http://biomodels.net/model-qualifiers/" xmlns:bqbiol="http://biomodels.net/biology-qualifiers/">
            <rdf:Description rdf:about="#metaid_0000004">
	<bqbiol:hasVersion>
	<rdf:Bag>
	<rdf:li rdf:resource="http://identifiers.org/interpro/IPR003527"/>
	</rdf:Bag>
	</bqbiol:hasVersion>
	</rdf:Description>
	
          </rdf:RDF>
        </annotation>
            </species>
      <species compartment="compartment_0000001" id="x2" initialConcentration="0" metaid="metaid_0000005"/>
      <species compartment="compartment_0000001" id="y2" initialConcentration="0" metaid="metaid_0000006"/>
      <species compartment="compartment_0000001" id="x0" initialConcentration="1" metaid="metaid_0000020">
        <notes>
          <p xmlns="http://www.w3.org/1999/xhtml">
        x0(t) and y0(t) are the signal functions. The authors assume the network only receives one of the two signals at a time. Thus, if x0(t) is postive for some duration of time, then y0(t) is identically zero, and visa versa.</p>
          
        </notes>
        <annotation>
          <rdf:RDF xmlns:rdf="http://www.w3.org/1999/02/22-rdf-syntax-ns#" xmlns:bqmodel="http://biomodels.net/model-qualifiers/" xmlns:bqbiol="http://biomodels.net/biology-qualifiers/">
            <rdf:Description rdf:about="#metaid_0000020">
	<bqbiol:hasVersion>
	<rdf:Bag>
	<rdf:li rdf:resource="http://identifiers.org/interpro/IPR006210"/>
	</rdf:Bag>
	</bqbiol:hasVersion>
	</rdf:Description>
	
          </rdf:RDF>
        </annotation>
            </species>
      <species compartment="compartment_0000001" id="y0" initialConcentration="0" metaid="metaid_0000021">
        <notes>
          <p xmlns="http://www.w3.org/1999/xhtml">
        x0(t) and y0(t) are the signal functions. The authors assume the network only receives one of the two signals at a time. Thus, if y0(t) is postive for some duration of time, then x0(t) is identically zero, and visa versa.</p>
          
        </notes>
        <annotation>
          <rdf:RDF xmlns:rdf="http://www.w3.org/1999/02/22-rdf-syntax-ns#" xmlns:bqmodel="http://biomodels.net/model-qualifiers/" xmlns:bqbiol="http://biomodels.net/biology-qualifiers/">
            <rdf:Description rdf:about="#metaid_0000021">
	<bqbiol:hasVersion>
	<rdf:Bag>
	<rdf:li rdf:resource="http://identifiers.org/interpro/IPR002072"/>
	</rdf:Bag>
	</bqbiol:hasVersion>
	</rdf:Description>
	
          </rdf:RDF>
        </annotation>
            </species>
    </listOfSpecies>
    <listOfParameters>
      <parameter id="a1" metaid="metaid_0000007" value="2"/>
      <parameter id="a2" metaid="metaid_0000008" value="2"/>
      <parameter id="b1" metaid="metaid_0000009" value="1"/>
      <parameter id="b2" metaid="metaid_0000010" value="1"/>
      <parameter id="d1" metaid="metaid_0000011" value="1"/>
      <parameter id="d2x" metaid="metaid_0000012" value="1"/>
      <parameter id="d2y" metaid="metaid_0000013" value="1"/>
    </listOfParameters>
    <listOfReactions>
      <reaction id="reaction_0000001" metaid="metaid_0000016" name="x0 activates x1" reversible="false">
        <annotation>
          <rdf:RDF xmlns:rdf="http://www.w3.org/1999/02/22-rdf-syntax-ns#" xmlns:bqmodel="http://biomodels.net/model-qualifiers/" xmlns:bqbiol="http://biomodels.net/biology-qualifiers/">
            <rdf:Description rdf:about="#metaid_0000016">
	<bqbiol:isVersionOf>
	<rdf:Bag>
	<rdf:li rdf:resource="http://identifiers.org/go/GO:0032147"/>
	<rdf:li rdf:resource="http://identifiers.org/go/GO:0045860"/>
	</rdf:Bag>
	</bqbiol:isVersionOf>
	</rdf:Description>
	
          </rdf:RDF>
        </annotation>
              <listOfProducts>
          <speciesReference metaid="_273846" species="x1"/>
        </listOfProducts>
        <listOfModifiers>
          <modifierSpeciesReference metaid="_273858" species="x0"/>
        </listOfModifiers>
        <kineticLaw metaid="_273870">
          <math xmlns="http://www.w3.org/1998/Math/MathML">          
            <apply>
              <times/>
              <ci> compartment_0000001 </ci>
              <ci> a1 </ci>
              <ci> x0 </ci>
            </apply>
          </math>
                </kineticLaw>
      </reaction>
      <reaction id="reaction_0000002" metaid="metaid_0000017" name="y0 activates x1" reversible="false">
        <annotation>
          <rdf:RDF xmlns:rdf="http://www.w3.org/1999/02/22-rdf-syntax-ns#" xmlns:bqmodel="http://biomodels.net/model-qualifiers/" xmlns:bqbiol="http://biomodels.net/biology-qualifiers/">
            <rdf:Description rdf:about="#metaid_0000017">
	<bqbiol:isVersionOf>
	<rdf:Bag>
	<rdf:li rdf:resource="http://identifiers.org/go/GO:0032147"/>
	<rdf:li rdf:resource="http://identifiers.org/go/GO:0045860"/>
	</rdf:Bag>
	</bqbiol:isVersionOf>
	</rdf:Description>
	
          </rdf:RDF>
        </annotation>
              <listOfProducts>
          <speciesReference metaid="_273882" species="x1"/>
        </listOfProducts>
        <listOfModifiers>
          <modifierSpeciesReference metaid="_273894" species="y0"/>
        </listOfModifiers>
        <kineticLaw metaid="_273906">
          <math xmlns="http://www.w3.org/1998/Math/MathML">          
            <apply>
              <times/>
              <ci> compartment_0000001 </ci>
              <ci> b1 </ci>
              <ci> y0 </ci>
            </apply>
          </math>
                </kineticLaw>
      </reaction>
      <reaction id="reaction_0000003" metaid="metaid_0000018" name="x1 activates x2" reversible="false">
        <annotation>
          <rdf:RDF xmlns:rdf="http://www.w3.org/1999/02/22-rdf-syntax-ns#" xmlns:bqmodel="http://biomodels.net/model-qualifiers/" xmlns:bqbiol="http://biomodels.net/biology-qualifiers/">
            <rdf:Description rdf:about="#metaid_0000018">
	<bqbiol:isVersionOf>
	<rdf:Bag>
	<rdf:li rdf:resource="http://identifiers.org/go/GO:0032147"/>
	<rdf:li rdf:resource="http://identifiers.org/go/GO:0045860"/>
	</rdf:Bag>
	</bqbiol:isVersionOf>
	</rdf:Description>
	
          </rdf:RDF>
        </annotation>
              <listOfProducts>
          <speciesReference metaid="_273918" species="x2"/>
        </listOfProducts>
        <listOfModifiers>
          <modifierSpeciesReference metaid="_273930" species="x1"/>
        </listOfModifiers>
        <kineticLaw metaid="_273942">
          <math xmlns="http://www.w3.org/1998/Math/MathML">          
            <apply>
              <times/>
              <ci> compartment_0000001 </ci>
              <ci> x1 </ci>
              <ci> a2 </ci>
            </apply>
          </math>
                </kineticLaw>
      </reaction>
      <reaction id="reaction_0000004" metaid="metaid_0000022" name="x1 activates y2" reversible="false">
        <annotation>
          <rdf:RDF xmlns:rdf="http://www.w3.org/1999/02/22-rdf-syntax-ns#" xmlns:bqmodel="http://biomodels.net/model-qualifiers/" xmlns:bqbiol="http://biomodels.net/biology-qualifiers/">
            <rdf:Description rdf:about="#metaid_0000022">
	<bqbiol:isVersionOf>
	<rdf:Bag>
	<rdf:li rdf:resource="http://identifiers.org/go/GO:0032147"/>
	<rdf:li rdf:resource="http://identifiers.org/go/GO:0045860"/>
	</rdf:Bag>
	</bqbiol:isVersionOf>
	</rdf:Description>
	
          </rdf:RDF>
        </annotation>
              <listOfProducts>
          <speciesReference metaid="_273954" species="y2"/>
        </listOfProducts>
        <listOfModifiers>
          <modifierSpeciesReference metaid="_273966" species="x1"/>
        </listOfModifiers>
        <kineticLaw metaid="_273978">
          <math xmlns="http://www.w3.org/1998/Math/MathML">          
            <apply>
              <times/>
              <ci> compartment_0000001 </ci>
              <ci> x1 </ci>
              <ci> b2 </ci>
            </apply>
          </math>
                </kineticLaw>
      </reaction>
      <reaction id="reaction_0000005" metaid="metaid_0000023" name="x1 deactivation" reversible="false">
        <annotation>
          <rdf:RDF xmlns:rdf="http://www.w3.org/1999/02/22-rdf-syntax-ns#" xmlns:bqmodel="http://biomodels.net/model-qualifiers/" xmlns:bqbiol="http://biomodels.net/biology-qualifiers/">
            <rdf:Description rdf:about="#metaid_0000023">
	<bqbiol:isVersionOf>
	<rdf:Bag>
	<rdf:li rdf:resource="http://identifiers.org/go/GO:0006469"/>
	</rdf:Bag>
	</bqbiol:isVersionOf>
	</rdf:Description>
	
          </rdf:RDF>
        </annotation>
              <listOfReactants>
          <speciesReference metaid="_273990" species="x1"/>
        </listOfReactants>
        <kineticLaw metaid="_274002">
          <math xmlns="http://www.w3.org/1998/Math/MathML">          
            <apply>
              <times/>
              <ci> compartment_0000001 </ci>
              <ci> d1 </ci>
              <ci> x1 </ci>
            </apply>
          </math>
                </kineticLaw>
      </reaction>
      <reaction id="reaction_0000006" metaid="metaid_0000024" name="x2 deactivation" reversible="false">
        <annotation>
          <rdf:RDF xmlns:rdf="http://www.w3.org/1999/02/22-rdf-syntax-ns#" xmlns:bqmodel="http://biomodels.net/model-qualifiers/" xmlns:bqbiol="http://biomodels.net/biology-qualifiers/">
            <rdf:Description rdf:about="#metaid_0000024">
	<bqbiol:isVersionOf>
	<rdf:Bag>
	<rdf:li rdf:resource="http://identifiers.org/go/GO:0006469"/>
	</rdf:Bag>
	</bqbiol:isVersionOf>
	</rdf:Description>
	
          </rdf:RDF>
        </annotation>
              <listOfReactants>
          <speciesReference metaid="_274014" species="x2"/>
        </listOfReactants>
        <kineticLaw metaid="_274026">
          <math xmlns="http://www.w3.org/1998/Math/MathML">          
            <apply>
              <times/>
              <ci> compartment_0000001 </ci>
              <ci> d2x </ci>
              <ci> x2 </ci>
            </apply>
          </math>
                </kineticLaw>
      </reaction>
      <reaction id="reaction_0000007" metaid="metaid_0000025" name="y2 deactivation" reversible="false">
        <annotation>
          <rdf:RDF xmlns:rdf="http://www.w3.org/1999/02/22-rdf-syntax-ns#" xmlns:bqmodel="http://biomodels.net/model-qualifiers/" xmlns:bqbiol="http://biomodels.net/biology-qualifiers/">
            <rdf:Description rdf:about="#metaid_0000025">
	<bqbiol:isVersionOf>
	<rdf:Bag>
	<rdf:li rdf:resource="http://identifiers.org/go/GO:0006469"/>
	</rdf:Bag>
	</bqbiol:isVersionOf>
	</rdf:Description>
	
          </rdf:RDF>
        </annotation>
              <listOfReactants>
          <speciesReference metaid="_274038" species="y2"/>
        </listOfReactants>
        <kineticLaw metaid="_274050">
          <math xmlns="http://www.w3.org/1998/Math/MathML">          
            <apply>
              <times/>
              <ci> compartment_0000001 </ci>
              <ci> d2y </ci>
              <ci> y2 </ci>
            </apply>
          </math>
                </kineticLaw>
      </reaction>
    </listOfReactions>
    <listOfEvents>
      <event id="event_0000001" metaid="metaid_0000019">
        <notes>
          <p xmlns="http://www.w3.org/1999/xhtml">
        x0 signaling applied as square pulses of magnitude 1 and duration 1.</p>
          
        </notes>
        <annotation>
          <rdf:RDF xmlns:rdf="http://www.w3.org/1999/02/22-rdf-syntax-ns#" xmlns:bqmodel="http://biomodels.net/model-qualifiers/" xmlns:bqbiol="http://biomodels.net/biology-qualifiers/">
            <rdf:Description rdf:about="#metaid_0000019">
	<bqbiol:isVersionOf>
	<rdf:Bag>
	<rdf:li rdf:resource="http://identifiers.org/go/GO:0051716"/>
	</rdf:Bag>
	</bqbiol:isVersionOf>
	</rdf:Description>
	
          </rdf:RDF>
        </annotation>
              <trigger metaid="_274062">
          <math xmlns="http://www.w3.org/1998/Math/MathML">          
            <apply>
              <gt/>
              <csymbol encoding="text" definitionURL="http://www.sbml.org/sbml/symbols/time"> time </csymbol>
              <cn type="integer"> 1 </cn>
            </apply>
          </math>
                </trigger>
        <listOfEventAssignments>
          <eventAssignment metaid="_274074" variable="x0">
            <math xmlns="http://www.w3.org/1998/Math/MathML">            
              <cn type="integer"> 0 </cn>
            </math>
                    </eventAssignment>
        </listOfEventAssignments>
      </event>
    </listOfEvents>
  </model>
</sbml>
