<?xml version="1.0" encoding="UTF-8" standalone="no"?>
<sbml xmlns="http://www.sbml.org/sbml/level2/version4" level="2" metaid="metaid_0000001" version="4">
  <model id="Tham2008_PDmodel_TumourShrinkage" metaid="metaid_0000002" name="Tham2008 - PDmodel, Tumour shrinkage by gemcitabine and carboplatin ">
    <notes>
      <body xmlns="http://www.w3.org/1999/xhtml">
        <div class="dc:title">Tham2008 - PDmodel, Tumour shrinkage by gemcitabine and carboplatin </div>
<div class="dc:bibliographicCitation">
  <p>This model is described in the article:</p>
  <div class="bibo:title">
    <a href="http://identifiers.org/pubmed/18594002" title="Access to this publication">A pharmacodynamic model for
    the time course of tumor shrinkage by gemcitabine + carboplatin
    in non-small cell lung cancer patients.</a>
  </div>
  <div class="bibo:authorList">Tham LS, Wang L, Soo RA, Lee SC, Lee
  HS, Yong WP, Goh BC, Holford NH.</div>
  <div class="bibo:Journal">Clin. Cancer Res. 2008 Jul; 14(13):
  4213-4218</div>
  <p>Abstract:</p>
  <div class="bibo:abstract">
    <p>PURPOSE: This tumor response pharmacodynamic model aims to
    describe primary lesion shrinkage in non-small cell lung cancer
    over time and determine if concentration-based exposure metrics
    for gemcitabine or that of its metabolites,
    2',2'-difluorodeoxyuridine or gemcitabine triphosphate, are
    better than gemcitabine dose for prediction of individual
    response. EXPERIMENTAL DESIGN: Gemcitabine was given thrice
    weekly on days 1 and 8 in combination with carboplatin, which
    was given only on day 1 of every cycle. Gemcitabine amount in
    the body and area under the concentration-time curves of plasma
    gemcitabine, 2',2'-difluorodeoxyuridine, and intracellular
    gemcitabine triphosphate in white cells were compared to
    determine which best describes tumor shrinkage over time. Tumor
    growth kinetics were described using a Gompertz-like model.
    RESULTS: The apparent half-life for the effect of gemcitabine
    was 7.67 weeks. The tumor turnover time constant was 21.8
    week.cm. Baseline tumor size and gemcitabine amount in the body
    to attain 50% of tumor shrinkage were estimated to be 6.66 cm
    and 10,600 mg. There was no evidence of relapse during
    treatment. CONCLUSIONS: Concentration-based exposure metrics
    for gemcitabine and its metabolites were no better than
    gemcitabine amount in predicting tumor shrinkage in primary
    lung cancer lesions. Gemcitabine dose-based models did
    marginally better than treatment-based models that ignored
    doses of drug administered to patients. Modeling tumor
    shrinkage in primary lesions can be used to quantify individual
    sensitivity and response to antitumor effects of anticancer
    drugs.</p>
  </div>
</div>
<div class="dc:publisher">
  <p>This model is hosted on 
  <a href="http://www.ebi.ac.uk/biomodels/">BioModels Database</a>
  and identified by: 
  <a href="http://identifiers.org/biomodels.db/BIOMD0000000234">BIOMD0000000234</a>.</p>
  <p>To cite BioModels Database, please use: 
  <a href="http://identifiers.org/pubmed/20587024" title="Latest BioModels Database publication">BioModels Database:
  An enhanced, curated and annotated resource for published
  quantitative kinetic models</a>.</p>
</div>
<div class="dc:license">
  <p>To the extent possible under law, all copyright and related or
  neighbouring rights to this encoded model have been dedicated to
  the public domain worldwide. Please refer to 
  <a href="http://creativecommons.org/publicdomain/zero/1.0/" title="Access to: CC0 1.0 Universal (CC0 1.0), Public Domain Dedication">CC0
  Public Domain Dedication</a> for more information.</p>
</div>
</body>
    </notes>
    <annotation>
	<rdf:RDF xmlns:rdf="http://www.w3.org/1999/02/22-rdf-syntax-ns#" xmlns:dc="http://purl.org/dc/elements/1.1/" xmlns:vCard="http://www.w3.org/2001/vcard-rdf/3.0#" xmlns:dcterms="http://purl.org/dc/terms/" xmlns:bqmodel="http://biomodels.net/model-qualifiers/" xmlns:bqbiol="http://biomodels.net/biology-qualifiers/">
        <rdf:Description rdf:about="#metaid_0000002">
	<dc:creator>
	<rdf:Bag>
	<rdf:li rdf:parseType="Resource">
	<vCard:N rdf:parseType="Resource">
	<vCard:Family>Chelliah</vCard:Family>
	<vCard:Given>Vijayalakshmi</vCard:Given>
	</vCard:N>
	<vCard:EMAIL>viji@ebi.ac.uk</vCard:EMAIL>
	<vCard:ORG rdf:parseType="Resource">
	<vCard:Orgname>EMBL-EBI</vCard:Orgname>
	</vCard:ORG>
	</rdf:li>
	
	<rdf:li rdf:parseType="Resource">
	<vCard:N rdf:parseType="Resource">
	<vCard:Family>Tham</vCard:Family>
	<vCard:Given>Lai-San</vCard:Given>
	</vCard:N>
	<vCard:EMAIL>Tham_lai_san@lilly.com</vCard:EMAIL>
	<vCard:ORG rdf:parseType="Resource">
	<vCard:Orgname>Department of Hematology-Oncology, National University Hospital.</vCard:Orgname>
	</vCard:ORG>
	</rdf:li>
	<rdf:li rdf:parseType="Resource">
	<vCard:N rdf:parseType="Resource">
	<vCard:Family>Nunns</vCard:Family>
	<vCard:Given>Geoffrey</vCard:Given>
	</vCard:N>
	<vCard:EMAIL>gnunns1@jhu.edu</vCard:EMAIL>
	<vCard:ORG rdf:parseType="Resource">
	<vCard:Orgname>Auckland Bioengineering Institute, The Auckland University</vCard:Orgname>
	</vCard:ORG>
	</rdf:li>
	</rdf:Bag>
	</dc:creator>
	<dcterms:created rdf:parseType="Resource">
	<dcterms:W3CDTF>2009-11-16T12:37:34Z</dcterms:W3CDTF>
	</dcterms:created>
	<dcterms:modified rdf:parseType="Resource">
	<dcterms:W3CDTF>2017-05-18T11:02:23Z</dcterms:W3CDTF>
	</dcterms:modified>
	<bqmodel:is>
	<rdf:Bag>
	<rdf:li rdf:resource="http://identifiers.org/biomodels.db/MODEL0911120001"/>
	</rdf:Bag>
	</bqmodel:is>
	<bqmodel:is>
	<rdf:Bag>
	<rdf:li rdf:resource="http://identifiers.org/biomodels.db/BIOMD0000000234"/>
	</rdf:Bag>
	</bqmodel:is>
	<bqmodel:isDescribedBy>
	<rdf:Bag>
	<rdf:li rdf:resource="http://identifiers.org/pubmed/18594002"/>
	</rdf:Bag>
	</bqmodel:isDescribedBy>
	<bqbiol:hasTaxon>
	<rdf:Bag>
	<rdf:li rdf:resource="http://identifiers.org/taxonomy/9606"/>
	</rdf:Bag>
	</bqbiol:hasTaxon>
	<bqbiol:isVersionOf>
	<rdf:Bag>
	<rdf:li rdf:resource="http://identifiers.org/go/GO:0002357"/>
	</rdf:Bag>
	</bqbiol:isVersionOf>
	<bqbiol:hasProperty>
	<rdf:Bag>
	<rdf:li rdf:resource="http://identifiers.org/doid/DOID:1324"/>
	</rdf:Bag>
	</bqbiol:hasProperty>
	</rdf:Description>
	
	
	
	</rdf:RDF>
	</annotation>
      <listOfUnitDefinitions>
      <unitDefinition id="effect_unit" metaid="_741181" name="normalised">
        <listOfUnits>
          <unit kind="dimensionless" metaid="_741193"/>
        </listOfUnits>
      </unitDefinition>
      <unitDefinition id="week" metaid="_741205" name="week">
        <listOfUnits>
          <unit kind="second" metaid="_741217" multiplier="604800"/>
        </listOfUnits>
      </unitDefinition>
      <unitDefinition id="sec_per_week" metaid="_741230" name="sec_per_week">
        <listOfUnits>
          <unit kind="second" metaid="_741242"/>
          <unit exponent="-1" kind="second" metaid="_741254" multiplier="604800"/>
        </listOfUnits>
      </unitDefinition>
      <unitDefinition id="cm" metaid="_741266" name="cm">
        <listOfUnits>
          <unit kind="metre" metaid="_741278" scale="-2"/>
        </listOfUnits>
      </unitDefinition>
      <unitDefinition id="mg" metaid="_741290" name="mg">
        <listOfUnits>
          <unit kind="gram" metaid="_741302" scale="-3"/>
        </listOfUnits>
      </unitDefinition>
      <unitDefinition id="cm_week" metaid="_741314" name="cm_week">
        <listOfUnits>
          <unit kind="metre" metaid="_741326" scale="-2"/>
          <unit kind="second" metaid="_741338" multiplier="604800"/>
        </listOfUnits>
      </unitDefinition>
      <unitDefinition id="per_week" metaid="_741350" name="per_week">
        <listOfUnits>
          <unit exponent="-1" kind="second" metaid="_741363" multiplier="604800"/>
        </listOfUnits>
      </unitDefinition>
      <unitDefinition id="per_cm_per_week" metaid="_741375" name="per_cm_per_week">
        <listOfUnits>
          <unit exponent="-1" kind="metre" metaid="_741387" scale="-2"/>
          <unit exponent="-1" kind="second" metaid="_741399" multiplier="604800"/>
        </listOfUnits>
      </unitDefinition>
      <unitDefinition id="m2" metaid="_741412" name="m2">
        <listOfUnits>
          <unit exponent="2" kind="metre" metaid="_741424"/>
        </listOfUnits>
      </unitDefinition>
    </listOfUnitDefinitions>
    <listOfCompartments>
      <compartment id="COMpartment" metaid="metaid_0000023" size="1"/>
    </listOfCompartments>
    <listOfSpecies>
      <species compartment="COMpartment" id="Ce" initialConcentration="0" metaid="_503043" name="Ce" sboTerm="SBO:0000247"/>
    </listOfSpecies>
    <listOfParameters>
      <parameter constant="false" id="rem_time" metaid="metaid_0000004" name="rem_time" units="week"/>
      <parameter constant="false" id="Exposure" metaid="metaid_503040" name="Exposure" units="mg"/>
      <parameter constant="false" id="Size" metaid="metaid_503041" name="Size" units="cm" value="6.66"/>
      <parameter constant="false" id="Effect" metaid="metaid_503042" name="Effect" units="dimensionless"/>
      <parameter id="Dose" metaid="metaid_0000006" name="Dose" units="mg" value="5203.84"/>
      <parameter id="Dose_Int1" metaid="metaid_0000007" name="Dose_Int1" units="week" value="0"/>
      <parameter id="Dose_Int2" metaid="metaid_0000008" name="Dose_Int2" units="week" value="1"/>
      <parameter id="Dose_Length" metaid="metaid_0000009" name="Dose_Length" units="week" value="0.44359"/>
      <parameter id="Cycle_Int" metaid="metaid_0000010" name="Cycle_Int" units="week" value="3"/>
      <parameter id="N_Cycle" metaid="metaid_0000011" name="N_Cycle" units="dimensionless" value="6"/>
      <parameter id="conversion_factor" metaid="metaid_0000012" name="conversion_factor" units="sec_per_week" value="604800"/>
      <parameter id="AE50" metaid="metaid_0000015" name="AE50" units="mg" value="10600"/>
      <parameter constant="false" id="Keq" metaid="metaid_0000016" name="Keq" units="per_week"/>
      <parameter id="Teq" metaid="metaid_0000017" name="Teq" units="week" value="7.67"/>
      <parameter id="Size_0" metaid="metaid_0000019" name="Size_0" units="cm" value="6.66"/>
      <parameter constant="false" id="RateIn" metaid="metaid_0000020" name="RateIn" units="per_week"/>
      <parameter id="T_Turnover" metaid="metaid_0000021" name="T_Turnover" units="cm_week" value="21.8"/>
      <parameter constant="false" id="Kover" metaid="metaid_0000022" name="Kover" units="per_cm_per_week"/>
    </listOfParameters>
    <listOfRules>
      <rateRule metaid="metaid_0000030" variable="Ce">
        <math xmlns="http://www.w3.org/1998/Math/MathML">        
          <apply>
            <minus/>
            <apply>
              <divide/>
              <ci> Exposure </ci>
              <cn> 1 </cn>
            </apply>
            <apply>
              <times/>
              <ci> Ce </ci>
              <ci> Keq </ci>
            </apply>
          </apply>
        </math>
            </rateRule>
      <rateRule metaid="metaid_0000031" variable="Size">
        <math xmlns="http://www.w3.org/1998/Math/MathML">        
          <apply>
            <times/>
            <apply>
              <minus/>
              <apply>
                <times/>
                <ci> RateIn </ci>
                <ci> Effect </ci>
              </apply>
              <apply>
                <times/>
                <ci> Kover </ci>
                <ci> Size </ci>
              </apply>
            </apply>
            <ci> Size </ci>
          </apply>
        </math>
            </rateRule>
      <assignmentRule metaid="metaid_0000024" variable="Exposure">
        <math xmlns="http://www.w3.org/1998/Math/MathML">        
          <piecewise>
            <piece>
              <ci> Dose </ci>
              <apply>
                <and/>
                <apply>
                  <lt/>
                  <csymbol encoding="text" definitionURL="http://www.sbml.org/sbml/symbols/time"> time </csymbol>
                  <apply>
                    <times/>
                    <ci> Cycle_Int </ci>
                    <ci> N_Cycle </ci>
                  </apply>
                </apply>
                <apply>
                  <lt/>
                  <ci> Dose_Int1 </ci>
                  <ci> rem_time </ci>
                </apply>
                <apply>
                  <lt/>
                  <ci> rem_time </ci>
                  <ci> Dose_Length </ci>
                </apply>
              </apply>
            </piece>
            <piece>
              <ci> Dose </ci>
              <apply>
                <and/>
                <apply>
                  <lt/>
                  <csymbol encoding="text" definitionURL="http://www.sbml.org/sbml/symbols/time"> time </csymbol>
                  <apply>
                    <times/>
                    <ci> Cycle_Int </ci>
                    <ci> N_Cycle </ci>
                  </apply>
                </apply>
                <apply>
                  <lt/>
                  <ci> Dose_Int2 </ci>
                  <ci> rem_time </ci>
                </apply>
                <apply>
                  <lt/>
                  <ci> rem_time </ci>
                  <apply>
                    <plus/>
                    <ci> Dose_Int2 </ci>
                    <ci> Dose_Length </ci>
                  </apply>
                </apply>
              </apply>
            </piece>
            <otherwise>
              <cn> 0 </cn>
            </otherwise>
          </piecewise>
        </math>
            </assignmentRule>
      <assignmentRule metaid="metaid_0000025" variable="rem_time">
        <math xmlns="http://www.w3.org/1998/Math/MathML">        
          <apply>
            <divide/>
            <apply>
              <minus/>
              <apply>
                <times/>
                <csymbol encoding="text" definitionURL="http://www.sbml.org/sbml/symbols/time"> time </csymbol>
                <ci> conversion_factor </ci>
              </apply>
              <apply>
                <times/>
                <apply>
                  <floor/>
                  <apply>
                    <divide/>
                    <apply>
                      <times/>
                      <csymbol encoding="text" definitionURL="http://www.sbml.org/sbml/symbols/time"> time </csymbol>
                      <ci> conversion_factor </ci>
                    </apply>
                    <apply>
                      <times/>
                      <ci> Cycle_Int </ci>
                      <ci> conversion_factor </ci>
                    </apply>
                  </apply>
                </apply>
                <ci> Cycle_Int </ci>
                <ci> conversion_factor </ci>
              </apply>
            </apply>
            <ci> conversion_factor </ci>
          </apply>
        </math>
            </assignmentRule>
      <assignmentRule metaid="metaid_0000026" variable="Keq">
        <math xmlns="http://www.w3.org/1998/Math/MathML">        
          <apply>
            <divide/>
            <apply>
              <ln/>
              <cn> 2 </cn>
            </apply>
            <ci> Teq </ci>
          </apply>
        </math>
            </assignmentRule>
      <assignmentRule metaid="metaid_0000027" variable="Effect">
        <math xmlns="http://www.w3.org/1998/Math/MathML">        
          <apply>
            <minus/>
            <cn> 1 </cn>
            <apply>
              <divide/>
              <ci> Ce </ci>
              <apply>
                <plus/>
                <ci> AE50 </ci>
                <ci> Ce </ci>
              </apply>
            </apply>
          </apply>
        </math>
            </assignmentRule>
      <assignmentRule metaid="metaid_0000028" variable="RateIn">
        <math xmlns="http://www.w3.org/1998/Math/MathML">        
          <apply>
            <times/>
            <ci> Size_0 </ci>
            <ci> Kover </ci>
          </apply>
        </math>
            </assignmentRule>
      <assignmentRule metaid="metaid_0000029" variable="Kover">
        <math xmlns="http://www.w3.org/1998/Math/MathML">        
          <apply>
            <divide/>
            <cn> 1 </cn>
            <ci> T_Turnover </ci>
          </apply>
        </math>
            </assignmentRule>
    </listOfRules>
  </model>
</sbml>
