<?xml version="1.0" encoding="UTF-8" standalone="no"?>
<sbml xmlns="http://www.sbml.org/sbml/level2/version4" level="2" metaid="metaid_0000001" version="4">
  <model id="Shrestha2010_HypoCalcemia_PTHresponse" metaid="metaid_0000002" name="Shrestha2010_HypoCalcemia_PTHresponse">
    <notes>
      <body xmlns="http://www.w3.org/1999/xhtml">
        <p>
      This a model from the article:
      <br/>
        <strong> A mathematical model of parathyroid hormone response to acute changes in plasma ionized calcium concentration in humans.
</strong>
        <br/>
Shrestha RP, Hollot CV, Chipkin SR, Schmitt CP, Chait Y.
      <em>Math Biosci.</em>2010 Jul;226(1):46-57.
      <a href="http://www.ncbi.nlm.nih.gov/pubmed/20406649">20406649</a>,
      <br/>
        <strong>Abstract:</strong>
        <br/>
A complex bio-mechanism, commonly referred to as calcium homeostasis, regulates plasma ionized calcium (Ca(2+)) concentration in the human body within a narrow range which is crucial for maintaining normal physiology and metabolism. Taking a step towards creating a complete mathematical model of calcium homeostasis, we focus on the short-term dynamics of calcium homeostasis and consider the response of the parathyroid glands to acute changes in plasma Ca(2+) concentration. We review available models, discuss their limitations, then present a two-pool, linear, time-varying model to describe the dynamics of this calcium homeostasis subsystem, the Ca-PTH axis. We propose that plasma PTH concentration and plasma Ca(2+) concentration bear an asymmetric reverse sigmoid relation. The parameters of our model are successfully estimated based on clinical data corresponding to three healthy subjects that have undergone induced hypocalcemic clamp tests. In the first validation of this kind, with parameters estimated separately for each subject we test the model's ability to predict the same subject's induced hypercalcemic clamp test responses. Our results demonstrate that a two-pool, linear, time-varying model with an asymmetric reverse sigmoid relation characterizes the short-term dynamics of the Ca-PTH axis.
   </p>
        <p> The model corresponds to hypocalcemic clamp test explained in the paper and parameter values used in the model are that of "subject 1". In order to obtain the plots corresponding to "subject 2" and "subject 3" the following parameters to be changed: lambda_1, lambda_2, m1, m2, R, beta, x1_n, x2_n, x2_min, x2_max, Ca0, Ca1, t0 and alpha. </p>
        <table border="0" cellpadding="2" cellspacing="0">
          <thead>
            <tr>
              <th align="left" bgcolor="#eeeeee" valign="middle"> parameter</th>
              <th align="right" bgcolor="#eeeeee" valign="middle">Subject 1 </th>
              <th align="right" bgcolor="#eeeeee" valign="middle"> Subject 2</th>
              <th align="right" bgcolor="#eeeeee" valign="middle"> Subject 3</th>
            </tr>
          </thead>
          <tbody>
            <tr>
              <td>lambda_1 </td>
              <td>0.0125 </td>
              <td>0.0122 </td>
              <td>0.0269 </td>
            </tr>
            <tr>
              <td>lambda_2 </td>
              <td>0.5595 </td>
              <td>0.4642 </td>
              <td>0.4935 </td>
            </tr>
            <tr>
              <td>m1 </td>
              <td>112.5200 </td>
              <td>150.0000 </td>
              <td>90.8570 </td>
            </tr>
            <tr>
              <td>m2 </td>
              <td>15.0000 </td>
              <td>15.0000 </td>
              <td>15.0000 </td>
            </tr>
            <tr>
              <td>R </td>
              <td>1.2162 </td>
              <td>1.1627 </td>
              <td>1.1889 </td>
            </tr>
            <tr>
              <td>beta </td>
              <td>10e+06 </td>
              <td>10e+06 </td>
              <td>10e+06 </td>
            </tr>
            <tr>
              <td>x1_n </td>
              <td>490.7800 </td>
              <td>452.8200 </td>
              <td>298.8200 </td>
            </tr>
            <tr>
              <td>x2_n </td>
              <td>6.6290 </td>
              <td>9.5894 </td>
              <td>5.4600 </td>
            </tr>
            <tr>
              <td>x2_min </td>
              <td>0.6697 </td>
              <td>1.4813 </td>
              <td>0.8287 </td>
            </tr>
            <tr>
              <td>x2_max </td>
              <td>14.0430 </td>
              <td>17.8710 </td>
              <td>15.1990</td>
            </tr>
            <tr>
              <td>Ca0 </td>
              <td>1.2550 </td>
              <td>1.2369 </td>
              <td>1.2475 </td>
            </tr>
            <tr>
              <td>Ca1 </td>
              <td>0.1817 </td>
              <td>0.2211 </td>
              <td>0.1985 </td>
            </tr>
            <tr>
              <td>t0 </td>
              <td>575 </td>
              <td>577 </td>
              <td>575 </td>
            </tr>
            <tr>
              <td>alpha </td>
              <td>0.0442 </td>
              <td>0.0488 </td>
              <td>0.0472 </td>
            </tr>
          </tbody>
        </table>
        <p>This model originates from BioModels Database: A Database of Annotated Published Models (http://www.ebi.ac.uk/biomodels/). It is copyright (c) 2005-2010 The BioModels.net Team.<br/>
For more information see the <a href="http://www.ebi.ac.uk/biomodels/legal.html" target="_blank">terms of use</a>.<br/>
To cite BioModels Database, please use: <a href="http://www.ncbi.nlm.nih.gov/pubmed/20587024" target="_blank">Li C, Donizelli M, Rodriguez N, Dharuri H, Endler L, Chelliah V, Li L, He E, Henry A, Stefan MI, Snoep JL, Hucka M, Le Novère N, Laibe C (2010) BioModels Database: An enhanced, curated and annotated resource for published quantitative kinetic models. BMC Syst Biol., 4:92.</a>
      </p>
    </body>
  </notes>
    <annotation>
	<rdf:RDF xmlns:rdf="http://www.w3.org/1999/02/22-rdf-syntax-ns#" xmlns:dc="http://purl.org/dc/elements/1.1/" xmlns:vCard="http://www.w3.org/2001/vcard-rdf/3.0#" xmlns:dcterms="http://purl.org/dc/terms/" xmlns:bqmodel="http://biomodels.net/model-qualifiers/" xmlns:bqbiol="http://biomodels.net/biology-qualifiers/">
        <rdf:Description rdf:about="#metaid_0000002">
	<dc:creator>
	<rdf:Bag>
	<rdf:li rdf:parseType="Resource">
	<vCard:N rdf:parseType="Resource">
	<vCard:Family>Chelliah</vCard:Family>
	<vCard:Given>Vijayalakshmi</vCard:Given>
	</vCard:N>
	<vCard:EMAIL>viji@ebi.ac.uk</vCard:EMAIL>
	<vCard:ORG rdf:parseType="Resource">
	<vCard:Orgname>EMBL-EBI</vCard:Orgname>
	</vCard:ORG>
	</rdf:li>
	<rdf:li rdf:parseType="Resource">
	<vCard:N rdf:parseType="Resource">
	<vCard:Family>Shrestha</vCard:Family>
	<vCard:Given>Rajiv P</vCard:Given>
	</vCard:N>
	<vCard:EMAIL>rshresth@engin.umass.edu</vCard:EMAIL>
	<vCard:ORG rdf:parseType="Resource">
	<vCard:Orgname>Department of Mechanical and Industrial Engineering, University of Massachusetts, Amherst,  MA 01003, USA</vCard:Orgname>
	</vCard:ORG>
	</rdf:li>
	</rdf:Bag>
	</dc:creator>
	<dcterms:created rdf:parseType="Resource">
	<dcterms:W3CDTF>2010-11-15T14:42:27Z</dcterms:W3CDTF>
	</dcterms:created>
	<dcterms:modified rdf:parseType="Resource">
	<dcterms:W3CDTF>2014-10-09T16:15:39Z</dcterms:W3CDTF>
	</dcterms:modified>
	<bqmodel:is>
	<rdf:Bag>
	<rdf:li rdf:resource="http://identifiers.org/biomodels.db/MODEL1011170001"/>
	</rdf:Bag>
	</bqmodel:is>
	<bqmodel:is>
	<rdf:Bag>
	<rdf:li rdf:resource="http://identifiers.org/biomodels.db/BIOMD0000000276"/>
	</rdf:Bag>
	</bqmodel:is>
	<bqmodel:isDescribedBy>
	<rdf:Bag>
	<rdf:li rdf:resource="http://identifiers.org/pubmed/20406649"/>
	</rdf:Bag>
	</bqmodel:isDescribedBy>
	<bqbiol:hasTaxon>
	<rdf:Bag>
	<rdf:li rdf:resource="http://identifiers.org/taxonomy/9606"/>
	</rdf:Bag>
	</bqbiol:hasTaxon>
	<bqbiol:isVersionOf>
	<rdf:Bag>
	<rdf:li rdf:resource="http://identifiers.org/go/GO:0071107"/>
	</rdf:Bag>
	</bqbiol:isVersionOf>
	<bqbiol:hasProperty>
	<rdf:Bag>
	<rdf:li rdf:resource="http://identifiers.org/doid/DOID:10575"/>
	</rdf:Bag>
	</bqbiol:hasProperty>
	</rdf:Description>
	
	</rdf:RDF>
	</annotation>
      <listOfCompartments>
      <compartment id="PTG_pool" metaid="metaid_0000003" name="PTG_pool" sboTerm="SBO:0000290" size="1">
        <annotation>
	<rdf:RDF xmlns:rdf="http://www.w3.org/1999/02/22-rdf-syntax-ns#" xmlns:bqmodel="http://biomodels.net/model-qualifiers/" xmlns:bqbiol="http://biomodels.net/biology-qualifiers/">
            <rdf:Description rdf:about="#metaid_0000003">
	<bqbiol:isVersionOf>
	<rdf:Bag>
	<rdf:li rdf:resource="http://identifiers.org/bto/BTO:0000997"/>
	</rdf:Bag>
	</bqbiol:isVersionOf>
	</rdf:Description>
	
	</rdf:RDF>
	</annotation>
            </compartment>
      <compartment id="Plasma_pool" metaid="metaid_0000004" name="Plasma_pool" sboTerm="SBO:0000290" size="1">
        <annotation>
	<rdf:RDF xmlns:rdf="http://www.w3.org/1999/02/22-rdf-syntax-ns#" xmlns:bqmodel="http://biomodels.net/model-qualifiers/" xmlns:bqbiol="http://biomodels.net/biology-qualifiers/">
            <rdf:Description rdf:about="#metaid_0000004">
	<bqbiol:isVersionOf>
	<rdf:Bag>
	<rdf:li rdf:resource="http://identifiers.org/bto/BTO:0000131"/>
	</rdf:Bag>
	</bqbiol:isVersionOf>
	</rdf:Description>
	
	</rdf:RDF>
	</annotation>
            </compartment>
    </listOfCompartments>
    <listOfSpecies>
      <species compartment="PTG_pool" id="x1" initialConcentration="0" metaid="metaid_0000005" name="PTH_in_PTG" sboTerm="SBO:0000245">
        <annotation>
	<rdf:RDF xmlns:rdf="http://www.w3.org/1999/02/22-rdf-syntax-ns#" xmlns:bqmodel="http://biomodels.net/model-qualifiers/" xmlns:bqbiol="http://biomodels.net/biology-qualifiers/">
            <rdf:Description rdf:about="#metaid_0000005">
	<bqbiol:isVersionOf>
	<rdf:Bag>
	<rdf:li rdf:resource="http://identifiers.org/uniprot/P01270"/>
	</rdf:Bag>
	</bqbiol:isVersionOf>
	</rdf:Description>
	
	</rdf:RDF>
	</annotation>
            </species>
      <species compartment="Plasma_pool" id="x2" initialConcentration="0" metaid="metaid_0000006" name="PTH_in_Plasma" sboTerm="SBO:0000245">
        <annotation>
	<rdf:RDF xmlns:rdf="http://www.w3.org/1999/02/22-rdf-syntax-ns#" xmlns:bqmodel="http://biomodels.net/model-qualifiers/" xmlns:bqbiol="http://biomodels.net/biology-qualifiers/">
            <rdf:Description rdf:about="#metaid_0000006">
	<bqbiol:isVersionOf>
	<rdf:Bag>
	<rdf:li rdf:resource="http://identifiers.org/uniprot/P01270"/>
	</rdf:Bag>
	</bqbiol:isVersionOf>
	</rdf:Description>
	
	</rdf:RDF>
	</annotation>
            </species>
      <species compartment="Plasma_pool" id="Ca" initialConcentration="1.22" metaid="metaid_0000019" name="Ca_in_Plasma" sboTerm="SBO:0000247">
        <annotation>
	<rdf:RDF xmlns:rdf="http://www.w3.org/1999/02/22-rdf-syntax-ns#" xmlns:bqmodel="http://biomodels.net/model-qualifiers/" xmlns:bqbiol="http://biomodels.net/biology-qualifiers/">
            <rdf:Description rdf:about="#metaid_0000019">
              <bqbiol:isVersionOf>
	<rdf:Bag>
	<rdf:li rdf:resource="http://identifiers.org/chebi/CHEBI:29108"/>
	</rdf:Bag>
	</bqbiol:isVersionOf>
	
	<bqbiol:isVersionOf>
	<rdf:Bag>
	<rdf:li rdf:resource="http://identifiers.org/kegg.compound/C00076"/>
	</rdf:Bag>
	</bqbiol:isVersionOf>
	</rdf:Description>
	
	</rdf:RDF>
	</annotation>
            </species>
    </listOfSpecies>
    <listOfParameters>
      <parameter constant="false" id="k" metaid="metaid_0000007" name="k" sboTerm="SBO:0000002" value="9.8436755"/>
      <parameter constant="false" id="lambda_Ca" metaid="metaid_0000008" name="lambda_Ca" value="170"/>
      <parameter constant="false" id="m_Ca" metaid="metaid_0000009" name="m_Ca" value="170"/>
      <parameter id="m1" metaid="metaid_0000010" name="m1" sboTerm="SBO:0000002" value="112.52">
        <notes>
        <p xmlns="http://www.w3.org/1999/xhtml">For subject1, m1=112.52; subject2, m1=150.0; subject3, m1=90.857</p>
      </notes>
      </parameter>
      <parameter id="m2" metaid="metaid_0000011" name="m2" sboTerm="SBO:0000002" value="15">
        <notes>
        <p xmlns="http://www.w3.org/1999/xhtml">For subject 1, 2, and 3, m2=15.0</p>
      </notes>
      </parameter>
      <parameter id="beta" metaid="metaid_0000012" name="beta" sboTerm="SBO:0000002" value="1000000">
        <notes>
        <p xmlns="http://www.w3.org/1999/xhtml">For subject1, 2 and 3, beta= 1000000</p>
      </notes>
      </parameter>
      <parameter id="R" metaid="metaid_0000013" name="R" sboTerm="SBO:0000002" value="1.2162">
        <notes>
        <p xmlns="http://www.w3.org/1999/xhtml">For subject1, R=1.2162; subject2, R=1.1627; subject3, R=1.1889</p>
      </notes>
      </parameter>
      <parameter id="lambda_1" metaid="metaid_0000014" name="lambda_1" sboTerm="SBO:0000002" value="0.0125">
        <notes>
        <p xmlns="http://www.w3.org/1999/xhtml">For subject1, lambda_1=0.0125; subject2, lambda_1=0.0122; subject3, lambda_1=0.0269</p>
      </notes>
      </parameter>
      <parameter id="lambda_2" metaid="metaid_0000015" name="lambda_2" sboTerm="SBO:0000002" value="0.5595">
        <notes>
        <p xmlns="http://www.w3.org/1999/xhtml">For subject1, lambda_2=0.5595; subject2, lambda_2=0.4642; subject3, lambda_2=0.4935</p>
      </notes>
      </parameter>
      <parameter constant="false" id="A" metaid="metaid_0000016" name="A" value="0.04945"/>
      <parameter constant="false" id="B" metaid="metaid_0000017" name="B" value="0.00049"/>
      <parameter constant="false" id="S" metaid="metaid_0000018" name="S" value="1.2159"/>
      <parameter id="Ca0" metaid="metaid_0000020" name="Ca0" value="1.255">
        <notes>
        <p xmlns="http://www.w3.org/1999/xhtml">For subject1, Ca0=1.255; subject2, Ca0=1.2369; subject3, Ca0=1.2475</p>
      </notes>
      </parameter>
      <parameter id="Ca1" metaid="metaid_0000021" name="Ca1" value="0.1817">
        <notes>
        <p xmlns="http://www.w3.org/1999/xhtml">For subject1, Ca1=0.1817; subject2, Ca1=0.2211; subject3, Ca1=0.1985</p>
      </notes>
      </parameter>
      <parameter id="t0" metaid="metaid_0000022" name="t0" value="575">
        <notes>
        <p xmlns="http://www.w3.org/1999/xhtml">For subject1, t0=575; subject2, t0=577; subject3, t0=575</p>
      </notes>
      </parameter>
      <parameter id="alpha" metaid="metaid_0000023" name="alpha" value="0.0442">
        <notes>
        <p xmlns="http://www.w3.org/1999/xhtml">For subject1, alpha=0.0442; subject2, alpha=0.0488; subject3, alpha=0.0472</p>
      </notes>
      </parameter>
      <parameter id="x1_n" metaid="metaid_0000035" name="x1_n" value="490.78">
        <notes>
        <p xmlns="http://www.w3.org/1999/xhtml">For subject1, x1_n=490.78; subject2, x1_n=452.82; subject3, x1_n=298.82</p>
      </notes>
      </parameter>
      <parameter id="x2_n" metaid="metaid_0000036" name="x2_n" value="6.629">
        <notes>
        <p xmlns="http://www.w3.org/1999/xhtml">For subject1, x2_n=6.629; subject2, x2_n=9.5894; subject3, x2_n=5.46</p>
      </notes>
      </parameter>
      <parameter id="x2_min" metaid="metaid_0000037" name="x2_min" value="0.6697">
        <notes>
        <p xmlns="http://www.w3.org/1999/xhtml">For subject1, x2_min=0.6697; subject2, x2_min=1.4813; subject3, x2_n=0.8287</p>
      </notes>
      </parameter>
      <parameter id="x2_max" metaid="metaid_0000038" name="x2_max" value="14.043">
        <notes>
        <p xmlns="http://www.w3.org/1999/xhtml">For subject1, x2_max=14.043; subject2, x2_max=17.871; subject3, x2_max=15.199</p>
      </notes>
      </parameter>
      <parameter id="Ca0_baseline" metaid="metaid_0100038" name="Ca0_baseline" value="1.255"/>
    </listOfParameters>
    <listOfRules>
      <assignmentRule metaid="metaid_0000024" variable="lambda_Ca">
        <math xmlns="http://www.w3.org/1998/Math/MathML">        
          <apply>
            <plus/>
            <apply>
              <divide/>
              <apply>
                <minus/>
                <ci> A </ci>
                <ci> B </ci>
              </apply>
              <apply>
                <plus/>
                <cn type="integer"> 1 </cn>
                <apply>
                  <power/>
                  <apply>
                    <divide/>
                    <ci> Ca </ci>
                    <ci> S </ci>
                  </apply>
                  <ci> m_Ca </ci>
                </apply>
              </apply>
            </apply>
            <ci> B </ci>
          </apply>
        </math>
            </assignmentRule>
      <assignmentRule metaid="metaid_0000025" variable="m_Ca">
        <math xmlns="http://www.w3.org/1998/Math/MathML">        
          <apply>
            <plus/>
            <apply>
              <divide/>
              <ci> m1 </ci>
              <apply>
                <plus/>
                <cn type="integer"> 1 </cn>
                <apply>
                  <exp/>
                  <apply>
                    <times/>
                    <apply>
                      <minus/>
                      <ci> beta </ci>
                    </apply>
                    <apply>
                      <minus/>
                      <ci> R </ci>
                      <ci> Ca </ci>
                    </apply>
                  </apply>
                </apply>
              </apply>
            </apply>
            <ci> m2 </ci>
          </apply>
        </math>
            </assignmentRule>
      <assignmentRule metaid="metaid_0000028" variable="Ca">
        <math xmlns="http://www.w3.org/1998/Math/MathML">        
          <piecewise>
            <piece>
              <ci> Ca0 </ci>
              <apply>
                <lt/>
                <csymbol encoding="text" definitionURL="http://www.sbml.org/sbml/symbols/time"> time </csymbol>
                <ci> t0 </ci>
              </apply>
            </piece>
            <otherwise>
              <apply>
                <minus/>
                <ci> Ca0 </ci>
                <apply>
                  <times/>
                  <ci> Ca1 </ci>
                  <apply>
                    <minus/>
                    <cn type="integer"> 1 </cn>
                    <apply>
                      <exp/>
                      <apply>
                        <times/>
                        <apply>
                          <minus/>
                          <ci> alpha </ci>
                        </apply>
                        <apply>
                          <minus/>
                          <csymbol encoding="text" definitionURL="http://www.sbml.org/sbml/symbols/time"> time </csymbol>
                          <ci> t0 </ci>
                        </apply>
                      </apply>
                    </apply>
                  </apply>
                </apply>
              </apply>
            </otherwise>
          </piecewise>
        </math>
            </assignmentRule>
      <rateRule metaid="metaid_0000026" variable="x1">
        <math xmlns="http://www.w3.org/1998/Math/MathML">        
          <apply>
            <minus/>
            <apply>
              <minus/>
              <ci> k </ci>
              <apply>
                <times/>
                <ci> lambda_Ca </ci>
                <ci> x1 </ci>
              </apply>
            </apply>
            <apply>
              <times/>
              <ci> lambda_1 </ci>
              <ci> x1 </ci>
            </apply>
          </apply>
        </math>
            </rateRule>
      <rateRule metaid="metaid_0000027" variable="x2">
        <math xmlns="http://www.w3.org/1998/Math/MathML">        
          <apply>
            <minus/>
            <apply>
              <times/>
              <ci> lambda_Ca </ci>
              <ci> x1 </ci>
            </apply>
            <apply>
              <times/>
              <ci> lambda_2 </ci>
              <ci> x2 </ci>
            </apply>
          </apply>
        </math>
            </rateRule>
      <assignmentRule metaid="metaid_0000029" variable="S">
        <math xmlns="http://www.w3.org/1998/Math/MathML">        
          <apply>
            <times/>
            <ci> Ca0_baseline </ci>
            <apply>
              <power/>
              <apply>
                <divide/>
                <apply>
                  <minus/>
                  <apply>
                    <minus/>
                    <apply>
                      <times/>
                      <ci> x1_n </ci>
                      <ci> B </ci>
                    </apply>
                    <apply>
                      <times/>
                      <ci> lambda_2 </ci>
                      <ci> x2_n </ci>
                    </apply>
                  </apply>
                </apply>
                <apply>
                  <minus/>
                  <apply>
                    <times/>
                    <ci> x1_n </ci>
                    <ci> A </ci>
                  </apply>
                  <apply>
                    <times/>
                    <ci> lambda_2 </ci>
                    <ci> x2_n </ci>
                  </apply>
                </apply>
              </apply>
              <apply>
                <divide/>
                <cn type="integer"> 1 </cn>
                <ci> m_Ca </ci>
              </apply>
            </apply>
          </apply>
        </math>
            </assignmentRule>
      <assignmentRule metaid="metaid_0000034" variable="k">
        <math xmlns="http://www.w3.org/1998/Math/MathML">        
          <apply>
            <plus/>
            <apply>
              <times/>
              <ci> lambda_2 </ci>
              <ci> x2_n </ci>
            </apply>
            <apply>
              <times/>
              <ci> lambda_1 </ci>
              <ci> x1_n </ci>
            </apply>
          </apply>
        </math>
            </assignmentRule>
      <assignmentRule metaid="metaid_0000039" variable="A">
        <math xmlns="http://www.w3.org/1998/Math/MathML">        
          <apply>
            <divide/>
            <apply>
              <times/>
              <ci> lambda_1 </ci>
              <ci> lambda_2 </ci>
              <ci> x2_max </ci>
            </apply>
            <apply>
              <minus/>
              <ci> k </ci>
              <apply>
                <times/>
                <ci> lambda_2 </ci>
                <ci> x2_max </ci>
              </apply>
            </apply>
          </apply>
        </math>
            </assignmentRule>
      <assignmentRule metaid="metaid_0000040" variable="B">
        <math xmlns="http://www.w3.org/1998/Math/MathML">        
          <apply>
            <divide/>
            <apply>
              <times/>
              <ci> lambda_1 </ci>
              <ci> lambda_2 </ci>
              <ci> x2_min </ci>
            </apply>
            <apply>
              <minus/>
              <ci> k </ci>
              <apply>
                <times/>
                <ci> lambda_2 </ci>
                <ci> x2_min </ci>
              </apply>
            </apply>
          </apply>
        </math>
            </assignmentRule>
    </listOfRules>
  </model>
</sbml>
