<?xml version="1.0" encoding="UTF-8" standalone="no"?>
<sbml xmlns="http://www.sbml.org/sbml/level2/version4" level="2" metaid="_0171b366-eeaf-4238-af2e-89f13bcac134" version="4">
  <model id="Tyson2003_Perfect_Adaption" metaid="_541132" name="Tyson2003_Perfect_Adaption">
    <notes>
      <body xmlns="http://www.w3.org/1999/xhtml">
        <p>This is an SBML implementation the model of the perfect adaptor (figure 1d) described in the article:<br/>
        <b>Sniffers, buzzers, toggles and blinkers: dynamics of regulatory and signaling pathways in the cell.</b>
        <br/>
Tyson JJ, Chen KC, Novak B. <em>Curr Opin Cell Biol.</em> 2003 Apr;15(2):221-31. PubmedID:<a href="http://www.ncbi.nlm.nih.gov/pubmed/12648679">12648679</a>; DOI:<a href="http://dx.doi.org/10.1016/S0955-0674(03)00017-6">10.1016/S0955-0674(03)00017-6</a>;<br/></p>
        <p>Abstract:<br/>
The physiological responses of cells to external and internal stimuli are governed by genes and proteins interacting in complex networks whose dynamical properties are impossible to understand by intuitive reasoning alone. Recent advances by theoretical biologists have demonstrated that molecular regulatory networks can be accurately modeled in mathematical terms. These models shed light on the design principles of biological control systems and make predictions that have been verified experimentally.
</p>
        <p> Originally created by libAntimony v1.4 (using libSBML 3.4.1) </p>
        <p>This model originates from BioModels Database: A Database of Annotated Published Models (http://www.ebi.ac.uk/biomodels/). It is copyright (c) 2005-2011 The BioModels.net Team.<br/>
For more information see the <a href="http://www.ebi.ac.uk/biomodels/legal.html" target="_blank">terms of use</a>.<br/>
To cite BioModels Database, please use: <a href="http://www.ncbi.nlm.nih.gov/pubmed/20587024" target="_blank">Li C, Donizelli M, Rodriguez N, Dharuri H, Endler L, Chelliah V, Li L, He E, Henry A, Stefan MI, Snoep JL, Hucka M, Le Novère N, Laibe C (2010) BioModels Database: An enhanced, curated and annotated resource for published quantitative kinetic models. BMC Syst Biol., 4:92.</a>
      </p>
    </body>
  </notes>
    <annotation>
	<rdf:RDF xmlns:rdf="http://www.w3.org/1999/02/22-rdf-syntax-ns#" xmlns:dc="http://purl.org/dc/elements/1.1/" xmlns:vCard="http://www.w3.org/2001/vcard-rdf/3.0#" xmlns:dcterms="http://purl.org/dc/terms/" xmlns:bqmodel="http://biomodels.net/model-qualifiers/" xmlns:bqbiol="http://biomodels.net/biology-qualifiers/">
        <rdf:Description rdf:about="#_541132">
	<dc:creator>
	<rdf:Bag>
	<rdf:li rdf:parseType="Resource">
	<vCard:N rdf:parseType="Resource">
	<vCard:Family>Endler</vCard:Family>
	<vCard:Given>Lukas</vCard:Given>
	</vCard:N>
	<vCard:EMAIL>lukas@ebi.ac.uk</vCard:EMAIL>
	<vCard:ORG rdf:parseType="Resource">
	<vCard:Orgname>EMBL-EBI</vCard:Orgname>
	</vCard:ORG>
	</rdf:li>
	</rdf:Bag>
	</dc:creator>
	<dcterms:created rdf:parseType="Resource">
	<dcterms:W3CDTF>2011-02-10T02:38:32Z</dcterms:W3CDTF>
	</dcterms:created>
	<dcterms:modified rdf:parseType="Resource">
	<dcterms:W3CDTF>2014-04-06T20:08:40Z</dcterms:W3CDTF>
	</dcterms:modified>
	<bqmodel:is>
	<rdf:Bag>
	<rdf:li rdf:resource="http://identifiers.org/biomodels.db/MODEL1102100000"/>
	</rdf:Bag>
	</bqmodel:is>
	<bqmodel:is>
	<rdf:Bag>
	<rdf:li rdf:resource="http://identifiers.org/biomodels.db/BIOMD0000000312"/>
	</rdf:Bag>
	</bqmodel:is>
	<bqmodel:isDescribedBy>
	<rdf:Bag>
	<rdf:li rdf:resource="http://identifiers.org/pubmed/12648679"/>
	</rdf:Bag>
	</bqmodel:isDescribedBy>
	<bqbiol:hasProperty>
	<rdf:Bag>
	<rdf:li rdf:resource="http://identifiers.org/mamo/MAMO_0000046"/>
	</rdf:Bag>
	</bqbiol:hasProperty>
	<bqbiol:hasTaxon>
	<rdf:Bag>
	<rdf:li rdf:resource="http://identifiers.org/taxonomy/131567"/>
	</rdf:Bag>
	</bqbiol:hasTaxon>
	<bqbiol:isVersionOf>
	<rdf:Bag>
	<rdf:li rdf:resource="http://identifiers.org/go/GO:0051098"/>
	</rdf:Bag>
	</bqbiol:isVersionOf>
	</rdf:Description>
	
	</rdf:RDF>
	</annotation>
      <listOfUnitDefinitions>
      <unitDefinition id="time" metaid="_5ce1f459-50ca-4938-bd35-2a476581cd60" name="s">
        <listOfUnits>
          <unit kind="second" metaid="_01415e82-1ddd-4d24-a87b-9725ae8b1ba1"/>
        </listOfUnits>
      </unitDefinition>
      <unitDefinition id="substance" metaid="_4e67c36f-e357-43ab-b758-211190415ee7" name="mole">
        <listOfUnits>
          <unit kind="mole" metaid="_30642b31-1030-417a-9e22-e115712cbf81"/>
        </listOfUnits>
      </unitDefinition>
      <unitDefinition id="per_s" metaid="cdfa364c-e7eb-48f5-86e8-5ff61a9150cc" name="per_s">
        <listOfUnits>
          <unit exponent="-1" kind="second" metaid="fa171035-9b83-4eed-9e1f-8021f5771b3f"/>
        </listOfUnits>
      </unitDefinition>
      <unitDefinition id="M_per_s" metaid="_03e0a666-07ec-4449-a467-033c64b89036" name="M_per_s">
        <listOfUnits>
          <unit kind="mole" metaid="d9571743-847b-4265-bb83-a8ebf6a02713"/>
          <unit exponent="-1" kind="second" metaid="_2be53ef8-014e-40dc-b11e-fa4a22dd708c"/>
          <unit exponent="-1" kind="litre" metaid="_5f24bfb8-e2c1-403e-8d46-1526fc44db30"/>
        </listOfUnits>
      </unitDefinition>
      <unitDefinition id="M" metaid="_3e88828a-f47a-4006-8e3d-8c7db4d9323a" name="M">
        <listOfUnits>
          <unit kind="mole" metaid="_7bdb235b-9c84-4ff2-b43b-67c412d1283e"/>
          <unit exponent="-1" kind="litre" metaid="e18f4279-4fd3-4fbc-898d-9ab4ed95dddf"/>
        </listOfUnits>
      </unitDefinition>
      <unitDefinition id="per_M_per_s" metaid="_486907f6-f381-421d-9052-8544b2477c05" name="per_M_per_s">
        <listOfUnits>
          <unit exponent="-1" kind="mole" metaid="d3a7552a-7750-4c92-80a4-f407f4587c60"/>
          <unit kind="litre" metaid="_0487519b-3b51-475c-8ace-a00981aa73c9"/>
          <unit exponent="-1" kind="second" metaid="b73a5b61-77d0-4122-a746-a7f0699457b8"/>
        </listOfUnits>
      </unitDefinition>
    </listOfUnitDefinitions>
    <listOfCompartments>
      <compartment id="env" metaid="_541134" sboTerm="SBO:0000270" size="1">
        <annotation>
	<rdf:RDF xmlns:rdf="http://www.w3.org/1999/02/22-rdf-syntax-ns#" xmlns:bqmodel="http://biomodels.net/model-qualifiers/" xmlns:bqbiol="http://biomodels.net/biology-qualifiers/">
            <rdf:Description rdf:about="#_541134">
	<bqbiol:isVersionOf>
	<rdf:Bag>
	<rdf:li rdf:resource="http://identifiers.org/go/GO:0005623"/>
	</rdf:Bag>
	</bqbiol:isVersionOf>
	</rdf:Description>
	
	</rdf:RDF>
	</annotation>
            </compartment>
    </listOfCompartments>
    <listOfSpecies>
      <species compartment="env" id="R" metaid="_541135" sboTerm="SBO:0000252">
        <annotation>
	<rdf:RDF xmlns:rdf="http://www.w3.org/1999/02/22-rdf-syntax-ns#" xmlns:bqmodel="http://biomodels.net/model-qualifiers/" xmlns:bqbiol="http://biomodels.net/biology-qualifiers/">
            <rdf:Description rdf:about="#_541135">
	<bqbiol:isVersionOf>
	<rdf:Bag>
	<rdf:li rdf:resource="http://identifiers.org/chebi/CHEBI:36080"/>
	</rdf:Bag>
	</bqbiol:isVersionOf>
	</rdf:Description>
	
	</rdf:RDF>
	</annotation>
            </species>
      <species compartment="env" id="X" initialConcentration="0" metaid="_541136" sboTerm="SBO:0000252">
        <annotation>
	<rdf:RDF xmlns:rdf="http://www.w3.org/1999/02/22-rdf-syntax-ns#" xmlns:bqmodel="http://biomodels.net/model-qualifiers/" xmlns:bqbiol="http://biomodels.net/biology-qualifiers/">
            <rdf:Description rdf:about="#_541136">
	<bqbiol:isVersionOf>
	<rdf:Bag>
	<rdf:li rdf:resource="http://identifiers.org/chebi/CHEBI:36080"/>
	</rdf:Bag>
	</bqbiol:isVersionOf>
	</rdf:Description>
	
	</rdf:RDF>
	</annotation>
            </species>
      <species boundaryCondition="true" compartment="env" id="S" metaid="_541137" sboTerm="SBO:0000285"/>
    </listOfSpecies>
    <listOfParameters>
      <parameter id="k1" metaid="_541150" sboTerm="SBO:0000035" units="per_s" value="2"/>
      <parameter id="k2" metaid="_541151" sboTerm="SBO:0000036" units="per_M_per_s" value="2"/>
      <parameter id="k3" metaid="_541152" sboTerm="SBO:0000035" units="per_s" value="1"/>
      <parameter id="k4" metaid="_541155" sboTerm="SBO:0000356" units="per_s" value="1"/>
      <parameter id="tau" metaid="_541158" sboTerm="SBO:0000002" units="time" value="4"/>
    </listOfParameters>
    <listOfInitialAssignments>
      <initialAssignment metaid="de4e5238-e952-4efa-94bd-7e77dea7bdec" symbol="R">
        <math xmlns="http://www.w3.org/1998/Math/MathML">        
          <apply>
            <divide/>
            <apply>
              <times/>
              <ci> k1 </ci>
              <ci> k4 </ci>
            </apply>
            <apply>
              <times/>
              <ci> k2 </ci>
              <ci> k3 </ci>
            </apply>
          </apply>
        </math>
            </initialAssignment>
    </listOfInitialAssignments>
    <listOfRules>
      <assignmentRule metaid="_541148" variable="S">
        <math xmlns="http://www.w3.org/1998/Math/MathML">        
          <apply>
            <times/>
            <cn> 1 </cn>
            <apply>
              <floor/>
              <apply>
                <divide/>
                <csymbol encoding="text" definitionURL="http://www.sbml.org/sbml/symbols/time"> time </csymbol>
                <ci> tau </ci>
              </apply>
            </apply>
          </apply>
        </math>
            </assignmentRule>
    </listOfRules>
    <listOfReactions>
      <reaction id="r1" metaid="_541138" reversible="false" sboTerm="SBO:0000176">
        <annotation>
	<rdf:RDF xmlns:rdf="http://www.w3.org/1999/02/22-rdf-syntax-ns#" xmlns:bqmodel="http://biomodels.net/model-qualifiers/" xmlns:bqbiol="http://biomodels.net/biology-qualifiers/">
            <rdf:Description rdf:about="#_541138">
	<bqbiol:isVersionOf>
	<rdf:Bag>
	<rdf:li rdf:resource="http://identifiers.org/go/GO:0009058"/>
	</rdf:Bag>
	</bqbiol:isVersionOf>
	</rdf:Description>
	
	</rdf:RDF>
	</annotation>
              <listOfProducts>
          <speciesReference metaid="c310be6b-b454-4acc-b2f3-60b771e31b40" species="R"/>
        </listOfProducts>
        <listOfModifiers>
          <modifierSpeciesReference metaid="_367858d7-a32f-4074-a7bd-816959283ee8" sboTerm="SBO:0000461" species="S"/>
        </listOfModifiers>
        <kineticLaw metaid="_47c0e873-cf1e-4408-8c8d-a542eeeaa6fd" sboTerm="SBO:0000049">
          <math xmlns="http://www.w3.org/1998/Math/MathML">          
            <apply>
              <times/>
              <ci> env </ci>
              <ci> k1 </ci>
              <ci> S </ci>
            </apply>
          </math>
                </kineticLaw>
      </reaction>
      <reaction id="r2" metaid="_541139" reversible="false" sboTerm="SBO:0000179">
        <annotation>
	<rdf:RDF xmlns:rdf="http://www.w3.org/1999/02/22-rdf-syntax-ns#" xmlns:bqmodel="http://biomodels.net/model-qualifiers/" xmlns:bqbiol="http://biomodels.net/biology-qualifiers/">
            <rdf:Description rdf:about="#_541139">
	<bqbiol:isVersionOf>
	<rdf:Bag>
	<rdf:li rdf:resource="http://identifiers.org/go/GO:0009056"/>
	</rdf:Bag>
	</bqbiol:isVersionOf>
	</rdf:Description>
	
	</rdf:RDF>
	</annotation>
              <listOfReactants>
          <speciesReference metaid="_515b2c71-55e8-4ef3-bba9-fb42667ace7f" species="R"/>
        </listOfReactants>
        <listOfModifiers>
          <modifierSpeciesReference metaid="f519c261-45a8-481a-b968-cfdf6d386ac7" sboTerm="SBO:0000461" species="X"/>
        </listOfModifiers>
        <kineticLaw metaid="e5a7a503-1f39-4ece-b079-91bf23006975" sboTerm="SBO:0000054">
          <math xmlns="http://www.w3.org/1998/Math/MathML">          
            <apply>
              <times/>
              <ci> env </ci>
              <ci> k2 </ci>
              <ci> R </ci>
              <ci> X </ci>
            </apply>
          </math>
                </kineticLaw>
      </reaction>
      <reaction id="r3" metaid="_541140" reversible="false" sboTerm="SBO:0000176">
        <annotation>
	<rdf:RDF xmlns:rdf="http://www.w3.org/1999/02/22-rdf-syntax-ns#" xmlns:bqmodel="http://biomodels.net/model-qualifiers/" xmlns:bqbiol="http://biomodels.net/biology-qualifiers/">
            <rdf:Description rdf:about="#_541140">
	<bqbiol:isVersionOf>
	<rdf:Bag>
	<rdf:li rdf:resource="http://identifiers.org/go/GO:0009058"/>
	</rdf:Bag>
	</bqbiol:isVersionOf>
	</rdf:Description>
	
	</rdf:RDF>
	</annotation>
              <listOfProducts>
          <speciesReference metaid="e720e8a4-9714-4d90-a0c9-278d36cb6642" species="X"/>
        </listOfProducts>
        <listOfModifiers>
          <modifierSpeciesReference metaid="_290e15bd-9c82-4819-be1b-27f2257192ef" sboTerm="SBO:0000461" species="S"/>
        </listOfModifiers>
        <kineticLaw metaid="e9bbec50-b200-4f26-9a89-b3acfab7b245" sboTerm="SBO:0000049">
          <math xmlns="http://www.w3.org/1998/Math/MathML">          
            <apply>
              <times/>
              <ci> env </ci>
              <ci> k3 </ci>
              <ci> S </ci>
            </apply>
          </math>
                </kineticLaw>
      </reaction>
      <reaction id="r4" metaid="_541143" reversible="false" sboTerm="SBO:0000179">
        <annotation>
	<rdf:RDF xmlns:rdf="http://www.w3.org/1999/02/22-rdf-syntax-ns#" xmlns:bqmodel="http://biomodels.net/model-qualifiers/" xmlns:bqbiol="http://biomodels.net/biology-qualifiers/">
            <rdf:Description rdf:about="#_541143">
	<bqbiol:isVersionOf>
	<rdf:Bag>
	<rdf:li rdf:resource="http://identifiers.org/go/GO:0009056"/>
	</rdf:Bag>
	</bqbiol:isVersionOf>
	</rdf:Description>
	
	</rdf:RDF>
	</annotation>
              <listOfReactants>
          <speciesReference metaid="_9e7772c1-65bf-462a-bb01-3f300f0a8c37" species="X"/>
        </listOfReactants>
        <kineticLaw metaid="_70a33086-fee9-4bd9-a80d-e2a6ac5b2753" sboTerm="SBO:0000049">
          <math xmlns="http://www.w3.org/1998/Math/MathML">          
            <apply>
              <times/>
              <ci> env </ci>
              <ci> k4 </ci>
              <ci> X </ci>
            </apply>
          </math>
                </kineticLaw>
      </reaction>
    </listOfReactions>
  </model>
</sbml>
