<?xml version="1.0" encoding="UTF-8" standalone="no"?>
<sbml xmlns="http://www.sbml.org/sbml/level2/version4" level="2" metaid="metaid_0000001" version="4">
  <model metaid="metaid_0000002" name="Westermark2003_Pancreatic_GlycOsc_extended">
    <notes>
      <body xmlns="http://www.w3.org/1999/xhtml">
        <p>
      This is the extended model described in eq. 2 of the article: <br/>
        <strong>A model of phosphofructokinase and glycolytic oscillations in the pancreatic beta-cell. </strong>
        <br/>Westermark PO and Lansner A. <em>Biophys J.</em> 2003 Jul;85(1):126-39. PMID: 
      <a href="http://www.ncbi.nlm.nih.gov/pubmed/12829470">12829470</a>, doi:<a href="http://dx.doi.org/10.1016/S0006-3495(03)74460-9">10.1016/S0006-3495(03)74460-9</a>
        <br/>
        <strong>Abstract:</strong>
        <br/>
We have constructed a model of the upper part of the glycolysis in the pancreatic beta-cell. The model comprises the enzymatic reactions from glucokinase to glyceraldehyde-3-phosphate dehydrogenase (GAPD). Our results show, for a substantial part of the parameter space, an oscillatory behavior of the glycolysis for a large range of glucose concentrations. We show how the occurrence of oscillations depends on glucokinase, aldolase and/or GAPD activities, and how the oscillation period depends on the phosphofructokinase activity. We propose that the ratio of glucokinase and aldolase and/or GAPD activities are adequate as characteristics of the glucose responsiveness, rather than only the glucokinase activity. We also propose that the rapid equilibrium between different oligomeric forms of phosphofructokinase may reduce the oscillation period sensitivity to phosphofructokinase activity. Methodologically, we show that a satisfying description of phosphofructokinase kinetics can be achieved using the irreversible Hill equation with allosteric modifiers. We emphasize the use of parameter ranges rather than fixed values, and the use of operationally well-defined parameters in order for this methodology to be feasible. The theoretical results presented in this study apply to the study of insulin secretion mechanisms, since glycolytic oscillations have been proposed as a cause of oscillations in the ATP/ADP ratio which is linked to insulin secretion.
      </p>
      <p>This model originates from BioModels Database: A Database of Annotated Published Models. It is copyright (c) 2005-2009 The BioModels Team.<br/>For more information see the <a href="http://www.ebi.ac.uk/biomodels/legal.html" target="_blank">terms of use</a>.<br/>To cite BioModels Database, please use <a href="http://www.pubmedcentral.nih.gov/articlerender.fcgi?tool=pubmed&amp;pubmedid=16381960" target="_blank">Le Novère N., Bornstein B., Broicher A., Courtot M., Donizelli M., Dharuri H., Li L., Sauro H., Schilstra M., Shapiro B., Snoep J.L., Hucka M. (2006) BioModels Database: A Free, Centralized Database of Curated, Published, Quantitative Kinetic Models of Biochemical and Cellular Systems Nucleic Acids Res., 34: D689-D691.</a>
  </p>
</body>
</notes>
    <annotation>
  <rdf:RDF xmlns:rdf="http://www.w3.org/1999/02/22-rdf-syntax-ns#" xmlns:dc="http://purl.org/dc/elements/1.1/" xmlns:vCard="http://www.w3.org/2001/vcard-rdf/3.0#" xmlns:dcterms="http://purl.org/dc/terms/" xmlns:bqmodel="http://biomodels.net/model-qualifiers/" xmlns:bqbiol="http://biomodels.net/biology-qualifiers/">
        <rdf:Description rdf:about="#metaid_0000002">
	<dc:creator>
	<rdf:Bag>
	<rdf:li rdf:parseType="Resource">
	<vCard:N rdf:parseType="Resource">
	<vCard:Family>Endler</vCard:Family>
	<vCard:Given>Lukas</vCard:Given>
	</vCard:N>
	<vCard:EMAIL>lukas@ebi.ac.uk</vCard:EMAIL>
	<vCard:ORG rdf:parseType="Resource">
	<vCard:Orgname>EMBL-EBI</vCard:Orgname>
	</vCard:ORG>
	</rdf:li>
	
	<rdf:li rdf:parseType="Resource">
	<vCard:N rdf:parseType="Resource">
	<vCard:Family>Westermark</vCard:Family>
	<vCard:Given>Paal O</vCard:Given>
	</vCard:N>
	<vCard:EMAIL>paal@nada.kth.se</vCard:EMAIL>
	<vCard:ORG rdf:parseType="Resource">
	<vCard:Orgname>Royal Institute of Technology, Stockholm, Sweden.</vCard:Orgname>
	</vCard:ORG>
	</rdf:li>
	<rdf:li rdf:parseType="Resource">
	<vCard:N rdf:parseType="Resource">
	<vCard:Family>Chelliah</vCard:Family>
	<vCard:Given>Vijayalakshmi</vCard:Given>
	</vCard:N>
	<vCard:EMAIL>viji@ebi.ac.uk</vCard:EMAIL>
	<vCard:ORG rdf:parseType="Resource">
	<vCard:Orgname>EMBL-EBI</vCard:Orgname>
	</vCard:ORG>
	</rdf:li>
	</rdf:Bag>
	</dc:creator>
	<dcterms:created rdf:parseType="Resource">
	<dcterms:W3CDTF>2009-08-06T16:54:12Z</dcterms:W3CDTF>
	</dcterms:created>
	<dcterms:modified rdf:parseType="Resource">
	<dcterms:W3CDTF>2014-06-03T14:56:48Z</dcterms:W3CDTF>
	</dcterms:modified>
	<bqmodel:is>
	<rdf:Bag>
	<rdf:li rdf:resource="http://identifiers.org/biomodels.db/MODEL9574422639"/>
	</rdf:Bag>
	</bqmodel:is>
	<bqmodel:is>
	<rdf:Bag>
	<rdf:li rdf:resource="http://identifiers.org/biomodels.db/BIOMD0000000236"/>
	</rdf:Bag>
	</bqmodel:is>
	<bqmodel:isDescribedBy>
	<rdf:Bag>
	<rdf:li rdf:resource="http://identifiers.org/pubmed/12829470"/>
	</rdf:Bag>
	</bqmodel:isDescribedBy>
	<bqmodel:isDerivedFrom>
	<rdf:Bag>
	<rdf:li rdf:resource="http://identifiers.org/pubmed/6271617"/>
	</rdf:Bag>
	</bqmodel:isDerivedFrom>
	<bqbiol:isVersionOf>
	<rdf:Bag>
	<rdf:li rdf:resource="http://identifiers.org/go/GO:0006096"/>
	</rdf:Bag>
	</bqbiol:isVersionOf>
	<bqbiol:isPartOf>
	<rdf:Bag>
	<rdf:li rdf:resource="http://identifiers.org/kegg.pathway/map00010"/>
	</rdf:Bag>
	</bqbiol:isPartOf>
	<bqbiol:hasTaxon>
	<rdf:Bag>
	<rdf:li rdf:resource="http://identifiers.org/taxonomy/40674"/>
	</rdf:Bag>
	</bqbiol:hasTaxon>
	<bqbiol:isPartOf>
	<rdf:Bag>
	<rdf:li rdf:resource="http://identifiers.org/reactome/REACT_1383"/>
	</rdf:Bag>
	</bqbiol:isPartOf>
	</rdf:Description>
	
  </rdf:RDF>
</annotation>
      <listOfUnitDefinitions>
      <unitDefinition id="substance" metaid="metaid_0000028" name="mmole">
        <listOfUnits>
          <unit kind="mole" metaid="_7604cd8a-5d85-41fd-94a5-d0c1604bbede" scale="-3"/>
        </listOfUnits>
      </unitDefinition>
      <unitDefinition id="time" metaid="metaid_0000029" name="seconds">
        <listOfUnits>
          <unit kind="second" metaid="_9e8386f3-f5cc-4f17-96b1-31df336a2adc"/>
        </listOfUnits>
      </unitDefinition>
      <unitDefinition id="mM" metaid="metaid_0000030" name="mM">
        <listOfUnits>
          <unit kind="mole" metaid="_1b2dd487-2e4c-43ee-acd3-c5e822d69004" scale="-3"/>
          <unit exponent="-1" kind="litre" metaid="db719eb3-fa7b-4266-bda4-24225333ee57"/>
        </listOfUnits>
      </unitDefinition>
      <unitDefinition id="g_per_ml" metaid="metaid_0000031" name="gramm per ml">
        <listOfUnits>
          <unit kind="kilogram" metaid="_6d6df123-520a-4cc4-b5c8-5678176f5a4a" scale="-3"/>
          <unit exponent="-1" kind="litre" metaid="_8b9aef98-ef63-4af7-a2de-f9e6e4d6e5fb" scale="-3"/>
        </listOfUnits>
      </unitDefinition>
      <unitDefinition id="mM_per_s" metaid="metaid_0000032" name="mM per sec">
        <listOfUnits>
          <unit kind="mole" metaid="_49835e72-707e-4f59-9ab4-052e392b3a7f" scale="-3"/>
          <unit exponent="-1" kind="second" metaid="ee7a28bc-bfec-4e32-a662-bad26f80f6be"/>
          <unit exponent="-1" kind="litre" metaid="_1516a4a0-543e-4530-af30-75d062bdc41e"/>
        </listOfUnits>
      </unitDefinition>
      <unitDefinition id="mmole_per_min_g" metaid="metaid_0000033" name="mmole per (min kg)">
        <listOfUnits>
          <unit kind="mole" metaid="_77123ca6-7f81-444b-9d30-c96142ddda13" scale="-3"/>
          <unit exponent="-1" kind="second" metaid="df785e59-92d0-4dbd-ba19-ca0cadc74654" multiplier="60"/>
          <unit exponent="-1" kind="kilogram" metaid="_269cfec9-037e-4c67-8596-595e5f48f9c5"/>
        </listOfUnits>
      </unitDefinition>
    </listOfUnitDefinitions>
    <listOfCompartments>
      <compartment id="cell" metaid="metaid_0000018" name="cell" sboTerm="SBO:0000290" size="1">
        <annotation>
      <rdf:RDF xmlns:rdf="http://www.w3.org/1999/02/22-rdf-syntax-ns#" xmlns:bqmodel="http://biomodels.net/model-qualifiers/" xmlns:bqbiol="http://biomodels.net/biology-qualifiers/">
            <rdf:Description rdf:about="#metaid_0000018">
              <bqbiol:isVersionOf>
	<rdf:Bag>
	<rdf:li rdf:resource="http://identifiers.org/fma/FMA:70586"/>
	</rdf:Bag>
	</bqbiol:isVersionOf>
	
	<bqbiol:isVersionOf>
	<rdf:Bag>
	<rdf:li rdf:resource="http://identifiers.org/go/GO:0005623"/>
	</rdf:Bag>
	</bqbiol:isVersionOf>
	</rdf:Description>
	
      </rdf:RDF>
    </annotation>
            </compartment>
    </listOfCompartments>
    <listOfSpecies>
      <species boundaryCondition="true" compartment="cell" constant="true" id="GLC" initialConcentration="10" metaid="metaid_0000019" name="intracellular glucose" sboTerm="SBO:0000247">
        <annotation>
      <rdf:RDF xmlns:rdf="http://www.w3.org/1999/02/22-rdf-syntax-ns#" xmlns:bqmodel="http://biomodels.net/model-qualifiers/" xmlns:bqbiol="http://biomodels.net/biology-qualifiers/">
            <rdf:Description rdf:about="#metaid_0000019">
	<bqbiol:isVersionOf>
	<rdf:Bag>
	<rdf:li rdf:resource="http://identifiers.org/chebi/CHEBI:17234"/>
	<rdf:li rdf:resource="http://identifiers.org/kegg.compound/C00293"/>
	</rdf:Bag>
	</bqbiol:isVersionOf>
	</rdf:Description>
	
      </rdf:RDF>
    </annotation>
            </species>
      <species compartment="cell" id="G6P_F6P" initialConcentration="3.71728" metaid="metaid_0000020" name="G6P_F6P" sboTerm="SBO:0000247">
        <annotation>
      <rdf:RDF xmlns:rdf="http://www.w3.org/1999/02/22-rdf-syntax-ns#" xmlns:dc="http://purl.org/dc/elements/1.1/" xmlns:dcterms="http://purl.org/dc/terms/" xmlns:vCard="http://www.w3.org/2001/vcard-rdf/3.0#" xmlns:bqbiol="http://biomodels.net/biology-qualifiers/" xmlns:bqmodel="http://biomodels.net/model-qualifiers/">
            <rdf:Description rdf:about="#metaid_0000020">
              <bqbiol:hasPart>
	<rdf:Bag>
	<rdf:li rdf:resource="http://identifiers.org/kegg.compound/C00092"/>
	<rdf:li rdf:resource="http://identifiers.org/kegg.compound/C00085"/>
	<rdf:li rdf:resource="http://identifiers.org/chebi/CHEBI:4170"/>
	</rdf:Bag>
	</bqbiol:hasPart>
	
	<bqbiol:hasPart>
	<rdf:Bag>
	<rdf:li rdf:resource="http://identifiers.org/chebi/CHEBI:14314"/>
	<rdf:li rdf:resource="http://identifiers.org/chebi/CHEBI:15946"/>
	</rdf:Bag>
	</bqbiol:hasPart>
	</rdf:Description>
	
      </rdf:RDF>
    </annotation>
            </species>
      <species boundaryCondition="true" compartment="cell" id="F6P" metaid="metaid_0000021" name="fructose-6-phosphate" sboTerm="SBO:0000247">
        <annotation>
      <rdf:RDF xmlns:rdf="http://www.w3.org/1999/02/22-rdf-syntax-ns#" xmlns:bqmodel="http://biomodels.net/model-qualifiers/" xmlns:bqbiol="http://biomodels.net/biology-qualifiers/">
            <rdf:Description rdf:about="#metaid_0000021">
	<bqbiol:isVersionOf>
	<rdf:Bag>
	<rdf:li rdf:resource="http://identifiers.org/chebi/CHEBI:15946"/>
	<rdf:li rdf:resource="http://identifiers.org/kegg.compound/C00085"/>
	</rdf:Bag>
	</bqbiol:isVersionOf>
	</rdf:Description>
	
      </rdf:RDF>
    </annotation>
            </species>
      <species compartment="cell" id="FBP" initialConcentration="0.00063612" metaid="metaid_0000022" name="fructose-1,6-biphosphate" sboTerm="SBO:0000247">
        <annotation>
      <rdf:RDF xmlns:rdf="http://www.w3.org/1999/02/22-rdf-syntax-ns#" xmlns:bqmodel="http://biomodels.net/model-qualifiers/" xmlns:bqbiol="http://biomodels.net/biology-qualifiers/">
            <rdf:Description rdf:about="#metaid_0000022">
	<bqbiol:isVersionOf>
	<rdf:Bag>
	<rdf:li rdf:resource="http://identifiers.org/chebi/CHEBI:16905"/>
	<rdf:li rdf:resource="http://identifiers.org/kegg.compound/C00354"/>
	</rdf:Bag>
	</bqbiol:isVersionOf>
	</rdf:Description>
	
      </rdf:RDF>
    </annotation>
            </species>
      <species boundaryCondition="true" compartment="cell" id="G3P" metaid="metaid_0000023" name="glyceraldehyde--phosphate" sboTerm="SBO:0000247">
        <annotation>
      <rdf:RDF xmlns:rdf="http://www.w3.org/1999/02/22-rdf-syntax-ns#" xmlns:bqmodel="http://biomodels.net/model-qualifiers/" xmlns:bqbiol="http://biomodels.net/biology-qualifiers/">
            <rdf:Description rdf:about="#metaid_0000023">
	<bqbiol:isVersionOf>
	<rdf:Bag>
	<rdf:li rdf:resource="http://identifiers.org/chebi/CHEBI:29052"/>
	<rdf:li rdf:resource="http://identifiers.org/kegg.compound/C00118"/>
	</rdf:Bag>
	</bqbiol:isVersionOf>
	</rdf:Description>
	
      </rdf:RDF>
    </annotation>
            </species>
      <species boundaryCondition="true" compartment="cell" id="DHAP" metaid="metaid_0000047" name="dihydroxyacetone-phosphate" sboTerm="SBO:0000247">
        <annotation>
      <rdf:RDF xmlns:rdf="http://www.w3.org/1999/02/22-rdf-syntax-ns#" xmlns:bqmodel="http://biomodels.net/model-qualifiers/" xmlns:bqbiol="http://biomodels.net/biology-qualifiers/">
            <rdf:Description rdf:about="#metaid_0000047">
	<bqbiol:isVersionOf>
	<rdf:Bag>
	<rdf:li rdf:resource="http://identifiers.org/chebi/CHEBI:16108"/>
	<rdf:li rdf:resource="http://identifiers.org/kegg.compound/C00111"/>
	</rdf:Bag>
	</bqbiol:isVersionOf>
	</rdf:Description>
	
      </rdf:RDF>
    </annotation>
            </species>
      <species compartment="cell" id="DHAP_G3P" initialConcentration="0.00262966" metaid="metaid_0000048" name="DHAP-G3P pool" sboTerm="SBO:0000247">
        <annotation>
      <rdf:RDF xmlns:rdf="http://www.w3.org/1999/02/22-rdf-syntax-ns#" xmlns:dc="http://purl.org/dc/elements/1.1/" xmlns:dcterms="http://purl.org/dc/terms/" xmlns:vCard="http://www.w3.org/2001/vcard-rdf/3.0#" xmlns:bqbiol="http://biomodels.net/biology-qualifiers/" xmlns:bqmodel="http://biomodels.net/model-qualifiers/">
            <rdf:Description rdf:about="#metaid_0000048">
              <bqbiol:hasPart>
	<rdf:Bag>
	<rdf:li rdf:resource="http://identifiers.org/chebi/CHEBI:16108"/>
	<rdf:li rdf:resource="http://identifiers.org/chebi/CHEBI:29052"/>
	</rdf:Bag>
	</bqbiol:hasPart>
	
	<bqbiol:hasPart>
	<rdf:Bag>
	<rdf:li rdf:resource="http://identifiers.org/kegg.compound/C00111"/>
	<rdf:li rdf:resource="http://identifiers.org/kegg.compound/C00118"/>
	<rdf:li rdf:resource="http://identifiers.org/chebi/CHEBI:16108"/>
	</rdf:Bag>
	</bqbiol:hasPart>
	</rdf:Description>
	
      </rdf:RDF>
    </annotation>
            </species>
    </listOfSpecies>
    <listOfParameters>
      <parameter constant="false" id="Vgk" metaid="metaid_0000003" name="Vgk" units="mM_per_s"/>
      <parameter id="hGK" metaid="metaid_0000004" name="hGK" units="dimensionless" value="1.7"/>
      <parameter id="KeqGPI" metaid="metaid_0000005" name="KeqGPI" units="dimensionless" value="0.3"/>
      <parameter id="KeqTPI" metaid="metaid_0010005" name="KeqTPI" units="dimensionless" value="0.045455"/>
      <parameter constant="false" id="Vpfk" metaid="metaid_0000006" name="Vpfk" units="mM_per_s"/>
      <parameter constant="false" id="Vfba" metaid="metaid_0000007" name="Vfba" units="mM_per_s"/>
      <parameter constant="false" id="Vgapdh" metaid="metaid_0010007" name="Vgapdh" units="mM_per_s"/>
      <parameter id="Sgk" metaid="metaid_0000008" name="Sgk" units="mM" value="8"/>
      <parameter id="Spfk" metaid="metaid_0000009" name="Spfk" units="mM" value="4"/>
      <parameter id="Sfba" metaid="metaid_0000010" name="Sfba" units="mM" value="0.005"/>
      <parameter id="Sgapdh" metaid="metaid_0001010" name="Sgapdh" units="mM" value="0.005"/>
      <parameter id="Xpfk" metaid="metaid_0000011" name="Xpfk" units="mM" value="0.01"/>
      <parameter id="alpha" metaid="metaid_0000012" name="alpha" units="dimensionless" value="5"/>
      <parameter id="hx" metaid="metaid_0000013" name="hx" units="dimensionless" value="2.5"/>
      <parameter id="hpfk" metaid="metaid_0000014" name="hpfk" units="dimensionless" value="2.5"/>
      <parameter id="hact" metaid="metaid_0000015" name="hact" units="dimensionless" value="1"/>
      <parameter id="dw_per_ml" metaid="metaid_0000017" name="dw_per_ml" units="g_per_ml" value="0.3333"/>
      <parameter id="min_to_sec" metaid="metaid_0000034" name="min_to_sec" units="dimensionless" value="60"/>
      <parameter id="Vgk_min" metaid="metaid_0000036" name="Vgk_min" units="mmole_per_min_g" value="10"/>
      <parameter id="Vpfk_min" metaid="metaid_0000037" name="Vpfk_min" units="mmole_per_min_g" value="100"/>
      <parameter id="Vfba_min" metaid="metaid_0000038" name="Vfba_min" units="mmole_per_min_g" value="25"/>
      <parameter id="Vgapdh_min" metaid="metaid_0001038" name="Vgapdh_min" units="mmole_per_min_g" value="250"/>
      <parameter id="Pfba" metaid="metaid_0000049" name="Pfba" units="mM" value="0.5"/>
      <parameter id="Qfba" metaid="metaid_0000050" name="Qfba" units="mM" value="0.275"/>
      <parameter id="KeqFBA" metaid="metaid_0000051" name="KeqFBA" units="mM" value="0.1"/>
      <parameter constant="false" id="sigma" metaid="metaid_0000151" name="sigma"/>
    </listOfParameters>
    <listOfRules>
      <assignmentRule metaid="metaid_0000139" variable="sigma">
        <math xmlns="http://www.w3.org/1998/Math/MathML">        
          <apply>
            <divide/>
            <ci> F6P </ci>
            <ci> Spfk </ci>
          </apply>
        </math>
            </assignmentRule>
      <assignmentRule metaid="metaid_0000039" variable="Vgk">
        <math xmlns="http://www.w3.org/1998/Math/MathML">        
          <apply>
            <divide/>
            <apply>
              <times/>
              <ci> Vgk_min </ci>
              <ci> dw_per_ml </ci>
            </apply>
            <ci> min_to_sec </ci>
          </apply>
        </math>
            </assignmentRule>
      <assignmentRule metaid="metaid_0000040" variable="Vpfk">
        <math xmlns="http://www.w3.org/1998/Math/MathML">        
          <apply>
            <divide/>
            <apply>
              <times/>
              <ci> Vpfk_min </ci>
              <ci> dw_per_ml </ci>
            </apply>
            <ci> min_to_sec </ci>
          </apply>
        </math>
            </assignmentRule>
      <assignmentRule metaid="metaid_0000041" variable="Vfba">
        <math xmlns="http://www.w3.org/1998/Math/MathML">        
          <apply>
            <divide/>
            <apply>
              <times/>
              <ci> Vfba_min </ci>
              <ci> dw_per_ml </ci>
            </apply>
            <ci> min_to_sec </ci>
          </apply>
        </math>
            </assignmentRule>
      <assignmentRule metaid="metaid_0100041" variable="Vgapdh">
        <math xmlns="http://www.w3.org/1998/Math/MathML">        
          <apply>
            <divide/>
            <apply>
              <times/>
              <ci> Vgapdh_min </ci>
              <ci> dw_per_ml </ci>
            </apply>
            <ci> min_to_sec </ci>
          </apply>
        </math>
            </assignmentRule>
      <assignmentRule metaid="metaid_0000027" variable="F6P">
        <math xmlns="http://www.w3.org/1998/Math/MathML">        
          <apply>
            <divide/>
            <apply>
              <times/>
              <ci> G6P_F6P </ci>
              <ci> KeqGPI </ci>
            </apply>
            <apply>
              <plus/>
              <cn type="integer"> 1 </cn>
              <ci> KeqGPI </ci>
            </apply>
          </apply>
        </math>
            </assignmentRule>
      <assignmentRule metaid="metaid_0010027" variable="G3P">
        <math xmlns="http://www.w3.org/1998/Math/MathML">        
          <apply>
            <divide/>
            <apply>
              <times/>
              <ci> DHAP_G3P </ci>
              <ci> KeqTPI </ci>
            </apply>
            <apply>
              <plus/>
              <cn type="integer"> 1 </cn>
              <ci> KeqTPI </ci>
            </apply>
          </apply>
        </math>
            </assignmentRule>
      <assignmentRule metaid="metaid_0020027" variable="DHAP">
        <math xmlns="http://www.w3.org/1998/Math/MathML">        
          <apply>
            <minus/>
            <ci> DHAP_G3P </ci>
            <ci> G3P </ci>
          </apply>
        </math>
            </assignmentRule>
    </listOfRules>
    <listOfReactions>
      <reaction id="vgk" metaid="metaid_0000024" name="vgk" sboTerm="SBO:0000167">
        <annotation>
      <rdf:RDF xmlns:rdf="http://www.w3.org/1999/02/22-rdf-syntax-ns#" xmlns:bqmodel="http://biomodels.net/model-qualifiers/" xmlns:bqbiol="http://biomodels.net/biology-qualifiers/">
            <rdf:Description rdf:about="#metaid_0000024">
              <bqbiol:hasVersion>
	<rdf:Bag>
	<rdf:li rdf:resource="http://identifiers.org/kegg.reaction/R00725"/>
	<rdf:li rdf:resource="http://identifiers.org/kegg.reaction/R00771"/>
	</rdf:Bag>
	</bqbiol:hasVersion>
	<bqbiol:hasVersion>
	<rdf:Bag>
	<rdf:li rdf:resource="http://identifiers.org/go/GO:0004347"/>
	<rdf:li rdf:resource="http://identifiers.org/go/GO:0004396"/>
	</rdf:Bag>
	</bqbiol:hasVersion>
	
	<bqbiol:hasVersion>
	<rdf:Bag>
	<rdf:li rdf:resource="http://identifiers.org/ec-code/5.3.1.9"/>
	<rdf:li rdf:resource="http://identifiers.org/ec-code/2.7.1.1"/>
	</rdf:Bag>
	</bqbiol:hasVersion>
	</rdf:Description>
	
      </rdf:RDF>
    </annotation>
              <listOfReactants>
          <speciesReference metaid="_2786cb87-a143-44d4-bdf5-6e52a25e1d79" species="GLC"/>
        </listOfReactants>
        <listOfProducts>
          <speciesReference metaid="_1e1e2adb-6ff9-4537-9283-48a25671fcb3" species="G6P_F6P"/>
        </listOfProducts>
        <kineticLaw metaid="c02146ef-a1ff-491a-86c8-eaf37dba9dfa">
          <math xmlns="http://www.w3.org/1998/Math/MathML">          
            <apply>
              <divide/>
              <apply>
                <times/>
                <ci> cell </ci>
                <ci> Vgk </ci>
                <apply>
                  <power/>
                  <apply>
                    <divide/>
                    <ci> GLC </ci>
                    <ci> Sgk </ci>
                  </apply>
                  <ci> hGK </ci>
                </apply>
              </apply>
              <apply>
                <plus/>
                <cn type="integer"> 1 </cn>
                <apply>
                  <power/>
                  <apply>
                    <divide/>
                    <ci> GLC </ci>
                    <ci> Sgk </ci>
                  </apply>
                  <ci> hGK </ci>
                </apply>
              </apply>
            </apply>
          </math>
                </kineticLaw>
      </reaction>
      <reaction id="vpfk" metaid="metaid_0000025" name="vpfk" sboTerm="SBO:0000216">
        <annotation>
      <rdf:RDF xmlns:rdf="http://www.w3.org/1999/02/22-rdf-syntax-ns#" xmlns:bqmodel="http://biomodels.net/model-qualifiers/" xmlns:bqbiol="http://biomodels.net/biology-qualifiers/">
            <rdf:Description rdf:about="#metaid_0000025">
              <bqbiol:isVersionOf>
	<rdf:Bag>
	<rdf:li rdf:resource="http://identifiers.org/kegg.reaction/R00756"/>
	</rdf:Bag>
	</bqbiol:isVersionOf>
	<bqbiol:isVersionOf>
	<rdf:Bag>
	<rdf:li rdf:resource="http://identifiers.org/go/GO:0003872"/>
	</rdf:Bag>
	</bqbiol:isVersionOf>
	
	<bqbiol:isVersionOf>
	<rdf:Bag>
	<rdf:li rdf:resource="http://identifiers.org/ec-code/2.7.1.11"/>
	</rdf:Bag>
	</bqbiol:isVersionOf>
	</rdf:Description>
	
      </rdf:RDF>
    </annotation>
              <listOfReactants>
          <speciesReference metaid="a817b055-6ec0-481b-af60-24f29fcc2545" species="G6P_F6P"/>
        </listOfReactants>
        <listOfProducts>
          <speciesReference metaid="_539fe6b6-e320-465c-a774-4df9bd5da31f" species="FBP"/>
        </listOfProducts>
        <listOfModifiers>
          <modifierSpeciesReference metaid="_9f136096-19ba-4d67-b479-750e2a4d2639" species="F6P"/>
        </listOfModifiers>
        <kineticLaw metaid="_7fa31043-51d2-4f6d-b35e-02638ebbe47d">
          <math xmlns="http://www.w3.org/1998/Math/MathML">          
            <apply>
              <divide/>
              <apply>
                <times/>
                <ci> cell </ci>
                <ci> Vpfk </ci>
                <apply>
                  <power/>
                  <apply>
                    <divide/>
                    <ci> F6P </ci>
                    <ci> Spfk </ci>
                  </apply>
                  <apply>
                    <minus/>
                    <ci> hpfk </ci>
                    <apply>
                      <times/>
                      <apply>
                        <minus/>
                        <ci> hpfk </ci>
                        <ci> hact </ci>
                      </apply>
                      <apply>
                        <divide/>
                        <apply>
                          <divide/>
                          <ci> FBP </ci>
                          <ci> Sfba </ci>
                        </apply>
                        <apply>
                          <plus/>
                          <cn type="integer"> 1 </cn>
                          <apply>
                            <divide/>
                            <ci> FBP </ci>
                            <ci> Sfba </ci>
                          </apply>
                        </apply>
                      </apply>
                    </apply>
                  </apply>
                </apply>
              </apply>
              <apply>
                <plus/>
                <apply>
                  <power/>
                  <apply>
                    <divide/>
                    <ci> F6P </ci>
                    <ci> Spfk </ci>
                  </apply>
                  <apply>
                    <minus/>
                    <ci> hpfk </ci>
                    <apply>
                      <times/>
                      <apply>
                        <minus/>
                        <ci> hpfk </ci>
                        <ci> hact </ci>
                      </apply>
                      <apply>
                        <divide/>
                        <apply>
                          <divide/>
                          <ci> FBP </ci>
                          <ci> Sfba </ci>
                        </apply>
                        <apply>
                          <plus/>
                          <cn type="integer"> 1 </cn>
                          <apply>
                            <divide/>
                            <ci> FBP </ci>
                            <ci> Sfba </ci>
                          </apply>
                        </apply>
                      </apply>
                    </apply>
                  </apply>
                </apply>
                <apply>
                  <divide/>
                  <apply>
                    <plus/>
                    <cn type="integer"> 1 </cn>
                    <apply>
                      <power/>
                      <apply>
                        <divide/>
                        <ci> FBP </ci>
                        <ci> Xpfk </ci>
                      </apply>
                      <ci> hx </ci>
                    </apply>
                  </apply>
                  <apply>
                    <plus/>
                    <cn type="integer"> 1 </cn>
                    <apply>
                      <times/>
                      <apply>
                        <power/>
                        <ci> alpha </ci>
                        <apply>
                          <minus/>
                          <ci> hpfk </ci>
                          <apply>
                            <times/>
                            <apply>
                              <minus/>
                              <ci> hpfk </ci>
                              <ci> hact </ci>
                            </apply>
                            <apply>
                              <divide/>
                              <apply>
                                <divide/>
                                <ci> FBP </ci>
                                <ci> Sfba </ci>
                              </apply>
                              <apply>
                                <plus/>
                                <cn type="integer"> 1 </cn>
                                <apply>
                                  <divide/>
                                  <ci> FBP </ci>
                                  <ci> Sfba </ci>
                                </apply>
                              </apply>
                            </apply>
                          </apply>
                        </apply>
                      </apply>
                      <apply>
                        <power/>
                        <apply>
                          <divide/>
                          <ci> FBP </ci>
                          <ci> Xpfk </ci>
                        </apply>
                        <ci> hx </ci>
                      </apply>
                    </apply>
                  </apply>
                </apply>
              </apply>
            </apply>
          </math>
                </kineticLaw>
      </reaction>
      <reaction id="vfba" metaid="metaid_0000026" name="vfba" sboTerm="SBO:0000178">
        <annotation>
      <rdf:RDF xmlns:rdf="http://www.w3.org/1999/02/22-rdf-syntax-ns#" xmlns:bqmodel="http://biomodels.net/model-qualifiers/" xmlns:bqbiol="http://biomodels.net/biology-qualifiers/">
            <rdf:Description rdf:about="#metaid_0000026">
              <bqbiol:isVersionOf>
	<rdf:Bag>
	<rdf:li rdf:resource="http://identifiers.org/kegg.reaction/R01068"/>
	</rdf:Bag>
	</bqbiol:isVersionOf>
	<bqbiol:isVersionOf>
	<rdf:Bag>
	<rdf:li rdf:resource="http://identifiers.org/ec-code/4.1.2.13"/>
	</rdf:Bag>
	</bqbiol:isVersionOf>
	
	<bqbiol:isVersionOf>
	<rdf:Bag>
	<rdf:li rdf:resource="http://identifiers.org/go/GO:0004332"/>
	</rdf:Bag>
	</bqbiol:isVersionOf>
	</rdf:Description>
	
      </rdf:RDF>
    </annotation>
              <listOfReactants>
          <speciesReference metaid="a8d0efd0-d8b2-4e1a-b87f-7c272502ef4f" species="FBP"/>
        </listOfReactants>
        <listOfProducts>
          <speciesReference metaid="ff54eada-5079-4a24-8bc6-fbfa909e53c7" species="DHAP_G3P" stoichiometry="2"/>
        </listOfProducts>
        <listOfModifiers>
          <modifierSpeciesReference metaid="_79a046e0-8604-4a6b-8e8f-2a6401cf346b" species="G3P"/>
          <modifierSpeciesReference metaid="_49918563-129c-4f64-9317-41e5fb195922" species="DHAP"/>
        </listOfModifiers>
        <kineticLaw metaid="_1efccc2e-e500-4b89-9015-ec185b24e368">
          <math xmlns="http://www.w3.org/1998/Math/MathML">          
            <apply>
              <divide/>
              <apply>
                <times/>
                <ci> cell </ci>
                <ci> Vfba </ci>
                <apply>
                  <minus/>
                  <apply>
                    <divide/>
                    <ci> FBP </ci>
                    <ci> Sfba </ci>
                  </apply>
                  <apply>
                    <divide/>
                    <apply>
                      <times/>
                      <ci> G3P </ci>
                      <ci> DHAP </ci>
                    </apply>
                    <apply>
                      <times/>
                      <ci> Pfba </ci>
                      <ci> Qfba </ci>
                      <ci> KeqFBA </ci>
                    </apply>
                  </apply>
                </apply>
              </apply>
              <apply>
                <plus/>
                <cn type="integer"> 1 </cn>
                <apply>
                  <divide/>
                  <ci> FBP </ci>
                  <ci> Sfba </ci>
                </apply>
                <apply>
                  <divide/>
                  <ci> DHAP </ci>
                  <ci> Qfba </ci>
                </apply>
                <apply>
                  <divide/>
                  <apply>
                    <times/>
                    <ci> G3P </ci>
                    <ci> DHAP </ci>
                  </apply>
                  <apply>
                    <times/>
                    <ci> Pfba </ci>
                    <ci> Qfba </ci>
                  </apply>
                </apply>
              </apply>
            </apply>
          </math>
                </kineticLaw>
      </reaction>
      <reaction id="vgapdh" metaid="metaid_0000052" name="vgapdh" reversible="false" sboTerm="SBO:0000201">
        <annotation>
      <rdf:RDF xmlns:rdf="http://www.w3.org/1999/02/22-rdf-syntax-ns#" xmlns:bqmodel="http://biomodels.net/model-qualifiers/" xmlns:bqbiol="http://biomodels.net/biology-qualifiers/">
            <rdf:Description rdf:about="#metaid_0000052">
              <bqbiol:isVersionOf>
	<rdf:Bag>
	<rdf:li rdf:resource="http://identifiers.org/kegg.reaction/R01061"/>
	</rdf:Bag>
	</bqbiol:isVersionOf>
	<bqbiol:isVersionOf>
	<rdf:Bag>
	<rdf:li rdf:resource="http://identifiers.org/go/GO:0004365"/>
	</rdf:Bag>
	</bqbiol:isVersionOf>
	
	<bqbiol:isVersionOf>
	<rdf:Bag>
	<rdf:li rdf:resource="http://identifiers.org/ec-code/1.2.1.12"/>
	</rdf:Bag>
	</bqbiol:isVersionOf>
	</rdf:Description>
	
      </rdf:RDF>
    </annotation>
              <listOfReactants>
          <speciesReference metaid="_2ba1d62e-823d-40ff-9c9f-de95fe53fb2c" species="DHAP_G3P"/>
        </listOfReactants>
        <listOfModifiers>
          <modifierSpeciesReference metaid="_963eedeb-aec7-4338-8a34-b914f2fed0d5" species="G3P"/>
        </listOfModifiers>
        <kineticLaw metaid="_7d398f17-972a-40ee-ad1f-7174cd81e62c">
          <math xmlns="http://www.w3.org/1998/Math/MathML">          
            <apply>
              <divide/>
              <apply>
                <times/>
                <ci> cell </ci>
                <ci> Vgapdh </ci>
                <ci> G3P </ci>
              </apply>
              <apply>
                <plus/>
                <ci> Sgapdh </ci>
                <ci> G3P </ci>
              </apply>
            </apply>
          </math>
                </kineticLaw>
      </reaction>
    </listOfReactions>
  </model>
</sbml>
