<?xml version="1.0" encoding="UTF-8" standalone="no"?>
<sbml xmlns="http://www.sbml.org/sbml/level2" level="2" metaid="metaid_0000001" version="1">
  <model id="Fisher2006_Ca_Oscillation_dpdnt_NFAT_dynamics" metaid="metaid_0000002" name="Fisher2006_Ca_Oscillation_dpdnt_NFAT_dynamics">
    <notes>
      <body xmlns="http://www.w3.org/1999/xhtml">
        <p>The model reproduces the calcium oscillation dependent activation-deactivation kinetics of nuclear factor of activated T cells (NFAT) as depicted in Fig 4a of the paper. A simple algorithm in the events section takes care of the calcium oscillation. The model was successfully tested on MathSBML.</p>
            <br/>
            <p>To the extent possible under law, all copyright and related or neighbouring rights to this encoded model have been dedicated to the public domain worldwide. Please refer to      <a href="http://creativecommons.org/publicdomain/zero/1.0/" title="Creative Commons CC0">CC0 Public Domain Dedication</a>
          for more information.      </p>
            <p>In summary, you are entitled to use this encoded model in absolutely any manner you deem suitable, verbatim, or with modification, alone or embedded it in a larger context, redistribute it, commercially or not, in a restricted way or not.</p>
            <br/>
            <p>To cite BioModels Database, please use:      <a href="http://www.ncbi.nlm.nih.gov/pubmed/20587024" target="_blank">Li C, Donizelli M, Rodriguez N, Dharuri H, Endler L, Chelliah V, Li L, He E, Henry A, Stefan MI, Snoep JL, Hucka M, Le Novère N, Laibe C (2010) BioModels Database: An enhanced, curated and annotated resource for published quantitative kinetic models. BMC Syst Biol., 4:92.</a>
                </p>
            </body>
      
    </notes>
    <annotation>
      <rdf:RDF xmlns:rdf="http://www.w3.org/1999/02/22-rdf-syntax-ns#" xmlns:bqmodel="http://biomodels.net/model-qualifiers/" xmlns:vCard="http://www.w3.org/2001/vcard-rdf/3.0#" xmlns:dc="http://purl.org/dc/elements/1.1/" xmlns:dcterms="http://purl.org/dc/terms/" xmlns:bqbiol="http://biomodels.net/biology-qualifiers/">
        <rdf:Description rdf:about="#metaid_0000002">
	<dc:creator>
	<rdf:Bag>
	<rdf:li rdf:parseType="Resource">
	<vCard:N rdf:parseType="Resource">
	<vCard:Family>Dharuri</vCard:Family>
	<vCard:Given>Harish</vCard:Given>
	</vCard:N>
	<vCard:EMAIL>hdharuri@cds.caltech.edu</vCard:EMAIL>
	<vCard:ORG rdf:parseType="Resource">
	<vCard:Orgname>California Institute of Technology</vCard:Orgname>
	</vCard:ORG>
	</rdf:li>
	</rdf:Bag>
	</dc:creator>
	<dcterms:created rdf:parseType="Resource">
	<dcterms:W3CDTF>2007-06-26T15:45:06Z</dcterms:W3CDTF>
	</dcterms:created>
	<dcterms:modified rdf:parseType="Resource">
	<dcterms:W3CDTF>2014-02-14T16:52:55Z</dcterms:W3CDTF>
	</dcterms:modified>
	<bqmodel:is>
	<rdf:Bag>
	<rdf:li rdf:resource="http://identifiers.org/biomodels.db/MODEL2977476330"/>
	</rdf:Bag>
	</bqmodel:is>
	<bqmodel:is>
	<rdf:Bag>
	<rdf:li rdf:resource="http://identifiers.org/biomodels.db/BIOMD0000000122"/>
	</rdf:Bag>
	</bqmodel:is>
	<bqmodel:isDescribedBy>
	<rdf:Bag>
	<rdf:li rdf:resource="http://identifiers.org/pubmed/17031595"/>
	</rdf:Bag>
	</bqmodel:isDescribedBy>
	<bqbiol:occursIn>
	<rdf:Bag>
	<rdf:li rdf:resource="http://identifiers.org/bto/BTO:0000782"/>
	</rdf:Bag>
	</bqbiol:occursIn>
	<bqbiol:hasTaxon>
	<rdf:Bag>
	<rdf:li rdf:resource="http://identifiers.org/taxonomy/40674"/>
	</rdf:Bag>
	</bqbiol:hasTaxon>
	<bqbiol:is>
	<rdf:Bag>
	<rdf:li rdf:resource="http://identifiers.org/go/GO:0033173"/>
	</rdf:Bag>
	</bqbiol:is>
	<bqbiol:isPartOf>
	<rdf:Bag>
	<rdf:li rdf:resource="http://identifiers.org/kegg.pathway/hsa04660"/>
	</rdf:Bag>
	</bqbiol:isPartOf>
	<bqbiol:isVersionOf>
	<rdf:Bag>
	<rdf:li rdf:resource="http://identifiers.org/go/GO:0002709"/>
	</rdf:Bag>
	</bqbiol:isVersionOf>
	</rdf:Description>
	
      </rdf:RDF>
    </annotation>
      <listOfUnitDefinitions>
      <unitDefinition id="substance" metaid="metaid_0000063" name="micro mole">
        <listOfUnits>
          <unit kind="mole" metaid="_073244" scale="-6"/>
        </listOfUnits>
      </unitDefinition>
    </listOfUnitDefinitions>
    <listOfCompartments>
      <compartment id="cytosol" metaid="metaid_0000025" name="cytosol" size="2.69E-13">
        <annotation>
          <rdf:RDF xmlns:rdf="http://www.w3.org/1999/02/22-rdf-syntax-ns#" xmlns:bqmodel="http://biomodels.net/model-qualifiers/" xmlns:bqbiol="http://biomodels.net/biology-qualifiers/">
            <rdf:Description rdf:about="#metaid_0000025">
	<bqbiol:is>
	<rdf:Bag>
	<rdf:li rdf:resource="http://identifiers.org/go/GO:0005829"/>
	</rdf:Bag>
	</bqbiol:is>
	</rdf:Description>
	
          </rdf:RDF>
        </annotation>
            </compartment>
      <compartment id="nucleus" metaid="metaid_0000026" name="nucleus" outside="cytosol" size="1.13E-13">
        <annotation>
          <rdf:RDF xmlns:rdf="http://www.w3.org/1999/02/22-rdf-syntax-ns#" xmlns:bqmodel="http://biomodels.net/model-qualifiers/" xmlns:bqbiol="http://biomodels.net/biology-qualifiers/">
            <rdf:Description rdf:about="#metaid_0000026">
	<bqbiol:is>
	<rdf:Bag>
	<rdf:li rdf:resource="http://identifiers.org/go/GO:0005634"/>
	</rdf:Bag>
	</bqbiol:is>
	</rdf:Description>
	
          </rdf:RDF>
        </annotation>
            </compartment>
    </listOfCompartments>
    <listOfSpecies>
      <species boundaryCondition="true" compartment="nucleus" id="Ca_Nuc" initialConcentration="1" metaid="metaid_0000028" name="Calcium in Nucleus">
        <annotation>
          <rdf:RDF xmlns:rdf="http://www.w3.org/1999/02/22-rdf-syntax-ns#" xmlns:bqmodel="http://biomodels.net/model-qualifiers/" xmlns:bqbiol="http://biomodels.net/biology-qualifiers/">
            <rdf:Description rdf:about="#metaid_0000028">
	<bqbiol:is>
	<rdf:Bag>
	<rdf:li rdf:resource="http://identifiers.org/chebi/CHEBI:29108"/>
	<rdf:li rdf:resource="http://identifiers.org/kegg.compound/C00076"/>
	</rdf:Bag>
	</bqbiol:is>
	</rdf:Description>
	
          </rdf:RDF>
        </annotation>
            </species>
      <species boundaryCondition="true" compartment="cytosol" id="Ca_Cyt" initialConcentration="1" metaid="metaid_0000029" name="Calcium in Cytosol">
        <annotation>
          <rdf:RDF xmlns:rdf="http://www.w3.org/1999/02/22-rdf-syntax-ns#" xmlns:bqmodel="http://biomodels.net/model-qualifiers/" xmlns:bqbiol="http://biomodels.net/biology-qualifiers/">
            <rdf:Description rdf:about="#metaid_0000029">
	<bqbiol:is>
	<rdf:Bag>
	<rdf:li rdf:resource="http://identifiers.org/chebi/CHEBI:29108"/>
	<rdf:li rdf:resource="http://identifiers.org/kegg.compound/C00076"/>
	</rdf:Bag>
	</bqbiol:is>
	</rdf:Description>
	
          </rdf:RDF>
        </annotation>
            </species>
      <species compartment="nucleus" id="NFAT_Nuc" initialConcentration="0.0005219" metaid="metaid_0000030" name="NFAT_nuc">
        <annotation>
          <rdf:RDF xmlns:rdf="http://www.w3.org/1999/02/22-rdf-syntax-ns#" xmlns:bqmodel="http://biomodels.net/model-qualifiers/" xmlns:bqbiol="http://biomodels.net/biology-qualifiers/">
            <rdf:Description rdf:about="#metaid_0000030">
	<bqbiol:isVersionOf>
	<rdf:Bag>
	<rdf:li rdf:resource="http://identifiers.org/uniprot/O94916"/>
	</rdf:Bag>
	</bqbiol:isVersionOf>
	</rdf:Description>
	
          </rdf:RDF>
        </annotation>
            </species>
      <species compartment="nucleus" id="Act_C_Nuc" initialConcentration="5.05E-5" metaid="metaid_0000031" name="Active Calcineurin in Nucleus">
        <annotation>
          <rdf:RDF xmlns:rdf="http://www.w3.org/1999/02/22-rdf-syntax-ns#" xmlns:bqmodel="http://biomodels.net/model-qualifiers/" xmlns:bqbiol="http://biomodels.net/biology-qualifiers/">
            <rdf:Description rdf:about="#metaid_0000031">
	<bqbiol:isVersionOf>
	<rdf:Bag>
	<rdf:li rdf:resource="http://identifiers.org/uniprot/Q99653"/>
	</rdf:Bag>
	</bqbiol:isVersionOf>
	</rdf:Description>
	
          </rdf:RDF>
        </annotation>
            </species>
      <species compartment="nucleus" id="NFAT_Pi_Nuc" initialConcentration="0.0002272" metaid="metaid_0000032" name="Phosphorylated NFAT in nucleus">
        <annotation>
          <rdf:RDF xmlns:rdf="http://www.w3.org/1999/02/22-rdf-syntax-ns#" xmlns:bqmodel="http://biomodels.net/model-qualifiers/" xmlns:bqbiol="http://biomodels.net/biology-qualifiers/">
            <rdf:Description rdf:about="#metaid_0000032">
	<bqbiol:isVersionOf>
	<rdf:Bag>
	<rdf:li rdf:resource="http://identifiers.org/uniprot/O94916"/>
	</rdf:Bag>
	</bqbiol:isVersionOf>
	</rdf:Description>
	
          </rdf:RDF>
        </annotation>
            </species>
      <species compartment="nucleus" id="NFAT_Act_C_Nuc" initialConcentration="0.0009477" metaid="metaid_0000033" name="NFAT Calcineurin complex in nucleus">
        <annotation>
          <rdf:RDF xmlns:rdf="http://www.w3.org/1999/02/22-rdf-syntax-ns#" xmlns:bqmodel="http://biomodels.net/model-qualifiers/" xmlns:bqbiol="http://biomodels.net/biology-qualifiers/">
            <rdf:Description rdf:about="#metaid_0000033">
	<bqbiol:hasPart>
	<rdf:Bag>
	<rdf:li rdf:resource="http://identifiers.org/uniprot/Q99653"/>
	<rdf:li rdf:resource="http://identifiers.org/uniprot/O94916"/>
	</rdf:Bag>
	</bqbiol:hasPart>
	</rdf:Description>
	
          </rdf:RDF>
        </annotation>
            </species>
      <species compartment="nucleus" id="NFAT_Pi_Act_C_Nuc" initialConcentration="2.5E-6" metaid="metaid_0000034" name="Phosphorylated NFAT Calcineurin complex in nucleus">
        <annotation>
          <rdf:RDF xmlns:rdf="http://www.w3.org/1999/02/22-rdf-syntax-ns#" xmlns:bqmodel="http://biomodels.net/model-qualifiers/" xmlns:bqbiol="http://biomodels.net/biology-qualifiers/">
            <rdf:Description rdf:about="#metaid_0000034">
	<bqbiol:hasPart>
	<rdf:Bag>
	<rdf:li rdf:resource="http://identifiers.org/uniprot/Q99653"/>
	<rdf:li rdf:resource="http://identifiers.org/uniprot/O94916"/>
	</rdf:Bag>
	</bqbiol:hasPart>
	</rdf:Description>
	
          </rdf:RDF>
        </annotation>
            </species>
      <species compartment="nucleus" id="Inact_C_Nuc" initialConcentration="0.049198" metaid="metaid_0000035" name="Inactive Calcineurin in nucleus">
        <annotation>
          <rdf:RDF xmlns:rdf="http://www.w3.org/1999/02/22-rdf-syntax-ns#" xmlns:bqmodel="http://biomodels.net/model-qualifiers/" xmlns:bqbiol="http://biomodels.net/biology-qualifiers/">
            <rdf:Description rdf:about="#metaid_0000035">
	<bqbiol:isVersionOf>
	<rdf:Bag>
	<rdf:li rdf:resource="http://identifiers.org/uniprot/Q99653"/>
	</rdf:Bag>
	</bqbiol:isVersionOf>
	</rdf:Description>
	
          </rdf:RDF>
        </annotation>
            </species>
      <species compartment="cytosol" id="NFAT_Cyt" initialConcentration="0.0001101" metaid="metaid_0000036" name="NFAT_Cyt">
        <annotation>
          <rdf:RDF xmlns:rdf="http://www.w3.org/1999/02/22-rdf-syntax-ns#" xmlns:bqmodel="http://biomodels.net/model-qualifiers/" xmlns:bqbiol="http://biomodels.net/biology-qualifiers/">
            <rdf:Description rdf:about="#metaid_0000036">
	<bqbiol:isVersionOf>
	<rdf:Bag>
	<rdf:li rdf:resource="http://identifiers.org/uniprot/O94916"/>
	</rdf:Bag>
	</bqbiol:isVersionOf>
	</rdf:Description>
	
          </rdf:RDF>
        </annotation>
            </species>
      <species compartment="cytosol" id="Act_C_Cyt" initialConcentration="9.1E-6" metaid="metaid_0000037" name="Active Calcineurin in cytosol">
        <annotation>
          <rdf:RDF xmlns:rdf="http://www.w3.org/1999/02/22-rdf-syntax-ns#" xmlns:bqmodel="http://biomodels.net/model-qualifiers/" xmlns:bqbiol="http://biomodels.net/biology-qualifiers/">
            <rdf:Description rdf:about="#metaid_0000037">
	<bqbiol:isVersionOf>
	<rdf:Bag>
	<rdf:li rdf:resource="http://identifiers.org/uniprot/Q99653"/>
	</rdf:Bag>
	</bqbiol:isVersionOf>
	</rdf:Description>
	
          </rdf:RDF>
        </annotation>
            </species>
      <species compartment="cytosol" id="NFAT_Pi_Cyt" initialConcentration="0.0094397" metaid="metaid_0000038" name="Phosphorylated NFAT in cytosol">
        <annotation>
          <rdf:RDF xmlns:rdf="http://www.w3.org/1999/02/22-rdf-syntax-ns#" xmlns:bqmodel="http://biomodels.net/model-qualifiers/" xmlns:bqbiol="http://biomodels.net/biology-qualifiers/">
            <rdf:Description rdf:about="#metaid_0000038">
	<bqbiol:isVersionOf>
	<rdf:Bag>
	<rdf:li rdf:resource="http://identifiers.org/uniprot/O94916"/>
	</rdf:Bag>
	</bqbiol:isVersionOf>
	</rdf:Description>
	
          </rdf:RDF>
        </annotation>
            </species>
      <species compartment="cytosol" id="NFAT_Act_C_Cyt" initialConcentration="6.1E-6" metaid="metaid_0000039" name="NFAT Calcineurin complex in cytosol">
        <annotation>
          <rdf:RDF xmlns:rdf="http://www.w3.org/1999/02/22-rdf-syntax-ns#" xmlns:bqmodel="http://biomodels.net/model-qualifiers/" xmlns:bqbiol="http://biomodels.net/biology-qualifiers/">
            <rdf:Description rdf:about="#metaid_0000039">
	<bqbiol:hasPart>
	<rdf:Bag>
	<rdf:li rdf:resource="http://identifiers.org/uniprot/Q99653"/>
	<rdf:li rdf:resource="http://identifiers.org/uniprot/O94916"/>
	</rdf:Bag>
	</bqbiol:hasPart>
	</rdf:Description>
	
          </rdf:RDF>
        </annotation>
            </species>
      <species compartment="cytosol" id="NFAT_Pi_Act_C_Cyt" initialConcentration="2.2E-6" metaid="metaid_0000040" name="Phosphorylated NFAT Calcineurin complex in cytosol">
        <annotation>
          <rdf:RDF xmlns:rdf="http://www.w3.org/1999/02/22-rdf-syntax-ns#" xmlns:bqmodel="http://biomodels.net/model-qualifiers/" xmlns:bqbiol="http://biomodels.net/biology-qualifiers/">
            <rdf:Description rdf:about="#metaid_0000040">
	<bqbiol:hasPart>
	<rdf:Bag>
	<rdf:li rdf:resource="http://identifiers.org/uniprot/Q99653"/>
	<rdf:li rdf:resource="http://identifiers.org/uniprot/O94916"/>
	</rdf:Bag>
	</bqbiol:hasPart>
	</rdf:Description>
	
          </rdf:RDF>
        </annotation>
            </species>
      <species compartment="cytosol" id="Inact_C_Cyt" initialConcentration="0.0097108" metaid="metaid_0000041" name="Inactive Calcineurin in cytosol">
        <annotation>
          <rdf:RDF xmlns:rdf="http://www.w3.org/1999/02/22-rdf-syntax-ns#" xmlns:bqmodel="http://biomodels.net/model-qualifiers/" xmlns:bqbiol="http://biomodels.net/biology-qualifiers/">
            <rdf:Description rdf:about="#metaid_0000041">
	<bqbiol:isVersionOf>
	<rdf:Bag>
	<rdf:li rdf:resource="http://identifiers.org/uniprot/Q99653"/>
	</rdf:Bag>
	</bqbiol:isVersionOf>
	</rdf:Description>
	
          </rdf:RDF>
        </annotation>
            </species>
    </listOfSpecies>
    <listOfParameters>
      <parameter id="k1" metaid="metaid_0000003" value="2.56E-5"/>
      <parameter id="k2" metaid="metaid_0000004" value="0.00256"/>
      <parameter id="k16" metaid="metaid_0000005" value="6.63"/>
      <parameter id="k15" metaid="metaid_0000006" value="0.00168"/>
      <parameter id="k18" metaid="metaid_0000007" value="0.00096"/>
      <parameter id="k17" metaid="metaid_0000008" value="0.0015"/>
      <parameter id="k6" metaid="metaid_0000009" value="0.00092"/>
      <parameter id="k5" metaid="metaid_0000010" value="0.0019"/>
      <parameter id="k14" metaid="metaid_0000011" value="0.00256"/>
      <parameter id="k13" metaid="metaid_0000012" value="0.5"/>
      <parameter id="k12" metaid="metaid_0000013" value="0.00168"/>
      <parameter id="k11" metaid="metaid_0000014" value="6.63"/>
      <parameter id="k10" metaid="metaid_0000015" value="0.005"/>
      <parameter id="k9" metaid="metaid_0000016" value="0.5"/>
      <parameter id="k3" metaid="metaid_0000017" value="0.005"/>
      <parameter id="k4" metaid="metaid_0000018" value="0.5"/>
      <parameter id="k7" metaid="metaid_0000019" value="0.005"/>
      <parameter id="k8" metaid="metaid_0000020" value="0.5"/>
      <parameter id="k19" metaid="metaid_0000021" value="1"/>
      <parameter id="k20" metaid="metaid_0000022" value="1"/>
      <parameter id="k21" metaid="metaid_0000023" value="0.21"/>
      <parameter id="k22" metaid="metaid_0000024" value="0.5"/>
      <parameter constant="false" id="Time_in_Seconds" metaid="metaid_0000059" name="Time_in_Seconds" value="100"/>
    </listOfParameters>
    <listOfReactions>
      <reaction id="R1" metaid="metaid_0000042" name="Calcineurin dpdnt NFAT dephosphorylation">
        <annotation>
          <rdf:RDF xmlns:rdf="http://www.w3.org/1999/02/22-rdf-syntax-ns#" xmlns:bqmodel="http://biomodels.net/model-qualifiers/" xmlns:bqbiol="http://biomodels.net/biology-qualifiers/">
            <rdf:Description rdf:about="#metaid_0000042">
              <bqbiol:is>
	<rdf:Bag>
	<rdf:li rdf:resource="http://identifiers.org/ec-code/3.1.3.16"/>
	<rdf:li rdf:resource="http://identifiers.org/go/GO:0004722"/>
	<rdf:li rdf:resource="http://identifiers.org/go/GO:0004723"/>
	</rdf:Bag>
	</bqbiol:is>
	
	<bqbiol:isVersionOf>
	<rdf:Bag>
	<rdf:li rdf:resource="http://identifiers.org/kegg.reaction/R00164"/>
	</rdf:Bag>
	</bqbiol:isVersionOf>
	</rdf:Description>
	
          </rdf:RDF>
        </annotation>
              <listOfReactants>
          <speciesReference metaid="_073256" species="NFAT_Pi_Nuc"/>
          <speciesReference metaid="_073268" species="Act_C_Nuc"/>
        </listOfReactants>
        <listOfProducts>
          <speciesReference metaid="_073280" species="Act_C_Nuc"/>
          <speciesReference metaid="_073292" species="NFAT_Nuc"/>
        </listOfProducts>
        <kineticLaw metaid="_073304">
          <math xmlns="http://www.w3.org/1998/Math/MathML">          
            <apply>
              <times/>
              <ci> nucleus </ci>
              <apply>
                <minus/>
                <apply>
                  <times/>
                  <ci> k1 </ci>
                  <ci> NFAT_Pi_Nuc </ci>
                </apply>
                <apply>
                  <times/>
                  <ci> k2 </ci>
                  <ci> NFAT_Nuc </ci>
                </apply>
              </apply>
            </apply>
          </math>
                </kineticLaw>
      </reaction>
      <reaction id="R2" metaid="metaid_0000043" name="NFAT Calcineurin complex formation">
        <annotation>
          <rdf:RDF xmlns:rdf="http://www.w3.org/1999/02/22-rdf-syntax-ns#" xmlns:bqmodel="http://biomodels.net/model-qualifiers/" xmlns:bqbiol="http://biomodels.net/biology-qualifiers/">
            <rdf:Description rdf:about="#metaid_0000043">
	<bqbiol:isVersionOf>
	<rdf:Bag>
	<rdf:li rdf:resource="http://identifiers.org/go/GO:0051525"/>
	</rdf:Bag>
	</bqbiol:isVersionOf>
	</rdf:Description>
	
          </rdf:RDF>
        </annotation>
              <listOfReactants>
          <speciesReference metaid="_073316" species="Act_C_Nuc"/>
          <speciesReference metaid="_073328" species="NFAT_Nuc"/>
        </listOfReactants>
        <listOfProducts>
          <speciesReference metaid="_073340" species="NFAT_Act_C_Nuc"/>
        </listOfProducts>
        <kineticLaw metaid="_073352">
          <math xmlns="http://www.w3.org/1998/Math/MathML">          
            <apply>
              <times/>
              <ci> nucleus </ci>
              <apply>
                <minus/>
                <apply>
                  <times/>
                  <ci> k16 </ci>
                  <ci> NFAT_Nuc </ci>
                  <ci> Act_C_Nuc </ci>
                </apply>
                <apply>
                  <times/>
                  <ci> k15 </ci>
                  <ci> NFAT_Act_C_Nuc </ci>
                </apply>
              </apply>
            </apply>
          </math>
                </kineticLaw>
      </reaction>
      <reaction id="R3" metaid="metaid_0000044" name="NFAT transport">
        <annotation>
          <rdf:RDF xmlns:rdf="http://www.w3.org/1999/02/22-rdf-syntax-ns#" xmlns:bqmodel="http://biomodels.net/model-qualifiers/" xmlns:bqbiol="http://biomodels.net/biology-qualifiers/">
            <rdf:Description rdf:about="#metaid_0000044">
	<bqbiol:is>
	<rdf:Bag>
	<rdf:li rdf:resource="http://identifiers.org/go/GO:0051531"/>
	</rdf:Bag>
	</bqbiol:is>
	</rdf:Description>
	
          </rdf:RDF>
        </annotation>
              <listOfReactants>
          <speciesReference metaid="_073364" species="NFAT_Nuc"/>
        </listOfReactants>
        <listOfProducts>
          <speciesReference metaid="_073376" species="NFAT_Cyt"/>
        </listOfProducts>
        <kineticLaw metaid="_073388">
          <math xmlns="http://www.w3.org/1998/Math/MathML">          
            <apply>
              <minus/>
              <apply>
                <times/>
                <ci> nucleus </ci>
                <ci> k18 </ci>
                <ci> NFAT_Nuc </ci>
              </apply>
              <apply>
                <times/>
                <ci> cytosol </ci>
                <ci> k17 </ci>
                <ci> NFAT_Cyt </ci>
              </apply>
            </apply>
          </math>
                </kineticLaw>
      </reaction>
      <reaction id="R4" metaid="metaid_0000045" name="Active Calcineurin transport">
        <annotation>
          <rdf:RDF xmlns:rdf="http://www.w3.org/1999/02/22-rdf-syntax-ns#" xmlns:bqmodel="http://biomodels.net/model-qualifiers/" xmlns:bqbiol="http://biomodels.net/biology-qualifiers/">
            <rdf:Description rdf:about="#metaid_0000045">
	<bqbiol:isVersionOf>
	<rdf:Bag>
	<rdf:li rdf:resource="http://identifiers.org/go/GO:0015031"/>
	</rdf:Bag>
	</bqbiol:isVersionOf>
	</rdf:Description>
	
          </rdf:RDF>
        </annotation>
              <listOfReactants>
          <speciesReference metaid="_073400" species="Act_C_Nuc"/>
        </listOfReactants>
        <listOfProducts>
          <speciesReference metaid="_073412" species="Act_C_Cyt"/>
        </listOfProducts>
        <kineticLaw metaid="_073424">
          <math xmlns="http://www.w3.org/1998/Math/MathML">          
            <apply>
              <minus/>
              <apply>
                <times/>
                <ci> nucleus </ci>
                <ci> k6 </ci>
                <ci> Act_C_Nuc </ci>
              </apply>
              <apply>
                <times/>
                <ci> cytosol </ci>
                <ci> k5 </ci>
                <ci> Act_C_Cyt </ci>
              </apply>
            </apply>
          </math>
                </kineticLaw>
      </reaction>
      <reaction id="R5" metaid="metaid_0000046" name="NFAT Calcineurin complex phosphorylation">
        <annotation>
          <rdf:RDF xmlns:rdf="http://www.w3.org/1999/02/22-rdf-syntax-ns#" xmlns:bqmodel="http://biomodels.net/model-qualifiers/" xmlns:bqbiol="http://biomodels.net/biology-qualifiers/">
            <rdf:Description rdf:about="#metaid_0000046">
	<bqbiol:isVersionOf>
	<rdf:Bag>
	<rdf:li rdf:resource="http://identifiers.org/go/GO:0006468"/>
	</rdf:Bag>
	</bqbiol:isVersionOf>
	</rdf:Description>
	
          </rdf:RDF>
        </annotation>
              <listOfReactants>
          <speciesReference metaid="_073436" species="NFAT_Act_C_Nuc"/>
        </listOfReactants>
        <listOfProducts>
          <speciesReference metaid="_073448" species="NFAT_Pi_Act_C_Nuc"/>
        </listOfProducts>
        <kineticLaw metaid="_073460">
          <math xmlns="http://www.w3.org/1998/Math/MathML">          
            <apply>
              <times/>
              <ci> nucleus </ci>
              <apply>
                <minus/>
                <apply>
                  <times/>
                  <ci> k14 </ci>
                  <ci> NFAT_Act_C_Nuc </ci>
                </apply>
                <apply>
                  <times/>
                  <ci> k13 </ci>
                  <ci> NFAT_Pi_Act_C_Nuc </ci>
                </apply>
              </apply>
            </apply>
          </math>
                </kineticLaw>
      </reaction>
      <reaction id="R6" metaid="metaid_0000047" name="Phosphorylated NFAT Calcineurin complex disassembly">
        <annotation>
          <rdf:RDF xmlns:rdf="http://www.w3.org/1999/02/22-rdf-syntax-ns#" xmlns:bqmodel="http://biomodels.net/model-qualifiers/" xmlns:bqbiol="http://biomodels.net/biology-qualifiers/">
            <rdf:Description rdf:about="#metaid_0000047">
	<bqbiol:isVersionOf>
	<rdf:Bag>
	<rdf:li rdf:resource="http://identifiers.org/go/GO:0043624"/>
	</rdf:Bag>
	</bqbiol:isVersionOf>
	</rdf:Description>
	
          </rdf:RDF>
        </annotation>
              <listOfReactants>
          <speciesReference metaid="_073473" species="NFAT_Pi_Act_C_Nuc"/>
        </listOfReactants>
        <listOfProducts>
          <speciesReference metaid="_073485" species="Act_C_Nuc"/>
          <speciesReference metaid="_073497" species="NFAT_Pi_Nuc"/>
        </listOfProducts>
        <kineticLaw metaid="_073509">
          <math xmlns="http://www.w3.org/1998/Math/MathML">          
            <apply>
              <times/>
              <ci> nucleus </ci>
              <apply>
                <minus/>
                <apply>
                  <times/>
                  <ci> k12 </ci>
                  <ci> NFAT_Pi_Act_C_Nuc </ci>
                </apply>
                <apply>
                  <times/>
                  <ci> k11 </ci>
                  <ci> NFAT_Pi_Nuc </ci>
                  <ci> Act_C_Nuc </ci>
                </apply>
              </apply>
            </apply>
          </math>
                </kineticLaw>
      </reaction>
      <reaction id="R7" metaid="metaid_0000048" name="NFAT Calcineurin complex transport">
        <annotation>
          <rdf:RDF xmlns:rdf="http://www.w3.org/1999/02/22-rdf-syntax-ns#" xmlns:bqmodel="http://biomodels.net/model-qualifiers/" xmlns:bqbiol="http://biomodels.net/biology-qualifiers/">
            <rdf:Description rdf:about="#metaid_0000048">
	<bqbiol:isVersionOf>
	<rdf:Bag>
	<rdf:li rdf:resource="http://identifiers.org/go/GO:0015031"/>
	</rdf:Bag>
	</bqbiol:isVersionOf>
	</rdf:Description>
	
          </rdf:RDF>
        </annotation>
              <listOfReactants>
          <speciesReference metaid="_073521" species="NFAT_Act_C_Nuc"/>
        </listOfReactants>
        <listOfProducts>
          <speciesReference metaid="_073533" species="NFAT_Act_C_Cyt"/>
        </listOfProducts>
        <kineticLaw metaid="_073545">
          <math xmlns="http://www.w3.org/1998/Math/MathML">          
            <apply>
              <minus/>
              <apply>
                <times/>
                <ci> nucleus </ci>
                <ci> k10 </ci>
                <ci> NFAT_Act_C_Nuc </ci>
              </apply>
              <apply>
                <times/>
                <ci> cytosol </ci>
                <ci> k9 </ci>
                <ci> NFAT_Act_C_Cyt </ci>
              </apply>
            </apply>
          </math>
                </kineticLaw>
      </reaction>
      <reaction id="R8" metaid="metaid_0000049" name="NFAT Calcineurin complex phosphorylation">
        <annotation>
          <rdf:RDF xmlns:rdf="http://www.w3.org/1999/02/22-rdf-syntax-ns#" xmlns:bqmodel="http://biomodels.net/model-qualifiers/" xmlns:bqbiol="http://biomodels.net/biology-qualifiers/">
            <rdf:Description rdf:about="#metaid_0000049">
	<bqbiol:isVersionOf>
	<rdf:Bag>
	<rdf:li rdf:resource="http://identifiers.org/go/GO:0006468"/>
	</rdf:Bag>
	</bqbiol:isVersionOf>
	</rdf:Description>
	
          </rdf:RDF>
        </annotation>
              <listOfReactants>
          <speciesReference metaid="_073557" species="NFAT_Act_C_Cyt"/>
        </listOfReactants>
        <listOfProducts>
          <speciesReference metaid="_073569" species="NFAT_Pi_Act_C_Cyt"/>
        </listOfProducts>
        <kineticLaw metaid="_073581">
          <math xmlns="http://www.w3.org/1998/Math/MathML">          
            <apply>
              <times/>
              <ci> cytosol </ci>
              <apply>
                <minus/>
                <apply>
                  <times/>
                  <ci> k14 </ci>
                  <ci> NFAT_Act_C_Cyt </ci>
                </apply>
                <apply>
                  <times/>
                  <ci> k13 </ci>
                  <ci> NFAT_Pi_Act_C_Cyt </ci>
                </apply>
              </apply>
            </apply>
          </math>
                </kineticLaw>
      </reaction>
      <reaction id="R9" metaid="metaid_0000050" name="Phosphorylated NFAT Calcineurin complex disassembly">
        <annotation>
          <rdf:RDF xmlns:rdf="http://www.w3.org/1999/02/22-rdf-syntax-ns#" xmlns:bqmodel="http://biomodels.net/model-qualifiers/" xmlns:bqbiol="http://biomodels.net/biology-qualifiers/">
            <rdf:Description rdf:about="#metaid_0000050">
	<bqbiol:isVersionOf>
	<rdf:Bag>
	<rdf:li rdf:resource="http://identifiers.org/go/GO:0043624"/>
	</rdf:Bag>
	</bqbiol:isVersionOf>
	</rdf:Description>
	
          </rdf:RDF>
        </annotation>
              <listOfReactants>
          <speciesReference metaid="_073593" species="NFAT_Pi_Act_C_Cyt"/>
        </listOfReactants>
        <listOfProducts>
          <speciesReference metaid="_073605" species="Act_C_Cyt"/>
          <speciesReference metaid="_073617" species="NFAT_Pi_Cyt"/>
        </listOfProducts>
        <kineticLaw metaid="_073629">
          <math xmlns="http://www.w3.org/1998/Math/MathML">          
            <apply>
              <times/>
              <ci> cytosol </ci>
              <apply>
                <minus/>
                <apply>
                  <times/>
                  <ci> k12 </ci>
                  <ci> NFAT_Pi_Act_C_Cyt </ci>
                </apply>
                <apply>
                  <times/>
                  <ci> k11 </ci>
                  <ci> NFAT_Pi_Cyt </ci>
                  <ci> Act_C_Cyt </ci>
                </apply>
              </apply>
            </apply>
          </math>
                </kineticLaw>
      </reaction>
      <reaction id="R10" metaid="metaid_0000051" name="Phosphorylated NFAT transport">
        <annotation>
          <rdf:RDF xmlns:rdf="http://www.w3.org/1999/02/22-rdf-syntax-ns#" xmlns:bqmodel="http://biomodels.net/model-qualifiers/" xmlns:bqbiol="http://biomodels.net/biology-qualifiers/">
            <rdf:Description rdf:about="#metaid_0000051">
	<bqbiol:isVersionOf>
	<rdf:Bag>
	<rdf:li rdf:resource="http://identifiers.org/go/GO:0015031"/>
	</rdf:Bag>
	</bqbiol:isVersionOf>
	</rdf:Description>
	
          </rdf:RDF>
        </annotation>
              <listOfReactants>
          <speciesReference metaid="_073641" species="NFAT_Pi_Cyt"/>
        </listOfReactants>
        <listOfProducts>
          <speciesReference metaid="_073653" species="NFAT_Pi_Nuc"/>
        </listOfProducts>
        <kineticLaw metaid="_073665">
          <math xmlns="http://www.w3.org/1998/Math/MathML">          
            <apply>
              <minus/>
              <apply>
                <times/>
                <ci> cytosol </ci>
                <ci> k3 </ci>
                <ci> NFAT_Pi_Cyt </ci>
              </apply>
              <apply>
                <times/>
                <ci> nucleus </ci>
                <ci> k4 </ci>
                <ci> NFAT_Pi_Nuc </ci>
              </apply>
            </apply>
          </math>
                </kineticLaw>
      </reaction>
      <reaction id="R11" metaid="metaid_0000052" name="NFAT Calcineurin complex disassembly">
        <annotation>
          <rdf:RDF xmlns:rdf="http://www.w3.org/1999/02/22-rdf-syntax-ns#" xmlns:bqmodel="http://biomodels.net/model-qualifiers/" xmlns:bqbiol="http://biomodels.net/biology-qualifiers/">
            <rdf:Description rdf:about="#metaid_0000052">
	<bqbiol:isVersionOf>
	<rdf:Bag>
	<rdf:li rdf:resource="http://identifiers.org/go/GO:0043624"/>
	</rdf:Bag>
	</bqbiol:isVersionOf>
	</rdf:Description>
	
          </rdf:RDF>
        </annotation>
              <listOfReactants>
          <speciesReference metaid="_073677" species="NFAT_Act_C_Cyt"/>
        </listOfReactants>
        <listOfProducts>
          <speciesReference metaid="_073689" species="Act_C_Cyt"/>
          <speciesReference metaid="_073701" species="NFAT_Cyt"/>
        </listOfProducts>
        <kineticLaw metaid="_073713">
          <math xmlns="http://www.w3.org/1998/Math/MathML">          
            <apply>
              <times/>
              <ci> cytosol </ci>
              <apply>
                <minus/>
                <apply>
                  <times/>
                  <ci> k15 </ci>
                  <ci> NFAT_Act_C_Cyt </ci>
                </apply>
                <apply>
                  <times/>
                  <ci> k16 </ci>
                  <ci> NFAT_Cyt </ci>
                  <ci> Act_C_Cyt </ci>
                </apply>
              </apply>
            </apply>
          </math>
                </kineticLaw>
      </reaction>
      <reaction id="R17" metaid="metaid_0000053" name="Phosphorylated NFAT Calcineurin complex transport">
        <annotation>
          <rdf:RDF xmlns:rdf="http://www.w3.org/1999/02/22-rdf-syntax-ns#" xmlns:bqmodel="http://biomodels.net/model-qualifiers/" xmlns:bqbiol="http://biomodels.net/biology-qualifiers/">
            <rdf:Description rdf:about="#metaid_0000053">
	<bqbiol:isVersionOf>
	<rdf:Bag>
	<rdf:li rdf:resource="http://identifiers.org/go/GO:0015031"/>
	</rdf:Bag>
	</bqbiol:isVersionOf>
	</rdf:Description>
	
          </rdf:RDF>
        </annotation>
              <listOfReactants>
          <speciesReference metaid="_073725" species="NFAT_Pi_Act_C_Cyt"/>
        </listOfReactants>
        <listOfProducts>
          <speciesReference metaid="_073737" species="NFAT_Pi_Act_C_Nuc"/>
        </listOfProducts>
        <kineticLaw metaid="_073749">
          <math xmlns="http://www.w3.org/1998/Math/MathML">          
            <apply>
              <minus/>
              <apply>
                <times/>
                <ci> cytosol </ci>
                <ci> k7 </ci>
                <ci> NFAT_Pi_Act_C_Cyt </ci>
              </apply>
              <apply>
                <times/>
                <ci> nucleus </ci>
                <ci> k8 </ci>
                <ci> NFAT_Pi_Act_C_Nuc </ci>
              </apply>
            </apply>
          </math>
                </kineticLaw>
      </reaction>
      <reaction id="R12" metaid="metaid_0000054" name="Calcineurin dpdnt NFAT dephosphorylation">
        <annotation>
          <rdf:RDF xmlns:rdf="http://www.w3.org/1999/02/22-rdf-syntax-ns#" xmlns:bqmodel="http://biomodels.net/model-qualifiers/" xmlns:bqbiol="http://biomodels.net/biology-qualifiers/">
            <rdf:Description rdf:about="#metaid_0000054">
	<bqbiol:is>
	<rdf:Bag>
	<rdf:li rdf:resource="http://identifiers.org/ec-code/3.1.3.16"/>
	<rdf:li rdf:resource="http://identifiers.org/go/GO:0004723"/>
	</rdf:Bag>
	</bqbiol:is>
	</rdf:Description>
	
          </rdf:RDF>
        </annotation>
              <listOfReactants>
          <speciesReference metaid="_073762" species="NFAT_Pi_Cyt"/>
          <speciesReference metaid="_073774" species="Act_C_Cyt"/>
        </listOfReactants>
        <listOfProducts>
          <speciesReference metaid="_073786" species="Act_C_Cyt"/>
          <speciesReference metaid="_073798" species="NFAT_Cyt"/>
        </listOfProducts>
        <kineticLaw metaid="_073810">
          <math xmlns="http://www.w3.org/1998/Math/MathML">          
            <apply>
              <times/>
              <ci> cytosol </ci>
              <apply>
                <minus/>
                <apply>
                  <times/>
                  <ci> k1 </ci>
                  <ci> NFAT_Pi_Cyt </ci>
                </apply>
                <apply>
                  <times/>
                  <ci> k2 </ci>
                  <ci> NFAT_Cyt </ci>
                </apply>
              </apply>
            </apply>
          </math>
                </kineticLaw>
      </reaction>
      <reaction id="R13" metaid="metaid_0000055" name="Calcineurin activation">
        <annotation>
          <rdf:RDF xmlns:rdf="http://www.w3.org/1999/02/22-rdf-syntax-ns#" xmlns:bqmodel="http://biomodels.net/model-qualifiers/" xmlns:bqbiol="http://biomodels.net/biology-qualifiers/">
            <rdf:Description rdf:about="#metaid_0000055">
	<bqbiol:isVersionOf>
	<rdf:Bag>
	<rdf:li rdf:resource="http://identifiers.org/go/GO:0032514"/>
	</rdf:Bag>
	</bqbiol:isVersionOf>
	</rdf:Description>
	
          </rdf:RDF>
        </annotation>
              <listOfReactants>
          <speciesReference metaid="_073822" species="Ca_Cyt" stoichiometry="3"/>
          <speciesReference metaid="_073834" species="Inact_C_Cyt"/>
        </listOfReactants>
        <listOfProducts>
          <speciesReference metaid="_073846" species="Act_C_Cyt"/>
        </listOfProducts>
        <kineticLaw metaid="_073858">
          <math xmlns="http://www.w3.org/1998/Math/MathML">          
            <apply>
              <times/>
              <ci> cytosol </ci>
              <apply>
                <minus/>
                <apply>
                  <times/>
                  <ci> k19 </ci>
                  <ci> Inact_C_Cyt </ci>
                  <apply>
                    <power/>
                    <ci> Ca_Cyt </ci>
                    <cn type="integer"> 3 </cn>
                  </apply>
                </apply>
                <apply>
                  <times/>
                  <ci> k20 </ci>
                  <ci> Act_C_Cyt </ci>
                </apply>
              </apply>
            </apply>
          </math>
                </kineticLaw>
      </reaction>
      <reaction id="R14" metaid="metaid_0000056" name="Calcineurin activation">
        <annotation>
          <rdf:RDF xmlns:rdf="http://www.w3.org/1999/02/22-rdf-syntax-ns#" xmlns:bqmodel="http://biomodels.net/model-qualifiers/" xmlns:bqbiol="http://biomodels.net/biology-qualifiers/">
            <rdf:Description rdf:about="#metaid_0000056">
	<bqbiol:isVersionOf>
	<rdf:Bag>
	<rdf:li rdf:resource="http://identifiers.org/go/GO:0032514"/>
	</rdf:Bag>
	</bqbiol:isVersionOf>
	</rdf:Description>
	
          </rdf:RDF>
        </annotation>
              <listOfReactants>
          <speciesReference metaid="_073870" species="Ca_Nuc" stoichiometry="3"/>
          <speciesReference metaid="_073882" species="Inact_C_Nuc"/>
        </listOfReactants>
        <listOfProducts>
          <speciesReference metaid="_073894" species="Act_C_Nuc"/>
        </listOfProducts>
        <kineticLaw metaid="_073906">
          <math xmlns="http://www.w3.org/1998/Math/MathML">          
            <apply>
              <times/>
              <ci> nucleus </ci>
              <apply>
                <minus/>
                <apply>
                  <times/>
                  <ci> k19 </ci>
                  <ci> Inact_C_Nuc </ci>
                  <apply>
                    <power/>
                    <ci> Ca_Nuc </ci>
                    <cn type="integer"> 3 </cn>
                  </apply>
                </apply>
                <apply>
                  <times/>
                  <ci> k20 </ci>
                  <ci> Act_C_Nuc </ci>
                </apply>
              </apply>
            </apply>
          </math>
                </kineticLaw>
      </reaction>
      <reaction id="R15" metaid="metaid_0000057" name="Inactive Calcineurin transport">
        <annotation>
          <rdf:RDF xmlns:rdf="http://www.w3.org/1999/02/22-rdf-syntax-ns#" xmlns:bqmodel="http://biomodels.net/model-qualifiers/" xmlns:bqbiol="http://biomodels.net/biology-qualifiers/">
            <rdf:Description rdf:about="#metaid_0000057">
	<bqbiol:isVersionOf>
	<rdf:Bag>
	<rdf:li rdf:resource="http://identifiers.org/go/GO:0015031"/>
	</rdf:Bag>
	</bqbiol:isVersionOf>
	</rdf:Description>
	
          </rdf:RDF>
        </annotation>
              <listOfReactants>
          <speciesReference metaid="_073919" species="Inact_C_Cyt"/>
        </listOfReactants>
        <listOfProducts>
          <speciesReference metaid="_073931" species="Inact_C_Nuc"/>
        </listOfProducts>
        <kineticLaw metaid="_073943">
          <math xmlns="http://www.w3.org/1998/Math/MathML">          
            <apply>
              <minus/>
              <apply>
                <times/>
                <ci> cytosol </ci>
                <ci> k5 </ci>
                <ci> Inact_C_Cyt </ci>
              </apply>
              <apply>
                <times/>
                <ci> nucleus </ci>
                <ci> k6 </ci>
                <ci> Inact_C_Nuc </ci>
              </apply>
            </apply>
          </math>
                </kineticLaw>
      </reaction>
      <reaction id="R16" metaid="metaid_0000058" name="Calcium transport">
        <annotation>
          <rdf:RDF xmlns:rdf="http://www.w3.org/1999/02/22-rdf-syntax-ns#" xmlns:bqmodel="http://biomodels.net/model-qualifiers/" xmlns:bqbiol="http://biomodels.net/biology-qualifiers/">
            <rdf:Description rdf:about="#metaid_0000058">
	<bqbiol:isVersionOf>
	<rdf:Bag>
	<rdf:li rdf:resource="http://identifiers.org/go/GO:0006816"/>
	</rdf:Bag>
	</bqbiol:isVersionOf>
	</rdf:Description>
	
          </rdf:RDF>
        </annotation>
              <listOfReactants>
          <speciesReference metaid="_073955" species="Ca_Cyt"/>
        </listOfReactants>
        <listOfProducts>
          <speciesReference metaid="_073967" species="Ca_Nuc"/>
        </listOfProducts>
        <kineticLaw metaid="_073979">
          <math xmlns="http://www.w3.org/1998/Math/MathML">          
            <apply>
              <minus/>
              <apply>
                <times/>
                <ci> cytosol </ci>
                <ci> k21 </ci>
                <ci> Ca_Cyt </ci>
              </apply>
              <apply>
                <times/>
                <ci> nucleus </ci>
                <ci> k22 </ci>
                <ci> Ca_Nuc </ci>
              </apply>
            </apply>
          </math>
                </kineticLaw>
      </reaction>
    </listOfReactions>
    <listOfEvents>
      <event id="event_0000001" metaid="metaid_0000060">
        <annotation>
          <rdf:RDF xmlns:rdf="http://www.w3.org/1999/02/22-rdf-syntax-ns#" xmlns:bqmodel="http://biomodels.net/model-qualifiers/" xmlns:bqbiol="http://biomodels.net/biology-qualifiers/">
            <rdf:Description rdf:about="#metaid_0000060">
	<bqbiol:isVersionOf>
	<rdf:Bag>
	<rdf:li rdf:resource="http://identifiers.org/go/GO:0019722"/>
	</rdf:Bag>
	</bqbiol:isVersionOf>
	</rdf:Description>
	
          </rdf:RDF>
        </annotation>
              <trigger metaid="_073991">
          <math xmlns="http://www.w3.org/1998/Math/MathML">          
            <apply>
              <and/>
              <apply>
                <leq/>
                <apply>
                  <minus/>
                  <ci> Time_in_Seconds </ci>
                  <csymbol encoding="text" definitionURL="http://www.sbml.org/sbml/symbols/time"> t </csymbol>
                </apply>
                <cn type="integer"> 0 </cn>
              </apply>
              <apply>
                <lt/>
                <csymbol encoding="text" definitionURL="http://www.sbml.org/sbml/symbols/time"> t </csymbol>
                <cn type="integer"> 1500 </cn>
              </apply>
            </apply>
          </math>
                </trigger>
        <listOfEventAssignments>
          <eventAssignment metaid="_074003" variable="Time_in_Seconds">
            <math xmlns="http://www.w3.org/1998/Math/MathML">            
              <apply>
                <plus/>
                <ci> Time_in_Seconds </ci>
                <cn type="integer"> 100 </cn>
              </apply>
            </math>
                    </eventAssignment>
          <eventAssignment metaid="_074015" variable="Ca_Cyt">
            <math xmlns="http://www.w3.org/1998/Math/MathML">            
              <cn type="integer"> 1 </cn>
            </math>
                    </eventAssignment>
          <eventAssignment metaid="_074027" variable="Ca_Nuc">
            <math xmlns="http://www.w3.org/1998/Math/MathML">            
              <cn type="integer"> 1 </cn>
            </math>
                    </eventAssignment>
        </listOfEventAssignments>
      </event>
      <event id="event_0000002" metaid="metaid_0000061">
        <annotation>
          <rdf:RDF xmlns:rdf="http://www.w3.org/1999/02/22-rdf-syntax-ns#" xmlns:bqmodel="http://biomodels.net/model-qualifiers/" xmlns:bqbiol="http://biomodels.net/biology-qualifiers/">
            <rdf:Description rdf:about="#metaid_0000061">
	<bqbiol:isVersionOf>
	<rdf:Bag>
	<rdf:li rdf:resource="http://identifiers.org/go/GO:0019722"/>
	</rdf:Bag>
	</bqbiol:isVersionOf>
	</rdf:Description>
	
          </rdf:RDF>
        </annotation>
              <trigger metaid="_074039">
          <math xmlns="http://www.w3.org/1998/Math/MathML">          
            <apply>
              <and/>
              <apply>
                <leq/>
                <apply>
                  <minus/>
                  <ci> Time_in_Seconds </ci>
                  <csymbol encoding="text" definitionURL="http://www.sbml.org/sbml/symbols/time"> t </csymbol>
                </apply>
                <cn type="integer"> 90 </cn>
              </apply>
              <apply>
                <lt/>
                <csymbol encoding="text" definitionURL="http://www.sbml.org/sbml/symbols/time"> t </csymbol>
                <cn type="integer"> 1500 </cn>
              </apply>
            </apply>
          </math>
                </trigger>
        <listOfEventAssignments>
          <eventAssignment metaid="_074051" variable="Ca_Cyt">
            <math xmlns="http://www.w3.org/1998/Math/MathML">            
              <cn> 0.1 </cn>
            </math>
                    </eventAssignment>
          <eventAssignment metaid="_074063" variable="Ca_Nuc">
            <math xmlns="http://www.w3.org/1998/Math/MathML">            
              <cn> 0.1 </cn>
            </math>
                    </eventAssignment>
        </listOfEventAssignments>
      </event>
      <event id="event_0000003" metaid="metaid_0000062">
        <annotation>
          <rdf:RDF xmlns:rdf="http://www.w3.org/1999/02/22-rdf-syntax-ns#" xmlns:bqmodel="http://biomodels.net/model-qualifiers/" xmlns:bqbiol="http://biomodels.net/biology-qualifiers/">
            <rdf:Description rdf:about="#metaid_0000062">
	<bqbiol:isVersionOf>
	<rdf:Bag>
	<rdf:li rdf:resource="http://identifiers.org/go/GO:0019722"/>
	</rdf:Bag>
	</bqbiol:isVersionOf>
	</rdf:Description>
	
          </rdf:RDF>
        </annotation>
              <trigger metaid="_074075">
          <math xmlns="http://www.w3.org/1998/Math/MathML">          
            <apply>
              <geq/>
              <csymbol encoding="text" definitionURL="http://www.sbml.org/sbml/symbols/time"> t </csymbol>
              <cn type="integer"> 1500 </cn>
            </apply>
          </math>
                </trigger>
        <listOfEventAssignments>
          <eventAssignment metaid="_074087" variable="Ca_Cyt">
            <math xmlns="http://www.w3.org/1998/Math/MathML">            
              <cn> 0.1 </cn>
            </math>
                    </eventAssignment>
          <eventAssignment metaid="_074099" variable="Ca_Nuc">
            <math xmlns="http://www.w3.org/1998/Math/MathML">            
              <cn> 0.1 </cn>
            </math>
                    </eventAssignment>
        </listOfEventAssignments>
      </event>
    </listOfEvents>
  </model>
</sbml>
