<?xml version="1.0" encoding="UTF-8" standalone="no"?>
<sbml xmlns="http://www.sbml.org/sbml/level2/version3" level="2" metaid="metaid_0000001" version="3">
  <model id="BIOMD0000000189" metaid="metaid_0000002" name="Proctor2008 - p53/Mdm2 circuit - p53 stablisation by p14ARF">
    <notes>
      <body xmlns="http://www.w3.org/1999/xhtml">
        <div class="dc:title">Proctor2008 - p53/Mdm2 circuit - p53 stabilisation by p14ARF</div>
<div class="dc:bibliographicCitation">
  <p>This model is described in the article:</p>
  <div class="bibo:title">
    <a href="http://identifiers.org/pubmed/18706112" title="Access to this publication">Explaining oscillations and
    variability in the p53-Mdm2 system.</a>
  </div>
  <div class="bibo:authorList">Proctor CJ, Gray DA.</div>
  <div class="bibo:Journal">BMC Syst Biol 2008; 2: 75</div>
  <p>Abstract:</p>
  <div class="bibo:abstract">
    <p>BACKGROUND: In individual living cells p53 has been found to
    be expressed in a series of discrete pulses after DNA damage.
    Its negative regulator Mdm2 also demonstrates oscillatory
    behaviour. Attempts have been made recently to explain this
    behaviour by mathematical models but these have not addressed
    explicit molecular mechanisms. We describe two stochastic
    mechanistic models of the p53/Mdm2 circuit and show that
    sustained oscillations result directly from the key biological
    features, without assuming complicated mathematical functions
    or requiring more than one feedback loop. Each model examines a
    different mechanism for providing a negative feedback loop
    which results in p53 activation after DNA damage. The first
    model (ARF model) looks at the mechanism of p14ARF which
    sequesters Mdm2 and leads to stabilisation of p53. The second
    model (ATM model) examines the mechanism of ATM activation
    which leads to phosphorylation of both p53 and Mdm2 and
    increased degradation of Mdm2, which again results in p53
    stabilisation. The models can readily be modified as further
    information becomes available, and linked to other models of
    cellular ageing. RESULTS: The ARF model is robust to changes in
    its parameters and predicts undamped oscillations after DNA
    damage so long as the signal persists. It also predicts that if
    there is a gradual accumulation of DNA damage, such as may
    occur in ageing, oscillations break out once a threshold level
    of damage is acquired. The ATM model requires an additional
    step for p53 synthesis for sustained oscillations to develop.
    The ATM model shows much more variability in the oscillatory
    behaviour and this variability is observed over a wide range of
    parameter values. This may account for the large variability
    seen in the experimental data which so far has examined ARF
    negative cells. CONCLUSION: The models predict more regular
    oscillations if ARF is present and suggest the need for further
    experiments in ARF positive cells to test these predictions.
    Our work illustrates the importance of systems biology
    approaches to understanding the complex role of p53 in both
    ageing and cancer.</p>
  </div>
</div>
<div class="dc:publisher">
  <p>This model is hosted on 
  <a href="http://www.ebi.ac.uk/biomodels/">BioModels Database</a>
  and identified by: 
  <a href="http://identifiers.org/biomodels.db/BIOMD0000000188">BIOMD0000000188</a>.</p>
  <p>To cite BioModels Database, please use: 
  <a href="http://identifiers.org/pubmed/20587024" title="Latest BioModels Database publication">BioModels Database:
  An enhanced, curated and annotated resource for published
  quantitative kinetic models</a>.</p>
</div>
<div class="dc:license">
  <p>To the extent possible under law, all copyright and related or
  neighbouring rights to this encoded model have been dedicated to
  the public domain worldwide. Please refer to 
  <a href="http://creativecommons.org/publicdomain/zero/1.0/" title="Access to: CC0 1.0 Universal (CC0 1.0), Public Domain Dedication">CC0
  Public Domain Dedication</a> for more information.</p>
</div>
</body>
    </notes>
    <annotation>
	<rdf:RDF xmlns:rdf="http://www.w3.org/1999/02/22-rdf-syntax-ns#" xmlns:dc="http://purl.org/dc/elements/1.1/" xmlns:vCard="http://www.w3.org/2001/vcard-rdf/3.0#" xmlns:dcterms="http://purl.org/dc/terms/" xmlns:bqmodel="http://biomodels.net/model-qualifiers/" xmlns:bqbiol="http://biomodels.net/biology-qualifiers/">
        <rdf:Description rdf:about="#metaid_0000002">
	<dc:creator>
	<rdf:Bag>
	<rdf:li rdf:parseType="Resource">
	<vCard:N rdf:parseType="Resource">
	<vCard:Family>Proctor</vCard:Family>
	<vCard:Given>Carole</vCard:Given>
	</vCard:N>
	<vCard:EMAIL>c.j.proctor@ncl.ac.uk</vCard:EMAIL>
	<vCard:ORG rdf:parseType="Resource">
	<vCard:Orgname>University of Newcastle</vCard:Orgname>
	</vCard:ORG>
	</rdf:li>
	
	<rdf:li rdf:parseType="Resource">
	<vCard:N rdf:parseType="Resource">
	<vCard:Family>Gray</vCard:Family>
	<vCard:Given>Douglas A</vCard:Given>
	</vCard:N>
	<vCard:EMAIL>dgray@ohri.ca</vCard:EMAIL>
	<vCard:ORG rdf:parseType="Resource">
	<vCard:Orgname>Ottawa Health Research Institute, Ottawa.</vCard:Orgname>
	</vCard:ORG>
	</rdf:li>
	<rdf:li rdf:parseType="Resource">
	<vCard:N rdf:parseType="Resource">
	<vCard:Family>Chelliah</vCard:Family>
	<vCard:Given>Vijayalakshmi</vCard:Given>
	</vCard:N>
	<vCard:EMAIL>viji@ebi.ac.uk</vCard:EMAIL>
	<vCard:ORG rdf:parseType="Resource">
	<vCard:Orgname>EMBL-EBI</vCard:Orgname>
	</vCard:ORG>
	</rdf:li>
	</rdf:Bag>
	</dc:creator>
	<dcterms:created rdf:parseType="Resource">
	<dcterms:W3CDTF>2008-09-05T13:47:15Z</dcterms:W3CDTF>
	</dcterms:created>
	<dcterms:modified rdf:parseType="Resource">
	<dcterms:W3CDTF>2016-04-11T16:06:48Z</dcterms:W3CDTF>
	</dcterms:modified>
	<bqmodel:is>
	<rdf:Bag>
	<rdf:li rdf:resource="http://identifiers.org/biomodels.db/MODEL8142536273"/>
	</rdf:Bag>
	</bqmodel:is>
	<bqmodel:is>
	<rdf:Bag>
	<rdf:li rdf:resource="http://identifiers.org/biomodels.db/BIOMD0000000189"/>
	</rdf:Bag>
	</bqmodel:is>
	<bqmodel:isDescribedBy>
	<rdf:Bag>
	<rdf:li rdf:resource="http://identifiers.org/pubmed/18706112"/>
	</rdf:Bag>
	</bqmodel:isDescribedBy>
	<bqbiol:isVersionOf>
	<rdf:Bag>
	<rdf:li rdf:resource="http://identifiers.org/go/GO:0030330"/>
	</rdf:Bag>
	</bqbiol:isVersionOf>
	<bqbiol:isPartOf>
	<rdf:Bag>
	<rdf:li rdf:resource="http://identifiers.org/kegg.pathway/hsa04115"/>
	<rdf:li rdf:resource="http://identifiers.org/reactome/REACT_85.1"/>
	</rdf:Bag>
	</bqbiol:isPartOf>
	<bqbiol:hasTaxon>
	<rdf:Bag>
	<rdf:li rdf:resource="http://identifiers.org/taxonomy/9606"/>
	</rdf:Bag>
	</bqbiol:hasTaxon>
	</rdf:Description>
	
	</rdf:RDF>
	</annotation>
      <listOfUnitDefinitions>
      <unitDefinition id="molepsecpdGy" metaid="metaid_0000058" name="molepsecpdGy">
        <listOfUnits>
          <unit kind="mole" metaid="da060f9b-d60a-4219-ba55-f594109f2326"/>
          <unit exponent="-1" kind="second" metaid="_27e7138d-6731-405a-a8b3-f89b04761fd4"/>
          <unit exponent="-1" kind="gray" metaid="_5f82ff9c-d96d-49f2-a59b-2681768085c0" multiplier="10"/>
        </listOfUnits>
      </unitDefinition>
      <unitDefinition id="decagray" metaid="metaid_0000059" name="dGy">
        <listOfUnits>
          <unit kind="gray" metaid="_7cb91e05-dc57-466e-8d45-b4d86a267810" multiplier="10"/>
        </listOfUnits>
      </unitDefinition>
      <unitDefinition id="molepsec" metaid="metaid_0000060" name="molepsec">
        <listOfUnits>
          <unit kind="mole" metaid="_02f1d425-c23e-44b8-b8ce-56959b6622fe"/>
          <unit exponent="-1" kind="second" metaid="_65560a5d-f943-4092-8bff-a1b594ab3e2a"/>
        </listOfUnits>
      </unitDefinition>
      <unitDefinition id="pmolepsec" metaid="metaid_0000061" name="pmolepsec">
        <listOfUnits>
          <unit exponent="-1" kind="mole" metaid="_6ff9dfda-ab53-4753-9dee-815ec16c4d89"/>
          <unit exponent="-1" kind="second" metaid="_8e1f6cc5-7be9-4864-9d87-87c33eb229b8"/>
        </listOfUnits>
      </unitDefinition>
      <unitDefinition id="psec" metaid="metaid_0000062" name="psec">
        <listOfUnits>
          <unit exponent="-1" kind="second" metaid="_4487ef66-24aa-43fd-b06e-471567e9eadf"/>
        </listOfUnits>
      </unitDefinition>
    </listOfUnitDefinitions>
    <listOfCompartments>
      <compartment id="cell" metaid="metaid_0000020" size="1">
        <annotation>
	<rdf:RDF xmlns:rdf="http://www.w3.org/1999/02/22-rdf-syntax-ns#" xmlns:bqbiol="http://biomodels.net/biology-qualifiers/">
            <rdf:Description rdf:about="#metaid_0000020">
	<bqbiol:is>
	<rdf:Bag>
	<rdf:li rdf:resource="http://identifiers.org/go/GO:0005623"/>
	</rdf:Bag>
	</bqbiol:is>
	</rdf:Description>
	
	</rdf:RDF>
	</annotation>
            </compartment>
    </listOfCompartments>
    <listOfSpecies>
      <species compartment="cell" hasOnlySubstanceUnits="true" id="Mdm2" initialAmount="5" metaid="metaid_0000021" sboTerm="SBO:0000245">
        <annotation>
	<rdf:RDF xmlns:rdf="http://www.w3.org/1999/02/22-rdf-syntax-ns#" xmlns:bqbiol="http://biomodels.net/biology-qualifiers/">
            <rdf:Description rdf:about="#metaid_0000021">
              <bqbiol:isEncodedBy>
	<rdf:Bag>
	<rdf:li rdf:resource="http://identifiers.org/ensembl/ENSG00000135679"/>
	</rdf:Bag>
	</bqbiol:isEncodedBy>
	
	<bqbiol:is>
	<rdf:Bag>
	<rdf:li rdf:resource="http://identifiers.org/uniprot/Q00987"/>
	</rdf:Bag>
	</bqbiol:is>
	</rdf:Description>
	
	</rdf:RDF>
	</annotation>
            </species>
      <species compartment="cell" hasOnlySubstanceUnits="true" id="p53" initialAmount="5" metaid="metaid_0000022" sboTerm="SBO:0000245">
        <annotation>
	<rdf:RDF xmlns:rdf="http://www.w3.org/1999/02/22-rdf-syntax-ns#" xmlns:bqbiol="http://biomodels.net/biology-qualifiers/">
            <rdf:Description rdf:about="#metaid_0000022">
              <bqbiol:isVersionOf>
	<rdf:Bag>
	<rdf:li rdf:resource="http://identifiers.org/uniprot/P04637"/>
	</rdf:Bag>
	</bqbiol:isVersionOf>
	
	<bqbiol:isEncodedBy>
	<rdf:Bag>
	<rdf:li rdf:resource="http://identifiers.org/ensembl/ENSG00000141510"/>
	</rdf:Bag>
	</bqbiol:isEncodedBy>
	</rdf:Description>
	
	</rdf:RDF>
	</annotation>
            </species>
      <species compartment="cell" hasOnlySubstanceUnits="true" id="Mdm2_p53" initialAmount="95" metaid="metaid_0000023">
        <annotation>
	<rdf:RDF xmlns:rdf="http://www.w3.org/1999/02/22-rdf-syntax-ns#" xmlns:bqbiol="http://biomodels.net/biology-qualifiers/">
            <rdf:Description rdf:about="#metaid_0000023">
	<bqbiol:hasPart>
	<rdf:Bag>
	<rdf:li rdf:resource="http://identifiers.org/uniprot/Q00987"/>
	<rdf:li rdf:resource="http://identifiers.org/uniprot/P04637"/>
	</rdf:Bag>
	</bqbiol:hasPart>
	</rdf:Description>
	
	</rdf:RDF>
	</annotation>
            </species>
      <species compartment="cell" hasOnlySubstanceUnits="true" id="Mdm2_mRNA" initialAmount="0" metaid="metaid_0000024">
        <annotation>
	<rdf:RDF xmlns:rdf="http://www.w3.org/1999/02/22-rdf-syntax-ns#" xmlns:bqbiol="http://biomodels.net/biology-qualifiers/">
            <rdf:Description rdf:about="#metaid_0000024">
	<bqbiol:isVersionOf>
	<rdf:Bag>
	<rdf:li rdf:resource="http://identifiers.org/chebi/CHEBI:33699"/>
	<rdf:li rdf:resource="http://identifiers.org/kegg.compound/C00046"/>
	</rdf:Bag>
	</bqbiol:isVersionOf>
	</rdf:Description>
	
	</rdf:RDF>
	</annotation>
            </species>
      <species compartment="cell" hasOnlySubstanceUnits="true" id="ARF" initialAmount="0" metaid="metaid_0000025">
        <annotation>
	<rdf:RDF xmlns:rdf="http://www.w3.org/1999/02/22-rdf-syntax-ns#" xmlns:bqbiol="http://biomodels.net/biology-qualifiers/">
            <rdf:Description rdf:about="#metaid_0000025">
              <bqbiol:isEncodedBy>
	<rdf:Bag>
	<rdf:li rdf:resource="http://identifiers.org/ensembl/ENSG00000147889"/>
	</rdf:Bag>
	</bqbiol:isEncodedBy>
	
	<bqbiol:is>
	<rdf:Bag>
	<rdf:li rdf:resource="http://identifiers.org/uniprot/Q8N726"/>
	</rdf:Bag>
	</bqbiol:is>
	</rdf:Description>
	
	</rdf:RDF>
	</annotation>
            </species>
      <species compartment="cell" hasOnlySubstanceUnits="true" id="ARF_Mdm2" initialAmount="0" metaid="metaid_0000026">
        <annotation>
	<rdf:RDF xmlns:rdf="http://www.w3.org/1999/02/22-rdf-syntax-ns#" xmlns:bqbiol="http://biomodels.net/biology-qualifiers/">
            <rdf:Description rdf:about="#metaid_0000026">
	<bqbiol:hasPart>
	<rdf:Bag>
	<rdf:li rdf:resource="http://identifiers.org/uniprot/Q00987"/>
	<rdf:li rdf:resource="http://identifiers.org/uniprot/Q8N726"/>
	</rdf:Bag>
	</bqbiol:hasPart>
	</rdf:Description>
	
	</rdf:RDF>
	</annotation>
            </species>
      <species compartment="cell" hasOnlySubstanceUnits="true" id="damDNA" initialAmount="0" metaid="metaid_0000027">
        <annotation>
	<rdf:RDF xmlns:rdf="http://www.w3.org/1999/02/22-rdf-syntax-ns#" xmlns:bqbiol="http://biomodels.net/biology-qualifiers/">
            <rdf:Description rdf:about="#metaid_0000027">
	<bqbiol:isVersionOf>
	<rdf:Bag>
	<rdf:li rdf:resource="http://identifiers.org/chebi/CHEBI:16991"/>
	<rdf:li rdf:resource="http://identifiers.org/go/GO:0006974"/>
	</rdf:Bag>
	</bqbiol:isVersionOf>
	</rdf:Description>
	
	</rdf:RDF>
	</annotation>
            </species>
      <species boundaryCondition="true" compartment="cell" constant="true" hasOnlySubstanceUnits="true" id="Sink" initialAmount="1" metaid="metaid_0000028"/>
      <species boundaryCondition="true" compartment="cell" constant="true" hasOnlySubstanceUnits="true" id="Source" initialAmount="1" metaid="metaid_0000029"/>
      <species compartment="cell" hasOnlySubstanceUnits="true" id="p53deg" initialAmount="0" metaid="metaid_0000030">
        <annotation>
	<rdf:RDF xmlns:rdf="http://www.w3.org/1999/02/22-rdf-syntax-ns#" xmlns:bqbiol="http://biomodels.net/biology-qualifiers/">
            <rdf:Description rdf:about="#metaid_0000030">
	<bqbiol:isVersionOf>
	<rdf:Bag>
	<rdf:li rdf:resource="http://identifiers.org/go/GO:0043161"/>
	</rdf:Bag>
	</bqbiol:isVersionOf>
	</rdf:Description>
	
	</rdf:RDF>
	</annotation>
            </species>
      <species compartment="cell" hasOnlySubstanceUnits="true" id="p53syn" initialAmount="0" metaid="metaid_0000031">
        <annotation>
	<rdf:RDF xmlns:rdf="http://www.w3.org/1999/02/22-rdf-syntax-ns#" xmlns:bqbiol="http://biomodels.net/biology-qualifiers/">
            <rdf:Description rdf:about="#metaid_0000031">
	<bqbiol:isVersionOf>
	<rdf:Bag>
	<rdf:li rdf:resource="http://identifiers.org/go/GO:0006412"/>
	</rdf:Bag>
	</bqbiol:isVersionOf>
	</rdf:Description>
	
	</rdf:RDF>
	</annotation>
            </species>
      <species compartment="cell" hasOnlySubstanceUnits="true" id="mdm2deg" initialAmount="0" metaid="metaid_0000032">
        <annotation>
	<rdf:RDF xmlns:rdf="http://www.w3.org/1999/02/22-rdf-syntax-ns#" xmlns:bqbiol="http://biomodels.net/biology-qualifiers/">
            <rdf:Description rdf:about="#metaid_0000032">
	<bqbiol:isVersionOf>
	<rdf:Bag>
	<rdf:li rdf:resource="http://identifiers.org/go/GO:0043161"/>
	</rdf:Bag>
	</bqbiol:isVersionOf>
	</rdf:Description>
	
	</rdf:RDF>
	</annotation>
            </species>
      <species compartment="cell" hasOnlySubstanceUnits="true" id="mdm2syn" initialAmount="0" metaid="metaid_0000033">
        <annotation>
	<rdf:RDF xmlns:rdf="http://www.w3.org/1999/02/22-rdf-syntax-ns#" xmlns:bqbiol="http://biomodels.net/biology-qualifiers/">
            <rdf:Description rdf:about="#metaid_0000033">
	<bqbiol:isVersionOf>
	<rdf:Bag>
	<rdf:li rdf:resource="http://identifiers.org/go/GO:0006412"/>
	</rdf:Bag>
	</bqbiol:isVersionOf>
	</rdf:Description>
	
	</rdf:RDF>
	</annotation>
            </species>
      <species compartment="cell" hasOnlySubstanceUnits="true" id="Mdm2mRNAdeg" initialAmount="0" metaid="metaid_0000034">
        <annotation>
	<rdf:RDF xmlns:rdf="http://www.w3.org/1999/02/22-rdf-syntax-ns#" xmlns:bqbiol="http://biomodels.net/biology-qualifiers/">
            <rdf:Description rdf:about="#metaid_0000034">
	<bqbiol:isVersionOf>
	<rdf:Bag>
	<rdf:li rdf:resource="http://identifiers.org/go/GO:0006402"/>
	</rdf:Bag>
	</bqbiol:isVersionOf>
	</rdf:Description>
	
	</rdf:RDF>
	</annotation>
            </species>
      <species compartment="cell" hasOnlySubstanceUnits="true" id="Mdm2mRNAsyn" initialAmount="0" metaid="metaid_0000035">
        <annotation>
	<rdf:RDF xmlns:rdf="http://www.w3.org/1999/02/22-rdf-syntax-ns#" xmlns:bqbiol="http://biomodels.net/biology-qualifiers/">
            <rdf:Description rdf:about="#metaid_0000035">
	<bqbiol:isVersionOf>
	<rdf:Bag>
	<rdf:li rdf:resource="http://identifiers.org/go/GO:0003700"/>
	</rdf:Bag>
	</bqbiol:isVersionOf>
	</rdf:Description>
	
	</rdf:RDF>
	</annotation>
            </species>
      <species compartment="cell" hasOnlySubstanceUnits="true" id="totdamDNA" initialAmount="0" metaid="metaid_0000036"/>
      <species compartment="cell" hasOnlySubstanceUnits="true" id="totp53" initialAmount="0" metaid="metaid_0000037"/>
      <species compartment="cell" hasOnlySubstanceUnits="true" id="totMdm2" initialAmount="0" metaid="metaid_0000038"/>
    </listOfSpecies>
    <listOfParameters>
      <parameter constant="false" id="IR" metaid="metaid_0000004" units="decagray" value="0"/>
      <parameter id="ksynMdm2" metaid="metaid_0000005" units="psec" value="0.000495"/>
      <parameter id="kdegMdm2" metaid="metaid_0000006" units="psec" value="0.000433"/>
      <parameter id="ksynp53" metaid="metaid_0000007" units="psec" value="0.078"/>
      <parameter id="kdegp53" metaid="metaid_0000008" units="psec" value="0.000825"/>
      <parameter id="kbinMdm2p53" metaid="metaid_0000009" units="pmolepsec" value="0.001155"/>
      <parameter id="krelMdm2p53" metaid="metaid_0000010" units="psec" value="1.155E-5"/>
      <parameter id="ksynMdm2mRNA" metaid="metaid_0000011" units="psec" value="0.0001"/>
      <parameter id="kdegMdm2mRNA" metaid="metaid_0000012" units="psec" value="0.0001"/>
      <parameter id="kbinARFMdm2" metaid="metaid_0000013" units="pmolepsec" value="0.01"/>
      <parameter id="kdegARFMdm2" metaid="metaid_0000014" units="psec" value="0.001"/>
      <parameter id="kdegARF" metaid="metaid_0000015" units="psec" value="0.0001"/>
      <parameter id="kactARF" metaid="metaid_0000016" units="psec" value="3.3E-5"/>
      <parameter id="kdam" metaid="metaid_0000017" units="molepsecpdGy" value="0.08"/>
      <parameter id="krepair" metaid="metaid_0000018" units="psec" value="2E-5"/>
      <parameter id="kproteff" metaid="metaid_0000019" units="dimensionless" value="1"/>
    </listOfParameters>
    <listOfRules>
      <assignmentRule metaid="metaid_0000039" variable="totp53">
        <math xmlns="http://www.w3.org/1998/Math/MathML">        
          <apply>
            <plus/>
            <ci> p53 </ci>
            <ci> Mdm2_p53 </ci>
          </apply>
        </math>
            </assignmentRule>
      <assignmentRule metaid="metaid_0000040" variable="totMdm2">
        <math xmlns="http://www.w3.org/1998/Math/MathML">        
          <apply>
            <plus/>
            <ci> Mdm2 </ci>
            <ci> Mdm2_p53 </ci>
            <ci> ARF_Mdm2 </ci>
          </apply>
        </math>
            </assignmentRule>
    </listOfRules>
    <listOfReactions>
      <reaction id="Mdm2Synthesis" metaid="metaid_0000041" reversible="false">
        <annotation>
	<rdf:RDF xmlns:rdf="http://www.w3.org/1999/02/22-rdf-syntax-ns#" xmlns:bqbiol="http://biomodels.net/biology-qualifiers/">
            <rdf:Description rdf:about="#metaid_0000041">
	<bqbiol:is>
	<rdf:Bag>
	<rdf:li rdf:resource="http://identifiers.org/go/GO:0006412"/>
	</rdf:Bag>
	</bqbiol:is>
	</rdf:Description>
	
	</rdf:RDF>
	</annotation>
              <listOfReactants>
          <speciesReference metaid="_28527564-86f5-48b9-bfc2-04f6ea391b07" species="Mdm2_mRNA"/>
        </listOfReactants>
        <listOfProducts>
          <speciesReference metaid="c1c625e4-a66d-4b21-976a-15b441f2aa60" species="Mdm2_mRNA"/>
          <speciesReference metaid="efc27978-8d7b-4991-b088-32e608ef8b7f" species="Mdm2"/>
          <speciesReference metaid="_1a07d002-094f-4ed2-861d-552a27848eac" species="mdm2syn"/>
        </listOfProducts>
        <kineticLaw metaid="_3d86243f-77cb-4ca1-bcc2-35bb2af46612">
          <math xmlns="http://www.w3.org/1998/Math/MathML">          
            <apply>
              <times/>
              <ci> ksynMdm2 </ci>
              <ci> Mdm2_mRNA </ci>
            </apply>
          </math>
                </kineticLaw>
      </reaction>
      <reaction id="Mdm2mRNASynthesis" metaid="metaid_0000042" reversible="false">
        <annotation>
	<rdf:RDF xmlns:rdf="http://www.w3.org/1999/02/22-rdf-syntax-ns#" xmlns:bqbiol="http://biomodels.net/biology-qualifiers/">
            <rdf:Description rdf:about="#metaid_0000042">
	<bqbiol:isVersionOf>
	<rdf:Bag>
	<rdf:li rdf:resource="http://identifiers.org/go/GO:0003700"/>
	</rdf:Bag>
	</bqbiol:isVersionOf>
	</rdf:Description>
	
	</rdf:RDF>
	</annotation>
              <listOfReactants>
          <speciesReference metaid="_5806dd61-19da-43b6-8e8a-3862080ca0c1" species="p53"/>
        </listOfReactants>
        <listOfProducts>
          <speciesReference metaid="df2a1540-004f-4b8c-8c6a-7e47edba548b" species="p53"/>
          <speciesReference metaid="a86775dc-4661-4254-92f5-e0f4a24f0eb9" species="Mdm2_mRNA"/>
          <speciesReference metaid="efcd2c09-fa27-411a-8b9f-d5bb243fb1c6" species="Mdm2mRNAsyn"/>
        </listOfProducts>
        <kineticLaw metaid="d0c9e22e-34ae-429b-8109-12351f8b6bcc">
          <math xmlns="http://www.w3.org/1998/Math/MathML">          
            <apply>
              <times/>
              <ci> ksynMdm2mRNA </ci>
              <ci> p53 </ci>
            </apply>
          </math>
                </kineticLaw>
      </reaction>
      <reaction id="Mdm2mRNADegradation" metaid="metaid_0000043" reversible="false">
        <annotation>
	<rdf:RDF xmlns:rdf="http://www.w3.org/1999/02/22-rdf-syntax-ns#" xmlns:bqbiol="http://biomodels.net/biology-qualifiers/">
            <rdf:Description rdf:about="#metaid_0000043">
	<bqbiol:isVersionOf>
	<rdf:Bag>
	<rdf:li rdf:resource="http://identifiers.org/go/GO:0006402"/>
	</rdf:Bag>
	</bqbiol:isVersionOf>
	</rdf:Description>
	
	</rdf:RDF>
	</annotation>
              <listOfReactants>
          <speciesReference metaid="d8c1d353-7ba2-469c-a45c-96faade0b080" species="Mdm2_mRNA"/>
        </listOfReactants>
        <listOfProducts>
          <speciesReference metaid="_000b621a-6f01-4b4d-8b36-0a58ee9465e6" species="Sink"/>
          <speciesReference metaid="_0ec9a4b5-109f-492f-acec-f4a7bb0db3e8" species="Mdm2mRNAdeg"/>
        </listOfProducts>
        <kineticLaw metaid="_85c8f2d3-e2ce-4f79-b3e9-b7ee0b325817">
          <math xmlns="http://www.w3.org/1998/Math/MathML">          
            <apply>
              <times/>
              <ci> kdegMdm2mRNA </ci>
              <ci> Mdm2_mRNA </ci>
            </apply>
          </math>
                </kineticLaw>
      </reaction>
      <reaction id="Mdm2Degradation" metaid="metaid_0000044" reversible="false">
        <annotation>
	<rdf:RDF xmlns:rdf="http://www.w3.org/1999/02/22-rdf-syntax-ns#" xmlns:bqbiol="http://biomodels.net/biology-qualifiers/">
            <rdf:Description rdf:about="#metaid_0000044">
	<bqbiol:isVersionOf>
	<rdf:Bag>
	<rdf:li rdf:resource="http://identifiers.org/go/GO:0043161"/>
	</rdf:Bag>
	</bqbiol:isVersionOf>
	</rdf:Description>
	
	</rdf:RDF>
	</annotation>
              <listOfReactants>
          <speciesReference metaid="df5a8046-a197-4946-95f6-cf20c7c6b46a" species="Mdm2"/>
        </listOfReactants>
        <listOfProducts>
          <speciesReference metaid="d3d37884-55bb-4f10-9170-b0097794f763" species="Sink"/>
          <speciesReference metaid="ac7a5739-c42c-4786-aab7-f38bf79e639a" species="mdm2deg"/>
        </listOfProducts>
        <kineticLaw metaid="_42dc2975-5bcb-4d8f-8f4c-9f34547b7d35">
          <math xmlns="http://www.w3.org/1998/Math/MathML">          
            <apply>
              <times/>
              <ci> kdegMdm2 </ci>
              <ci> Mdm2 </ci>
              <ci> kproteff </ci>
            </apply>
          </math>
                </kineticLaw>
      </reaction>
      <reaction id="p53Synthesis" metaid="metaid_0000045" reversible="false">
        <annotation>
	<rdf:RDF xmlns:rdf="http://www.w3.org/1999/02/22-rdf-syntax-ns#" xmlns:bqbiol="http://biomodels.net/biology-qualifiers/">
            <rdf:Description rdf:about="#metaid_0000045">
	<bqbiol:is>
	<rdf:Bag>
	<rdf:li rdf:resource="http://identifiers.org/go/GO:0006412"/>
	</rdf:Bag>
	</bqbiol:is>
	</rdf:Description>
	
	</rdf:RDF>
	</annotation>
              <listOfReactants>
          <speciesReference metaid="dda3372d-d80c-4f9f-b8b4-a0872977d9e4" species="Source"/>
        </listOfReactants>
        <listOfProducts>
          <speciesReference metaid="_6efa5e60-98a5-446a-8afb-d64ac3e18b9b" species="p53"/>
          <speciesReference metaid="ecd354f0-1334-498d-b352-cfcdea5cedb2" species="p53syn"/>
        </listOfProducts>
        <kineticLaw metaid="f1f39af7-edae-4659-ad8e-e37f6df4dba5">
          <math xmlns="http://www.w3.org/1998/Math/MathML">          
            <apply>
              <times/>
              <ci> ksynp53 </ci>
              <ci> Source </ci>
            </apply>
          </math>
                </kineticLaw>
      </reaction>
      <reaction id="p53Degradation" metaid="metaid_0000046" reversible="false">
        <annotation>
	<rdf:RDF xmlns:rdf="http://www.w3.org/1999/02/22-rdf-syntax-ns#" xmlns:bqbiol="http://biomodels.net/biology-qualifiers/">
            <rdf:Description rdf:about="#metaid_0000046">
	<bqbiol:isVersionOf>
	<rdf:Bag>
	<rdf:li rdf:resource="http://identifiers.org/go/GO:0043161"/>
	</rdf:Bag>
	</bqbiol:isVersionOf>
	</rdf:Description>
	
	</rdf:RDF>
	</annotation>
              <listOfReactants>
          <speciesReference metaid="_85de094f-92b6-4d04-bd63-1332559c0965" species="Mdm2_p53"/>
        </listOfReactants>
        <listOfProducts>
          <speciesReference metaid="_69b5e902-b6c1-4bdb-b586-ad75b874cc38" species="Mdm2"/>
          <speciesReference metaid="f25afd19-ab6c-47b9-b872-52627c25f988" species="p53deg"/>
        </listOfProducts>
        <kineticLaw metaid="bf630294-704a-4439-bbd6-bbe528df9950">
          <math xmlns="http://www.w3.org/1998/Math/MathML">          
            <apply>
              <times/>
              <ci> kdegp53 </ci>
              <ci> Mdm2_p53 </ci>
              <ci> kproteff </ci>
            </apply>
          </math>
                </kineticLaw>
      </reaction>
      <reaction id="P53_Mdm2Binding" metaid="metaid_0000047" reversible="false">
        <annotation>
	<rdf:RDF xmlns:rdf="http://www.w3.org/1999/02/22-rdf-syntax-ns#" xmlns:bqbiol="http://biomodels.net/biology-qualifiers/">
            <rdf:Description rdf:about="#metaid_0000047">
	<bqbiol:isVersionOf>
	<rdf:Bag>
	<rdf:li rdf:resource="http://identifiers.org/go/GO:0002039"/>
	</rdf:Bag>
	</bqbiol:isVersionOf>
	</rdf:Description>
	
	</rdf:RDF>
	</annotation>
              <listOfReactants>
          <speciesReference metaid="_1f5e73e0-4100-4f83-bcab-e8587635b7ab" species="p53"/>
          <speciesReference metaid="_4c3829dd-c2a1-427c-b653-5f4572b8fa34" species="Mdm2"/>
        </listOfReactants>
        <listOfProducts>
          <speciesReference metaid="_16074db3-d064-4ebd-9c0a-81b4d345898e" species="Mdm2_p53"/>
        </listOfProducts>
        <kineticLaw metaid="dbd28eb9-1122-45ff-87ad-596b575eccce">
          <math xmlns="http://www.w3.org/1998/Math/MathML">          
            <apply>
              <times/>
              <ci> kbinMdm2p53 </ci>
              <ci> p53 </ci>
              <ci> Mdm2 </ci>
            </apply>
          </math>
                </kineticLaw>
      </reaction>
      <reaction id="P53_Mdm2Release" metaid="metaid_0000048" reversible="false">
        <annotation>
	<rdf:RDF xmlns:rdf="http://www.w3.org/1999/02/22-rdf-syntax-ns#" xmlns:bqbiol="http://biomodels.net/biology-qualifiers/">
            <rdf:Description rdf:about="#metaid_0000048">
	<bqbiol:isVersionOf>
	<rdf:Bag>
	<rdf:li rdf:resource="http://identifiers.org/go/GO:0043624"/>
	</rdf:Bag>
	</bqbiol:isVersionOf>
	</rdf:Description>
	
	</rdf:RDF>
	</annotation>
              <listOfReactants>
          <speciesReference metaid="fda857ae-2177-437f-be3a-a11023fe94aa" species="Mdm2_p53"/>
        </listOfReactants>
        <listOfProducts>
          <speciesReference metaid="aff2b74a-16c8-4782-beac-052233ec77f1" species="p53"/>
          <speciesReference metaid="_34db20c9-853e-46a4-b0b1-a0d3ae67ca3c" species="Mdm2"/>
        </listOfProducts>
        <kineticLaw metaid="_9c6fa03f-f8bc-40aa-8910-68a887a8e8d0">
          <math xmlns="http://www.w3.org/1998/Math/MathML">          
            <apply>
              <times/>
              <ci> krelMdm2p53 </ci>
              <ci> Mdm2_p53 </ci>
            </apply>
          </math>
                </kineticLaw>
      </reaction>
      <reaction id="DNAdamage" metaid="metaid_0000049" reversible="false">
        <annotation>
	<rdf:RDF xmlns:rdf="http://www.w3.org/1999/02/22-rdf-syntax-ns#" xmlns:bqbiol="http://biomodels.net/biology-qualifiers/">
            <rdf:Description rdf:about="#metaid_0000049">
	<bqbiol:isVersionOf>
	<rdf:Bag>
	<rdf:li rdf:resource="http://identifiers.org/go/GO:0006974"/>
	</rdf:Bag>
	</bqbiol:isVersionOf>
	</rdf:Description>
	
	</rdf:RDF>
	</annotation>
              <listOfProducts>
          <speciesReference metaid="c15c0ba5-b61e-43d3-be70-b91a2285f098" species="damDNA"/>
          <speciesReference metaid="_961c1c0f-73dd-4136-aecd-68b8609ded35" species="totdamDNA"/>
        </listOfProducts>
        <kineticLaw metaid="_962a7e27-c617-451e-b300-e71dd88b9bd9">
          <math xmlns="http://www.w3.org/1998/Math/MathML">          
            <apply>
              <times/>
              <ci> kdam </ci>
              <ci> IR </ci>
            </apply>
          </math>
                </kineticLaw>
      </reaction>
      <reaction id="DNArepair" metaid="metaid_0000050" reversible="false">
        <annotation>
	<rdf:RDF xmlns:rdf="http://www.w3.org/1999/02/22-rdf-syntax-ns#" xmlns:bqbiol="http://biomodels.net/biology-qualifiers/">
            <rdf:Description rdf:about="#metaid_0000050">
	<bqbiol:isVersionOf>
	<rdf:Bag>
	<rdf:li rdf:resource="http://identifiers.org/go/GO:0006281"/>
	</rdf:Bag>
	</bqbiol:isVersionOf>
	</rdf:Description>
	
	</rdf:RDF>
	</annotation>
              <listOfReactants>
          <speciesReference metaid="_6b09574b-8945-4c06-a23b-86baede69022" species="damDNA"/>
        </listOfReactants>
        <listOfProducts>
          <speciesReference metaid="_080c7318-01b4-48d4-aeba-5b029956cb32" species="Sink"/>
        </listOfProducts>
        <kineticLaw metaid="_428ed43f-3a39-443f-972d-40412ff17531">
          <math xmlns="http://www.w3.org/1998/Math/MathML">          
            <apply>
              <times/>
              <ci> krepair </ci>
              <ci> damDNA </ci>
            </apply>
          </math>
                </kineticLaw>
      </reaction>
      <reaction id="ARFactivation" metaid="metaid_0000051" reversible="false">
        <annotation>
	<rdf:RDF xmlns:rdf="http://www.w3.org/1999/02/22-rdf-syntax-ns#" xmlns:bqbiol="http://biomodels.net/biology-qualifiers/">
            <rdf:Description rdf:about="#metaid_0000051">
	<bqbiol:isVersionOf>
	<rdf:Bag>
	<rdf:li rdf:resource="http://identifiers.org/go/GO:0030330"/>
	</rdf:Bag>
	</bqbiol:isVersionOf>
	</rdf:Description>
	
	</rdf:RDF>
	</annotation>
              <listOfReactants>
          <speciesReference metaid="_6b89a319-f6db-4910-a1c1-0fde0af21377" species="damDNA"/>
        </listOfReactants>
        <listOfProducts>
          <speciesReference metaid="_8750951d-19b4-4e7f-946e-1b1a3ab75eac" species="damDNA"/>
          <speciesReference metaid="_13871e83-3c00-4f95-82be-b83b9fa5bad5" species="ARF"/>
        </listOfProducts>
        <kineticLaw metaid="_5b2d8c3c-9806-452d-a26e-0d7f29d43e92">
          <math xmlns="http://www.w3.org/1998/Math/MathML">          
            <apply>
              <times/>
              <ci> kactARF </ci>
              <ci> damDNA </ci>
            </apply>
          </math>
                </kineticLaw>
      </reaction>
      <reaction id="ARF_Mdm2Binding" metaid="metaid_0000052" reversible="false">
        <annotation>
	<rdf:RDF xmlns:rdf="http://www.w3.org/1999/02/22-rdf-syntax-ns#" xmlns:bqbiol="http://biomodels.net/biology-qualifiers/">
            <rdf:Description rdf:about="#metaid_0000052">
	<bqbiol:isVersionOf>
	<rdf:Bag>
	<rdf:li rdf:resource="http://identifiers.org/go/GO:0005515"/>
	</rdf:Bag>
	</bqbiol:isVersionOf>
	</rdf:Description>
	
	</rdf:RDF>
	</annotation>
              <listOfReactants>
          <speciesReference metaid="b2192ca0-b3cd-43bf-801e-6efbd45f64f4" species="ARF"/>
          <speciesReference metaid="_77e24aa9-c7bf-4b47-b59f-7bf811f859a6" species="Mdm2"/>
        </listOfReactants>
        <listOfProducts>
          <speciesReference metaid="e4f7d6f5-9c39-45fa-aad2-a46bee495b8c" species="ARF_Mdm2"/>
        </listOfProducts>
        <kineticLaw metaid="_3f44cbd5-c99c-4b7f-b778-90e3ec5b2335">
          <math xmlns="http://www.w3.org/1998/Math/MathML">          
            <apply>
              <times/>
              <ci> kbinARFMdm2 </ci>
              <ci> ARF </ci>
              <ci> Mdm2 </ci>
            </apply>
          </math>
                </kineticLaw>
      </reaction>
      <reaction id="ARF_Mdm2Degradation" metaid="metaid_0000053" reversible="false">
        <annotation>
	<rdf:RDF xmlns:rdf="http://www.w3.org/1999/02/22-rdf-syntax-ns#" xmlns:bqbiol="http://biomodels.net/biology-qualifiers/">
            <rdf:Description rdf:about="#metaid_0000053">
	<bqbiol:isVersionOf>
	<rdf:Bag>
	<rdf:li rdf:resource="http://identifiers.org/go/GO:0043161"/>
	</rdf:Bag>
	</bqbiol:isVersionOf>
	</rdf:Description>
	
	</rdf:RDF>
	</annotation>
              <listOfReactants>
          <speciesReference metaid="_066a732b-ee51-425d-b1af-c060d5045817" species="ARF_Mdm2"/>
        </listOfReactants>
        <listOfProducts>
          <speciesReference metaid="ec8c3bcd-8a2b-4937-adda-8381f82d2546" species="ARF"/>
          <speciesReference metaid="c8ac428e-aa8e-4a8a-baee-66c3d4d93046" species="mdm2deg"/>
        </listOfProducts>
        <kineticLaw metaid="_71af578f-5edf-40f5-909e-59901bac554d">
          <math xmlns="http://www.w3.org/1998/Math/MathML">          
            <apply>
              <times/>
              <ci> kdegARFMdm2 </ci>
              <ci> ARF_Mdm2 </ci>
              <ci> kproteff </ci>
            </apply>
          </math>
                </kineticLaw>
      </reaction>
      <reaction id="ARFDegradation" metaid="metaid_0000054" reversible="false">
        <annotation>
	<rdf:RDF xmlns:rdf="http://www.w3.org/1999/02/22-rdf-syntax-ns#" xmlns:bqbiol="http://biomodels.net/biology-qualifiers/">
            <rdf:Description rdf:about="#metaid_0000054">
	<bqbiol:isVersionOf>
	<rdf:Bag>
	<rdf:li rdf:resource="http://identifiers.org/go/GO:0043161"/>
	</rdf:Bag>
	</bqbiol:isVersionOf>
	</rdf:Description>
	
	</rdf:RDF>
	</annotation>
              <listOfReactants>
          <speciesReference metaid="_9d942888-a5ed-4041-bd6d-3df2612f7041" species="ARF"/>
        </listOfReactants>
        <listOfProducts>
          <speciesReference metaid="ed2622fb-be2f-4f15-8aee-33e61e7f5b82" species="Sink"/>
        </listOfProducts>
        <kineticLaw metaid="c9503393-9311-41b8-b56d-e0e0772f7eb9">
          <math xmlns="http://www.w3.org/1998/Math/MathML">          
            <apply>
              <times/>
              <ci> kdegARF </ci>
              <ci> ARF </ci>
              <ci> kproteff </ci>
            </apply>
          </math>
                </kineticLaw>
      </reaction>
    </listOfReactions>
    <listOfEvents>
      <event id="stressCell" metaid="metaid_0000055">
        <annotation>
	<rdf:RDF xmlns:rdf="http://www.w3.org/1999/02/22-rdf-syntax-ns#" xmlns:bqbiol="http://biomodels.net/biology-qualifiers/">
            <rdf:Description rdf:about="#metaid_0000055">
	<bqbiol:is>
	<rdf:Bag>
	<rdf:li rdf:resource="http://identifiers.org/go/GO:0006950"/>
	</rdf:Bag>
	</bqbiol:is>
	</rdf:Description>
	
	</rdf:RDF>
	</annotation>
              <trigger metaid="_50c1c6d4-da88-49f0-a8f4-e299c1c1bd7c">
          <math xmlns="http://www.w3.org/1998/Math/MathML">          
            <apply>
              <geq/>
              <csymbol encoding="text" definitionURL="http://www.sbml.org/sbml/symbols/time"> t </csymbol>
              <cn> 3600 </cn>
            </apply>
          </math>
                </trigger>
        <listOfEventAssignments>
          <eventAssignment metaid="_704cd56a-4433-435f-8492-bd0540f4cdf6" variable="IR">
            <math xmlns="http://www.w3.org/1998/Math/MathML">            
              <cn> 25 </cn>
            </math>
                    </eventAssignment>
        </listOfEventAssignments>
      </event>
      <event id="stopStress" metaid="metaid_0000056">
        <trigger metaid="_8bc258e4-b3b2-4182-b434-0e9c4f55c050">
          <math xmlns="http://www.w3.org/1998/Math/MathML">          
            <apply>
              <geq/>
              <csymbol encoding="text" definitionURL="http://www.sbml.org/sbml/symbols/time"> t </csymbol>
              <cn> 3660 </cn>
            </apply>
          </math>
                </trigger>
        <listOfEventAssignments>
          <eventAssignment metaid="_8c49897d-e90f-453d-afba-a34a470f7a10" variable="IR">
            <math xmlns="http://www.w3.org/1998/Math/MathML">            
              <cn> 0 </cn>
            </math>
                    </eventAssignment>
        </listOfEventAssignments>
      </event>
    </listOfEvents>
  </model>
</sbml>
