<?xml version="1.0" encoding="UTF-8" standalone="no"?>
<sbml xmlns="http://www.sbml.org/sbml/level2/version4" level="2" metaid="metaid_0000001" version="4">
  <model id="Ihekwaba2004_NFkB_Sensitivity" metaid="metaid_0000002" name="Ihekwaba2004_NFkB_Sensitivity">
    <notes>
      <body xmlns="http://www.w3.org/1999/xhtml">
        <p>This a model from the article:      <br/>
                <strong>Sensitivity analysis of parameters controlling oscillatory signalling in the NF-kappaB pathway: the roles of IKK and IkappaBalpha.</strong>
                <br/>
          Ihekwaba AE, Broomhead DS, Grimley RL, Benson N, Kell DB      <em>Syst Biol (Stevenage)</em>
          [2004 Jun;1(1):93-103      <a href="http://www.ncbi.nlm.nih.gov/pubmed/17052119">17052119</a>
          ,      <br/>
                <strong>Abstract:</strong>
                <br/>
          Analysis of cellular signalling interactions is expected to create an enormous informatics challenge, perhaps even greater than that of analysing the genome. A key step in the evolution towards a more quantitative understanding of signalling is to specify explicitly the kinetics of all chemical reaction steps in a pathway. We have reconstructed a model of the nuclear factor, kappaB (NF-kappaB) signalling pathway, containing 64 parameters and 26 variables, including steps in which the activation of the NF-kappaB transcription factor is intimately associated with the phosphorylation and ubiquitination of its inhibitor kappaB by a membrane-associated kinase, and its translocation from the cytoplasm to the nucleus. We apply sensitivity analysis to the model. This identifies those parameters in this (IkappaB)/NF-kappaB signalling system (containing only induced IkappaBalpha isoform) that most affect the oscillatory concentration of nuclear NF-kappaB (in terms of both period and amplitude). The intention is to provide guidance on which proteins are likely to be most significant as drug targets or should be exploited for further, more detailed experiments. The sensitivity coefficients were found to be strongly dependent upon the magnitude of the parameter change studied, indicating the highly non-linear nature of the system. Of the 64 parameters in the model, only eight to nine exerted a major control on nuclear NF-kappaB oscillations, and each of these involved as reaction participants either the IkappaB kinase (IKK) or IkappaBalpha, directly. This means that the dominant dynamics of the pathway can be reflected, in addition to that of nuclear NF-kappaB itself, by just two of the other pathway variables. This is conveniently observed in a phase-plane plot.      </p>
            <p>To the extent possible under law, all copyright and related or neighbouring rights to this encoded model have been dedicated to the public domain worldwide. Please refer to      <a href="http://creativecommons.org/publicdomain/zero/1.0/" title="Creative Commons CC0">CC0 Public Domain Dedication</a>
          for more information.      </p>
            <p>In summary, you are entitled to use this encoded model in absolutely any manner you deem suitable, verbatim, or with modification, alone or embedded it in a larger context, redistribute it, commercially or not, in a restricted way or not.</p>
            <p>To cite BioModels Database, please use:      <a href="http://www.ncbi.nlm.nih.gov/pubmed/20587024" target="_blank">Li C, Donizelli M, Rodriguez N, Dharuri H, Endler L, Chelliah V, Li L, He E, Henry A, Stefan MI, Snoep JL, Hucka M, Le Novère N, Laibe C (2010) BioModels Database: An enhanced, curated and annotated resource for published quantitative kinetic models. BMC Syst Biol., 4:92.</a>
                </p>
            </body>
      
    </notes>
    <annotation>
	<rdf:RDF xmlns:rdf="http://www.w3.org/1999/02/22-rdf-syntax-ns#" xmlns:dc="http://purl.org/dc/elements/1.1/" xmlns:vCard="http://www.w3.org/2001/vcard-rdf/3.0#" xmlns:dcterms="http://purl.org/dc/terms/" xmlns:bqmodel="http://biomodels.net/model-qualifiers/" xmlns:bqbiol="http://biomodels.net/biology-qualifiers/">
        <rdf:Description rdf:about="#metaid_0000002">
	<dc:creator>
	<rdf:Bag>
	<rdf:li rdf:parseType="Resource">
	<vCard:N rdf:parseType="Resource">
	<vCard:Family>Chelliah</vCard:Family>
	<vCard:Given>Vijayalakshmi</vCard:Given>
	</vCard:N>
	<vCard:EMAIL>viji@ebi.ac.uk</vCard:EMAIL>
	<vCard:ORG rdf:parseType="Resource">
	<vCard:Orgname>EMBL-EBI</vCard:Orgname>
	</vCard:ORG>
	</rdf:li>
	<rdf:li rdf:parseType="Resource">
	<vCard:N rdf:parseType="Resource">
	<vCard:Family>Ihekwaba</vCard:Family>
	<vCard:Given>Adaoha EC</vCard:Given>
	</vCard:N>
	<vCard:EMAIL>ihekwaba@cosbi.eu</vCard:EMAIL>
	<vCard:ORG rdf:parseType="Resource">
	<vCard:Orgname>The Microsoft Research - University of Trento, Centre for Computational and Systems Biology</vCard:Orgname>
	</vCard:ORG>
	</rdf:li>
	</rdf:Bag>
	</dc:creator>
	<dcterms:created rdf:parseType="Resource">
	<dcterms:W3CDTF>2009-08-19T13:05:41Z</dcterms:W3CDTF>
	</dcterms:created>
	<dcterms:modified rdf:parseType="Resource">
	<dcterms:W3CDTF>2014-05-28T01:00:25Z</dcterms:W3CDTF>
	</dcterms:modified>
	<bqmodel:is>
	<rdf:Bag>
	<rdf:li rdf:resource="http://identifiers.org/biomodels.db/MODEL5952988280"/>
	</rdf:Bag>
	</bqmodel:is>
	<bqmodel:is>
	<rdf:Bag>
	<rdf:li rdf:resource="http://identifiers.org/biomodels.db/BIOMD0000000230"/>
	</rdf:Bag>
	</bqmodel:is>
	<bqmodel:isDescribedBy>
	<rdf:Bag>
	<rdf:li rdf:resource="http://identifiers.org/pubmed/17052119"/>
	</rdf:Bag>
	</bqmodel:isDescribedBy>
	<bqbiol:isPartOf>
	<rdf:Bag>
	<rdf:li rdf:resource="http://identifiers.org/kegg.pathway/mmu04660"/>
	</rdf:Bag>
	</bqbiol:isPartOf>
	<bqbiol:isVersionOf>
	<rdf:Bag>
	<rdf:li rdf:resource="http://identifiers.org/biomodels.db/BIOMD0000000139"/>
	<rdf:li rdf:resource="http://identifiers.org/biomodels.db/BIOMD0000000140"/>
	</rdf:Bag>
	</bqbiol:isVersionOf>
	<bqbiol:hasTaxon>
	<rdf:Bag>
	<rdf:li rdf:resource="http://identifiers.org/taxonomy/10090"/>
	</rdf:Bag>
	</bqbiol:hasTaxon>
	<bqbiol:isVersionOf>
	<rdf:Bag>
	<rdf:li rdf:resource="http://identifiers.org/go/GO:0007249"/>
	</rdf:Bag>
	</bqbiol:isVersionOf>
	</rdf:Description>
	
	</rdf:RDF>
	</annotation>
      <listOfCompartments>
      <compartment id="compartment" metaid="metaid_0000067" name="compartment" size="1">
        <annotation>
	<rdf:RDF xmlns:rdf="http://www.w3.org/1999/02/22-rdf-syntax-ns#" xmlns:bqmodel="http://biomodels.net/model-qualifiers/" xmlns:bqbiol="http://biomodels.net/biology-qualifiers/">
            <rdf:Description rdf:about="#metaid_0000067">
	<bqbiol:isVersionOf>
	<rdf:Bag>
	<rdf:li rdf:resource="http://identifiers.org/go/GO:0005623"/>
	</rdf:Bag>
	</bqbiol:isVersionOf>
	</rdf:Description>
	
	</rdf:RDF>
	</annotation>
            </compartment>
    </listOfCompartments>
    <listOfSpecies>
      <species compartment="compartment" id="NFkB" initialConcentration="0.00025081" metaid="metaid_0000068" name="NFkB">
        <annotation>
	<rdf:RDF xmlns:rdf="http://www.w3.org/1999/02/22-rdf-syntax-ns#" xmlns:bqmodel="http://biomodels.net/model-qualifiers/" xmlns:bqbiol="http://biomodels.net/biology-qualifiers/">
            <rdf:Description rdf:about="#metaid_0000068">
	<bqbiol:isVersionOf>
	<rdf:Bag>
	<rdf:li rdf:resource="http://identifiers.org/uniprot/P25799"/>
	</rdf:Bag>
	</bqbiol:isVersionOf>
	</rdf:Description>
	
	</rdf:RDF>
	</annotation>
            </species>
      <species compartment="compartment" id="IKKIkBa" initialConcentration="0" metaid="metaid_0000069" name="IKKIkBa">
        <annotation>
	<rdf:RDF xmlns:rdf="http://www.w3.org/1999/02/22-rdf-syntax-ns#" xmlns:bqmodel="http://biomodels.net/model-qualifiers/" xmlns:bqbiol="http://biomodels.net/biology-qualifiers/">
            <rdf:Description rdf:about="#metaid_0000069">
	<bqbiol:hasPart>
	<rdf:Bag>
	<rdf:li rdf:resource="http://identifiers.org/uniprot/O88351"/>
	<rdf:li rdf:resource="http://identifiers.org/uniprot/O88522"/>
	<rdf:li rdf:resource="http://identifiers.org/uniprot/Q60680"/>
	<rdf:li rdf:resource="http://identifiers.org/uniprot/Q9Z1E3"/>
	</rdf:Bag>
	</bqbiol:hasPart>
	</rdf:Description>
	
	</rdf:RDF>
	</annotation>
            </species>
      <species compartment="compartment" id="IKKIkBaNFkB" initialConcentration="0" metaid="metaid_0000070" name="IKKIkBaNFkB">
        <annotation>
	<rdf:RDF xmlns:rdf="http://www.w3.org/1999/02/22-rdf-syntax-ns#" xmlns:bqmodel="http://biomodels.net/model-qualifiers/" xmlns:bqbiol="http://biomodels.net/biology-qualifiers/">
            <rdf:Description rdf:about="#metaid_0000070">
	<bqbiol:hasPart>
	<rdf:Bag>
	<rdf:li rdf:resource="http://identifiers.org/uniprot/O88351"/>
	<rdf:li rdf:resource="http://identifiers.org/uniprot/O88522"/>
	<rdf:li rdf:resource="http://identifiers.org/uniprot/Q60680"/>
	<rdf:li rdf:resource="http://identifiers.org/uniprot/Q9Z1E3"/>
	<rdf:li rdf:resource="http://identifiers.org/uniprot/P25799"/>
	</rdf:Bag>
	</bqbiol:hasPart>
	</rdf:Description>
	
	</rdf:RDF>
	</annotation>
            </species>
      <species compartment="compartment" id="IKK" initialConcentration="0.1" metaid="metaid_0000071" name="IKK">
        <annotation>
	<rdf:RDF xmlns:rdf="http://www.w3.org/1999/02/22-rdf-syntax-ns#" xmlns:bqmodel="http://biomodels.net/model-qualifiers/" xmlns:bqbiol="http://biomodels.net/biology-qualifiers/">
            <rdf:Description rdf:about="#metaid_0000071">
	<bqbiol:hasPart>
	<rdf:Bag>
	<rdf:li rdf:resource="http://identifiers.org/uniprot/O88351"/>
	<rdf:li rdf:resource="http://identifiers.org/uniprot/O88522"/>
	<rdf:li rdf:resource="http://identifiers.org/uniprot/Q60680"/>
	</rdf:Bag>
	</bqbiol:hasPart>
	</rdf:Description>
	
	</rdf:RDF>
	</annotation>
            </species>
      <species compartment="compartment" id="IkBa" initialConcentration="0.19028" metaid="metaid_0000072" name="IkBa">
        <annotation>
	<rdf:RDF xmlns:rdf="http://www.w3.org/1999/02/22-rdf-syntax-ns#" xmlns:bqmodel="http://biomodels.net/model-qualifiers/" xmlns:bqbiol="http://biomodels.net/biology-qualifiers/">
            <rdf:Description rdf:about="#metaid_0000072">
	<bqbiol:isVersionOf>
	<rdf:Bag>
	<rdf:li rdf:resource="http://identifiers.org/uniprot/Q9Z1E3"/>
	</rdf:Bag>
	</bqbiol:isVersionOf>
	</rdf:Description>
	
	</rdf:RDF>
	</annotation>
            </species>
      <species compartment="compartment" id="IKKIkBb" initialConcentration="0" metaid="metaid_0000073" name="IKKIkBb">
        <annotation>
	<rdf:RDF xmlns:rdf="http://www.w3.org/1999/02/22-rdf-syntax-ns#" xmlns:bqmodel="http://biomodels.net/model-qualifiers/" xmlns:bqbiol="http://biomodels.net/biology-qualifiers/">
            <rdf:Description rdf:about="#metaid_0000073">
	<bqbiol:hasPart>
	<rdf:Bag>
	<rdf:li rdf:resource="http://identifiers.org/uniprot/O88351"/>
	<rdf:li rdf:resource="http://identifiers.org/uniprot/O88522"/>
	<rdf:li rdf:resource="http://identifiers.org/uniprot/Q60680"/>
	<rdf:li rdf:resource="http://identifiers.org/uniprot/Q60778"/>
	</rdf:Bag>
	</bqbiol:hasPart>
	</rdf:Description>
	
	</rdf:RDF>
	</annotation>
            </species>
      <species compartment="compartment" id="IKKIkBbNFkB" initialConcentration="0" metaid="metaid_0000074" name="IKKIkBbNFkB">
        <annotation>
	<rdf:RDF xmlns:rdf="http://www.w3.org/1999/02/22-rdf-syntax-ns#" xmlns:bqmodel="http://biomodels.net/model-qualifiers/" xmlns:bqbiol="http://biomodels.net/biology-qualifiers/">
            <rdf:Description rdf:about="#metaid_0000074">
	<bqbiol:hasPart>
	<rdf:Bag>
	<rdf:li rdf:resource="http://identifiers.org/uniprot/O88351"/>
	<rdf:li rdf:resource="http://identifiers.org/uniprot/O88522"/>
	<rdf:li rdf:resource="http://identifiers.org/uniprot/Q60680"/>
	<rdf:li rdf:resource="http://identifiers.org/uniprot/Q60778"/>
	<rdf:li rdf:resource="http://identifiers.org/uniprot/P25799"/>
	</rdf:Bag>
	</bqbiol:hasPart>
	</rdf:Description>
	
	</rdf:RDF>
	</annotation>
            </species>
      <species compartment="compartment" id="IkBb" initialConcentration="0.021428" metaid="metaid_0000075" name="IkBb">
        <annotation>
	<rdf:RDF xmlns:rdf="http://www.w3.org/1999/02/22-rdf-syntax-ns#" xmlns:bqmodel="http://biomodels.net/model-qualifiers/" xmlns:bqbiol="http://biomodels.net/biology-qualifiers/">
            <rdf:Description rdf:about="#metaid_0000075">
	<bqbiol:isVersionOf>
	<rdf:Bag>
	<rdf:li rdf:resource="http://identifiers.org/uniprot/Q60778"/>
	</rdf:Bag>
	</bqbiol:isVersionOf>
	</rdf:Description>
	
	</rdf:RDF>
	</annotation>
            </species>
      <species compartment="compartment" id="IKKIkBe" initialConcentration="0" metaid="metaid_0000076" name="IKKIkBe">
        <annotation>
	<rdf:RDF xmlns:rdf="http://www.w3.org/1999/02/22-rdf-syntax-ns#" xmlns:bqmodel="http://biomodels.net/model-qualifiers/" xmlns:bqbiol="http://biomodels.net/biology-qualifiers/">
            <rdf:Description rdf:about="#metaid_0000076">
	<bqbiol:hasPart>
	<rdf:Bag>
	<rdf:li rdf:resource="http://identifiers.org/uniprot/O88351"/>
	<rdf:li rdf:resource="http://identifiers.org/uniprot/O88522"/>
	<rdf:li rdf:resource="http://identifiers.org/uniprot/Q60680"/>
	<rdf:li rdf:resource="http://identifiers.org/uniprot/O54910"/>
	</rdf:Bag>
	</bqbiol:hasPart>
	</rdf:Description>
	
	</rdf:RDF>
	</annotation>
            </species>
      <species compartment="compartment" id="IKKIkBeNFkB" initialConcentration="0" metaid="metaid_0000077" name="IKKIkBeNFkB">
        <annotation>
	<rdf:RDF xmlns:rdf="http://www.w3.org/1999/02/22-rdf-syntax-ns#" xmlns:bqmodel="http://biomodels.net/model-qualifiers/" xmlns:bqbiol="http://biomodels.net/biology-qualifiers/">
            <rdf:Description rdf:about="#metaid_0000077">
	<bqbiol:isVersionOf>
	<rdf:Bag>
	<rdf:li rdf:resource="http://identifiers.org/uniprot/O88351"/>
	<rdf:li rdf:resource="http://identifiers.org/uniprot/O88522"/>
	<rdf:li rdf:resource="http://identifiers.org/uniprot/Q60680"/>
	<rdf:li rdf:resource="http://identifiers.org/uniprot/O54910"/>
	<rdf:li rdf:resource="http://identifiers.org/uniprot/P25799"/>
	</rdf:Bag>
	</bqbiol:isVersionOf>
	</rdf:Description>
	
	</rdf:RDF>
	</annotation>
            </species>
      <species compartment="compartment" id="IkBe" initialConcentration="0.015307" metaid="metaid_0000078" name="IkBe">
        <annotation>
	<rdf:RDF xmlns:rdf="http://www.w3.org/1999/02/22-rdf-syntax-ns#" xmlns:bqmodel="http://biomodels.net/model-qualifiers/" xmlns:bqbiol="http://biomodels.net/biology-qualifiers/">
            <rdf:Description rdf:about="#metaid_0000078">
	<bqbiol:isVersionOf>
	<rdf:Bag>
	<rdf:li rdf:resource="http://identifiers.org/uniprot/O54910"/>
	</rdf:Bag>
	</bqbiol:isVersionOf>
	</rdf:Description>
	
	</rdf:RDF>
	</annotation>
            </species>
      <species compartment="compartment" id="IkBaNFkB" initialConcentration="0.082062" metaid="metaid_0000079" name="IkBaNFkB">
        <annotation>
	<rdf:RDF xmlns:rdf="http://www.w3.org/1999/02/22-rdf-syntax-ns#" xmlns:bqmodel="http://biomodels.net/model-qualifiers/" xmlns:bqbiol="http://biomodels.net/biology-qualifiers/">
            <rdf:Description rdf:about="#metaid_0000079">
	<bqbiol:hasPart>
	<rdf:Bag>
	<rdf:li rdf:resource="http://identifiers.org/uniprot/Q9Z1E3"/>
	<rdf:li rdf:resource="http://identifiers.org/uniprot/P25799"/>
	</rdf:Bag>
	</bqbiol:hasPart>
	</rdf:Description>
	
	</rdf:RDF>
	</annotation>
            </species>
      <species compartment="compartment" id="IkBbNFkB" initialConcentration="0.0090963" metaid="metaid_0000080" name="IkBbNFkB">
        <annotation>
	<rdf:RDF xmlns:rdf="http://www.w3.org/1999/02/22-rdf-syntax-ns#" xmlns:bqmodel="http://biomodels.net/model-qualifiers/" xmlns:bqbiol="http://biomodels.net/biology-qualifiers/">
            <rdf:Description rdf:about="#metaid_0000080">
	<bqbiol:hasPart>
	<rdf:Bag>
	<rdf:li rdf:resource="http://identifiers.org/uniprot/Q60778"/>
	<rdf:li rdf:resource="http://identifiers.org/uniprot/P25799"/>
	</rdf:Bag>
	</bqbiol:hasPart>
	</rdf:Description>
	
	</rdf:RDF>
	</annotation>
            </species>
      <species compartment="compartment" id="IkBeNFkB" initialConcentration="0.0064977" metaid="metaid_0000081" name="IkBeNFkB">
        <annotation>
	<rdf:RDF xmlns:rdf="http://www.w3.org/1999/02/22-rdf-syntax-ns#" xmlns:bqmodel="http://biomodels.net/model-qualifiers/" xmlns:bqbiol="http://biomodels.net/biology-qualifiers/">
            <rdf:Description rdf:about="#metaid_0000081">
	<bqbiol:isVersionOf>
	<rdf:Bag>
	<rdf:li rdf:resource="http://identifiers.org/uniprot/O54910"/>
	<rdf:li rdf:resource="http://identifiers.org/uniprot/P25799"/>
	</rdf:Bag>
	</bqbiol:isVersionOf>
	</rdf:Description>
	
	</rdf:RDF>
	</annotation>
            </species>
      <species boundaryCondition="true" compartment="compartment" constant="true" id="source" initialConcentration="1" metaid="metaid_0000082" name="source"/>
      <species compartment="compartment" id="IkBat" initialConcentration="0.0054868" metaid="metaid_0000083" name="IkBat"/>
      <species boundaryCondition="true" compartment="compartment" constant="true" id="sink" initialConcentration="0" metaid="metaid_0000084" name="sink"/>
      <species compartment="compartment" id="NFkBn" initialConcentration="0.00020366" metaid="metaid_0000085" name="NFkBn">
        <annotation>
	<rdf:RDF xmlns:rdf="http://www.w3.org/1999/02/22-rdf-syntax-ns#" xmlns:bqmodel="http://biomodels.net/model-qualifiers/" xmlns:bqbiol="http://biomodels.net/biology-qualifiers/">
            <rdf:Description rdf:about="#metaid_0000085">
	<bqbiol:isVersionOf>
	<rdf:Bag>
	<rdf:li rdf:resource="http://identifiers.org/uniprot/P25799"/>
	</rdf:Bag>
	</bqbiol:isVersionOf>
	</rdf:Description>
	
	</rdf:RDF>
	</annotation>
            </species>
      <species compartment="compartment" id="IkBan" initialConcentration="0.19326" metaid="metaid_0000086" name="IkBan">
        <annotation>
	<rdf:RDF xmlns:rdf="http://www.w3.org/1999/02/22-rdf-syntax-ns#" xmlns:bqmodel="http://biomodels.net/model-qualifiers/" xmlns:bqbiol="http://biomodels.net/biology-qualifiers/">
            <rdf:Description rdf:about="#metaid_0000086">
	<bqbiol:isVersionOf>
	<rdf:Bag>
	<rdf:li rdf:resource="http://identifiers.org/uniprot/Q9Z1E3"/>
	</rdf:Bag>
	</bqbiol:isVersionOf>
	</rdf:Description>
	
	</rdf:RDF>
	</annotation>
            </species>
      <species compartment="compartment" id="IkBanNFkBn" initialConcentration="0.0013739" metaid="metaid_0000087" name="IkBanNFkBn">
        <annotation>
	<rdf:RDF xmlns:rdf="http://www.w3.org/1999/02/22-rdf-syntax-ns#" xmlns:bqmodel="http://biomodels.net/model-qualifiers/" xmlns:bqbiol="http://biomodels.net/biology-qualifiers/">
            <rdf:Description rdf:about="#metaid_0000087">
	<bqbiol:hasPart>
	<rdf:Bag>
	<rdf:li rdf:resource="http://identifiers.org/uniprot/Q9Z1E3"/>
	<rdf:li rdf:resource="http://identifiers.org/uniprot/P25799"/>
	</rdf:Bag>
	</bqbiol:hasPart>
	</rdf:Description>
	
	</rdf:RDF>
	</annotation>
            </species>
      <species compartment="compartment" id="IkBbn" initialConcentration="0.021887" metaid="metaid_0000088" name="IkBbn">
        <annotation>
	<rdf:RDF xmlns:rdf="http://www.w3.org/1999/02/22-rdf-syntax-ns#" xmlns:bqmodel="http://biomodels.net/model-qualifiers/" xmlns:bqbiol="http://biomodels.net/biology-qualifiers/">
            <rdf:Description rdf:about="#metaid_0000088">
	<bqbiol:isVersionOf>
	<rdf:Bag>
	<rdf:li rdf:resource="http://identifiers.org/uniprot/Q60778"/>
	</rdf:Bag>
	</bqbiol:isVersionOf>
	</rdf:Description>
	
	</rdf:RDF>
	</annotation>
            </species>
      <species compartment="compartment" id="IkBbnNFkBn" initialConcentration="0.00030061" metaid="metaid_0000089" name="IkBbnNFkBn">
        <annotation>
	<rdf:RDF xmlns:rdf="http://www.w3.org/1999/02/22-rdf-syntax-ns#" xmlns:bqmodel="http://biomodels.net/model-qualifiers/" xmlns:bqbiol="http://biomodels.net/biology-qualifiers/">
            <rdf:Description rdf:about="#metaid_0000089">
	<bqbiol:hasPart>
	<rdf:Bag>
	<rdf:li rdf:resource="http://identifiers.org/uniprot/Q60778"/>
	<rdf:li rdf:resource="http://identifiers.org/uniprot/P25799"/>
	</rdf:Bag>
	</bqbiol:hasPart>
	</rdf:Description>
	
	</rdf:RDF>
	</annotation>
            </species>
      <species compartment="compartment" id="IkBbt" initialConcentration="0.00063696" metaid="metaid_0000090" name="IkBbt"/>
      <species compartment="compartment" id="IkBen" initialConcentration="0.015635" metaid="metaid_0000091" name="IkBen">
        <annotation>
	<rdf:RDF xmlns:rdf="http://www.w3.org/1999/02/22-rdf-syntax-ns#" xmlns:bqmodel="http://biomodels.net/model-qualifiers/" xmlns:bqbiol="http://biomodels.net/biology-qualifiers/">
            <rdf:Description rdf:about="#metaid_0000091">
	<bqbiol:isVersionOf>
	<rdf:Bag>
	<rdf:li rdf:resource="http://identifiers.org/uniprot/O54910"/>
	</rdf:Bag>
	</bqbiol:isVersionOf>
	</rdf:Description>
	
	</rdf:RDF>
	</annotation>
            </species>
      <species compartment="compartment" id="IkBenNFkBn" initialConcentration="0.00021473" metaid="metaid_0000092" name="IkBenNFkBn">
        <annotation>
	<rdf:RDF xmlns:rdf="http://www.w3.org/1999/02/22-rdf-syntax-ns#" xmlns:bqmodel="http://biomodels.net/model-qualifiers/" xmlns:bqbiol="http://biomodels.net/biology-qualifiers/">
            <rdf:Description rdf:about="#metaid_0000092">
	<bqbiol:hasPart>
	<rdf:Bag>
	<rdf:li rdf:resource="http://identifiers.org/uniprot/O54910"/>
	<rdf:li rdf:resource="http://identifiers.org/uniprot/P25799"/>
	</rdf:Bag>
	</bqbiol:hasPart>
	</rdf:Description>
	
	</rdf:RDF>
	</annotation>
            </species>
      <species compartment="compartment" id="IkBet" initialConcentration="0.000455" metaid="metaid_0000093" name="IkBet"/>
    </listOfSpecies>
    <listOfParameters>
      <parameter id="k1" metaid="metaid_0000003" name="k1" value="0.5"/>
      <parameter id="k2" metaid="metaid_0000004" name="k2" value="0.0005"/>
      <parameter id="k3" metaid="metaid_0000005" name="k3" value="0.5"/>
      <parameter id="k4" metaid="metaid_0000006" name="k4" value="0.0005"/>
      <parameter id="k5" metaid="metaid_0000007" name="k5" value="0.5"/>
      <parameter id="k6" metaid="metaid_0000008" name="k6" value="0.0005"/>
      <parameter id="k7" metaid="metaid_0000009" name="k7" value="0.5"/>
      <parameter id="k8" metaid="metaid_0000010" name="k8" value="0.0005"/>
      <parameter id="k9" metaid="metaid_0000011" name="k9" value="0.0204"/>
      <parameter id="k10" metaid="metaid_0000012" name="k10" value="0.5"/>
      <parameter id="k11" metaid="metaid_0000013" name="k11" value="0.0005"/>
      <parameter id="k12" metaid="metaid_0000014" name="k12" value="0.0075"/>
      <parameter id="k13" metaid="metaid_0000015" name="k13" value="0.5"/>
      <parameter id="k14" metaid="metaid_0000016" name="k14" value="0.0005"/>
      <parameter id="k15" metaid="metaid_0000017" name="k15" value="0.011"/>
      <parameter id="k16" metaid="metaid_0000018" name="k16" value="2.25E-5"/>
      <parameter id="k17" metaid="metaid_0000019" name="k17" value="2.25E-5"/>
      <parameter id="k18" metaid="metaid_0000020" name="k18" value="2.25E-5"/>
      <parameter id="k19" metaid="metaid_0000021" name="k19" value="0.09"/>
      <parameter id="k20" metaid="metaid_0000022" name="k20" value="8E-5"/>
      <parameter id="k21" metaid="metaid_0000023" name="k21" value="0.5"/>
      <parameter id="k22" metaid="metaid_0000024" name="k22" value="0.0005"/>
      <parameter id="k23" metaid="metaid_0000025" name="k23" value="0.5"/>
      <parameter id="k24" metaid="metaid_0000026" name="k24" value="0.0005"/>
      <parameter id="k25" metaid="metaid_0000027" name="k25" value="0.5"/>
      <parameter id="k26" metaid="metaid_0000028" name="k26" value="0.0005"/>
      <parameter id="k27" metaid="metaid_0000029" name="k27" value="1.54E-6"/>
      <parameter id="k28" metaid="metaid_0000030" name="k28" value="0.0165"/>
      <parameter id="k29" metaid="metaid_0000031" name="k29" value="0.00028"/>
      <parameter id="k30" metaid="metaid_0000032" name="k30" value="1.78E-7"/>
      <parameter id="k31" metaid="metaid_0000033" name="k31" value="0.00028"/>
      <parameter id="k32" metaid="metaid_0000034" name="k32" value="1.27E-7"/>
      <parameter id="k33" metaid="metaid_0000035" name="k33" value="0.00028"/>
      <parameter id="k34" metaid="metaid_0000036" name="k34" value="0.0225"/>
      <parameter id="k35" metaid="metaid_0000037" name="k35" value="0.00125"/>
      <parameter id="k36" metaid="metaid_0000038" name="k36" value="0.00408"/>
      <parameter id="k37" metaid="metaid_0000039" name="k37" value="0.000113"/>
      <parameter id="k38" metaid="metaid_0000040" name="k38" value="0.0003"/>
      <parameter id="k39" metaid="metaid_0000041" name="k39" value="0.0002"/>
      <parameter id="k40" metaid="metaid_0000042" name="k40" value="0.006"/>
      <parameter id="k41" metaid="metaid_0000043" name="k41" value="0.00175"/>
      <parameter id="k42" metaid="metaid_0000044" name="k42" value="0.00408"/>
      <parameter id="k43" metaid="metaid_0000045" name="k43" value="0.000113"/>
      <parameter id="k44" metaid="metaid_0000046" name="k44" value="0.00015"/>
      <parameter id="k45" metaid="metaid_0000047" name="k45" value="0.0001"/>
      <parameter id="k46" metaid="metaid_0000048" name="k46" value="0.009"/>
      <parameter id="k47" metaid="metaid_0000049" name="k47" value="0.00175"/>
      <parameter id="k48" metaid="metaid_0000050" name="k48" value="0.00408"/>
      <parameter id="k49" metaid="metaid_0000051" name="k49" value="0.000113"/>
      <parameter id="k50" metaid="metaid_0000052" name="k50" value="0.00015"/>
      <parameter id="k51" metaid="metaid_0000053" name="k51" value="0.0001"/>
      <parameter id="k52" metaid="metaid_0000054" name="k52" value="0.185"/>
      <parameter id="k53" metaid="metaid_0000055" name="k53" value="0.00125"/>
      <parameter id="k54" metaid="metaid_0000056" name="k54" value="0.0138"/>
      <parameter id="k55" metaid="metaid_0000057" name="k55" value="0.048"/>
      <parameter id="k56" metaid="metaid_0000058" name="k56" value="0.00175"/>
      <parameter id="k57" metaid="metaid_0000059" name="k57" value="0.0052"/>
      <parameter id="k58" metaid="metaid_0000060" name="k58" value="0.07"/>
      <parameter id="k59" metaid="metaid_0000061" name="k59" value="0.00175"/>
      <parameter id="k60" metaid="metaid_0000062" name="k60" value="0.0052"/>
      <parameter id="k61" metaid="metaid_0000063" name="k61" value="0.00012"/>
      <parameter id="k62" metaid="metaid_0000064" name="k62" value="0.00407"/>
      <parameter id="k63" metaid="metaid_0000065" name="k63" value="0.0015"/>
      <parameter id="k64" metaid="metaid_0000066" name="k64" value="0.0022"/>
    </listOfParameters>
    <listOfReactions>
      <reaction id="v1" metaid="metaid_0000094" name="v1" reversible="false">
        <annotation>
	<rdf:RDF xmlns:rdf="http://www.w3.org/1999/02/22-rdf-syntax-ns#" xmlns:bqmodel="http://biomodels.net/model-qualifiers/" xmlns:bqbiol="http://biomodels.net/biology-qualifiers/">
            <rdf:Description rdf:about="#metaid_0000094">
	<bqbiol:isVersionOf>
	<rdf:Bag>
	<rdf:li rdf:resource="http://identifiers.org/go/GO:0006461"/>
	</rdf:Bag>
	</bqbiol:isVersionOf>
	</rdf:Description>
	
	</rdf:RDF>
	</annotation>
              <listOfReactants>
          <speciesReference metaid="_125833" species="NFkB"/>
          <speciesReference metaid="_125845" species="IKKIkBa"/>
        </listOfReactants>
        <listOfProducts>
          <speciesReference metaid="_125857" species="IKKIkBaNFkB"/>
        </listOfProducts>
        <kineticLaw metaid="_125870">
          <math xmlns="http://www.w3.org/1998/Math/MathML">          
            <apply>
              <times/>
              <ci> k7 </ci>
              <ci> IKKIkBa </ci>
              <ci> NFkB </ci>
            </apply>
          </math>
                </kineticLaw>
      </reaction>
      <reaction id="v2" metaid="metaid_0000095" name="v2" reversible="false">
        <annotation>
	<rdf:RDF xmlns:rdf="http://www.w3.org/1999/02/22-rdf-syntax-ns#" xmlns:bqmodel="http://biomodels.net/model-qualifiers/" xmlns:bqbiol="http://biomodels.net/biology-qualifiers/">
            <rdf:Description rdf:about="#metaid_0000095">
	<bqbiol:isVersionOf>
	<rdf:Bag>
	<rdf:li rdf:resource="http://identifiers.org/go/GO:0043241"/>
	</rdf:Bag>
	</bqbiol:isVersionOf>
	</rdf:Description>
	
	</rdf:RDF>
	</annotation>
              <listOfReactants>
          <speciesReference metaid="_125882" species="IKKIkBaNFkB"/>
        </listOfReactants>
        <listOfProducts>
          <speciesReference metaid="_125894" species="NFkB"/>
          <speciesReference metaid="_125906" species="IKK"/>
        </listOfProducts>
        <kineticLaw metaid="_125919">
          <math xmlns="http://www.w3.org/1998/Math/MathML">          
            <apply>
              <times/>
              <ci> k9 </ci>
              <ci> IKKIkBaNFkB </ci>
            </apply>
          </math>
                </kineticLaw>
      </reaction>
      <reaction id="v3" metaid="metaid_0000096" name="v3" reversible="false">
        <annotation>
	<rdf:RDF xmlns:rdf="http://www.w3.org/1999/02/22-rdf-syntax-ns#" xmlns:bqmodel="http://biomodels.net/model-qualifiers/" xmlns:bqbiol="http://biomodels.net/biology-qualifiers/">
            <rdf:Description rdf:about="#metaid_0000096">
	<bqbiol:isVersionOf>
	<rdf:Bag>
	<rdf:li rdf:resource="http://identifiers.org/go/GO:0043241"/>
	</rdf:Bag>
	</bqbiol:isVersionOf>
	</rdf:Description>
	
	</rdf:RDF>
	</annotation>
              <listOfReactants>
          <speciesReference metaid="_125931" species="IKKIkBaNFkB"/>
        </listOfReactants>
        <listOfProducts>
          <speciesReference metaid="_125943" species="NFkB"/>
          <speciesReference metaid="_125955" species="IKKIkBa"/>
        </listOfProducts>
        <kineticLaw metaid="_125967">
          <math xmlns="http://www.w3.org/1998/Math/MathML">          
            <apply>
              <times/>
              <ci> k8 </ci>
              <ci> IKKIkBaNFkB </ci>
            </apply>
          </math>
                </kineticLaw>
      </reaction>
      <reaction id="v4" metaid="metaid_0000097" name="v4" reversible="false">
        <annotation>
	<rdf:RDF xmlns:rdf="http://www.w3.org/1999/02/22-rdf-syntax-ns#" xmlns:bqmodel="http://biomodels.net/model-qualifiers/" xmlns:bqbiol="http://biomodels.net/biology-qualifiers/">
            <rdf:Description rdf:about="#metaid_0000097">
	<bqbiol:isVersionOf>
	<rdf:Bag>
	<rdf:li rdf:resource="http://identifiers.org/go/GO:0006461"/>
	</rdf:Bag>
	</bqbiol:isVersionOf>
	</rdf:Description>
	
	</rdf:RDF>
	</annotation>
              <listOfReactants>
          <speciesReference metaid="_125979" species="IKK"/>
          <speciesReference metaid="_125991" species="IkBa"/>
        </listOfReactants>
        <listOfProducts>
          <speciesReference metaid="_126004" species="IKKIkBa"/>
        </listOfProducts>
        <kineticLaw metaid="_126017">
          <math xmlns="http://www.w3.org/1998/Math/MathML">          
            <apply>
              <times/>
              <ci> k34 </ci>
              <ci> IKK </ci>
              <ci> IkBa </ci>
            </apply>
          </math>
                </kineticLaw>
      </reaction>
      <reaction id="v5" metaid="metaid_0000098" name="v5" reversible="false">
        <annotation>
	<rdf:RDF xmlns:rdf="http://www.w3.org/1999/02/22-rdf-syntax-ns#" xmlns:bqmodel="http://biomodels.net/model-qualifiers/" xmlns:bqbiol="http://biomodels.net/biology-qualifiers/">
            <rdf:Description rdf:about="#metaid_0000098">
	<bqbiol:isVersionOf>
	<rdf:Bag>
	<rdf:li rdf:resource="http://identifiers.org/go/GO:0044257"/>
	</rdf:Bag>
	</bqbiol:isVersionOf>
	</rdf:Description>
	
	</rdf:RDF>
	</annotation>
              <listOfReactants>
          <speciesReference metaid="_126029" species="IKKIkBa"/>
        </listOfReactants>
        <listOfProducts>
          <speciesReference metaid="_126041" species="IKK"/>
        </listOfProducts>
        <kineticLaw metaid="_126053">
          <math xmlns="http://www.w3.org/1998/Math/MathML">          
            <apply>
              <times/>
              <ci> k62 </ci>
              <ci> IKKIkBa </ci>
            </apply>
          </math>
                </kineticLaw>
      </reaction>
      <reaction id="v6" metaid="metaid_0000099" name="v6" reversible="false">
        <annotation>
	<rdf:RDF xmlns:rdf="http://www.w3.org/1999/02/22-rdf-syntax-ns#" xmlns:bqmodel="http://biomodels.net/model-qualifiers/" xmlns:bqbiol="http://biomodels.net/biology-qualifiers/">
            <rdf:Description rdf:about="#metaid_0000099">
	<bqbiol:isVersionOf>
	<rdf:Bag>
	<rdf:li rdf:resource="http://identifiers.org/go/GO:0043241"/>
	</rdf:Bag>
	</bqbiol:isVersionOf>
	</rdf:Description>
	
	</rdf:RDF>
	</annotation>
              <listOfReactants>
          <speciesReference metaid="_126065" species="IKKIkBa"/>
        </listOfReactants>
        <listOfProducts>
          <speciesReference metaid="_126077" species="IKK"/>
          <speciesReference metaid="_126089" species="IkBa"/>
        </listOfProducts>
        <kineticLaw metaid="_126101">
          <math xmlns="http://www.w3.org/1998/Math/MathML">          
            <apply>
              <times/>
              <ci> k35 </ci>
              <ci> IKKIkBa </ci>
            </apply>
          </math>
                </kineticLaw>
      </reaction>
      <reaction id="v7" metaid="metaid_0000100" name="v7" reversible="false">
        <annotation>
	<rdf:RDF xmlns:rdf="http://www.w3.org/1999/02/22-rdf-syntax-ns#" xmlns:bqmodel="http://biomodels.net/model-qualifiers/" xmlns:bqbiol="http://biomodels.net/biology-qualifiers/">
            <rdf:Description rdf:about="#metaid_0000100">
	<bqbiol:isVersionOf>
	<rdf:Bag>
	<rdf:li rdf:resource="http://identifiers.org/go/GO:0006461"/>
	</rdf:Bag>
	</bqbiol:isVersionOf>
	</rdf:Description>
	
	</rdf:RDF>
	</annotation>
              <listOfReactants>
          <speciesReference metaid="_126113" species="IKKIkBb"/>
          <speciesReference metaid="_126125" species="NFkB"/>
        </listOfReactants>
        <listOfProducts>
          <speciesReference metaid="_126137" species="IKKIkBbNFkB"/>
        </listOfProducts>
        <kineticLaw metaid="_126149">
          <math xmlns="http://www.w3.org/1998/Math/MathML">          
            <apply>
              <times/>
              <ci> k10 </ci>
              <ci> IKKIkBb </ci>
              <ci> NFkB </ci>
            </apply>
          </math>
                </kineticLaw>
      </reaction>
      <reaction id="v8" metaid="metaid_0000101" name="v8" reversible="false">
        <annotation>
	<rdf:RDF xmlns:rdf="http://www.w3.org/1999/02/22-rdf-syntax-ns#" xmlns:bqmodel="http://biomodels.net/model-qualifiers/" xmlns:bqbiol="http://biomodels.net/biology-qualifiers/">
            <rdf:Description rdf:about="#metaid_0000101">
	<bqbiol:isVersionOf>
	<rdf:Bag>
	<rdf:li rdf:resource="http://identifiers.org/go/GO:0044257"/>
	</rdf:Bag>
	</bqbiol:isVersionOf>
	</rdf:Description>
	
	</rdf:RDF>
	</annotation>
              <listOfReactants>
          <speciesReference metaid="_126161" species="IKKIkBbNFkB"/>
        </listOfReactants>
        <listOfProducts>
          <speciesReference metaid="_126173" species="IKK"/>
          <speciesReference metaid="_126185" species="NFkB"/>
        </listOfProducts>
        <kineticLaw metaid="_126197">
          <math xmlns="http://www.w3.org/1998/Math/MathML">          
            <apply>
              <times/>
              <ci> k12 </ci>
              <ci> IKKIkBbNFkB </ci>
            </apply>
          </math>
                </kineticLaw>
      </reaction>
      <reaction id="v9" metaid="metaid_0000102" name="v9" reversible="false">
        <annotation>
	<rdf:RDF xmlns:rdf="http://www.w3.org/1999/02/22-rdf-syntax-ns#" xmlns:bqmodel="http://biomodels.net/model-qualifiers/" xmlns:bqbiol="http://biomodels.net/biology-qualifiers/">
            <rdf:Description rdf:about="#metaid_0000102">
	<bqbiol:isVersionOf>
	<rdf:Bag>
	<rdf:li rdf:resource="http://identifiers.org/go/GO:0043241"/>
	</rdf:Bag>
	</bqbiol:isVersionOf>
	</rdf:Description>
	
	</rdf:RDF>
	</annotation>
              <listOfReactants>
          <speciesReference metaid="_126209" species="IKKIkBbNFkB"/>
        </listOfReactants>
        <listOfProducts>
          <speciesReference metaid="_126221" species="IKKIkBb"/>
          <speciesReference metaid="_126233" species="NFkB"/>
        </listOfProducts>
        <kineticLaw metaid="_126245">
          <math xmlns="http://www.w3.org/1998/Math/MathML">          
            <apply>
              <times/>
              <ci> k11 </ci>
              <ci> IKKIkBbNFkB </ci>
            </apply>
          </math>
                </kineticLaw>
      </reaction>
      <reaction id="v10" metaid="metaid_0000103" name="v10" reversible="false">
        <annotation>
	<rdf:RDF xmlns:rdf="http://www.w3.org/1999/02/22-rdf-syntax-ns#" xmlns:bqmodel="http://biomodels.net/model-qualifiers/" xmlns:bqbiol="http://biomodels.net/biology-qualifiers/">
            <rdf:Description rdf:about="#metaid_0000103">
	<bqbiol:isVersionOf>
	<rdf:Bag>
	<rdf:li rdf:resource="http://identifiers.org/go/GO:0006461"/>
	</rdf:Bag>
	</bqbiol:isVersionOf>
	</rdf:Description>
	
	</rdf:RDF>
	</annotation>
              <listOfReactants>
          <speciesReference metaid="_126257" species="IkBb"/>
          <speciesReference metaid="_126269" species="IKK"/>
        </listOfReactants>
        <listOfProducts>
          <speciesReference metaid="_126281" species="IKKIkBb"/>
        </listOfProducts>
        <kineticLaw metaid="_126293">
          <math xmlns="http://www.w3.org/1998/Math/MathML">          
            <apply>
              <times/>
              <ci> k40 </ci>
              <ci> IKK </ci>
              <ci> IkBb </ci>
            </apply>
          </math>
                </kineticLaw>
      </reaction>
      <reaction id="v11" metaid="metaid_0000104" name="v11" reversible="false">
        <annotation>
	<rdf:RDF xmlns:rdf="http://www.w3.org/1999/02/22-rdf-syntax-ns#" xmlns:bqmodel="http://biomodels.net/model-qualifiers/" xmlns:bqbiol="http://biomodels.net/biology-qualifiers/">
            <rdf:Description rdf:about="#metaid_0000104">
	<bqbiol:isVersionOf>
	<rdf:Bag>
	<rdf:li rdf:resource="http://identifiers.org/go/GO:0044257"/>
	</rdf:Bag>
	</bqbiol:isVersionOf>
	</rdf:Description>
	
	</rdf:RDF>
	</annotation>
              <listOfReactants>
          <speciesReference metaid="_126305" species="IKKIkBb"/>
        </listOfReactants>
        <listOfProducts>
          <speciesReference metaid="_126317" species="IKK"/>
        </listOfProducts>
        <kineticLaw metaid="_126329">
          <math xmlns="http://www.w3.org/1998/Math/MathML">          
            <apply>
              <times/>
              <ci> k63 </ci>
              <ci> IKKIkBb </ci>
            </apply>
          </math>
                </kineticLaw>
      </reaction>
      <reaction id="v12" metaid="metaid_0000105" name="v12" reversible="false">
        <annotation>
	<rdf:RDF xmlns:rdf="http://www.w3.org/1999/02/22-rdf-syntax-ns#" xmlns:bqmodel="http://biomodels.net/model-qualifiers/" xmlns:bqbiol="http://biomodels.net/biology-qualifiers/">
            <rdf:Description rdf:about="#metaid_0000105">
	<bqbiol:isVersionOf>
	<rdf:Bag>
	<rdf:li rdf:resource="http://identifiers.org/go/GO:0043241"/>
	</rdf:Bag>
	</bqbiol:isVersionOf>
	</rdf:Description>
	
	</rdf:RDF>
	</annotation>
              <listOfReactants>
          <speciesReference metaid="_126341" species="IKKIkBb"/>
        </listOfReactants>
        <listOfProducts>
          <speciesReference metaid="_126353" species="IKK"/>
          <speciesReference metaid="_126365" species="IkBb"/>
        </listOfProducts>
        <kineticLaw metaid="_126377">
          <math xmlns="http://www.w3.org/1998/Math/MathML">          
            <apply>
              <times/>
              <ci> k41 </ci>
              <ci> IKKIkBb </ci>
            </apply>
          </math>
                </kineticLaw>
      </reaction>
      <reaction id="v13" metaid="metaid_0000106" name="v13" reversible="false">
        <annotation>
	<rdf:RDF xmlns:rdf="http://www.w3.org/1999/02/22-rdf-syntax-ns#" xmlns:bqmodel="http://biomodels.net/model-qualifiers/" xmlns:bqbiol="http://biomodels.net/biology-qualifiers/">
            <rdf:Description rdf:about="#metaid_0000106">
	<bqbiol:isVersionOf>
	<rdf:Bag>
	<rdf:li rdf:resource="http://identifiers.org/go/GO:0006461"/>
	</rdf:Bag>
	</bqbiol:isVersionOf>
	</rdf:Description>
	
	</rdf:RDF>
	</annotation>
              <listOfReactants>
          <speciesReference metaid="_126389" species="NFkB"/>
          <speciesReference metaid="_126401" species="IKKIkBe"/>
        </listOfReactants>
        <listOfProducts>
          <speciesReference metaid="_126413" species="IKKIkBeNFkB"/>
        </listOfProducts>
        <kineticLaw metaid="_126425">
          <math xmlns="http://www.w3.org/1998/Math/MathML">          
            <apply>
              <times/>
              <ci> k13 </ci>
              <ci> IKKIkBe </ci>
              <ci> NFkB </ci>
            </apply>
          </math>
                </kineticLaw>
      </reaction>
      <reaction id="v14" metaid="metaid_0000107" name="v14" reversible="false">
        <annotation>
	<rdf:RDF xmlns:rdf="http://www.w3.org/1999/02/22-rdf-syntax-ns#" xmlns:bqmodel="http://biomodels.net/model-qualifiers/" xmlns:bqbiol="http://biomodels.net/biology-qualifiers/">
            <rdf:Description rdf:about="#metaid_0000107">
	<bqbiol:isVersionOf>
	<rdf:Bag>
	<rdf:li rdf:resource="http://identifiers.org/go/GO:0044257"/>
	</rdf:Bag>
	</bqbiol:isVersionOf>
	</rdf:Description>
	
	</rdf:RDF>
	</annotation>
              <listOfReactants>
          <speciesReference metaid="_126437" species="IKKIkBeNFkB"/>
        </listOfReactants>
        <listOfProducts>
          <speciesReference metaid="_126449" species="NFkB"/>
          <speciesReference metaid="_126461" species="IKK"/>
        </listOfProducts>
        <kineticLaw metaid="_126473">
          <math xmlns="http://www.w3.org/1998/Math/MathML">          
            <apply>
              <times/>
              <ci> k15 </ci>
              <ci> IKKIkBeNFkB </ci>
            </apply>
          </math>
                </kineticLaw>
      </reaction>
      <reaction id="v15" metaid="metaid_0000108" name="v15" reversible="false">
        <annotation>
	<rdf:RDF xmlns:rdf="http://www.w3.org/1999/02/22-rdf-syntax-ns#" xmlns:bqmodel="http://biomodels.net/model-qualifiers/" xmlns:bqbiol="http://biomodels.net/biology-qualifiers/">
            <rdf:Description rdf:about="#metaid_0000108">
	<bqbiol:isVersionOf>
	<rdf:Bag>
	<rdf:li rdf:resource="http://identifiers.org/go/GO:0043241"/>
	</rdf:Bag>
	</bqbiol:isVersionOf>
	</rdf:Description>
	
	</rdf:RDF>
	</annotation>
              <listOfReactants>
          <speciesReference metaid="_126485" species="IKKIkBeNFkB"/>
        </listOfReactants>
        <listOfProducts>
          <speciesReference metaid="_126497" species="NFkB"/>
          <speciesReference metaid="_126509" species="IKKIkBe"/>
        </listOfProducts>
        <kineticLaw metaid="_126521">
          <math xmlns="http://www.w3.org/1998/Math/MathML">          
            <apply>
              <times/>
              <ci> k14 </ci>
              <ci> IKKIkBeNFkB </ci>
            </apply>
          </math>
                </kineticLaw>
      </reaction>
      <reaction id="v16" metaid="metaid_0000109" name="v16" reversible="false">
        <annotation>
	<rdf:RDF xmlns:rdf="http://www.w3.org/1999/02/22-rdf-syntax-ns#" xmlns:bqmodel="http://biomodels.net/model-qualifiers/" xmlns:bqbiol="http://biomodels.net/biology-qualifiers/">
            <rdf:Description rdf:about="#metaid_0000109">
	<bqbiol:isVersionOf>
	<rdf:Bag>
	<rdf:li rdf:resource="http://identifiers.org/go/GO:0006461"/>
	</rdf:Bag>
	</bqbiol:isVersionOf>
	</rdf:Description>
	
	</rdf:RDF>
	</annotation>
              <listOfReactants>
          <speciesReference metaid="_126533" species="IkBe"/>
          <speciesReference metaid="_126545" species="IKK"/>
        </listOfReactants>
        <listOfProducts>
          <speciesReference metaid="_126557" species="IKKIkBe"/>
        </listOfProducts>
        <kineticLaw metaid="_126569">
          <math xmlns="http://www.w3.org/1998/Math/MathML">          
            <apply>
              <times/>
              <ci> k46 </ci>
              <ci> IKK </ci>
              <ci> IkBe </ci>
            </apply>
          </math>
                </kineticLaw>
      </reaction>
      <reaction id="v17" metaid="metaid_0000110" name="v17" reversible="false">
        <annotation>
	<rdf:RDF xmlns:rdf="http://www.w3.org/1999/02/22-rdf-syntax-ns#" xmlns:bqmodel="http://biomodels.net/model-qualifiers/" xmlns:bqbiol="http://biomodels.net/biology-qualifiers/">
            <rdf:Description rdf:about="#metaid_0000110">
	<bqbiol:isVersionOf>
	<rdf:Bag>
	<rdf:li rdf:resource="http://identifiers.org/go/GO:0044257"/>
	</rdf:Bag>
	</bqbiol:isVersionOf>
	</rdf:Description>
	
	</rdf:RDF>
	</annotation>
              <listOfReactants>
          <speciesReference metaid="_126581" species="IKKIkBe"/>
        </listOfReactants>
        <listOfProducts>
          <speciesReference metaid="_126593" species="IKK"/>
        </listOfProducts>
        <kineticLaw metaid="_126605">
          <math xmlns="http://www.w3.org/1998/Math/MathML">          
            <apply>
              <times/>
              <ci> k64 </ci>
              <ci> IKKIkBe </ci>
            </apply>
          </math>
                </kineticLaw>
      </reaction>
      <reaction id="v18" metaid="metaid_0000111" name="v18" reversible="false">
        <annotation>
	<rdf:RDF xmlns:rdf="http://www.w3.org/1999/02/22-rdf-syntax-ns#" xmlns:bqmodel="http://biomodels.net/model-qualifiers/" xmlns:bqbiol="http://biomodels.net/biology-qualifiers/">
            <rdf:Description rdf:about="#metaid_0000111">
	<bqbiol:isVersionOf>
	<rdf:Bag>
	<rdf:li rdf:resource="http://identifiers.org/go/GO:0043241"/>
	</rdf:Bag>
	</bqbiol:isVersionOf>
	</rdf:Description>
	
	</rdf:RDF>
	</annotation>
              <listOfReactants>
          <speciesReference metaid="_126617" species="IKKIkBe"/>
        </listOfReactants>
        <listOfProducts>
          <speciesReference metaid="_126629" species="IkBe"/>
          <speciesReference metaid="_126641" species="IKK"/>
        </listOfProducts>
        <kineticLaw metaid="_126653">
          <math xmlns="http://www.w3.org/1998/Math/MathML">          
            <apply>
              <times/>
              <ci> k47 </ci>
              <ci> IKKIkBe </ci>
            </apply>
          </math>
                </kineticLaw>
      </reaction>
      <reaction id="v19" metaid="metaid_0000112" name="v19" reversible="false">
        <annotation>
	<rdf:RDF xmlns:rdf="http://www.w3.org/1999/02/22-rdf-syntax-ns#" xmlns:bqmodel="http://biomodels.net/model-qualifiers/" xmlns:bqbiol="http://biomodels.net/biology-qualifiers/">
            <rdf:Description rdf:about="#metaid_0000112">
	<bqbiol:isVersionOf>
	<rdf:Bag>
	<rdf:li rdf:resource="http://identifiers.org/go/GO:0006461"/>
	</rdf:Bag>
	</bqbiol:isVersionOf>
	</rdf:Description>
	
	</rdf:RDF>
	</annotation>
              <listOfReactants>
          <speciesReference metaid="_126665" species="IkBaNFkB"/>
          <speciesReference metaid="_126677" species="IKK"/>
        </listOfReactants>
        <listOfProducts>
          <speciesReference metaid="_126689" species="IKKIkBaNFkB"/>
        </listOfProducts>
        <kineticLaw metaid="_126701">
          <math xmlns="http://www.w3.org/1998/Math/MathML">          
            <apply>
              <times/>
              <ci> k52 </ci>
              <ci> IKK </ci>
              <ci> IkBaNFkB </ci>
            </apply>
          </math>
                </kineticLaw>
      </reaction>
      <reaction id="v20" metaid="metaid_0000113" name="v20" reversible="false">
        <annotation>
	<rdf:RDF xmlns:rdf="http://www.w3.org/1999/02/22-rdf-syntax-ns#" xmlns:bqmodel="http://biomodels.net/model-qualifiers/" xmlns:bqbiol="http://biomodels.net/biology-qualifiers/">
            <rdf:Description rdf:about="#metaid_0000113">
	<bqbiol:isVersionOf>
	<rdf:Bag>
	<rdf:li rdf:resource="http://identifiers.org/go/GO:0043241"/>
	</rdf:Bag>
	</bqbiol:isVersionOf>
	</rdf:Description>
	
	</rdf:RDF>
	</annotation>
              <listOfReactants>
          <speciesReference metaid="_126713" species="IKKIkBaNFkB"/>
        </listOfReactants>
        <listOfProducts>
          <speciesReference metaid="_126725" species="IkBaNFkB"/>
          <speciesReference metaid="_126737" species="IKK"/>
        </listOfProducts>
        <kineticLaw metaid="_126749">
          <math xmlns="http://www.w3.org/1998/Math/MathML">          
            <apply>
              <times/>
              <ci> k53 </ci>
              <ci> IKKIkBaNFkB </ci>
            </apply>
          </math>
                </kineticLaw>
      </reaction>
      <reaction id="v21" metaid="metaid_0000114" name="v21" reversible="false">
        <annotation>
	<rdf:RDF xmlns:rdf="http://www.w3.org/1999/02/22-rdf-syntax-ns#" xmlns:bqmodel="http://biomodels.net/model-qualifiers/" xmlns:bqbiol="http://biomodels.net/biology-qualifiers/">
            <rdf:Description rdf:about="#metaid_0000114">
	<bqbiol:isVersionOf>
	<rdf:Bag>
	<rdf:li rdf:resource="http://identifiers.org/go/GO:0006461"/>
	</rdf:Bag>
	</bqbiol:isVersionOf>
	</rdf:Description>
	
	</rdf:RDF>
	</annotation>
              <listOfReactants>
          <speciesReference metaid="_126761" species="IkBbNFkB"/>
          <speciesReference metaid="_126773" species="IKK"/>
        </listOfReactants>
        <listOfProducts>
          <speciesReference metaid="_126785" species="IKKIkBbNFkB"/>
        </listOfProducts>
        <kineticLaw metaid="_126797">
          <math xmlns="http://www.w3.org/1998/Math/MathML">          
            <apply>
              <times/>
              <ci> k55 </ci>
              <ci> IKK </ci>
              <ci> IkBbNFkB </ci>
            </apply>
          </math>
                </kineticLaw>
      </reaction>
      <reaction id="v22" metaid="metaid_0000115" name="v22" reversible="false">
        <annotation>
	<rdf:RDF xmlns:rdf="http://www.w3.org/1999/02/22-rdf-syntax-ns#" xmlns:bqmodel="http://biomodels.net/model-qualifiers/" xmlns:bqbiol="http://biomodels.net/biology-qualifiers/">
            <rdf:Description rdf:about="#metaid_0000115">
	<bqbiol:isVersionOf>
	<rdf:Bag>
	<rdf:li rdf:resource="http://identifiers.org/go/GO:0043241"/>
	</rdf:Bag>
	</bqbiol:isVersionOf>
	</rdf:Description>
	
	</rdf:RDF>
	</annotation>
              <listOfReactants>
          <speciesReference metaid="_126809" species="IKKIkBbNFkB"/>
        </listOfReactants>
        <listOfProducts>
          <speciesReference metaid="_126821" species="IkBbNFkB"/>
          <speciesReference metaid="_126833" species="IKK"/>
        </listOfProducts>
        <kineticLaw metaid="_126845">
          <math xmlns="http://www.w3.org/1998/Math/MathML">          
            <apply>
              <times/>
              <ci> k56 </ci>
              <ci> IKKIkBbNFkB </ci>
            </apply>
          </math>
                </kineticLaw>
      </reaction>
      <reaction id="v23" metaid="metaid_0000116" name="v23" reversible="false">
        <annotation>
	<rdf:RDF xmlns:rdf="http://www.w3.org/1999/02/22-rdf-syntax-ns#" xmlns:bqmodel="http://biomodels.net/model-qualifiers/" xmlns:bqbiol="http://biomodels.net/biology-qualifiers/">
            <rdf:Description rdf:about="#metaid_0000116">
	<bqbiol:isVersionOf>
	<rdf:Bag>
	<rdf:li rdf:resource="http://identifiers.org/go/GO:0006461"/>
	</rdf:Bag>
	</bqbiol:isVersionOf>
	</rdf:Description>
	
	</rdf:RDF>
	</annotation>
              <listOfReactants>
          <speciesReference metaid="_126857" species="IKK"/>
          <speciesReference metaid="_126869" species="IkBeNFkB"/>
        </listOfReactants>
        <listOfProducts>
          <speciesReference metaid="_126881" species="IKKIkBeNFkB"/>
        </listOfProducts>
        <kineticLaw metaid="_126893">
          <math xmlns="http://www.w3.org/1998/Math/MathML">          
            <apply>
              <times/>
              <ci> k58 </ci>
              <ci> IKK </ci>
              <ci> IkBeNFkB </ci>
            </apply>
          </math>
                </kineticLaw>
      </reaction>
      <reaction id="v24" metaid="metaid_0000117" name="v24" reversible="false">
        <annotation>
	<rdf:RDF xmlns:rdf="http://www.w3.org/1999/02/22-rdf-syntax-ns#" xmlns:bqmodel="http://biomodels.net/model-qualifiers/" xmlns:bqbiol="http://biomodels.net/biology-qualifiers/">
            <rdf:Description rdf:about="#metaid_0000117">
	<bqbiol:isVersionOf>
	<rdf:Bag>
	<rdf:li rdf:resource="http://identifiers.org/go/GO:0043241"/>
	</rdf:Bag>
	</bqbiol:isVersionOf>
	</rdf:Description>
	
	</rdf:RDF>
	</annotation>
              <listOfReactants>
          <speciesReference metaid="_126905" species="IKKIkBeNFkB"/>
        </listOfReactants>
        <listOfProducts>
          <speciesReference metaid="_126917" species="IKK"/>
          <speciesReference metaid="_126929" species="IkBeNFkB"/>
        </listOfProducts>
        <kineticLaw metaid="_126941">
          <math xmlns="http://www.w3.org/1998/Math/MathML">          
            <apply>
              <times/>
              <ci> k59 </ci>
              <ci> IKKIkBeNFkB </ci>
            </apply>
          </math>
                </kineticLaw>
      </reaction>
      <reaction id="v25" metaid="metaid_0000118" name="v25" reversible="false">
        <annotation>
	<rdf:RDF xmlns:rdf="http://www.w3.org/1999/02/22-rdf-syntax-ns#" xmlns:bqmodel="http://biomodels.net/model-qualifiers/" xmlns:bqbiol="http://biomodels.net/biology-qualifiers/">
            <rdf:Description rdf:about="#metaid_0000118">
	<bqbiol:isVersionOf>
	<rdf:Bag>
	<rdf:li rdf:resource="http://identifiers.org/go/GO:0006461"/>
	</rdf:Bag>
	</bqbiol:isVersionOf>
	</rdf:Description>
	
	</rdf:RDF>
	</annotation>
              <listOfReactants>
          <speciesReference metaid="_126953" species="IkBa"/>
          <speciesReference metaid="_126965" species="NFkB"/>
        </listOfReactants>
        <listOfProducts>
          <speciesReference metaid="_126977" species="IkBaNFkB"/>
        </listOfProducts>
        <kineticLaw metaid="_126989">
          <math xmlns="http://www.w3.org/1998/Math/MathML">          
            <apply>
              <times/>
              <ci> k1 </ci>
              <ci> IkBa </ci>
              <ci> NFkB </ci>
            </apply>
          </math>
                </kineticLaw>
      </reaction>
      <reaction id="v26" metaid="metaid_0000119" name="v26" reversible="false">
        <annotation>
	<rdf:RDF xmlns:rdf="http://www.w3.org/1999/02/22-rdf-syntax-ns#" xmlns:bqmodel="http://biomodels.net/model-qualifiers/" xmlns:bqbiol="http://biomodels.net/biology-qualifiers/">
            <rdf:Description rdf:about="#metaid_0000119">
	<bqbiol:isVersionOf>
	<rdf:Bag>
	<rdf:li rdf:resource="http://identifiers.org/go/GO:0006351"/>
	</rdf:Bag>
	</bqbiol:isVersionOf>
	</rdf:Description>
	
	</rdf:RDF>
	</annotation>
              <listOfReactants>
          <speciesReference metaid="_127001" species="source" stoichiometry="2"/>
        </listOfReactants>
        <listOfProducts>
          <speciesReference metaid="_127013" species="IkBat"/>
          <speciesReference metaid="_127025" species="sink" stoichiometry="2"/>
        </listOfProducts>
        <listOfModifiers>
          <modifierSpeciesReference metaid="_127037" species="NFkBn"/>
        </listOfModifiers>
        <kineticLaw metaid="_127049">
          <math xmlns="http://www.w3.org/1998/Math/MathML">          
            <apply>
              <times/>
              <ci> k28 </ci>
              <ci> NFkBn </ci>
              <ci> NFkBn </ci>
            </apply>
          </math>
                </kineticLaw>
      </reaction>
      <reaction id="v27" metaid="metaid_0000120" name="v27" reversible="false">
        <annotation>
	<rdf:RDF xmlns:rdf="http://www.w3.org/1999/02/22-rdf-syntax-ns#" xmlns:bqmodel="http://biomodels.net/model-qualifiers/" xmlns:bqbiol="http://biomodels.net/biology-qualifiers/">
            <rdf:Description rdf:about="#metaid_0000120">
	<bqbiol:isVersionOf>
	<rdf:Bag>
	<rdf:li rdf:resource="http://identifiers.org/go/GO:0043241"/>
	</rdf:Bag>
	</bqbiol:isVersionOf>
	</rdf:Description>
	
	</rdf:RDF>
	</annotation>
              <listOfReactants>
          <speciesReference metaid="_127061" species="IkBaNFkB"/>
        </listOfReactants>
        <listOfProducts>
          <speciesReference metaid="_127073" species="IkBa"/>
          <speciesReference metaid="_127085" species="NFkB"/>
        </listOfProducts>
        <kineticLaw metaid="_127097">
          <math xmlns="http://www.w3.org/1998/Math/MathML">          
            <apply>
              <times/>
              <ci> k2 </ci>
              <ci> IkBaNFkB </ci>
            </apply>
          </math>
                </kineticLaw>
      </reaction>
      <reaction id="v28" metaid="metaid_0000121" name="v28" reversible="false">
        <annotation>
	<rdf:RDF xmlns:rdf="http://www.w3.org/1999/02/22-rdf-syntax-ns#" xmlns:bqmodel="http://biomodels.net/model-qualifiers/" xmlns:bqbiol="http://biomodels.net/biology-qualifiers/">
            <rdf:Description rdf:about="#metaid_0000121">
	<bqbiol:isVersionOf>
	<rdf:Bag>
	<rdf:li rdf:resource="http://identifiers.org/go/GO:0006461"/>
	</rdf:Bag>
	</bqbiol:isVersionOf>
	</rdf:Description>
	
	</rdf:RDF>
	</annotation>
              <listOfReactants>
          <speciesReference metaid="_127109" species="NFkBn"/>
          <speciesReference metaid="_127121" species="IkBan"/>
        </listOfReactants>
        <listOfProducts>
          <speciesReference metaid="_127133" species="IkBanNFkBn"/>
        </listOfProducts>
        <kineticLaw metaid="_127145">
          <math xmlns="http://www.w3.org/1998/Math/MathML">          
            <apply>
              <times/>
              <ci> k21 </ci>
              <ci> IkBan </ci>
              <ci> NFkBn </ci>
            </apply>
          </math>
                </kineticLaw>
      </reaction>
      <reaction id="v29" metaid="metaid_0000122" name="v29" reversible="false">
        <annotation>
	<rdf:RDF xmlns:rdf="http://www.w3.org/1999/02/22-rdf-syntax-ns#" xmlns:bqmodel="http://biomodels.net/model-qualifiers/" xmlns:bqbiol="http://biomodels.net/biology-qualifiers/">
            <rdf:Description rdf:about="#metaid_0000122">
	<bqbiol:isVersionOf>
	<rdf:Bag>
	<rdf:li rdf:resource="http://identifiers.org/go/GO:0043241"/>
	</rdf:Bag>
	</bqbiol:isVersionOf>
	</rdf:Description>
	
	</rdf:RDF>
	</annotation>
              <listOfReactants>
          <speciesReference metaid="_127156" species="IkBanNFkBn"/>
        </listOfReactants>
        <listOfProducts>
          <speciesReference metaid="_127169" species="NFkBn"/>
          <speciesReference metaid="_127181" species="IkBan"/>
        </listOfProducts>
        <kineticLaw metaid="_127192">
          <math xmlns="http://www.w3.org/1998/Math/MathML">          
            <apply>
              <times/>
              <ci> k22 </ci>
              <ci> IkBanNFkBn </ci>
            </apply>
          </math>
                </kineticLaw>
      </reaction>
      <reaction id="v30" metaid="metaid_0000123" name="v30" reversible="false">
        <annotation>
	<rdf:RDF xmlns:rdf="http://www.w3.org/1999/02/22-rdf-syntax-ns#" xmlns:bqmodel="http://biomodels.net/model-qualifiers/" xmlns:bqbiol="http://biomodels.net/biology-qualifiers/">
            <rdf:Description rdf:about="#metaid_0000123">
	<bqbiol:isVersionOf>
	<rdf:Bag>
	<rdf:li rdf:resource="http://identifiers.org/go/GO:0051168"/>
	</rdf:Bag>
	</bqbiol:isVersionOf>
	</rdf:Description>
	
	</rdf:RDF>
	</annotation>
              <listOfReactants>
          <speciesReference metaid="_127204" species="IkBanNFkBn"/>
        </listOfReactants>
        <listOfProducts>
          <speciesReference metaid="_127216" species="IkBaNFkB"/>
        </listOfProducts>
        <kineticLaw metaid="_127228">
          <math xmlns="http://www.w3.org/1998/Math/MathML">          
            <apply>
              <times/>
              <ci> k54 </ci>
              <ci> IkBanNFkBn </ci>
            </apply>
          </math>
                </kineticLaw>
      </reaction>
      <reaction id="v31" metaid="metaid_0000124" name="v31" reversible="false">
        <annotation>
	<rdf:RDF xmlns:rdf="http://www.w3.org/1999/02/22-rdf-syntax-ns#" xmlns:bqmodel="http://biomodels.net/model-qualifiers/" xmlns:bqbiol="http://biomodels.net/biology-qualifiers/">
            <rdf:Description rdf:about="#metaid_0000124">
	<bqbiol:isVersionOf>
	<rdf:Bag>
	<rdf:li rdf:resource="http://identifiers.org/go/GO:0044257"/>
	</rdf:Bag>
	</bqbiol:isVersionOf>
	</rdf:Description>
	
	</rdf:RDF>
	</annotation>
              <listOfReactants>
          <speciesReference metaid="_127240" species="IkBaNFkB"/>
        </listOfReactants>
        <listOfProducts>
          <speciesReference metaid="_127252" species="NFkB"/>
        </listOfProducts>
        <kineticLaw metaid="_127264">
          <math xmlns="http://www.w3.org/1998/Math/MathML">          
            <apply>
              <times/>
              <ci> k16 </ci>
              <ci> IkBaNFkB </ci>
            </apply>
          </math>
                </kineticLaw>
      </reaction>
      <reaction id="v32" metaid="metaid_0000125" name="v32" reversible="false">
        <annotation>
	<rdf:RDF xmlns:rdf="http://www.w3.org/1999/02/22-rdf-syntax-ns#" xmlns:bqmodel="http://biomodels.net/model-qualifiers/" xmlns:bqbiol="http://biomodels.net/biology-qualifiers/">
            <rdf:Description rdf:about="#metaid_0000125">
	<bqbiol:isVersionOf>
	<rdf:Bag>
	<rdf:li rdf:resource="http://identifiers.org/go/GO:0044257"/>
	</rdf:Bag>
	</bqbiol:isVersionOf>
	</rdf:Description>
	
	</rdf:RDF>
	</annotation>
              <listOfReactants>
          <speciesReference metaid="_127277" species="IkBat"/>
        </listOfReactants>
        <listOfProducts>
          <speciesReference metaid="_127288" species="sink"/>
        </listOfProducts>
        <kineticLaw metaid="_127300">
          <math xmlns="http://www.w3.org/1998/Math/MathML">          
            <apply>
              <times/>
              <ci> k29 </ci>
              <ci> IkBat </ci>
            </apply>
          </math>
                </kineticLaw>
      </reaction>
      <reaction id="v33" metaid="metaid_0000126" name="v33" reversible="false">
        <annotation>
	<rdf:RDF xmlns:rdf="http://www.w3.org/1999/02/22-rdf-syntax-ns#" xmlns:bqmodel="http://biomodels.net/model-qualifiers/" xmlns:bqbiol="http://biomodels.net/biology-qualifiers/">
            <rdf:Description rdf:about="#metaid_0000126">
	<bqbiol:isVersionOf>
	<rdf:Bag>
	<rdf:li rdf:resource="http://identifiers.org/go/GO:0051168"/>
	</rdf:Bag>
	</bqbiol:isVersionOf>
	</rdf:Description>
	
	</rdf:RDF>
	</annotation>
              <listOfReactants>
          <speciesReference metaid="_127312" species="IkBan"/>
        </listOfReactants>
        <listOfProducts>
          <speciesReference metaid="_127324" species="IkBa"/>
        </listOfProducts>
        <kineticLaw metaid="_127336">
          <math xmlns="http://www.w3.org/1998/Math/MathML">          
            <apply>
              <times/>
              <ci> k39 </ci>
              <ci> IkBan </ci>
            </apply>
          </math>
                </kineticLaw>
      </reaction>
      <reaction id="v34" metaid="metaid_0000127" name="v34" reversible="false">
        <annotation>
	<rdf:RDF xmlns:rdf="http://www.w3.org/1999/02/22-rdf-syntax-ns#" xmlns:bqmodel="http://biomodels.net/model-qualifiers/" xmlns:bqbiol="http://biomodels.net/biology-qualifiers/">
            <rdf:Description rdf:about="#metaid_0000127">
	<bqbiol:isVersionOf>
	<rdf:Bag>
	<rdf:li rdf:resource="http://identifiers.org/go/GO:0000060"/>
	</rdf:Bag>
	</bqbiol:isVersionOf>
	</rdf:Description>
	
	</rdf:RDF>
	</annotation>
              <listOfReactants>
          <speciesReference metaid="_127348" species="IkBa"/>
        </listOfReactants>
        <listOfProducts>
          <speciesReference metaid="_127360" species="IkBan"/>
        </listOfProducts>
        <kineticLaw metaid="_127372">
          <math xmlns="http://www.w3.org/1998/Math/MathML">          
            <apply>
              <times/>
              <ci> k38 </ci>
              <ci> IkBa </ci>
            </apply>
          </math>
                </kineticLaw>
      </reaction>
      <reaction id="v35" metaid="metaid_0000128" name="v35" reversible="false">
        <annotation>
	<rdf:RDF xmlns:rdf="http://www.w3.org/1999/02/22-rdf-syntax-ns#" xmlns:bqmodel="http://biomodels.net/model-qualifiers/" xmlns:bqbiol="http://biomodels.net/biology-qualifiers/">
            <rdf:Description rdf:about="#metaid_0000128">
	<bqbiol:isVersionOf>
	<rdf:Bag>
	<rdf:li rdf:resource="http://identifiers.org/go/GO:0006412"/>
	</rdf:Bag>
	</bqbiol:isVersionOf>
	</rdf:Description>
	
	</rdf:RDF>
	</annotation>
              <listOfReactants>
          <speciesReference metaid="_127384" species="source"/>
        </listOfReactants>
        <listOfProducts>
          <speciesReference metaid="_127396" species="IkBa"/>
          <speciesReference metaid="_127408" species="sink"/>
        </listOfProducts>
        <listOfModifiers>
          <modifierSpeciesReference metaid="_127420" species="IkBat"/>
        </listOfModifiers>
        <kineticLaw metaid="_127432">
          <math xmlns="http://www.w3.org/1998/Math/MathML">          
            <apply>
              <times/>
              <ci> k36 </ci>
              <ci> IkBat </ci>
            </apply>
          </math>
                </kineticLaw>
      </reaction>
      <reaction id="v36" metaid="metaid_0000129" name="v36" reversible="false">
        <annotation>
	<rdf:RDF xmlns:rdf="http://www.w3.org/1999/02/22-rdf-syntax-ns#" xmlns:bqmodel="http://biomodels.net/model-qualifiers/" xmlns:bqbiol="http://biomodels.net/biology-qualifiers/">
            <rdf:Description rdf:about="#metaid_0000129">
	<bqbiol:isVersionOf>
	<rdf:Bag>
	<rdf:li rdf:resource="http://identifiers.org/go/GO:0006461"/>
	</rdf:Bag>
	</bqbiol:isVersionOf>
	</rdf:Description>
	
	</rdf:RDF>
	</annotation>
              <listOfReactants>
          <speciesReference metaid="_127444" species="IkBb"/>
          <speciesReference metaid="_127456" species="NFkB"/>
        </listOfReactants>
        <listOfProducts>
          <speciesReference metaid="_127468" species="IkBbNFkB"/>
        </listOfProducts>
        <kineticLaw metaid="_127480">
          <math xmlns="http://www.w3.org/1998/Math/MathML">          
            <apply>
              <times/>
              <ci> k3 </ci>
              <ci> IkBb </ci>
              <ci> NFkB </ci>
            </apply>
          </math>
                </kineticLaw>
      </reaction>
      <reaction id="v37" metaid="metaid_0000130" name="v37" reversible="false">
        <annotation>
	<rdf:RDF xmlns:rdf="http://www.w3.org/1999/02/22-rdf-syntax-ns#" xmlns:bqmodel="http://biomodels.net/model-qualifiers/" xmlns:bqbiol="http://biomodels.net/biology-qualifiers/">
            <rdf:Description rdf:about="#metaid_0000130">
	<bqbiol:isVersionOf>
	<rdf:Bag>
	<rdf:li rdf:resource="http://identifiers.org/go/GO:0043241"/>
	</rdf:Bag>
	</bqbiol:isVersionOf>
	</rdf:Description>
	
	</rdf:RDF>
	</annotation>
              <listOfReactants>
          <speciesReference metaid="_127492" species="IkBbNFkB"/>
        </listOfReactants>
        <listOfProducts>
          <speciesReference metaid="_127504" species="IkBb"/>
          <speciesReference metaid="_127516" species="NFkB"/>
        </listOfProducts>
        <kineticLaw metaid="_127528">
          <math xmlns="http://www.w3.org/1998/Math/MathML">          
            <apply>
              <times/>
              <ci> k4 </ci>
              <ci> IkBbNFkB </ci>
            </apply>
          </math>
                </kineticLaw>
      </reaction>
      <reaction id="v38" metaid="metaid_0000131" name="v38" reversible="false">
        <annotation>
	<rdf:RDF xmlns:rdf="http://www.w3.org/1999/02/22-rdf-syntax-ns#" xmlns:bqmodel="http://biomodels.net/model-qualifiers/" xmlns:bqbiol="http://biomodels.net/biology-qualifiers/">
            <rdf:Description rdf:about="#metaid_0000131">
	<bqbiol:isVersionOf>
	<rdf:Bag>
	<rdf:li rdf:resource="http://identifiers.org/go/GO:0006461"/>
	</rdf:Bag>
	</bqbiol:isVersionOf>
	</rdf:Description>
	
	</rdf:RDF>
	</annotation>
              <listOfReactants>
          <speciesReference metaid="_127540" species="IkBbn"/>
          <speciesReference metaid="_127552" species="NFkBn"/>
        </listOfReactants>
        <listOfProducts>
          <speciesReference metaid="_127564" species="IkBbnNFkBn"/>
        </listOfProducts>
        <kineticLaw metaid="_127576">
          <math xmlns="http://www.w3.org/1998/Math/MathML">          
            <apply>
              <times/>
              <ci> k23 </ci>
              <ci> IkBbn </ci>
              <ci> NFkBn </ci>
            </apply>
          </math>
                </kineticLaw>
      </reaction>
      <reaction id="v39" metaid="metaid_0000132" name="v39" reversible="false">
        <annotation>
	<rdf:RDF xmlns:rdf="http://www.w3.org/1999/02/22-rdf-syntax-ns#" xmlns:bqmodel="http://biomodels.net/model-qualifiers/" xmlns:bqbiol="http://biomodels.net/biology-qualifiers/">
            <rdf:Description rdf:about="#metaid_0000132">
	<bqbiol:isVersionOf>
	<rdf:Bag>
	<rdf:li rdf:resource="http://identifiers.org/go/GO:0043241"/>
	</rdf:Bag>
	</bqbiol:isVersionOf>
	</rdf:Description>
	
	</rdf:RDF>
	</annotation>
              <listOfReactants>
          <speciesReference metaid="_127588" species="IkBbnNFkBn"/>
        </listOfReactants>
        <listOfProducts>
          <speciesReference metaid="_127600" species="IkBbn"/>
          <speciesReference metaid="_127612" species="NFkBn"/>
        </listOfProducts>
        <kineticLaw metaid="_127624">
          <math xmlns="http://www.w3.org/1998/Math/MathML">          
            <apply>
              <times/>
              <ci> k24 </ci>
              <ci> IkBbnNFkBn </ci>
            </apply>
          </math>
                </kineticLaw>
      </reaction>
      <reaction id="v40" metaid="metaid_0000133" name="v40" reversible="false">
        <annotation>
	<rdf:RDF xmlns:rdf="http://www.w3.org/1999/02/22-rdf-syntax-ns#" xmlns:bqmodel="http://biomodels.net/model-qualifiers/" xmlns:bqbiol="http://biomodels.net/biology-qualifiers/">
            <rdf:Description rdf:about="#metaid_0000133">
	<bqbiol:isVersionOf>
	<rdf:Bag>
	<rdf:li rdf:resource="http://identifiers.org/go/GO:0006611"/>
	</rdf:Bag>
	</bqbiol:isVersionOf>
	</rdf:Description>
	
	</rdf:RDF>
	</annotation>
              <listOfReactants>
          <speciesReference metaid="_127636" species="IkBbnNFkBn"/>
        </listOfReactants>
        <listOfProducts>
          <speciesReference metaid="_127648" species="IkBbNFkB"/>
        </listOfProducts>
        <kineticLaw metaid="_127660">
          <math xmlns="http://www.w3.org/1998/Math/MathML">          
            <apply>
              <times/>
              <ci> k57 </ci>
              <ci> IkBbnNFkBn </ci>
            </apply>
          </math>
                </kineticLaw>
      </reaction>
      <reaction id="v41" metaid="metaid_0000134" name="v41" reversible="false">
        <annotation>
	<rdf:RDF xmlns:rdf="http://www.w3.org/1999/02/22-rdf-syntax-ns#" xmlns:bqmodel="http://biomodels.net/model-qualifiers/" xmlns:bqbiol="http://biomodels.net/biology-qualifiers/">
            <rdf:Description rdf:about="#metaid_0000134">
	<bqbiol:isVersionOf>
	<rdf:Bag>
	<rdf:li rdf:resource="http://identifiers.org/go/GO:0044257"/>
	</rdf:Bag>
	</bqbiol:isVersionOf>
	</rdf:Description>
	
	</rdf:RDF>
	</annotation>
              <listOfReactants>
          <speciesReference metaid="_127672" species="IkBbNFkB"/>
        </listOfReactants>
        <listOfProducts>
          <speciesReference metaid="_127684" species="NFkB"/>
        </listOfProducts>
        <kineticLaw metaid="_127696">
          <math xmlns="http://www.w3.org/1998/Math/MathML">          
            <apply>
              <times/>
              <ci> k17 </ci>
              <ci> IkBbNFkB </ci>
            </apply>
          </math>
                </kineticLaw>
      </reaction>
      <reaction id="v42" metaid="metaid_0000135" name="v42" reversible="false">
        <annotation>
	<rdf:RDF xmlns:rdf="http://www.w3.org/1999/02/22-rdf-syntax-ns#" xmlns:bqmodel="http://biomodels.net/model-qualifiers/" xmlns:bqbiol="http://biomodels.net/biology-qualifiers/">
            <rdf:Description rdf:about="#metaid_0000135">
	<bqbiol:isVersionOf>
	<rdf:Bag>
	<rdf:li rdf:resource="http://identifiers.org/go/GO:0044257"/>
	</rdf:Bag>
	</bqbiol:isVersionOf>
	</rdf:Description>
	
	</rdf:RDF>
	</annotation>
              <listOfReactants>
          <speciesReference metaid="_127708" species="IkBbt"/>
        </listOfReactants>
        <listOfProducts>
          <speciesReference metaid="_127720" species="sink"/>
        </listOfProducts>
        <kineticLaw metaid="_127732">
          <math xmlns="http://www.w3.org/1998/Math/MathML">          
            <apply>
              <times/>
              <ci> k31 </ci>
              <ci> IkBbt </ci>
            </apply>
          </math>
                </kineticLaw>
      </reaction>
      <reaction id="v43" metaid="metaid_0000136" name="v43" reversible="false">
        <annotation>
	<rdf:RDF xmlns:rdf="http://www.w3.org/1999/02/22-rdf-syntax-ns#" xmlns:bqmodel="http://biomodels.net/model-qualifiers/" xmlns:bqbiol="http://biomodels.net/biology-qualifiers/">
            <rdf:Description rdf:about="#metaid_0000136">
	<bqbiol:isVersionOf>
	<rdf:Bag>
	<rdf:li rdf:resource="http://identifiers.org/go/GO:0006611"/>
	</rdf:Bag>
	</bqbiol:isVersionOf>
	</rdf:Description>
	
	</rdf:RDF>
	</annotation>
              <listOfReactants>
          <speciesReference metaid="_127744" species="IkBbn"/>
        </listOfReactants>
        <listOfProducts>
          <speciesReference metaid="_127756" species="IkBb"/>
        </listOfProducts>
        <kineticLaw metaid="_127768">
          <math xmlns="http://www.w3.org/1998/Math/MathML">          
            <apply>
              <times/>
              <ci> k45 </ci>
              <ci> IkBbn </ci>
            </apply>
          </math>
                </kineticLaw>
      </reaction>
      <reaction id="v44" metaid="metaid_0000137" name="v44" reversible="false">
        <annotation>
	<rdf:RDF xmlns:rdf="http://www.w3.org/1999/02/22-rdf-syntax-ns#" xmlns:bqmodel="http://biomodels.net/model-qualifiers/" xmlns:bqbiol="http://biomodels.net/biology-qualifiers/">
            <rdf:Description rdf:about="#metaid_0000137">
	<bqbiol:isVersionOf>
	<rdf:Bag>
	<rdf:li rdf:resource="http://identifiers.org/go/GO:0000060"/>
	</rdf:Bag>
	</bqbiol:isVersionOf>
	</rdf:Description>
	
	</rdf:RDF>
	</annotation>
              <listOfReactants>
          <speciesReference metaid="_127780" species="IkBb"/>
        </listOfReactants>
        <listOfProducts>
          <speciesReference metaid="_127792" species="IkBbn"/>
        </listOfProducts>
        <kineticLaw metaid="_127804">
          <math xmlns="http://www.w3.org/1998/Math/MathML">          
            <apply>
              <times/>
              <ci> k44 </ci>
              <ci> IkBb </ci>
            </apply>
          </math>
                </kineticLaw>
      </reaction>
      <reaction id="v45" metaid="metaid_0000138" name="v45" reversible="false">
        <listOfReactants>
          <speciesReference metaid="_127816" species="source"/>
        </listOfReactants>
        <listOfProducts>
          <speciesReference metaid="_127828" species="IkBb"/>
          <speciesReference metaid="_127840" species="sink"/>
        </listOfProducts>
        <listOfModifiers>
          <modifierSpeciesReference metaid="_127852" species="IkBbt"/>
        </listOfModifiers>
        <kineticLaw metaid="_127864">
          <math xmlns="http://www.w3.org/1998/Math/MathML">          
            <apply>
              <times/>
              <ci> k42 </ci>
              <ci> IkBbt </ci>
            </apply>
          </math>
                </kineticLaw>
      </reaction>
      <reaction id="v46" metaid="metaid_0000139" name="v46" reversible="false">
        <annotation>
	<rdf:RDF xmlns:rdf="http://www.w3.org/1999/02/22-rdf-syntax-ns#" xmlns:bqmodel="http://biomodels.net/model-qualifiers/" xmlns:bqbiol="http://biomodels.net/biology-qualifiers/">
            <rdf:Description rdf:about="#metaid_0000139">
	<bqbiol:isVersionOf>
	<rdf:Bag>
	<rdf:li rdf:resource="http://identifiers.org/go/GO:0006461"/>
	</rdf:Bag>
	</bqbiol:isVersionOf>
	</rdf:Description>
	
	</rdf:RDF>
	</annotation>
              <listOfReactants>
          <speciesReference metaid="_127876" species="NFkB"/>
          <speciesReference metaid="_127888" species="IkBe"/>
        </listOfReactants>
        <listOfProducts>
          <speciesReference metaid="_127900" species="IkBeNFkB"/>
        </listOfProducts>
        <kineticLaw metaid="_127912">
          <math xmlns="http://www.w3.org/1998/Math/MathML">          
            <apply>
              <times/>
              <ci> k5 </ci>
              <ci> IkBe </ci>
              <ci> NFkB </ci>
            </apply>
          </math>
                </kineticLaw>
      </reaction>
      <reaction id="v47" metaid="metaid_0000140" name="v47" reversible="false">
        <annotation>
	<rdf:RDF xmlns:rdf="http://www.w3.org/1999/02/22-rdf-syntax-ns#" xmlns:bqmodel="http://biomodels.net/model-qualifiers/" xmlns:bqbiol="http://biomodels.net/biology-qualifiers/">
            <rdf:Description rdf:about="#metaid_0000140">
	<bqbiol:isVersionOf>
	<rdf:Bag>
	<rdf:li rdf:resource="http://identifiers.org/go/GO:0043241"/>
	</rdf:Bag>
	</bqbiol:isVersionOf>
	</rdf:Description>
	
	</rdf:RDF>
	</annotation>
              <listOfReactants>
          <speciesReference metaid="_127924" species="IkBeNFkB"/>
        </listOfReactants>
        <listOfProducts>
          <speciesReference metaid="_127936" species="NFkB"/>
          <speciesReference metaid="_127948" species="IkBe"/>
        </listOfProducts>
        <kineticLaw metaid="_127960">
          <math xmlns="http://www.w3.org/1998/Math/MathML">          
            <apply>
              <times/>
              <ci> k6 </ci>
              <ci> IkBeNFkB </ci>
            </apply>
          </math>
                </kineticLaw>
      </reaction>
      <reaction id="v48" metaid="metaid_0000141" name="v48" reversible="false">
        <annotation>
	<rdf:RDF xmlns:rdf="http://www.w3.org/1999/02/22-rdf-syntax-ns#" xmlns:bqmodel="http://biomodels.net/model-qualifiers/" xmlns:bqbiol="http://biomodels.net/biology-qualifiers/">
            <rdf:Description rdf:about="#metaid_0000141">
	<bqbiol:isVersionOf>
	<rdf:Bag>
	<rdf:li rdf:resource="http://identifiers.org/go/GO:0006461"/>
	</rdf:Bag>
	</bqbiol:isVersionOf>
	</rdf:Description>
	
	</rdf:RDF>
	</annotation>
              <listOfReactants>
          <speciesReference metaid="_127972" species="NFkBn"/>
          <speciesReference metaid="_127984" species="IkBen"/>
        </listOfReactants>
        <listOfProducts>
          <speciesReference metaid="_127996" species="IkBenNFkBn"/>
        </listOfProducts>
        <kineticLaw metaid="_128008">
          <math xmlns="http://www.w3.org/1998/Math/MathML">          
            <apply>
              <times/>
              <ci> k25 </ci>
              <ci> IkBen </ci>
              <ci> NFkBn </ci>
            </apply>
          </math>
                </kineticLaw>
      </reaction>
      <reaction id="v49" metaid="metaid_0000142" name="v49" reversible="false">
        <annotation>
	<rdf:RDF xmlns:rdf="http://www.w3.org/1999/02/22-rdf-syntax-ns#" xmlns:bqmodel="http://biomodels.net/model-qualifiers/" xmlns:bqbiol="http://biomodels.net/biology-qualifiers/">
            <rdf:Description rdf:about="#metaid_0000142">
	<bqbiol:isVersionOf>
	<rdf:Bag>
	<rdf:li rdf:resource="http://identifiers.org/go/GO:0043241"/>
	</rdf:Bag>
	</bqbiol:isVersionOf>
	</rdf:Description>
	
	</rdf:RDF>
	</annotation>
              <listOfReactants>
          <speciesReference metaid="_128020" species="IkBenNFkBn"/>
        </listOfReactants>
        <listOfProducts>
          <speciesReference metaid="_128032" species="IkBen"/>
          <speciesReference metaid="_128044" species="NFkBn"/>
        </listOfProducts>
        <kineticLaw metaid="_128056">
          <math xmlns="http://www.w3.org/1998/Math/MathML">          
            <apply>
              <times/>
              <ci> k26 </ci>
              <ci> IkBenNFkBn </ci>
            </apply>
          </math>
                </kineticLaw>
      </reaction>
      <reaction id="v50" metaid="metaid_0000143" name="v50" reversible="false">
        <annotation>
	<rdf:RDF xmlns:rdf="http://www.w3.org/1999/02/22-rdf-syntax-ns#" xmlns:bqmodel="http://biomodels.net/model-qualifiers/" xmlns:bqbiol="http://biomodels.net/biology-qualifiers/">
            <rdf:Description rdf:about="#metaid_0000143">
	<bqbiol:isVersionOf>
	<rdf:Bag>
	<rdf:li rdf:resource="http://identifiers.org/go/GO:0006611"/>
	</rdf:Bag>
	</bqbiol:isVersionOf>
	</rdf:Description>
	
	</rdf:RDF>
	</annotation>
              <listOfReactants>
          <speciesReference metaid="_128068" species="IkBenNFkBn"/>
        </listOfReactants>
        <listOfProducts>
          <speciesReference metaid="_128080" species="IkBeNFkB"/>
        </listOfProducts>
        <kineticLaw metaid="_128092">
          <math xmlns="http://www.w3.org/1998/Math/MathML">          
            <apply>
              <times/>
              <ci> k60 </ci>
              <ci> IkBenNFkBn </ci>
            </apply>
          </math>
                </kineticLaw>
      </reaction>
      <reaction id="v51" metaid="metaid_0000144" name="v51" reversible="false">
        <annotation>
	<rdf:RDF xmlns:rdf="http://www.w3.org/1999/02/22-rdf-syntax-ns#" xmlns:bqmodel="http://biomodels.net/model-qualifiers/" xmlns:bqbiol="http://biomodels.net/biology-qualifiers/">
            <rdf:Description rdf:about="#metaid_0000144">
	<bqbiol:isVersionOf>
	<rdf:Bag>
	<rdf:li rdf:resource="http://identifiers.org/go/GO:0044257"/>
	</rdf:Bag>
	</bqbiol:isVersionOf>
	</rdf:Description>
	
	</rdf:RDF>
	</annotation>
              <listOfReactants>
          <speciesReference metaid="_128104" species="IkBeNFkB"/>
        </listOfReactants>
        <listOfProducts>
          <speciesReference metaid="_128116" species="NFkB"/>
        </listOfProducts>
        <kineticLaw metaid="_128128">
          <math xmlns="http://www.w3.org/1998/Math/MathML">          
            <apply>
              <times/>
              <ci> k18 </ci>
              <ci> IkBeNFkB </ci>
            </apply>
          </math>
                </kineticLaw>
      </reaction>
      <reaction id="v52" metaid="metaid_0000145" name="v52" reversible="false">
        <annotation>
	<rdf:RDF xmlns:rdf="http://www.w3.org/1999/02/22-rdf-syntax-ns#" xmlns:bqmodel="http://biomodels.net/model-qualifiers/" xmlns:bqbiol="http://biomodels.net/biology-qualifiers/">
            <rdf:Description rdf:about="#metaid_0000145">
	<bqbiol:isVersionOf>
	<rdf:Bag>
	<rdf:li rdf:resource="http://identifiers.org/go/GO:0044257"/>
	</rdf:Bag>
	</bqbiol:isVersionOf>
	</rdf:Description>
	
	</rdf:RDF>
	</annotation>
              <listOfReactants>
          <speciesReference metaid="_128140" species="IkBet"/>
        </listOfReactants>
        <listOfProducts>
          <speciesReference metaid="_128152" species="sink"/>
        </listOfProducts>
        <kineticLaw metaid="_128164">
          <math xmlns="http://www.w3.org/1998/Math/MathML">          
            <apply>
              <times/>
              <ci> k33 </ci>
              <ci> IkBet </ci>
            </apply>
          </math>
                </kineticLaw>
      </reaction>
      <reaction id="v53" metaid="metaid_0000146" name="v53" reversible="false">
        <annotation>
	<rdf:RDF xmlns:rdf="http://www.w3.org/1999/02/22-rdf-syntax-ns#" xmlns:bqmodel="http://biomodels.net/model-qualifiers/" xmlns:bqbiol="http://biomodels.net/biology-qualifiers/">
            <rdf:Description rdf:about="#metaid_0000146">
	<bqbiol:isVersionOf>
	<rdf:Bag>
	<rdf:li rdf:resource="http://identifiers.org/go/GO:0006611"/>
	</rdf:Bag>
	</bqbiol:isVersionOf>
	</rdf:Description>
	
	</rdf:RDF>
	</annotation>
              <listOfReactants>
          <speciesReference metaid="_128176" species="IkBen"/>
        </listOfReactants>
        <listOfProducts>
          <speciesReference metaid="_128188" species="IkBe"/>
        </listOfProducts>
        <kineticLaw metaid="_128200">
          <math xmlns="http://www.w3.org/1998/Math/MathML">          
            <apply>
              <times/>
              <ci> k51 </ci>
              <ci> IkBen </ci>
            </apply>
          </math>
                </kineticLaw>
      </reaction>
      <reaction id="v54" metaid="metaid_0000147" name="v54" reversible="false">
        <annotation>
	<rdf:RDF xmlns:rdf="http://www.w3.org/1999/02/22-rdf-syntax-ns#" xmlns:bqmodel="http://biomodels.net/model-qualifiers/" xmlns:bqbiol="http://biomodels.net/biology-qualifiers/">
            <rdf:Description rdf:about="#metaid_0000147">
	<bqbiol:isVersionOf>
	<rdf:Bag>
	<rdf:li rdf:resource="http://identifiers.org/go/GO:0000060"/>
	</rdf:Bag>
	</bqbiol:isVersionOf>
	</rdf:Description>
	
	</rdf:RDF>
	</annotation>
              <listOfReactants>
          <speciesReference metaid="_128212" species="IkBe"/>
        </listOfReactants>
        <listOfProducts>
          <speciesReference metaid="_128224" species="IkBen"/>
        </listOfProducts>
        <kineticLaw metaid="_128236">
          <math xmlns="http://www.w3.org/1998/Math/MathML">          
            <apply>
              <times/>
              <ci> k50 </ci>
              <ci> IkBe </ci>
            </apply>
          </math>
                </kineticLaw>
      </reaction>
      <reaction id="v55" metaid="metaid_0000148" name="v55" reversible="false">
        <listOfReactants>
          <speciesReference metaid="_128248" species="source"/>
        </listOfReactants>
        <listOfProducts>
          <speciesReference metaid="_128260" species="IkBe"/>
          <speciesReference metaid="_128272" species="sink"/>
        </listOfProducts>
        <listOfModifiers>
          <modifierSpeciesReference metaid="_128284" species="IkBet"/>
        </listOfModifiers>
        <kineticLaw metaid="_128296">
          <math xmlns="http://www.w3.org/1998/Math/MathML">          
            <apply>
              <times/>
              <ci> k48 </ci>
              <ci> IkBet </ci>
            </apply>
          </math>
                </kineticLaw>
      </reaction>
      <reaction id="v56" metaid="metaid_0000149" name="v56" reversible="false">
        <annotation>
	<rdf:RDF xmlns:rdf="http://www.w3.org/1999/02/22-rdf-syntax-ns#" xmlns:bqmodel="http://biomodels.net/model-qualifiers/" xmlns:bqbiol="http://biomodels.net/biology-qualifiers/">
            <rdf:Description rdf:about="#metaid_0000149">
	<bqbiol:isVersionOf>
	<rdf:Bag>
	<rdf:li rdf:resource="http://identifiers.org/go/GO:0006611"/>
	</rdf:Bag>
	</bqbiol:isVersionOf>
	</rdf:Description>
	
	</rdf:RDF>
	</annotation>
              <listOfReactants>
          <speciesReference metaid="_128308" species="NFkBn"/>
        </listOfReactants>
        <listOfProducts>
          <speciesReference metaid="_128320" species="NFkB"/>
        </listOfProducts>
        <kineticLaw metaid="_128332">
          <math xmlns="http://www.w3.org/1998/Math/MathML">          
            <apply>
              <times/>
              <ci> k20 </ci>
              <ci> NFkBn </ci>
            </apply>
          </math>
                </kineticLaw>
      </reaction>
      <reaction id="v57" metaid="metaid_0000150" name="v57" reversible="false">
        <annotation>
	<rdf:RDF xmlns:rdf="http://www.w3.org/1999/02/22-rdf-syntax-ns#" xmlns:bqmodel="http://biomodels.net/model-qualifiers/" xmlns:bqbiol="http://biomodels.net/biology-qualifiers/">
            <rdf:Description rdf:about="#metaid_0000150">
	<bqbiol:isVersionOf>
	<rdf:Bag>
	<rdf:li rdf:resource="http://identifiers.org/go/GO:0000060"/>
	</rdf:Bag>
	</bqbiol:isVersionOf>
	</rdf:Description>
	
	</rdf:RDF>
	</annotation>
              <listOfReactants>
          <speciesReference metaid="_128344" species="NFkB"/>
        </listOfReactants>
        <listOfProducts>
          <speciesReference metaid="_128356" species="NFkBn"/>
        </listOfProducts>
        <kineticLaw metaid="_128368">
          <math xmlns="http://www.w3.org/1998/Math/MathML">          
            <apply>
              <times/>
              <ci> k19 </ci>
              <ci> NFkB </ci>
            </apply>
          </math>
                </kineticLaw>
      </reaction>
      <reaction id="v58" metaid="metaid_0000151" name="v58" reversible="false">
        <annotation>
	<rdf:RDF xmlns:rdf="http://www.w3.org/1999/02/22-rdf-syntax-ns#" xmlns:bqmodel="http://biomodels.net/model-qualifiers/" xmlns:bqbiol="http://biomodels.net/biology-qualifiers/">
            <rdf:Description rdf:about="#metaid_0000151">
	<bqbiol:isVersionOf>
	<rdf:Bag>
	<rdf:li rdf:resource="http://identifiers.org/go/GO:0006351"/>
	</rdf:Bag>
	</bqbiol:isVersionOf>
	</rdf:Description>
	
	</rdf:RDF>
	</annotation>
              <listOfReactants>
          <speciesReference metaid="_128380" species="source"/>
        </listOfReactants>
        <listOfProducts>
          <speciesReference metaid="_128392" species="IkBat"/>
        </listOfProducts>
        <kineticLaw metaid="_128404">
          <math xmlns="http://www.w3.org/1998/Math/MathML">          
            <apply>
              <times/>
              <ci> k27 </ci>
              <ci> source </ci>
            </apply>
          </math>
                </kineticLaw>
      </reaction>
      <reaction id="v59" metaid="metaid_0000152" name="v59" reversible="false">
        <annotation>
	<rdf:RDF xmlns:rdf="http://www.w3.org/1999/02/22-rdf-syntax-ns#" xmlns:bqmodel="http://biomodels.net/model-qualifiers/" xmlns:bqbiol="http://biomodels.net/biology-qualifiers/">
            <rdf:Description rdf:about="#metaid_0000152">
	<bqbiol:isVersionOf>
	<rdf:Bag>
	<rdf:li rdf:resource="http://identifiers.org/go/GO:0006351"/>
	</rdf:Bag>
	</bqbiol:isVersionOf>
	</rdf:Description>
	
	</rdf:RDF>
	</annotation>
              <listOfReactants>
          <speciesReference metaid="_128416" species="source"/>
        </listOfReactants>
        <listOfProducts>
          <speciesReference metaid="_128428" species="IkBbt"/>
        </listOfProducts>
        <kineticLaw metaid="_128440">
          <math xmlns="http://www.w3.org/1998/Math/MathML">          
            <apply>
              <times/>
              <ci> k30 </ci>
              <ci> source </ci>
            </apply>
          </math>
                </kineticLaw>
      </reaction>
      <reaction id="v60" metaid="metaid_0000153" name="v60" reversible="false">
        <annotation>
	<rdf:RDF xmlns:rdf="http://www.w3.org/1999/02/22-rdf-syntax-ns#" xmlns:bqmodel="http://biomodels.net/model-qualifiers/" xmlns:bqbiol="http://biomodels.net/biology-qualifiers/">
            <rdf:Description rdf:about="#metaid_0000153">
	<bqbiol:isVersionOf>
	<rdf:Bag>
	<rdf:li rdf:resource="http://identifiers.org/go/GO:0006351"/>
	</rdf:Bag>
	</bqbiol:isVersionOf>
	</rdf:Description>
	
	</rdf:RDF>
	</annotation>
              <listOfReactants>
          <speciesReference metaid="_128452" species="source"/>
        </listOfReactants>
        <listOfProducts>
          <speciesReference metaid="_128464" species="IkBet"/>
        </listOfProducts>
        <kineticLaw metaid="_128476">
          <math xmlns="http://www.w3.org/1998/Math/MathML">          
            <apply>
              <times/>
              <ci> k32 </ci>
              <ci> source </ci>
            </apply>
          </math>
                </kineticLaw>
      </reaction>
      <reaction id="v61" metaid="metaid_0000154" name="v61" reversible="false">
        <annotation>
	<rdf:RDF xmlns:rdf="http://www.w3.org/1999/02/22-rdf-syntax-ns#" xmlns:bqmodel="http://biomodels.net/model-qualifiers/" xmlns:bqbiol="http://biomodels.net/biology-qualifiers/">
            <rdf:Description rdf:about="#metaid_0000154">
	<bqbiol:isVersionOf>
	<rdf:Bag>
	<rdf:li rdf:resource="http://identifiers.org/go/GO:0044257"/>
	</rdf:Bag>
	</bqbiol:isVersionOf>
	</rdf:Description>
	
	</rdf:RDF>
	</annotation>
              <listOfReactants>
          <speciesReference metaid="_128488" species="IkBa"/>
        </listOfReactants>
        <listOfProducts>
          <speciesReference metaid="_128500" species="sink"/>
        </listOfProducts>
        <kineticLaw metaid="_128512">
          <math xmlns="http://www.w3.org/1998/Math/MathML">          
            <apply>
              <times/>
              <ci> k37 </ci>
              <ci> IkBa </ci>
            </apply>
          </math>
                </kineticLaw>
      </reaction>
      <reaction id="v62" metaid="metaid_0000155" name="v62" reversible="false">
        <annotation>
	<rdf:RDF xmlns:rdf="http://www.w3.org/1999/02/22-rdf-syntax-ns#" xmlns:bqmodel="http://biomodels.net/model-qualifiers/" xmlns:bqbiol="http://biomodels.net/biology-qualifiers/">
            <rdf:Description rdf:about="#metaid_0000155">
	<bqbiol:isVersionOf>
	<rdf:Bag>
	<rdf:li rdf:resource="http://identifiers.org/go/GO:0044257"/>
	</rdf:Bag>
	</bqbiol:isVersionOf>
	</rdf:Description>
	
	</rdf:RDF>
	</annotation>
              <listOfReactants>
          <speciesReference metaid="_128524" species="IkBb"/>
        </listOfReactants>
        <listOfProducts>
          <speciesReference metaid="_128536" species="sink"/>
        </listOfProducts>
        <kineticLaw metaid="_128548">
          <math xmlns="http://www.w3.org/1998/Math/MathML">          
            <apply>
              <times/>
              <ci> k43 </ci>
              <ci> IkBb </ci>
            </apply>
          </math>
                </kineticLaw>
      </reaction>
      <reaction id="v63" metaid="metaid_0000156" name="v63" reversible="false">
        <annotation>
	<rdf:RDF xmlns:rdf="http://www.w3.org/1999/02/22-rdf-syntax-ns#" xmlns:bqmodel="http://biomodels.net/model-qualifiers/" xmlns:bqbiol="http://biomodels.net/biology-qualifiers/">
            <rdf:Description rdf:about="#metaid_0000156">
	<bqbiol:isVersionOf>
	<rdf:Bag>
	<rdf:li rdf:resource="http://identifiers.org/go/GO:0044257"/>
	</rdf:Bag>
	</bqbiol:isVersionOf>
	</rdf:Description>
	
	</rdf:RDF>
	</annotation>
              <listOfReactants>
          <speciesReference metaid="_128560" species="IkBe"/>
        </listOfReactants>
        <listOfProducts>
          <speciesReference metaid="_128572" species="sink"/>
        </listOfProducts>
        <kineticLaw metaid="_128584">
          <math xmlns="http://www.w3.org/1998/Math/MathML">          
            <apply>
              <times/>
              <ci> k49 </ci>
              <ci> IkBe </ci>
            </apply>
          </math>
                </kineticLaw>
      </reaction>
      <reaction id="v64" metaid="metaid_0000157" name="v64" reversible="false">
        <annotation>
	<rdf:RDF xmlns:rdf="http://www.w3.org/1999/02/22-rdf-syntax-ns#" xmlns:bqmodel="http://biomodels.net/model-qualifiers/" xmlns:bqbiol="http://biomodels.net/biology-qualifiers/">
            <rdf:Description rdf:about="#metaid_0000157">
	<bqbiol:isVersionOf>
	<rdf:Bag>
	<rdf:li rdf:resource="http://identifiers.org/go/GO:0044257"/>
	</rdf:Bag>
	</bqbiol:isVersionOf>
	</rdf:Description>
	
	</rdf:RDF>
	</annotation>
              <listOfReactants>
          <speciesReference metaid="_128596" species="IKK"/>
        </listOfReactants>
        <listOfProducts>
          <speciesReference metaid="_128608" species="sink"/>
        </listOfProducts>
        <kineticLaw metaid="_128620">
          <math xmlns="http://www.w3.org/1998/Math/MathML">          
            <apply>
              <times/>
              <ci> k61 </ci>
              <ci> IKK </ci>
            </apply>
          </math>
                </kineticLaw>
      </reaction>
    </listOfReactions>
  </model>
</sbml>
