<?xml version="1.0" encoding="UTF-8" standalone="no"?>
<sbml xmlns="http://www.sbml.org/sbml/level2/version4" level="2" metaid="metaid_0000001" version="4">
  <model id="Izhikevich2004_SpikingNeurons_integrator" metaid="metaid_0000002" name="Izhikevich2004_SpikingNeurons_integrator">
    <notes>
      <body xmlns="http://www.w3.org/1999/xhtml">
        <p>
      This a model from the article:
      <br/>
        <strong> Which model to use for cortical spiking neurons?
</strong>
        <br/>
Izhikevich, EM
      <em>Neural Networks, IEEE Transactions on</em>2004:15(5):1063-1070 
      <a href="http://www.ncbi.nlm.nih.gov/pubmed/15484883">15484883</a>,
      <br/>
        <strong>Abstract:</strong>
        <br/>
We discuss the biological plausibility and computational efficiency of some of the most useful models of spiking and bursting neurons. We compare their applicability to large-scale simulations of cortical neural networks.
      <br/></p>
        <p>The model is according to the paper<i>Which Model to Use for Cortical Spiking Neurons?</i> Figure1(L) integrator has been reproduced by MathSBML. The ODE and the parameters values are taken  from the a paper <i>Simple Model of Spiking Neurons</i>The original format of the models are encoded in the MATLAB format existed in the ModelDB with Accession number 39948 </p>
        <p>Figure1 are the simulation results of the same model with different choices of parameters and different stimulus function or events. a=0.02; b=-0.1; c=-55; d=6; V=-60; u=b*V;</p>
        <p>This model originates from BioModels Database: A Database of Annotated Published Models. It is copyright (c) 2005-2010 The BioModels Team.<br/>For more information see the <a href="http://www.ebi.ac.uk/biomodels/legal.html" target="_blank">terms of use</a>.<br/>To cite BioModels Database, please use <a href="http://www.pubmedcentral.nih.gov/articlerender.fcgi?tool=pubmed&amp;pubmedid=16381960" target="_blank">Le Novère N., Bornstein B., Broicher A., Courtot M., Donizelli M., Dharuri H., Li L., Sauro H., Schilstra M., Shapiro B., Snoep J.L., Hucka M. (2006) BioModels Database: A Free, Centralized Database of Curated, Published, Quantitative Kinetic Models of Biochemical and Cellular Systems Nucleic Acids Res., 34: D689-D691.</a>
      </p>
    </body>
  </notes>
    <annotation>
	<rdf:RDF xmlns:rdf="http://www.w3.org/1999/02/22-rdf-syntax-ns#" xmlns:dc="http://purl.org/dc/elements/1.1/" xmlns:vCard="http://www.w3.org/2001/vcard-rdf/3.0#" xmlns:dcterms="http://purl.org/dc/terms/" xmlns:bqmodel="http://biomodels.net/model-qualifiers/" xmlns:bqbiol="http://biomodels.net/biology-qualifiers/">
        <rdf:Description rdf:about="#metaid_0000002">
	<dc:creator>
	<rdf:Bag>
	<rdf:li rdf:parseType="Resource">
	<vCard:N rdf:parseType="Resource">
	<vCard:Family>He</vCard:Family>
	<vCard:Given>Enuo</vCard:Given>
	</vCard:N>
	<vCard:EMAIL>enuo@caltech.edu</vCard:EMAIL>
	<vCard:ORG rdf:parseType="Resource">
	<vCard:Orgname>BNMC</vCard:Orgname>
	</vCard:ORG>
	</rdf:li>
	</rdf:Bag>
	</dc:creator>
	<dcterms:created rdf:parseType="Resource">
	<dcterms:W3CDTF>2007-07-16T09:41:14Z</dcterms:W3CDTF>
	</dcterms:created>
	<dcterms:modified rdf:parseType="Resource">
	<dcterms:W3CDTF>2015-02-25T11:14:30Z</dcterms:W3CDTF>
	</dcterms:modified>
	<bqmodel:is>
	<rdf:Bag>
	<rdf:li rdf:resource="http://identifiers.org/biomodels.db/MODEL5572213333"/>
	</rdf:Bag>
	</bqmodel:is>
	<bqmodel:is>
	<rdf:Bag>
	<rdf:li rdf:resource="http://identifiers.org/biomodels.db/BIOMD0000000130"/>
	</rdf:Bag>
	</bqmodel:is>
	<bqmodel:isDescribedBy>
	<rdf:Bag>
	<rdf:li rdf:resource="http://identifiers.org/pubmed/15484883"/>
	</rdf:Bag>
	</bqmodel:isDescribedBy>
	<bqbiol:isVersionOf>
	<rdf:Bag>
	<rdf:li rdf:resource="http://identifiers.org/go/GO:0019228"/>
	</rdf:Bag>
	</bqbiol:isVersionOf>
	<bqbiol:hasTaxon>
	<rdf:Bag>
	<rdf:li rdf:resource="http://identifiers.org/taxonomy/40674"/>
	</rdf:Bag>
	</bqbiol:hasTaxon>
	</rdf:Description>
	
	</rdf:RDF>
	</annotation>
      <listOfCompartments>
      <compartment id="cell" metaid="metaid_0000003" size="1">
        <annotation>
	<rdf:RDF xmlns:rdf="http://www.w3.org/1999/02/22-rdf-syntax-ns#" xmlns:bqmodel="http://biomodels.net/model-qualifiers/" xmlns:bqbiol="http://biomodels.net/biology-qualifiers/">
            <rdf:Description rdf:about="#metaid_0000003">
	<bqbiol:isVersionOf>
	<rdf:Bag>
	<rdf:li rdf:resource="http://identifiers.org/go/GO:0005623"/>
	</rdf:Bag>
	</bqbiol:isVersionOf>
	</rdf:Description>
	
	</rdf:RDF>
	</annotation>
            </compartment>
    </listOfCompartments>
    <listOfParameters>
      <parameter id="a" metaid="metaid_0000004" value="0.02"/>
      <parameter id="b" metaid="metaid_0000005" value="-0.1"/>
      <parameter id="c" metaid="metaid_0000006" value="-55"/>
      <parameter id="d" metaid="metaid_0000007" value="6"/>
      <parameter id="Vthresh" metaid="metaid_0000011" value="30"/>
      <parameter constant="false" id="i" metaid="metaid_0000021" value="0"/>
      <parameter constant="false" id="v" metaid="metaid_0000023" value="-60"/>
      <parameter constant="false" id="u" metaid="metaid_0000024" value="6"/>
    </listOfParameters>
    <listOfRules>
      <rateRule metaid="metaid_0000025" variable="v">
        <notes>
        <p xmlns="http://www.w3.org/1999/xhtml">For this model, the ODE for "v" is different from the others. v'=0.04*v^2+4.1*v+108-u+i </p>
      </notes>
        <math xmlns="http://www.w3.org/1998/Math/MathML">        
          <apply>
            <plus/>
            <apply>
              <minus/>
              <apply>
                <plus/>
                <apply>
                  <times/>
                  <cn> 0.04 </cn>
                  <apply>
                    <power/>
                    <ci> v </ci>
                    <cn type="integer"> 2 </cn>
                  </apply>
                </apply>
                <apply>
                  <times/>
                  <cn> 4.1 </cn>
                  <ci> v </ci>
                </apply>
                <cn type="integer"> 108 </cn>
              </apply>
              <ci> u </ci>
            </apply>
            <ci> i </ci>
          </apply>
        </math>
            </rateRule>
      <rateRule metaid="metaid_0000026" variable="u">
        <math xmlns="http://www.w3.org/1998/Math/MathML">        
          <apply>
            <times/>
            <ci> a </ci>
            <apply>
              <minus/>
              <apply>
                <times/>
                <ci> b </ci>
                <ci> v </ci>
              </apply>
              <ci> u </ci>
            </apply>
          </apply>
        </math>
            </rateRule>
    </listOfRules>
    <listOfEvents>
      <event id="event_0000001" metaid="metaid_0000012">
        <trigger metaid="eb5d1c49-fbbe-4eb1-9fb8-0a221d1fc6ac">
          <math xmlns="http://www.w3.org/1998/Math/MathML">          
            <apply>
              <gt/>
              <ci> v </ci>
              <ci> Vthresh </ci>
            </apply>
          </math>
                </trigger>
        <listOfEventAssignments>
          <eventAssignment metaid="_460f3f4a-ba58-4ee3-a71e-4ab468dbebf3" variable="v">
            <math xmlns="http://www.w3.org/1998/Math/MathML">            
              <ci> c </ci>
            </math>
                    </eventAssignment>
          <eventAssignment metaid="c6525772-98e4-4a04-baf3-43cb11963b24" variable="u">
            <math xmlns="http://www.w3.org/1998/Math/MathML">            
              <apply>
                <plus/>
                <ci> u </ci>
                <ci> d </ci>
              </apply>
            </math>
                    </eventAssignment>
        </listOfEventAssignments>
      </event>
      <event id="event_0000002" metaid="metaid_0000019">
        <trigger metaid="_413be053-4e45-45ca-8809-aff115a1f82a">
          <math xmlns="http://www.w3.org/1998/Math/MathML">          
            <apply>
              <or/>
              <apply>
                <and/>
                <apply>
                  <gt/>
                  <csymbol encoding="text" definitionURL="http://www.sbml.org/sbml/symbols/time"> time </csymbol>
                  <cn type="integer"> 9 </cn>
                </apply>
                <apply>
                  <lt/>
                  <csymbol encoding="text" definitionURL="http://www.sbml.org/sbml/symbols/time"> time </csymbol>
                  <cn type="integer"> 11 </cn>
                </apply>
              </apply>
              <apply>
                <and/>
                <apply>
                  <gt/>
                  <csymbol encoding="text" definitionURL="http://www.sbml.org/sbml/symbols/time"> time </csymbol>
                  <cn type="integer"> 14 </cn>
                </apply>
                <apply>
                  <lt/>
                  <csymbol encoding="text" definitionURL="http://www.sbml.org/sbml/symbols/time"> time </csymbol>
                  <cn type="integer"> 16 </cn>
                </apply>
              </apply>
            </apply>
          </math>
                </trigger>
        <listOfEventAssignments>
          <eventAssignment metaid="b7ec48b2-d27c-4cff-9cc5-fe61892b9360" variable="i">
            <math xmlns="http://www.w3.org/1998/Math/MathML">            
              <cn type="integer"> 9 </cn>
            </math>
                    </eventAssignment>
        </listOfEventAssignments>
      </event>
      <event id="event_0000003" metaid="metaid_0000018">
        <trigger metaid="_7b7f2d30-f1a8-45cd-8339-4675a3c3295d">
          <math xmlns="http://www.w3.org/1998/Math/MathML">          
            <apply>
              <or/>
              <apply>
                <and/>
                <apply>
                  <gt/>
                  <csymbol encoding="text" definitionURL="http://www.sbml.org/sbml/symbols/time"> time </csymbol>
                  <cn type="integer"> 70 </cn>
                </apply>
                <apply>
                  <lt/>
                  <csymbol encoding="text" definitionURL="http://www.sbml.org/sbml/symbols/time"> time </csymbol>
                  <cn type="integer"> 72 </cn>
                </apply>
              </apply>
              <apply>
                <and/>
                <apply>
                  <gt/>
                  <csymbol encoding="text" definitionURL="http://www.sbml.org/sbml/symbols/time"> time </csymbol>
                  <cn type="integer"> 80 </cn>
                </apply>
                <apply>
                  <lt/>
                  <csymbol encoding="text" definitionURL="http://www.sbml.org/sbml/symbols/time"> time </csymbol>
                  <cn type="integer"> 82 </cn>
                </apply>
              </apply>
            </apply>
          </math>
                </trigger>
        <listOfEventAssignments>
          <eventAssignment metaid="_0524906c-bd71-4813-98c6-aae7f6fc3a90" variable="i">
            <math xmlns="http://www.w3.org/1998/Math/MathML">            
              <cn type="integer"> 9 </cn>
            </math>
                    </eventAssignment>
        </listOfEventAssignments>
      </event>
      <event id="event_0000004" metaid="metaid_0000020">
        <trigger metaid="a5ebb843-ce40-408e-aab8-ba297522a0cc">
          <math xmlns="http://www.w3.org/1998/Math/MathML">          
            <apply>
              <or/>
              <apply>
                <and/>
                <apply>
                  <geq/>
                  <csymbol encoding="text" definitionURL="http://www.sbml.org/sbml/symbols/time"> time </csymbol>
                  <cn type="integer"> 11 </cn>
                </apply>
                <apply>
                  <leq/>
                  <csymbol encoding="text" definitionURL="http://www.sbml.org/sbml/symbols/time"> time </csymbol>
                  <cn type="integer"> 14 </cn>
                </apply>
              </apply>
              <apply>
                <and/>
                <apply>
                  <geq/>
                  <csymbol encoding="text" definitionURL="http://www.sbml.org/sbml/symbols/time"> time </csymbol>
                  <cn type="integer"> 14 </cn>
                </apply>
                <apply>
                  <lt/>
                  <csymbol encoding="text" definitionURL="http://www.sbml.org/sbml/symbols/time"> time </csymbol>
                  <cn type="integer"> 16 </cn>
                </apply>
              </apply>
            </apply>
          </math>
                </trigger>
        <listOfEventAssignments>
          <eventAssignment metaid="_556ad5ee-2d97-41e5-91e7-a1f00f8c3ce5" variable="i">
            <math xmlns="http://www.w3.org/1998/Math/MathML">            
              <cn type="integer"> 0 </cn>
            </math>
                    </eventAssignment>
        </listOfEventAssignments>
      </event>
      <event id="event_0000005" metaid="metaid_0000022">
        <trigger metaid="dae1bed1-997f-45e0-b713-211f2d92ae64">
          <math xmlns="http://www.w3.org/1998/Math/MathML">          
            <apply>
              <or/>
              <apply>
                <and/>
                <apply>
                  <geq/>
                  <csymbol encoding="text" definitionURL="http://www.sbml.org/sbml/symbols/time"> time </csymbol>
                  <cn type="integer"> 16 </cn>
                </apply>
                <apply>
                  <leq/>
                  <csymbol encoding="text" definitionURL="http://www.sbml.org/sbml/symbols/time"> time </csymbol>
                  <cn type="integer"> 70 </cn>
                </apply>
              </apply>
              <apply>
                <and/>
                <apply>
                  <geq/>
                  <csymbol encoding="text" definitionURL="http://www.sbml.org/sbml/symbols/time"> time </csymbol>
                  <cn type="integer"> 72 </cn>
                </apply>
                <apply>
                  <leq/>
                  <csymbol encoding="text" definitionURL="http://www.sbml.org/sbml/symbols/time"> time </csymbol>
                  <cn type="integer"> 80 </cn>
                </apply>
              </apply>
              <apply>
                <geq/>
                <csymbol encoding="text" definitionURL="http://www.sbml.org/sbml/symbols/time"> time </csymbol>
                <cn type="integer"> 82 </cn>
              </apply>
            </apply>
          </math>
                </trigger>
        <listOfEventAssignments>
          <eventAssignment metaid="f00ab34e-5cab-4708-8104-4fa6c17d9785" variable="i">
            <math xmlns="http://www.w3.org/1998/Math/MathML">            
              <cn type="integer"> 0 </cn>
            </math>
                    </eventAssignment>
        </listOfEventAssignments>
      </event>
    </listOfEvents>
  </model>
</sbml>
