<?xml version="1.0" encoding="UTF-8" standalone="no"?>
<sbml xmlns="http://www.sbml.org/sbml/level2/version4" level="2" metaid="metaid_0000001" version="4">
  <model id="MODEL1302180000" metaid="metaid_0000002" name="Erguler2013 - Unfolded protein stress response">
    <notes>
      <body xmlns="http://www.w3.org/1999/xhtml">
        <div class="dc:title">Erguler2013 - Unfolded protein stress response</div>
            <div class="dc:description">      <p>The model investigates the mechanism by which UPR (unfolded protein response) outcome switches between survival and death.</p>
                </div>
            <div class="dc:bibliographicCitation">      <p>This model is described in the article:</p>
                <div class="bibo:title">        <a href="http://identifiers.org/pubmed/23433609" title="Access to this publication">A mathematical model of the unfolded protein stress response reveals the decision mechanism for recovery, adaptation and apoptosis.</a>
                    </div>
                <div class="bibo:authorList">Erguler K, Pieri M, Deltas C.</div>
                <div class="bibo:Journal">BMC Syst Biol. 2013 Feb 21;7(1):16.</div>
                <p>Abstract:</p>
                <div class="bibo:abstract">        <p>BACKGROUND: The unfolded protein response (UPR) is a major signalling cascade acting in the quality control ofprotein folding in the endoplasmic reticulum (ER). The cascade is known to play an accessory rolein a range of genetic and environmental disorders including neurodegenerative and cardiovasculardiseases, diabetes and kidney diseases. The three major receptors of the ER stress involved withthe UPR, i.e. IRE1a, PERK and ATF6, signal through a complex web of pathways to convey anappropriate response. The emerging behaviour ranges from adaptive to maladaptive depending on theseverity of unfolded protein accumulation in the ER; however, the decision mechanism for the switchand its timing have so far been poorly understood.</p>
                    <p>RESULTS:

Here, we propose a mechanism by which the UPR outcome switches between survival and death.We compose a mathematical model integrating the three signalling branches, and perform a comprehensivebifurcation analysis to investigate possible responses to stimuli. The analysis reveals threedistinct states of behaviour, low, high and intermediate activity, associated with stress adaptation, tolerance,and the initiation of apoptosis. The decision to adapt or destruct can, therefore, be understoodas a dynamic process where the balance between the stress and the folding capacity of the ER playsa pivotal role in managing the delivery of the most appropriate response. The model demonstratesfor the first time that the UPR is capable of generating oscillations in translation attenuation and theapoptotic signals, and this is supplemented with a Bayesian sensitivity analysis identifying a set ofparameters controlling this behaviour.</p>
                    <p>CONCLUSIONS:

This work contributes largely to the understanding of one of the most ubiquitous signalling pathwaysinvolved in protein folding quality control in the metazoan ER. The insights gained have direct consequenceson the management of many UPR-related diseases, revealing, in addition, an extended listof candidate disease modifiers. Demonstration of stress adaptation sheds light to how preconditioningmight be beneficial in manifesting the UPR outcome to prevent untimely apoptosis, and paves the wayto novel approaches for the treatment of many UPR-related conditions.</p>
                    </div>
                </div>
            <div class="bm:curation">      <p>In the paper, PERKA refers to the amount of phosphorylated PERK monomer. However, it refers to the active complex in the model. The complex with the model parameterization is formed of 4 monomers (n=4). So, the value of PERKA should be multiplied by 4, in order to generate the figures in the paper (eg. Figure 12).</p>
                <p>An additional parameter (tmr=10)) is used in the model. This parameter is not mentioned in the paper. The model values of kf(=10) and kr(=1) are not consistent with that of the paper (kf=100, kr=10, in the paper). However, this is corrected by the introduction of "tmr" in the model, which is multiplied with kf and kr to get the resulting values.</p>
                </div>
            <div class="bm:modification">      <p>The term "tmr" was missing in the kinetic laws of the reactions reu7 and reu8, in the original model. This has been corrected as per the author's request.</p>
                </div>
            <div class="dc:publisher">      <p>This model is hosted on        <a href="http://www.ebi.ac.uk/biomodels/">BioModels Database</a>
            and identified
by:        <a href="http://identifiers.org/biomodels.db/MODEL1302180000">MODEL1302180000</a>
            .        </p>
                <p>To cite BioModels Database, please use:        <a href="http://identifiers.org/pubmed/20587024" title="Latest BioModels Database publication">BioModels Database: An enhanced, curated and annotated resource
for published quantitative kinetic models</a>
            .        </p>
                </div>
            <div class="dc:license">      <p>To the extent possible under law, all copyright and related or
neighbouring rights to this encoded model have been dedicated to the public
domain worldwide. Please refer to        <a href="http://creativecommons.org/publicdomain/zero/1.0/" title="Access to: CC0 1.0 Universal (CC0 1.0), Public Domain Dedication">CC0 Public Domain
Dedication</a>
            for more information.        </p>
                </div>
            </body>
      
    </notes>
    <annotation>
      <rdf:RDF xmlns:rdf="http://www.w3.org/1999/02/22-rdf-syntax-ns#" xmlns:bqmodel="http://biomodels.net/model-qualifiers/" xmlns:vCard="http://www.w3.org/2001/vcard-rdf/3.0#" xmlns:dc="http://purl.org/dc/elements/1.1/" xmlns:dcterms="http://purl.org/dc/terms/" xmlns:bqbiol="http://biomodels.net/biology-qualifiers/">
        <rdf:Description rdf:about="#metaid_0000002">
	<dc:creator>
	<rdf:Bag>
	<rdf:li rdf:parseType="Resource">
	<vCard:N rdf:parseType="Resource">
	<vCard:Family>Chelliah</vCard:Family>
	<vCard:Given>Vijayalakshmi</vCard:Given>
	</vCard:N>
	<vCard:EMAIL>viji@ebi.ac.uk</vCard:EMAIL>
	<vCard:ORG rdf:parseType="Resource">
	<vCard:Orgname>EMBL-EBI</vCard:Orgname>
	</vCard:ORG>
	</rdf:li>
	<rdf:li rdf:parseType="Resource">
	<vCard:N rdf:parseType="Resource">
	<vCard:Family>Erguler</vCard:Family>
	<vCard:Given>Kamil</vCard:Given>
	</vCard:N>
	<vCard:EMAIL>erguler.kamil@ucy.ac.cy</vCard:EMAIL>
	<vCard:ORG rdf:parseType="Resource">
	<vCard:Orgname>University of Cyprus</vCard:Orgname>
	</vCard:ORG>
	</rdf:li>
	</rdf:Bag>
	</dc:creator>
	<dcterms:created rdf:parseType="Resource">
	<dcterms:W3CDTF>2013-03-25T12:25:08Z</dcterms:W3CDTF>
	</dcterms:created>
	<dcterms:modified rdf:parseType="Resource">
	<dcterms:W3CDTF>2013-05-20T11:06:47Z</dcterms:W3CDTF>
	</dcterms:modified>
	<bqmodel:is>
	<rdf:Bag>
	<rdf:li rdf:resource="http://identifiers.org/biomodels.db/MODEL1302180000"/>
	</rdf:Bag>
	</bqmodel:is>
	<bqmodel:is>
	<rdf:Bag>
	<rdf:li rdf:resource="http://identifiers.org/biomodels.db/BIOMD0000000446"/>
	</rdf:Bag>
	</bqmodel:is>
	<bqmodel:isDescribedBy>
	<rdf:Bag>
	<rdf:li rdf:resource="http://identifiers.org/pubmed/23433609"/>
	</rdf:Bag>
	</bqmodel:isDescribedBy>
	<bqbiol:hasTaxon>
	<rdf:Bag>
	<rdf:li rdf:resource="http://identifiers.org/taxonomy/131567"/>
	</rdf:Bag>
	</bqbiol:hasTaxon>
	<bqbiol:isVersionOf>
	<rdf:Bag>
	<rdf:li rdf:resource="http://identifiers.org/go/GO:0030968"/>
	</rdf:Bag>
	</bqbiol:isVersionOf>
	</rdf:Description>
	
      </rdf:RDF>
    </annotation>
      <listOfFunctionDefinitions>
      <functionDefinition id="EMM" metaid="metaid_0000003" name="EMM">
        <math xmlns="http://www.w3.org/1998/Math/MathML">        
          <lambda>
            <bvar>
              <ci> St </ci>
            </bvar>
            <bvar>
              <ci> Et </ci>
            </bvar>
            <bvar>
              <ci> Km </ci>
            </bvar>
            <bvar>
              <ci> kcat </ci>
            </bvar>
            <apply>
              <times/>
              <cn> 0.5 </cn>
              <ci> kcat </ci>
              <apply>
                <minus/>
                <apply>
                  <plus/>
                  <ci> St </ci>
                  <ci> Et </ci>
                  <ci> Km </ci>
                </apply>
                <apply>
                  <root/>
                  <degree>
                    <cn type="integer"> 2 </cn>
                  </degree>
                  <apply>
                    <minus/>
                    <apply>
                      <power/>
                      <apply>
                        <plus/>
                        <ci> St </ci>
                        <ci> Et </ci>
                        <ci> Km </ci>
                      </apply>
                      <cn type="integer"> 2 </cn>
                    </apply>
                    <apply>
                      <times/>
                      <cn> 4 </cn>
                      <ci> St </ci>
                      <ci> Et </ci>
                    </apply>
                  </apply>
                </apply>
              </apply>
            </apply>
          </lambda>
        </math>
            </functionDefinition>
      <functionDefinition id="Gamma" metaid="metaid_0000004" name="Gamma">
        <math xmlns="http://www.w3.org/1998/Math/MathML">        
          <lambda>
            <bvar>
              <ci> v </ci>
            </bvar>
            <bvar>
              <ci> u </ci>
            </bvar>
            <bvar>
              <ci> J </ci>
            </bvar>
            <bvar>
              <ci> K </ci>
            </bvar>
            <apply>
              <plus/>
              <apply>
                <minus/>
                <ci> v </ci>
                <ci> u </ci>
              </apply>
              <apply>
                <times/>
                <ci> v </ci>
                <ci> J </ci>
              </apply>
              <apply>
                <times/>
                <ci> u </ci>
                <ci> K </ci>
              </apply>
            </apply>
          </lambda>
        </math>
            </functionDefinition>
      <functionDefinition id="fGK" metaid="metaid_0000005" name="fGK">
        <math xmlns="http://www.w3.org/1998/Math/MathML">        
          <lambda>
            <bvar>
              <ci> v </ci>
            </bvar>
            <bvar>
              <ci> u </ci>
            </bvar>
            <bvar>
              <ci> J </ci>
            </bvar>
            <bvar>
              <ci> K </ci>
            </bvar>
            <piecewise>
              <piece>
                <cn type="integer"> 0 </cn>
                <apply>
                  <and/>
                  <apply>
                    <eq/>
                    <ci> v </ci>
                    <cn type="integer"> 0 </cn>
                  </apply>
                  <apply>
                    <eq/>
                    <ci> u </ci>
                    <cn type="integer"> 0 </cn>
                  </apply>
                </apply>
              </piece>
              <otherwise>
                <apply>
                  <divide/>
                  <apply>
                    <times/>
                    <cn type="integer"> 2 </cn>
                    <ci> u </ci>
                    <ci> K </ci>
                  </apply>
                  <apply>
                    <plus/>
                    <apply>
                      <ci> Gamma </ci>
                      <ci> v </ci>
                      <ci> u </ci>
                      <ci> J </ci>
                      <ci> K </ci>
                    </apply>
                    <apply>
                      <root/>
                      <degree>
                        <cn type="integer"> 2 </cn>
                      </degree>
                      <apply>
                        <minus/>
                        <apply>
                          <power/>
                          <apply>
                            <ci> Gamma </ci>
                            <ci> v </ci>
                            <ci> u </ci>
                            <ci> J </ci>
                            <ci> K </ci>
                          </apply>
                          <cn type="integer"> 2 </cn>
                        </apply>
                        <apply>
                          <times/>
                          <cn type="integer"> 4 </cn>
                          <apply>
                            <minus/>
                            <ci> v </ci>
                            <ci> u </ci>
                          </apply>
                          <ci> u </ci>
                          <ci> K </ci>
                        </apply>
                      </apply>
                    </apply>
                  </apply>
                </apply>
              </otherwise>
            </piecewise>
          </lambda>
        </math>
            </functionDefinition>
    </listOfFunctionDefinitions>
    <listOfUnitDefinitions>
      <unitDefinition id="substance" metaid="metaid_0000006" name="acu">
        <listOfUnits>
          <unit kind="mole" metaid="_280b916e_b51d_4ccb_bcfe_694ed3b4f050"/>
        </listOfUnits>
      </unitDefinition>
      <unitDefinition id="volume" metaid="metaid_0000007" name="volume">
        <listOfUnits>
          <unit kind="litre" metaid="ce3c2238_4dfe_47d0_804a_b0d9a6d52d6d"/>
        </listOfUnits>
      </unitDefinition>
      <unitDefinition id="time" metaid="metaid_0000010" name="atu">
        <listOfUnits>
          <unit kind="second" metaid="_689017e1_cca7_4764_a60e_1b0a3651185b"/>
        </listOfUnits>
      </unitDefinition>
      <unitDefinition id="rate" metaid="metaid_0000208" name="aru = acu.atu^-1">
        <listOfUnits>
          <unit kind="mole" metaid="_40acee5b_3999_40db_a020_fbf207c0c1f4"/>
          <unit exponent="-1" kind="second" metaid="_807e1a54_466f_4c94_a101_47297b61a75b"/>
        </listOfUnits>
      </unitDefinition>
      <unitDefinition id="rate2" metaid="metaid_0000209" name="aru2 = acu^-1.atu^-1">
        <listOfUnits>
          <unit exponent="-1" kind="mole" metaid="cb14721d_cb18_4fac_94cb_f52b7b68688f"/>
          <unit exponent="-1" kind="second" metaid="_93ffd56e_68aa_4876_b7a7_e61a9c671696"/>
        </listOfUnits>
      </unitDefinition>
      <unitDefinition id="rate1" metaid="metaid_0000210" name="aru1 = atu^-1">
        <listOfUnits>
          <unit exponent="-1" kind="second" metaid="_126f276d_e057_45dc_abba_900be45152a8"/>
        </listOfUnits>
      </unitDefinition>
      <unitDefinition id="substance1" metaid="metaid_0000212" name="acu1 = acu^-1">
        <listOfUnits>
          <unit exponent="-1" kind="mole" metaid="_0014e027_cd1a_4202_82b0_27722cb00124"/>
        </listOfUnits>
      </unitDefinition>
      <unitDefinition id="rate3" metaid="metaid_0000213" name="aru3 = acu^-3.atu^-1">
        <listOfUnits>
          <unit exponent="-3" kind="mole" metaid="_970b7745_9b68_4cc5_89ef_cf3b51f1961c"/>
          <unit exponent="-1" kind="second" metaid="_6b91b23c_eae6_458e_bdd2_f6eee6abc59e"/>
        </listOfUnits>
      </unitDefinition>
    </listOfUnitDefinitions>
    <listOfCompartments>
      <compartment id="ERlumen" metaid="metaid_0000104" size="1" units="volume"/>
      <compartment id="cytoplasm" metaid="metaid_0000105" size="1" units="volume"/>
      <compartment id="Golgi" metaid="metaid_0000106" size="1" units="volume"/>
      <compartment id="mitochondria" metaid="metaid_0000107" size="1" units="volume"/>
    </listOfCompartments>
    <listOfSpecies>
      <species compartment="ERlumen" hasOnlySubstanceUnits="true" id="UFPT" initialAmount="0" metaid="metaid_0000108" name="UFPT" substanceUnits="substance"/>
      <species compartment="ERlumen" hasOnlySubstanceUnits="true" id="BiUFP" initialAmount="0" metaid="metaid_0000109" name="BiUFP" substanceUnits="substance"/>
      <species compartment="ERlumen" hasOnlySubstanceUnits="true" id="BiRE1" initialAmount="0" metaid="metaid_0000110" name="BiRE1" substanceUnits="substance"/>
      <species compartment="ERlumen" hasOnlySubstanceUnits="true" id="BiATF" initialAmount="0" metaid="metaid_0000111" name="BiATF" substanceUnits="substance"/>
      <species compartment="ERlumen" hasOnlySubstanceUnits="true" id="BiPER" initialAmount="0" metaid="metaid_0000112" name="BiPER" substanceUnits="substance"/>
      <species compartment="ERlumen" hasOnlySubstanceUnits="true" id="IRE1A" initialAmount="0" metaid="metaid_0000113" name="IRE1A" substanceUnits="substance"/>
      <species compartment="ERlumen" hasOnlySubstanceUnits="true" id="PERKA" initialAmount="0" metaid="metaid_0000114" name="PERKA" substanceUnits="substance"/>
      <species compartment="cytoplasm" hasOnlySubstanceUnits="true" id="mXbp1u" initialAmount="0" metaid="metaid_0000115" name="mXbp1u" substanceUnits="substance"/>
      <species compartment="cytoplasm" hasOnlySubstanceUnits="true" id="mXbp1s" initialAmount="0" metaid="metaid_0000116" name="mXbp1s" substanceUnits="substance"/>
      <species compartment="cytoplasm" hasOnlySubstanceUnits="true" id="Xbp1s" initialAmount="0" metaid="metaid_0000117" name="Xbp1s" substanceUnits="substance">
        <annotation>
          <rdf:RDF xmlns:rdf="http://www.w3.org/1999/02/22-rdf-syntax-ns#" xmlns:bqmodel="http://biomodels.net/model-qualifiers/" xmlns:bqbiol="http://biomodels.net/biology-qualifiers/">
            <rdf:Description rdf:about="#metaid_0000117">
	<bqbiol:is>
	<rdf:Bag>
	<rdf:li rdf:resource="http://identifiers.org/uniprot/P17861"/>
	</rdf:Bag>
	</bqbiol:is>
	</rdf:Description>
	
          </rdf:RDF>
        </annotation>
            </species>
      <species compartment="cytoplasm" hasOnlySubstanceUnits="true" id="mBiPT" initialAmount="0" metaid="metaid_0000118" name="mBiPT" substanceUnits="substance"/>
      <species compartment="ERlumen" hasOnlySubstanceUnits="true" id="BiPT" initialAmount="0" metaid="metaid_0000119" name="BiPT" substanceUnits="substance"/>
      <species compartment="ERlumen" hasOnlySubstanceUnits="true" id="ATF6T" initialAmount="0" metaid="metaid_0000120" name="ATF6T" substanceUnits="substance"/>
      <species compartment="Golgi" hasOnlySubstanceUnits="true" id="ATF6GB" initialAmount="0" metaid="metaid_0000121" name="ATF6GB" substanceUnits="substance"/>
      <species compartment="cytoplasm" hasOnlySubstanceUnits="true" id="ATF6p50" initialAmount="0" metaid="metaid_0000122" name="ATF6p50" substanceUnits="substance"/>
      <species compartment="cytoplasm" hasOnlySubstanceUnits="true" id="mWFS1" initialAmount="0" metaid="metaid_0000123" name="mWFS1" substanceUnits="substance"/>
      <species compartment="ERlumen" hasOnlySubstanceUnits="true" id="WFS1" initialAmount="0" metaid="metaid_0000124" name="WFS1" substanceUnits="substance">
        <annotation>
          <rdf:RDF xmlns:rdf="http://www.w3.org/1999/02/22-rdf-syntax-ns#" xmlns:bqmodel="http://biomodels.net/model-qualifiers/" xmlns:bqbiol="http://biomodels.net/biology-qualifiers/">
            <rdf:Description rdf:about="#metaid_0000124">
	<bqbiol:is>
	<rdf:Bag>
	<rdf:li rdf:resource="http://identifiers.org/uniprot/O76024"/>
	</rdf:Bag>
	</bqbiol:is>
	</rdf:Description>
	
          </rdf:RDF>
        </annotation>
            </species>
      <species compartment="cytoplasm" hasOnlySubstanceUnits="true" id="ATF4" initialAmount="0" metaid="metaid_0000125" name="ATF4" substanceUnits="substance">
        <annotation>
          <rdf:RDF xmlns:rdf="http://www.w3.org/1999/02/22-rdf-syntax-ns#" xmlns:bqmodel="http://biomodels.net/model-qualifiers/" xmlns:bqbiol="http://biomodels.net/biology-qualifiers/">
            <rdf:Description rdf:about="#metaid_0000125">
	<bqbiol:is>
	<rdf:Bag>
	<rdf:li rdf:resource="http://identifiers.org/uniprot/P18848"/>
	</rdf:Bag>
	</bqbiol:is>
	</rdf:Description>
	
          </rdf:RDF>
        </annotation>
            </species>
      <species compartment="cytoplasm" hasOnlySubstanceUnits="true" id="mCHOP" initialAmount="0" metaid="metaid_0000126" name="mCHOP" substanceUnits="substance"/>
      <species compartment="cytoplasm" hasOnlySubstanceUnits="true" id="CHOP" initialAmount="0" metaid="metaid_0000127" name="CHOP" substanceUnits="substance">
        <annotation>
          <rdf:RDF xmlns:rdf="http://www.w3.org/1999/02/22-rdf-syntax-ns#" xmlns:bqmodel="http://biomodels.net/model-qualifiers/" xmlns:bqbiol="http://biomodels.net/biology-qualifiers/">
            <rdf:Description rdf:about="#metaid_0000127">
	<bqbiol:is>
	<rdf:Bag>
	<rdf:li rdf:resource="http://identifiers.org/uniprot/P35638"/>
	</rdf:Bag>
	</bqbiol:is>
	</rdf:Description>
	
          </rdf:RDF>
        </annotation>
            </species>
      <species compartment="cytoplasm" hasOnlySubstanceUnits="true" id="mGADD34" initialAmount="0" metaid="metaid_0000128" name="mGADD34" substanceUnits="substance"/>
      <species compartment="cytoplasm" hasOnlySubstanceUnits="true" id="GADD34" initialAmount="0" metaid="metaid_0000129" name="GADD34" substanceUnits="substance">
        <annotation>
          <rdf:RDF xmlns:rdf="http://www.w3.org/1999/02/22-rdf-syntax-ns#" xmlns:bqmodel="http://biomodels.net/model-qualifiers/" xmlns:bqbiol="http://biomodels.net/biology-qualifiers/">
            <rdf:Description rdf:about="#metaid_0000129">
	<bqbiol:is>
	<rdf:Bag>
	<rdf:li rdf:resource="http://identifiers.org/uniprot/O75807"/>
	</rdf:Bag>
	</bqbiol:is>
	</rdf:Description>
	
          </rdf:RDF>
        </annotation>
            </species>
      <species compartment="mitochondria" hasOnlySubstanceUnits="true" id="BCL2T" initialAmount="0" metaid="metaid_0000130" name="BCL2T" substanceUnits="substance"/>
      <species compartment="mitochondria" hasOnlySubstanceUnits="true" id="BAXmT" initialAmount="0" metaid="metaid_0000131" name="BAXmT" substanceUnits="substance"/>
      <species compartment="cytoplasm" hasOnlySubstanceUnits="true" id="BH3T" initialAmount="0" metaid="metaid_0000132" name="BH3T" substanceUnits="substance"/>
      <species compartment="mitochondria" hasOnlySubstanceUnits="true" id="BAXmBCL2" initialAmount="0" metaid="metaid_0000133" name="BAXmBCL2" substanceUnits="substance"/>
      <species compartment="mitochondria" hasOnlySubstanceUnits="true" id="BH3BCL2" initialAmount="0" metaid="metaid_0000134" name="BH3BCL2" substanceUnits="substance"/>
    </listOfSpecies>
    <listOfParameters>
      <parameter constant="false" id="UFP" metaid="metaid_0000011" units="substance" value="0"/>
      <parameter constant="false" id="BiP" metaid="metaid_0000012" units="substance" value="0">
        <annotation>
          <rdf:RDF xmlns:rdf="http://www.w3.org/1999/02/22-rdf-syntax-ns#" xmlns:bqmodel="http://biomodels.net/model-qualifiers/" xmlns:bqbiol="http://biomodels.net/biology-qualifiers/">
            <rdf:Description rdf:about="#metaid_0000012">
	<bqbiol:is>
	<rdf:Bag>
	<rdf:li rdf:resource="http://identifiers.org/uniprot/P11021"/>
	</rdf:Bag>
	</bqbiol:is>
	</rdf:Description>
	
          </rdf:RDF>
        </annotation>
            </parameter>
      <parameter constant="false" id="IRE1" metaid="metaid_0000013" units="substance" value="0">
        <annotation>
          <rdf:RDF xmlns:rdf="http://www.w3.org/1999/02/22-rdf-syntax-ns#" xmlns:bqmodel="http://biomodels.net/model-qualifiers/" xmlns:bqbiol="http://biomodels.net/biology-qualifiers/">
            <rdf:Description rdf:about="#metaid_0000013">
	<bqbiol:is>
	<rdf:Bag>
	<rdf:li rdf:resource="http://identifiers.org/uniprot/O75460"/>
	</rdf:Bag>
	</bqbiol:is>
	</rdf:Description>
	
          </rdf:RDF>
        </annotation>
            </parameter>
      <parameter constant="false" id="PERK" metaid="metaid_0000014" units="substance" value="0">
        <annotation>
          <rdf:RDF xmlns:rdf="http://www.w3.org/1999/02/22-rdf-syntax-ns#" xmlns:bqmodel="http://biomodels.net/model-qualifiers/" xmlns:bqbiol="http://biomodels.net/biology-qualifiers/">
            <rdf:Description rdf:about="#metaid_0000014">
	<bqbiol:is>
	<rdf:Bag>
	<rdf:li rdf:resource="http://identifiers.org/uniprot/Q9NZJ5"/>
	</rdf:Bag>
	</bqbiol:is>
	</rdf:Description>
	
          </rdf:RDF>
        </annotation>
            </parameter>
      <parameter constant="false" id="ATF6" metaid="metaid_0000015" units="substance" value="0">
        <annotation>
          <rdf:RDF xmlns:rdf="http://www.w3.org/1999/02/22-rdf-syntax-ns#" xmlns:bqmodel="http://biomodels.net/model-qualifiers/" xmlns:bqbiol="http://biomodels.net/biology-qualifiers/">
            <rdf:Description rdf:about="#metaid_0000015">
	<bqbiol:is>
	<rdf:Bag>
	<rdf:li rdf:resource="http://identifiers.org/uniprot/Q99941"/>
	<rdf:li rdf:resource="http://identifiers.org/uniprot/P18850"/>
	</rdf:Bag>
	</bqbiol:is>
	</rdf:Description>
	
          </rdf:RDF>
        </annotation>
            </parameter>
      <parameter constant="false" id="eIF2a" metaid="metaid_0000016" units="substance" value="0">
        <annotation>
          <rdf:RDF xmlns:rdf="http://www.w3.org/1999/02/22-rdf-syntax-ns#" xmlns:bqmodel="http://biomodels.net/model-qualifiers/" xmlns:bqbiol="http://biomodels.net/biology-qualifiers/">
            <rdf:Description rdf:about="#metaid_0000016">
	<bqbiol:is>
	<rdf:Bag>
	<rdf:li rdf:resource="http://identifiers.org/uniprot/Q9BY44"/>
	</rdf:Bag>
	</bqbiol:is>
	</rdf:Description>
	
          </rdf:RDF>
        </annotation>
            </parameter>
      <parameter constant="false" id="spliceRate" metaid="metaid_0000017" units="rate" value="0"/>
      <parameter constant="false" id="BCL2" metaid="metaid_0000018" units="substance" value="0"/>
      <parameter constant="false" id="BH3" metaid="metaid_0000019" units="substance" value="0"/>
      <parameter constant="false" id="BAXm" metaid="metaid_0000020" units="substance" value="0"/>
      <parameter id="tmr" metaid="metaid_0000021" units="dimensionless" value="10"/>
      <parameter id="IRE1T" metaid="metaid_0000022" units="substance" value="1"/>
      <parameter id="PERKT" metaid="metaid_0000023" units="substance" value="1"/>
      <parameter id="eIF2aT" metaid="metaid_0000024" units="substance" value="1"/>
      <parameter id="CReP" metaid="metaid_0000025" units="substance" value="0.1">
        <annotation>
          <rdf:RDF xmlns:rdf="http://www.w3.org/1999/02/22-rdf-syntax-ns#" xmlns:bqmodel="http://biomodels.net/model-qualifiers/" xmlns:bqbiol="http://biomodels.net/biology-qualifiers/">
            <rdf:Description rdf:about="#metaid_0000025">
	<bqbiol:is>
	<rdf:Bag>
	<rdf:li rdf:resource="http://identifiers.org/uniprot/Q5SWA1"/>
	</rdf:Bag>
	</bqbiol:is>
	</rdf:Description>
	
          </rdf:RDF>
        </annotation>
            </parameter>
      <parameter id="kf" metaid="metaid_0000026" units="rate2" value="10"/>
      <parameter id="kr" metaid="metaid_0000027" units="rate1" value="1"/>
      <parameter id="n" metaid="metaid_0000028" units="dimensionless" value="4"/>
      <parameter id="nh" metaid="metaid_0000029" units="dimensionless" value="2"/>
      <parameter id="extATT" metaid="metaid_0000030" units="dimensionless" value="0"/>
      <parameter id="extPERK" metaid="metaid_0000031" units="substance1" value="0"/>
      <parameter id="basalXBP" metaid="metaid_0000032" units="substance" value="1"/>
      <parameter id="basalBiP" metaid="metaid_0000033" units="substance" value="1"/>
      <parameter id="krcXU" metaid="metaid_0000034" units="substance" value="5"/>
      <parameter id="krcBiP" metaid="metaid_0000035" units="substance" value="5"/>
      <parameter id="krcWFS" metaid="metaid_0000036" units="substance" value="1"/>
      <parameter id="krcCHOP" metaid="metaid_0000037" units="substance" value="1"/>
      <parameter id="krcGADD34" metaid="metaid_0000038" units="substance" value="1"/>
      <parameter id="kmXbp" metaid="metaid_0000039" units="dimensionless" value="10"/>
      <parameter id="kmAtfsXBP" metaid="metaid_0000040" units="dimensionless" value="10"/>
      <parameter id="kmAtfsBiP" metaid="metaid_0000041" units="dimensionless" value="1"/>
      <parameter id="kmAtff" metaid="metaid_0000042" units="dimensionless" value="0.05"/>
      <parameter id="kmChop" metaid="metaid_0000043" units="dimensionless" value="0.05"/>
      <parameter id="kmAtfs" metaid="metaid_0000044" units="dimensionless" value="0.1"/>
      <parameter id="ksplice" metaid="metaid_0000045" units="rate1" value="10"/>
      <parameter id="krcSplice" metaid="metaid_0000046" units="substance" value="1"/>
      <parameter id="trcXU" metaid="metaid_0000047" units="rate" value="1"/>
      <parameter id="trcBiP" metaid="metaid_0000048" units="rate" value="1"/>
      <parameter id="trcWFS" metaid="metaid_0000049" units="rate" value="1"/>
      <parameter id="trcCHOP" metaid="metaid_0000050" units="rate" value="1"/>
      <parameter id="trcGADD34" metaid="metaid_0000051" units="rate" value="1"/>
      <parameter id="ktrUFP" metaid="metaid_0000052" units="rate1" value="1"/>
      <parameter id="ktrXS" metaid="metaid_0000053" units="rate1" value="1"/>
      <parameter id="ktrBiP" metaid="metaid_0000054" units="rate1" value="1"/>
      <parameter id="ktrATF6" metaid="metaid_0000055" units="rate1" value="1"/>
      <parameter id="ktrWFS" metaid="metaid_0000056" units="rate1" value="1"/>
      <parameter id="ktrATF4" metaid="metaid_0000057" units="rate1" value="1"/>
      <parameter id="ktrCHOP" metaid="metaid_0000058" units="rate1" value="1"/>
      <parameter id="ktrGADD34" metaid="metaid_0000059" units="rate1" value="1"/>
      <parameter id="kdmXU" metaid="metaid_0000060" units="rate1" value="1"/>
      <parameter id="kdmXS" metaid="metaid_0000061" units="rate1" value="1"/>
      <parameter id="kdmBiP" metaid="metaid_0000062" units="rate1" value="1"/>
      <parameter id="kdmWFS" metaid="metaid_0000063" units="rate1" value="1"/>
      <parameter id="kdmCHOP" metaid="metaid_0000064" units="rate1" value="1"/>
      <parameter id="kdmGADD34" metaid="metaid_0000065" units="rate1" value="1"/>
      <parameter id="kdUFP" metaid="metaid_0000066" units="rate1" value="0.1"/>
      <parameter id="kdXS" metaid="metaid_0000067" units="rate1" value="0.1"/>
      <parameter id="kdBiP" metaid="metaid_0000068" units="rate1" value="0.01"/>
      <parameter id="kdATF6" metaid="metaid_0000069" units="rate1" value="0.1"/>
      <parameter id="kdATF6GB" metaid="metaid_0000070" units="rate1" value="0.1"/>
      <parameter id="kdATF6p50" metaid="metaid_0000071" units="rate1" value="0.1"/>
      <parameter id="kdWFS" metaid="metaid_0000072" units="rate1" value="0.1"/>
      <parameter id="kdATF4" metaid="metaid_0000073" units="rate1" value="0.1"/>
      <parameter id="kdCHOP" metaid="metaid_0000074" units="rate1" value="0.1"/>
      <parameter id="kdGADD34" metaid="metaid_0000075" units="rate1" value="0.1"/>
      <parameter id="mATF6T" metaid="metaid_0000076" units="substance" value="5"/>
      <parameter constant="false" id="mUFPT" metaid="metaid_0000077" units="substance" value="0"/>
      <parameter id="mATF4" metaid="metaid_0000078" units="substance" value="1"/>
      <parameter id="ktrans" metaid="metaid_0000079" units="rate1" value="1"/>
      <parameter id="kcleave" metaid="metaid_0000080" units="rate1" value="10"/>
      <parameter id="kphos" metaid="metaid_0000081" units="rate1" value="5"/>
      <parameter id="kdephos" metaid="metaid_0000082" units="rate1" value="0.5"/>
      <parameter id="kdeAW" metaid="metaid_0000083" units="rate2" value="1"/>
      <parameter id="kbu" metaid="metaid_0000084" units="rate2" value="0"/>
      <parameter id="switch" metaid="metaid_0000085" units="dimensionless" value="0"/>
      <parameter id="kATF4" metaid="metaid_0000086" units="substance" value="0.1"/>
      <parameter id="J" metaid="metaid_0000087" units="substance" value="0.001"/>
      <parameter id="K" metaid="metaid_0000088" units="substance" value="0.001"/>
      <parameter id="kfbc" metaid="metaid_0000089" units="rate" value="10"/>
      <parameter id="kdbc" metaid="metaid_0000090" units="rate1" value="0.1"/>
      <parameter id="kmbc" metaid="metaid_0000091" units="substance1" value="0.03"/>
      <parameter id="kstr" metaid="metaid_0000092" units="dimensionless" value="0.2"/>
      <parameter id="BAXT" metaid="metaid_0000093" units="substance" value="100"/>
      <parameter id="kfx" metaid="metaid_0000094" units="rate1" value="1"/>
      <parameter id="kfxp" metaid="metaid_0000095" units="rate2" value="3"/>
      <parameter id="kbx" metaid="metaid_0000096" units="rate1" value="2"/>
      <parameter id="kasx" metaid="metaid_0000097" units="rate2" value="90"/>
      <parameter id="kdsx" metaid="metaid_0000098" units="rate1" value="0.05"/>
      <parameter id="ks3" metaid="metaid_0000099" units="rate" value="0.1"/>
      <parameter id="ks3p" metaid="metaid_0000100" units="rate1" value="0.6"/>
      <parameter id="kd3" metaid="metaid_0000101" units="rate1" value="0.01"/>
      <parameter id="kas3" metaid="metaid_0000102" units="rate2" value="10"/>
      <parameter id="kds3" metaid="metaid_0000103" units="rate1" value="0.01"/>
      <parameter constant="true" id="kff" metaid="metaid_0000214" units="rate3" value="10"/>
    </listOfParameters>
    <listOfRules>
      <assignmentRule metaid="metaid_0000135" variable="UFP">
        <math xmlns="http://www.w3.org/1998/Math/MathML">        
          <apply>
            <minus/>
            <ci> UFPT </ci>
            <ci> BiUFP </ci>
          </apply>
        </math>
            </assignmentRule>
      <assignmentRule metaid="metaid_0000136" variable="BiP">
        <math xmlns="http://www.w3.org/1998/Math/MathML">        
          <apply>
            <minus/>
            <apply>
              <minus/>
              <apply>
                <minus/>
                <apply>
                  <minus/>
                  <ci> BiPT </ci>
                  <ci> BiRE1 </ci>
                </apply>
                <ci> BiATF </ci>
              </apply>
              <ci> BiPER </ci>
            </apply>
            <ci> BiUFP </ci>
          </apply>
        </math>
            </assignmentRule>
      <assignmentRule metaid="metaid_0000137" variable="IRE1">
        <math xmlns="http://www.w3.org/1998/Math/MathML">        
          <apply>
            <minus/>
            <apply>
              <minus/>
              <ci> IRE1T </ci>
              <ci> BiRE1 </ci>
            </apply>
            <apply>
              <times/>
              <ci> n </ci>
              <ci> IRE1A </ci>
            </apply>
          </apply>
        </math>
            </assignmentRule>
      <assignmentRule metaid="metaid_0000138" variable="PERK">
        <math xmlns="http://www.w3.org/1998/Math/MathML">        
          <apply>
            <minus/>
            <apply>
              <minus/>
              <ci> PERKT </ci>
              <ci> BiPER </ci>
            </apply>
            <apply>
              <times/>
              <ci> n </ci>
              <ci> PERKA </ci>
            </apply>
          </apply>
        </math>
            </assignmentRule>
      <assignmentRule metaid="metaid_0000139" variable="ATF6">
        <math xmlns="http://www.w3.org/1998/Math/MathML">        
          <apply>
            <minus/>
            <ci> ATF6T </ci>
            <ci> BiATF </ci>
          </apply>
        </math>
            </assignmentRule>
      <assignmentRule metaid="metaid_0000140" variable="spliceRate">
        <math xmlns="http://www.w3.org/1998/Math/MathML">        
          <apply>
            <ci> EMM </ci>
            <ci> mXbp1u </ci>
            <apply>
              <times/>
              <cn> 0.5 </cn>
              <ci> n </ci>
              <ci> IRE1A </ci>
            </apply>
            <ci> krcSplice </ci>
            <ci> ksplice </ci>
          </apply>
        </math>
            </assignmentRule>
      <assignmentRule metaid="metaid_0000141" variable="eIF2a">
        <math xmlns="http://www.w3.org/1998/Math/MathML">        
          <apply>
            <times/>
            <ci> eIF2aT </ci>
            <apply>
              <ci> fGK </ci>
              <apply>
                <times/>
                <ci> kphos </ci>
                <cn> 0.5 </cn>
                <ci> n </ci>
                <ci> PERKA </ci>
              </apply>
              <apply>
                <times/>
                <ci> kdephos </ci>
                <apply>
                  <plus/>
                  <ci> GADD34 </ci>
                  <ci> CReP </ci>
                </apply>
              </apply>
              <apply>
                <divide/>
                <ci> J </ci>
                <ci> eIF2aT </ci>
              </apply>
              <apply>
                <divide/>
                <ci> K </ci>
                <ci> eIF2aT </ci>
              </apply>
            </apply>
          </apply>
        </math>
            </assignmentRule>
      <assignmentRule metaid="metaid_0000142" variable="BCL2">
        <math xmlns="http://www.w3.org/1998/Math/MathML">        
          <apply>
            <minus/>
            <apply>
              <minus/>
              <ci> BCL2T </ci>
              <ci> BH3BCL2 </ci>
            </apply>
            <ci> BAXmBCL2 </ci>
          </apply>
        </math>
            </assignmentRule>
      <assignmentRule metaid="metaid_0000143" variable="BH3">
        <math xmlns="http://www.w3.org/1998/Math/MathML">        
          <apply>
            <minus/>
            <ci> BH3T </ci>
            <ci> BH3BCL2 </ci>
          </apply>
        </math>
            </assignmentRule>
      <assignmentRule metaid="metaid_0000144" variable="BAXm">
        <math xmlns="http://www.w3.org/1998/Math/MathML">        
          <apply>
            <minus/>
            <ci> BAXmT </ci>
            <ci> BAXmBCL2 </ci>
          </apply>
        </math>
            </assignmentRule>
      <assignmentRule metaid="metaid_0000145" variable="mUFPT">
        <math xmlns="http://www.w3.org/1998/Math/MathML">        
          <cn type="integer"> 13 </cn>
        </math>
            </assignmentRule>
    </listOfRules>
    <listOfReactions>
      <reaction id="re2" metaid="metaid_0000146" reversible="false">
        <listOfProducts>
          <speciesReference metaid="_98012e1d_4e1b_464a_9f28_504d1fa4ad82" species="UFPT"/>
        </listOfProducts>
        <kineticLaw metaid="_549fe67b_f70d_4032_a2d0_030eb5157671">
          <math xmlns="http://www.w3.org/1998/Math/MathML">          
            <apply>
              <times/>
              <ci> ktrUFP </ci>
              <ci> mUFPT </ci>
              <piecewise>
                <piece>
                  <apply>
                    <divide/>
                    <ci> eIF2a </ci>
                    <ci> eIF2aT </ci>
                  </apply>
                  <apply>
                    <eq/>
                    <ci> extATT </ci>
                    <cn type="integer"> 1 </cn>
                  </apply>
                </piece>
                <otherwise>
                  <cn type="integer"> 1 </cn>
                </otherwise>
              </piecewise>
            </apply>
          </math>
                </kineticLaw>
      </reaction>
      <reaction id="re3" metaid="metaid_0000147" reversible="false">
        <listOfReactants>
          <speciesReference metaid="_93c09f22_b67b_453b_836e_0cb384fe8a5b" species="UFPT"/>
        </listOfReactants>
        <listOfModifiers>
          <modifierSpeciesReference metaid="_75094a2d_8152_46b9_a7ec_45295526e6bf" species="UFPT"/>
        </listOfModifiers>
        <kineticLaw metaid="a2be9999_8628_40dc_addc_a4949a99a1ab">
          <math xmlns="http://www.w3.org/1998/Math/MathML">          
            <apply>
              <times/>
              <ci> kdUFP </ci>
              <ci> UFPT </ci>
            </apply>
          </math>
                </kineticLaw>
      </reaction>
      <reaction id="re4" metaid="metaid_0000148" reversible="false">
        <listOfReactants>
          <speciesReference metaid="bb1a81ea_83a5_41d2_846b_84bd3ce7174e" species="UFPT"/>
        </listOfReactants>
        <listOfModifiers>
          <modifierSpeciesReference metaid="_5e8c89b3_c8c2_4575_9ca2_c28ea17c9a4b" species="BiUFP"/>
          <modifierSpeciesReference metaid="a7294186_9fae_411a_bff5_fdbd81c45c73" species="BiUFP"/>
          <modifierSpeciesReference metaid="_1cf1712b_5d61_4e8f_8912_3fc2386c9df9" species="UFPT"/>
        </listOfModifiers>
        <kineticLaw metaid="ed163db4_734d_4849_9582_92493a0a69af">
          <math xmlns="http://www.w3.org/1998/Math/MathML">          
            <apply>
              <times/>
              <ci> kbu </ci>
              <ci> BiUFP </ci>
              <ci> UFPT </ci>
            </apply>
          </math>
                </kineticLaw>
      </reaction>
      <reaction id="reu1" metaid="metaid_0000149" reversible="false">
        <listOfProducts>
          <speciesReference metaid="c3865926_8818_4b44_9f01_d4afde64e7c8" species="BiUFP"/>
        </listOfProducts>
        <kineticLaw metaid="_461aaa8f_1e2e_4751_b649_ebee729ad878">
          <math xmlns="http://www.w3.org/1998/Math/MathML">          
            <apply>
              <times/>
              <ci> tmr </ci>
              <ci> kf </ci>
              <ci> BiP </ci>
              <ci> UFP </ci>
            </apply>
          </math>
                </kineticLaw>
      </reaction>
      <reaction id="reu2" metaid="metaid_0000150" reversible="false">
        <listOfReactants>
          <speciesReference metaid="_873dd317_5eb6_47f5_a30f_6c97f9894a42" species="BiUFP"/>
        </listOfReactants>
        <listOfModifiers>
          <modifierSpeciesReference metaid="_80aa2d6e_92df_4f0e_9b5d_1a9df7b8b7d2" species="BiUFP"/>
        </listOfModifiers>
        <kineticLaw metaid="_11c6eacb_d581_4e47_8749_5dd21c26e84a">
          <math xmlns="http://www.w3.org/1998/Math/MathML">          
            <apply>
              <times/>
              <ci> tmr </ci>
              <ci> kr </ci>
              <ci> BiUFP </ci>
            </apply>
          </math>
                </kineticLaw>
      </reaction>
      <reaction id="reu3" metaid="metaid_0000151" reversible="false">
        <listOfProducts>
          <speciesReference metaid="_59e04361_742b_4746_ba34_9fde28ed1a06" species="BiRE1"/>
        </listOfProducts>
        <kineticLaw metaid="_91dedcd9_38fc_4ba5_a426_deb07b0bddfb">
          <math xmlns="http://www.w3.org/1998/Math/MathML">          
            <apply>
              <times/>
              <ci> tmr </ci>
              <ci> kf </ci>
              <ci> BiP </ci>
              <ci> IRE1 </ci>
            </apply>
          </math>
                </kineticLaw>
      </reaction>
      <reaction id="reu4" metaid="metaid_0000152" reversible="false">
        <listOfReactants>
          <speciesReference metaid="_70eb5afc_1d3d_4d9e_9140_5fc6cc604595" species="BiRE1"/>
        </listOfReactants>
        <listOfModifiers>
          <modifierSpeciesReference metaid="cd1783da_7426_46fc_98fb_b7c5ce73337b" species="BiRE1"/>
        </listOfModifiers>
        <kineticLaw metaid="c9e06b1e_1986_422a_b935_27766926d6f7">
          <math xmlns="http://www.w3.org/1998/Math/MathML">          
            <apply>
              <times/>
              <ci> tmr </ci>
              <ci> kr </ci>
              <ci> BiRE1 </ci>
            </apply>
          </math>
                </kineticLaw>
      </reaction>
      <reaction id="reu5" metaid="metaid_0000153" reversible="false">
        <listOfProducts>
          <speciesReference metaid="_52519bb9_4022_488f_bd3a_70a76864ba18" species="BiATF"/>
        </listOfProducts>
        <kineticLaw metaid="_2bb0bc32_2403_4a8e_90a7_7e7c8e7422b8">
          <math xmlns="http://www.w3.org/1998/Math/MathML">          
            <apply>
              <times/>
              <ci> tmr </ci>
              <ci> kf </ci>
              <ci> BiP </ci>
              <ci> ATF6 </ci>
            </apply>
          </math>
                </kineticLaw>
      </reaction>
      <reaction id="reu6" metaid="metaid_0000154" reversible="false">
        <listOfReactants>
          <speciesReference metaid="_37e458e0_e144_40c3_878e_f3346c75762e" species="BiATF"/>
        </listOfReactants>
        <listOfModifiers>
          <modifierSpeciesReference metaid="_7cca69c5_cf8b_44a5_a3d0_6de459aabc4f" species="BiATF"/>
        </listOfModifiers>
        <kineticLaw metaid="_8324274d_7a09_4fd6_bf1b_95d9cb0b24f6">
          <math xmlns="http://www.w3.org/1998/Math/MathML">          
            <apply>
              <times/>
              <ci> tmr </ci>
              <ci> kr </ci>
              <ci> BiATF </ci>
            </apply>
          </math>
                </kineticLaw>
      </reaction>
      <reaction id="reu7" metaid="metaid_0000155" reversible="false">
        <listOfProducts>
          <speciesReference metaid="_557c5036_e08d_48ae_b9ce_877183a3e008" species="BiPER"/>
        </listOfProducts>
        <kineticLaw metaid="e66ac535_8076_4911_956c_f772f0f18ae8">
          <math xmlns="http://www.w3.org/1998/Math/MathML">          
            <apply>
              <times/>
              <ci> tmr </ci>
              <ci> kf </ci>
              <ci> BiP </ci>
              <ci> PERK </ci>
            </apply>
          </math>
                </kineticLaw>
      </reaction>
      <reaction id="reu8" metaid="metaid_0000156" reversible="false">
        <listOfReactants>
          <speciesReference metaid="_1e5b1173_fb6c_462b_b12c_973def28ca87" species="BiPER"/>
        </listOfReactants>
        <listOfModifiers>
          <modifierSpeciesReference metaid="_792d8485_e814_45f3_b362_cd852bef122e" species="BiPER"/>
        </listOfModifiers>
        <kineticLaw metaid="_2631f70d_427e_41a1_937d_65046ba997e8">
          <math xmlns="http://www.w3.org/1998/Math/MathML">          
            <apply>
              <times/>
              <ci> kr </ci>
              <ci> tmr </ci>
              <ci> BiPER </ci>
            </apply>
          </math>
                </kineticLaw>
      </reaction>
      <reaction id="reu9" metaid="metaid_0000157" reversible="false">
        <listOfProducts>
          <speciesReference metaid="_9994eade_3035_4209_89a7_f44437873798" species="IRE1A"/>
        </listOfProducts>
        <kineticLaw metaid="b5d107fe_f270_4449_b75d_068d75411cfb">
          <math xmlns="http://www.w3.org/1998/Math/MathML">          
            <apply>
              <times/>
              <ci> tmr </ci>
              <ci> kff </ci>
              <apply>
                <power/>
                <ci> IRE1 </ci>
                <ci> n </ci>
              </apply>
            </apply>
          </math>
                </kineticLaw>
      </reaction>
      <reaction id="reu10" metaid="metaid_0000158" reversible="false">
        <listOfReactants>
          <speciesReference metaid="_6dc5b69a_6f14_4517_b256_caac651b4786" species="IRE1A"/>
        </listOfReactants>
        <listOfModifiers>
          <modifierSpeciesReference metaid="_106db4f6_fa2e_4b40_be81_72b537c205be" species="IRE1A"/>
        </listOfModifiers>
        <kineticLaw metaid="_9971d31d_7027_48c6_842f_504b8da0c334">
          <math xmlns="http://www.w3.org/1998/Math/MathML">          
            <apply>
              <times/>
              <ci> tmr </ci>
              <ci> kr </ci>
              <ci> IRE1A </ci>
            </apply>
          </math>
                </kineticLaw>
      </reaction>
      <reaction id="reu11" metaid="metaid_0000159" reversible="false">
        <listOfProducts>
          <speciesReference metaid="a8919144_6c09_459c_a4dd_84d67edfa732" species="PERKA"/>
        </listOfProducts>
        <kineticLaw metaid="_7095cfab_f728_4d54_99a9_0dc7bd4573d0">
          <math xmlns="http://www.w3.org/1998/Math/MathML">          
            <apply>
              <times/>
              <ci> tmr </ci>
              <ci> kff </ci>
              <piecewise>
                <piece>
                  <ci> UFP </ci>
                  <apply>
                    <eq/>
                    <ci> switch </ci>
                    <cn type="integer"> 1 </cn>
                  </apply>
                </piece>
                <otherwise>
                  <cn type="integer"> 1 </cn>
                </otherwise>
              </piecewise>
              <apply>
                <power/>
                <ci> PERK </ci>
                <ci> n </ci>
              </apply>
            </apply>
          </math>
                </kineticLaw>
      </reaction>
      <reaction id="reu12" metaid="metaid_0000160" reversible="false">
        <listOfReactants>
          <speciesReference metaid="ef06f23d_58f6_4f63_8e2d_b77220173006" species="PERKA"/>
        </listOfReactants>
        <listOfModifiers>
          <modifierSpeciesReference metaid="d5518598_17c3_4060_9538_0db3d63bb550" species="PERKA"/>
        </listOfModifiers>
        <kineticLaw metaid="_316ffce9_43aa_4324_9432_f98a9e7ecbcb">
          <math xmlns="http://www.w3.org/1998/Math/MathML">          
            <apply>
              <divide/>
              <apply>
                <times/>
                <ci> tmr </ci>
                <ci> kr </ci>
                <ci> PERKA </ci>
              </apply>
              <apply>
                <plus/>
                <cn> 1 </cn>
                <apply>
                  <times/>
                  <ci> extPERK </ci>
                  <ci> UFP </ci>
                </apply>
              </apply>
            </apply>
          </math>
                </kineticLaw>
      </reaction>
      <reaction id="re5" metaid="metaid_0000161" reversible="false">
        <listOfProducts>
          <speciesReference metaid="_9a039d4b_d0a9_4e5b_a056_f02a8bb72f83" species="ATF6T"/>
        </listOfProducts>
        <kineticLaw metaid="_662ce415_c1db_41db_a953_606756498593">
          <math xmlns="http://www.w3.org/1998/Math/MathML">          
            <apply>
              <times/>
              <ci> ktrATF6 </ci>
              <ci> mATF6T </ci>
            </apply>
          </math>
                </kineticLaw>
      </reaction>
      <reaction id="re6" metaid="metaid_0000162" reversible="false">
        <listOfReactants>
          <speciesReference metaid="_3b77e40f_cf5d_4a43_96cb_b4a49363810c" species="ATF6T"/>
        </listOfReactants>
        <listOfModifiers>
          <modifierSpeciesReference metaid="_42596b67_f70a_43c2_a6e0_438357cd770c" species="ATF6T"/>
        </listOfModifiers>
        <kineticLaw metaid="_96a7aff2_6d67_461f_a2f2_da0dfde1ca9b">
          <math xmlns="http://www.w3.org/1998/Math/MathML">          
            <apply>
              <times/>
              <ci> kdATF6 </ci>
              <ci> ATF6T </ci>
            </apply>
          </math>
                </kineticLaw>
      </reaction>
      <reaction id="re8" metaid="metaid_0000163" reversible="false">
        <listOfReactants>
          <speciesReference metaid="_772f6d09_c15b_4748_acec_cda671f2dec8" species="ATF6T"/>
        </listOfReactants>
        <listOfProducts>
          <speciesReference metaid="_901bde3c_59b1_4c73_a31b_6af1b2d14bd6" species="ATF6GB"/>
        </listOfProducts>
        <kineticLaw metaid="_22bfd94f_918f_4523_8688_29cd779c712f">
          <math xmlns="http://www.w3.org/1998/Math/MathML">          
            <apply>
              <times/>
              <ci> ktrans </ci>
              <ci> ATF6 </ci>
            </apply>
          </math>
                </kineticLaw>
      </reaction>
      <reaction id="rew1" metaid="metaid_0000164" reversible="false">
        <listOfReactants>
          <speciesReference metaid="fb55dd5c_38da_4620_af01_b9a05b66f7fa" species="ATF6T"/>
        </listOfReactants>
        <listOfModifiers>
          <modifierSpeciesReference metaid="f88ab455_ddab_40ed_83b0_3b1760955452" species="WFS1"/>
          <modifierSpeciesReference metaid="_19ff4bcb_2e9f_4d4e_a9e2_221ee90df93b" species="WFS1"/>
          <modifierSpeciesReference metaid="ea082f93_563b_4014_ba1d_fc2a6c291e6b" species="ATF6T"/>
        </listOfModifiers>
        <kineticLaw metaid="b982ad9a_2408_4560_ae4e_b0cec7f04c2c">
          <math xmlns="http://www.w3.org/1998/Math/MathML">          
            <apply>
              <times/>
              <ci> kdeAW </ci>
              <ci> WFS1 </ci>
              <ci> ATF6T </ci>
            </apply>
          </math>
                </kineticLaw>
      </reaction>
      <reaction id="re9" metaid="metaid_0000165" reversible="false">
        <listOfReactants>
          <speciesReference metaid="c50189a0_7d33_48ab_a874_94a26d50d662" species="ATF6GB"/>
        </listOfReactants>
        <listOfModifiers>
          <modifierSpeciesReference metaid="_58c531e1_471f_45a0_9739_0ca5d1cbd934" species="ATF6GB"/>
        </listOfModifiers>
        <kineticLaw metaid="d4ee33d4_42f4_459f_ad2a_857012838ade">
          <math xmlns="http://www.w3.org/1998/Math/MathML">          
            <apply>
              <times/>
              <ci> kdATF6GB </ci>
              <ci> ATF6GB </ci>
            </apply>
          </math>
                </kineticLaw>
      </reaction>
      <reaction id="re10" metaid="metaid_0000166" reversible="false">
        <listOfReactants>
          <speciesReference metaid="_09dfec49_67a9_4cbc_9b26_245462a14fa3" species="ATF6GB"/>
        </listOfReactants>
        <listOfProducts>
          <speciesReference metaid="_105ead54_399c_4c8c_bade_5f555ea7ef38" species="ATF6p50"/>
        </listOfProducts>
        <listOfModifiers>
          <modifierSpeciesReference metaid="_3e7aa609_f6ff_476a_a66d_8f145202ad56" species="ATF6GB"/>
        </listOfModifiers>
        <kineticLaw metaid="_0990cfee_d849_4ecc_bdba_ec134540ad82">
          <math xmlns="http://www.w3.org/1998/Math/MathML">          
            <apply>
              <times/>
              <ci> kcleave </ci>
              <ci> ATF6GB </ci>
            </apply>
          </math>
                </kineticLaw>
      </reaction>
      <reaction id="re11" metaid="metaid_0000167" reversible="false">
        <listOfReactants>
          <speciesReference metaid="_22f5832c_59db_4199_a168_8307d4a7ff85" species="ATF6p50"/>
        </listOfReactants>
        <listOfModifiers>
          <modifierSpeciesReference metaid="_88cf3787_89c0_4897_8ede_5fe4efbe81b8" species="ATF6p50"/>
        </listOfModifiers>
        <kineticLaw metaid="_6aba822d_a568_48f9_8f01_d8c9503f32ef">
          <math xmlns="http://www.w3.org/1998/Math/MathML">          
            <apply>
              <times/>
              <ci> kdATF6p50 </ci>
              <ci> ATF6p50 </ci>
            </apply>
          </math>
                </kineticLaw>
      </reaction>
      <reaction id="rew2" metaid="metaid_0000168" reversible="false">
        <listOfProducts>
          <speciesReference metaid="_2a433026_ce60_476c_8527_a807f82f3a4c" species="mWFS1"/>
        </listOfProducts>
        <listOfModifiers>
          <modifierSpeciesReference metaid="_1bb9ce0a_74ba_4860_b0a5_043ae92a5d20" species="ATF6p50"/>
          <modifierSpeciesReference metaid="b8e8f0ec_85c6_4ac1_9602_b38d985bc63a" species="ATF6p50"/>
        </listOfModifiers>
        <kineticLaw metaid="_66798f4d_6b5b_468f_a0b5_aad3a117297d">
          <math xmlns="http://www.w3.org/1998/Math/MathML">          
            <apply>
              <divide/>
              <apply>
                <times/>
                <ci> trcWFS </ci>
                <ci> ATF6p50 </ci>
              </apply>
              <apply>
                <plus/>
                <ci> krcWFS </ci>
                <ci> ATF6p50 </ci>
              </apply>
            </apply>
          </math>
                </kineticLaw>
      </reaction>
      <reaction id="rew3" metaid="metaid_0000169" reversible="false">
        <listOfReactants>
          <speciesReference metaid="_99b2873d_687c_4ec8_bc16_433da7de7916" species="mWFS1"/>
        </listOfReactants>
        <listOfModifiers>
          <modifierSpeciesReference metaid="_8ea83708_4637_488e_8858_f2871a93a5f8" species="mWFS1"/>
        </listOfModifiers>
        <kineticLaw metaid="_381b0048_edde_4ad6_a005_c28c3459d05e">
          <math xmlns="http://www.w3.org/1998/Math/MathML">          
            <apply>
              <times/>
              <ci> kdmWFS </ci>
              <ci> mWFS1 </ci>
            </apply>
          </math>
                </kineticLaw>
      </reaction>
      <reaction id="rew4" metaid="metaid_0000170" reversible="false">
        <listOfProducts>
          <speciesReference metaid="e4c8f8f6_b827_46f4_a037_6dad5bfa302c" species="WFS1"/>
        </listOfProducts>
        <listOfModifiers>
          <modifierSpeciesReference metaid="d111e997_1873_4d9d_b014_c8f53697e1a6" species="mWFS1"/>
          <modifierSpeciesReference metaid="_77f11f1f_48ce_4574_b69d_ee4fd04ce592" species="mWFS1"/>
        </listOfModifiers>
        <kineticLaw metaid="a4898f9e_0523_47b8_956d_b528d77ccc4d">
          <math xmlns="http://www.w3.org/1998/Math/MathML">          
            <apply>
              <times/>
              <ci> ktrWFS </ci>
              <ci> mWFS1 </ci>
            </apply>
          </math>
                </kineticLaw>
      </reaction>
      <reaction id="rew5" metaid="metaid_0000171" reversible="false">
        <listOfReactants>
          <speciesReference metaid="fa96e994_5106_4d1b_864b_6e3008554d13" species="WFS1"/>
        </listOfReactants>
        <listOfModifiers>
          <modifierSpeciesReference metaid="_2ab063a4_f296_400b_9879_ba899edde1cf" species="WFS1"/>
        </listOfModifiers>
        <kineticLaw metaid="a3358a25_d8ca_491d_9561_21f4b04b8b2d">
          <math xmlns="http://www.w3.org/1998/Math/MathML">          
            <apply>
              <times/>
              <ci> kdWFS </ci>
              <ci> WFS1 </ci>
            </apply>
          </math>
                </kineticLaw>
      </reaction>
      <reaction id="re12" metaid="metaid_0000172" reversible="false">
        <listOfProducts>
          <speciesReference metaid="d0765e5c_3df6_48f0_97be_266958df3598" species="mXbp1u"/>
        </listOfProducts>
        <listOfModifiers>
          <modifierSpeciesReference metaid="cb4ce53f_0eda_45d9_bea9_640b10e7766b" species="ATF6p50"/>
          <modifierSpeciesReference metaid="_26b9252c_062d_4b7d_91fb_7ad4fb9eed19" species="ATF6p50"/>
        </listOfModifiers>
        <kineticLaw metaid="_3d06b38f_dff6_44e3_8895_944cfc5250ba">
          <math xmlns="http://www.w3.org/1998/Math/MathML">          
            <apply>
              <divide/>
              <apply>
                <times/>
                <ci> trcXU </ci>
                <apply>
                  <plus/>
                  <ci> basalXBP </ci>
                  <apply>
                    <times/>
                    <ci> kmAtfsXBP </ci>
                    <ci> ATF6p50 </ci>
                  </apply>
                </apply>
              </apply>
              <apply>
                <plus/>
                <ci> krcXU </ci>
                <ci> basalXBP </ci>
                <apply>
                  <times/>
                  <ci> kmAtfsXBP </ci>
                  <ci> ATF6p50 </ci>
                </apply>
              </apply>
            </apply>
          </math>
                </kineticLaw>
      </reaction>
      <reaction id="re13" metaid="metaid_0000173" reversible="false">
        <listOfReactants>
          <speciesReference metaid="_46497ffa_e85b_4010_aaa9_d439f6582d26" species="mXbp1u"/>
        </listOfReactants>
        <listOfModifiers>
          <modifierSpeciesReference metaid="a3705b7c_b781_47a1_9e6e_ef524daf7d9f" species="mXbp1u"/>
        </listOfModifiers>
        <kineticLaw metaid="_403eba25_9666_48e9_b8dc_020ff68040d7">
          <math xmlns="http://www.w3.org/1998/Math/MathML">          
            <apply>
              <times/>
              <ci> kdmXU </ci>
              <ci> mXbp1u </ci>
            </apply>
          </math>
                </kineticLaw>
      </reaction>
      <reaction id="re14" metaid="metaid_0000174" reversible="false">
        <listOfReactants>
          <speciesReference metaid="_3f281298_79c4_444d_9074_d18f23c3956c" species="mXbp1u"/>
        </listOfReactants>
        <listOfProducts>
          <speciesReference metaid="ac9a9af2_9a2b_4117_aded_ee2ad5f8e78a" species="mXbp1s"/>
        </listOfProducts>
        <kineticLaw metaid="_7f0d8165_3a17_4a49_93bf_ff8d04934e2a">
          <math xmlns="http://www.w3.org/1998/Math/MathML">          
            <ci> spliceRate </ci>
          </math>
                </kineticLaw>
      </reaction>
      <reaction id="re15" metaid="metaid_0000175" reversible="false">
        <listOfReactants>
          <speciesReference metaid="_40ce182b_3a54_45b2_acc6_6169043ab6c0" species="mXbp1s"/>
        </listOfReactants>
        <listOfModifiers>
          <modifierSpeciesReference metaid="_4a1009be_94c0_4fca_9bc3_98df7d420f25" species="mXbp1s"/>
        </listOfModifiers>
        <kineticLaw metaid="de6bc7af_c4e5_4a24_a1e4_df85ed1be7e2">
          <math xmlns="http://www.w3.org/1998/Math/MathML">          
            <apply>
              <times/>
              <ci> kdmXS </ci>
              <ci> mXbp1s </ci>
            </apply>
          </math>
                </kineticLaw>
      </reaction>
      <reaction id="re16" metaid="metaid_0000176" reversible="false">
        <listOfProducts>
          <speciesReference metaid="dc571743_6b7e_4c78_946c_519863082762" species="Xbp1s"/>
        </listOfProducts>
        <listOfModifiers>
          <modifierSpeciesReference metaid="_915e8cbb_2a5f_4e0c_a7f8_e40acaa14436" species="mXbp1s"/>
          <modifierSpeciesReference metaid="_1a7adc7f_a09c_4a67_9b1c_61d4ddaff14f" species="mXbp1s"/>
        </listOfModifiers>
        <kineticLaw metaid="_1f2dc1d2_b8e8_45fc_a68a_6be067569721">
          <math xmlns="http://www.w3.org/1998/Math/MathML">          
            <apply>
              <times/>
              <ci> ktrXS </ci>
              <ci> mXbp1s </ci>
            </apply>
          </math>
                </kineticLaw>
      </reaction>
      <reaction id="re17" metaid="metaid_0000177" reversible="false">
        <listOfReactants>
          <speciesReference metaid="_9bafeb77_de2e_4fbc_baa6_620130f08846" species="Xbp1s"/>
        </listOfReactants>
        <listOfModifiers>
          <modifierSpeciesReference metaid="_6b3d7daf_646a_400f_99a2_e02e21317532" species="Xbp1s"/>
        </listOfModifiers>
        <kineticLaw metaid="f1b69415_abc9_4826_a4de_cee11bda7f10">
          <math xmlns="http://www.w3.org/1998/Math/MathML">          
            <apply>
              <times/>
              <ci> kdXS </ci>
              <ci> Xbp1s </ci>
            </apply>
          </math>
                </kineticLaw>
      </reaction>
      <reaction id="re18" metaid="metaid_0000178" reversible="false">
        <listOfProducts>
          <speciesReference metaid="_00b89c56_6850_48c1_a688_1de51b0303a8" species="mBiPT"/>
        </listOfProducts>
        <listOfModifiers>
          <modifierSpeciesReference metaid="_45217076_fa49_4817_bcef_c0de26accc32" species="Xbp1s"/>
          <modifierSpeciesReference metaid="_83d5b684_7081_43e3_a20c_0058486f40b3" species="ATF6p50"/>
          <modifierSpeciesReference metaid="_6888a2c0_120b_46b5_a177_474f63535130" species="Xbp1s"/>
          <modifierSpeciesReference metaid="a960e044_e64b_4386_9cf1_043d850dfbc0" species="ATF6p50"/>
        </listOfModifiers>
        <kineticLaw metaid="_9b8d1f0b_f322_4283_acc6_1663a3dbd89b">
          <math xmlns="http://www.w3.org/1998/Math/MathML">          
            <apply>
              <divide/>
              <apply>
                <times/>
                <ci> trcBiP </ci>
                <apply>
                  <plus/>
                  <ci> basalBiP </ci>
                  <apply>
                    <times/>
                    <ci> kmXbp </ci>
                    <ci> Xbp1s </ci>
                  </apply>
                  <apply>
                    <times/>
                    <ci> kmAtfsBiP </ci>
                    <ci> ATF6p50 </ci>
                  </apply>
                </apply>
              </apply>
              <apply>
                <plus/>
                <ci> krcBiP </ci>
                <ci> basalBiP </ci>
                <apply>
                  <times/>
                  <ci> kmXbp </ci>
                  <ci> Xbp1s </ci>
                </apply>
                <apply>
                  <times/>
                  <ci> kmAtfsBiP </ci>
                  <ci> ATF6p50 </ci>
                </apply>
              </apply>
            </apply>
          </math>
                </kineticLaw>
      </reaction>
      <reaction id="re19" metaid="metaid_0000179" reversible="false">
        <listOfReactants>
          <speciesReference metaid="_2e277401_5508_41e3_af25_0a08abe62464" species="mBiPT"/>
        </listOfReactants>
        <listOfModifiers>
          <modifierSpeciesReference metaid="_5144e38d_70b6_4b0b_bb67_83e695d399ea" species="mBiPT"/>
        </listOfModifiers>
        <kineticLaw metaid="_50a17af2_2a78_4996_b9f7_35a01b4b84a7">
          <math xmlns="http://www.w3.org/1998/Math/MathML">          
            <apply>
              <times/>
              <ci> kdmBiP </ci>
              <ci> mBiPT </ci>
            </apply>
          </math>
                </kineticLaw>
      </reaction>
      <reaction id="re20" metaid="metaid_0000180" reversible="false">
        <listOfProducts>
          <speciesReference metaid="ea32ae20_4d2b_4abb_9b6a_2233bb55c732" species="BiPT"/>
        </listOfProducts>
        <listOfModifiers>
          <modifierSpeciesReference metaid="_840c72f1_e817_4bdc_a711_7dce795a4c7c" species="mBiPT"/>
          <modifierSpeciesReference metaid="_551eb216_6cbb_4acb_95ac_88d44482d377" species="mBiPT"/>
        </listOfModifiers>
        <kineticLaw metaid="e7fdc684_f05d_4fbd_b19e_4331e5c5506c">
          <math xmlns="http://www.w3.org/1998/Math/MathML">          
            <apply>
              <times/>
              <ci> ktrBiP </ci>
              <ci> mBiPT </ci>
            </apply>
          </math>
                </kineticLaw>
      </reaction>
      <reaction id="re21" metaid="metaid_0000181" reversible="false">
        <listOfReactants>
          <speciesReference metaid="d6eeadf2_9ad9_4d17_a964_8d978db4d099" species="BiPT"/>
        </listOfReactants>
        <listOfModifiers>
          <modifierSpeciesReference metaid="d5f17626_8723_4c6a_929a_970692936ed8" species="BiPT"/>
        </listOfModifiers>
        <kineticLaw metaid="_6345fb54_705a_46cc_ad0b_d62dc41740ed">
          <math xmlns="http://www.w3.org/1998/Math/MathML">          
            <apply>
              <times/>
              <ci> kdBiP </ci>
              <ci> BiPT </ci>
            </apply>
          </math>
                </kineticLaw>
      </reaction>
      <reaction id="re23" metaid="metaid_0000182" reversible="false">
        <listOfProducts>
          <speciesReference metaid="_06c62210_3cfd_4a46_a799_43b35ae69650" species="ATF4"/>
        </listOfProducts>
        <kineticLaw metaid="b16c199c_0889_4b95_9bc9_8ad2d18b0df1">
          <math xmlns="http://www.w3.org/1998/Math/MathML">          
            <apply>
              <divide/>
              <apply>
                <times/>
                <ci> ktrATF4 </ci>
                <ci> mATF4 </ci>
              </apply>
              <apply>
                <plus/>
                <cn> 1 </cn>
                <apply>
                  <power/>
                  <apply>
                    <divide/>
                    <ci> eIF2a </ci>
                    <ci> kATF4 </ci>
                  </apply>
                  <ci> nh </ci>
                </apply>
              </apply>
            </apply>
          </math>
                </kineticLaw>
      </reaction>
      <reaction id="re24" metaid="metaid_0000183" reversible="false">
        <listOfReactants>
          <speciesReference metaid="_83f942d4_bea0_4beb_9b93_0e366a369cef" species="ATF4"/>
        </listOfReactants>
        <listOfModifiers>
          <modifierSpeciesReference metaid="_9b82739e_9355_407f_a9d5_d25f41470a31" species="ATF4"/>
        </listOfModifiers>
        <kineticLaw metaid="_8ee588dc_4fa2_4393_84da_da552d32433e">
          <math xmlns="http://www.w3.org/1998/Math/MathML">          
            <apply>
              <times/>
              <ci> kdATF4 </ci>
              <ci> ATF4 </ci>
            </apply>
          </math>
                </kineticLaw>
      </reaction>
      <reaction id="re25" metaid="metaid_0000184" reversible="false">
        <listOfProducts>
          <speciesReference metaid="c600f643_cadd_48b6_8d25_82d7f83dd793" species="mCHOP"/>
        </listOfProducts>
        <listOfModifiers>
          <modifierSpeciesReference metaid="_844cf2be_a850_43b5_8a7c_d06d832f9922" species="ATF4"/>
          <modifierSpeciesReference metaid="_393c375b_870e_48f9_9bfb_6cc009c0a9a5" species="ATF6p50"/>
          <modifierSpeciesReference metaid="_0805e287_5ac2_4b83_8530_3e52956d6eb1" species="ATF4"/>
          <modifierSpeciesReference metaid="_1c64890b_cb41_4cd8_95d5_51a321847ee4" species="ATF6p50"/>
        </listOfModifiers>
        <kineticLaw metaid="_411be726_6c3b_4a6b_954f_50f709f33f8b">
          <math xmlns="http://www.w3.org/1998/Math/MathML">          
            <apply>
              <divide/>
              <apply>
                <times/>
                <ci> trcCHOP </ci>
                <apply>
                  <plus/>
                  <apply>
                    <times/>
                    <ci> kmAtff </ci>
                    <ci> ATF4 </ci>
                  </apply>
                  <apply>
                    <times/>
                    <ci> kmAtfs </ci>
                    <ci> ATF6p50 </ci>
                  </apply>
                </apply>
              </apply>
              <apply>
                <plus/>
                <ci> krcCHOP </ci>
                <apply>
                  <times/>
                  <ci> kmAtff </ci>
                  <ci> ATF4 </ci>
                </apply>
                <apply>
                  <times/>
                  <ci> kmAtfs </ci>
                  <ci> ATF6p50 </ci>
                </apply>
              </apply>
            </apply>
          </math>
                </kineticLaw>
      </reaction>
      <reaction id="re26" metaid="metaid_0000185" reversible="false">
        <listOfReactants>
          <speciesReference metaid="_3d711e10_05b2_43a4_a591_87e7793ab24f" species="mCHOP"/>
        </listOfReactants>
        <listOfModifiers>
          <modifierSpeciesReference metaid="dab82176_b130_43d0_8fac_7df49bf3f3e4" species="mCHOP"/>
        </listOfModifiers>
        <kineticLaw metaid="d22ecae1_b8e9_4878_a78d_beb5cce97759">
          <math xmlns="http://www.w3.org/1998/Math/MathML">          
            <apply>
              <times/>
              <ci> kdmCHOP </ci>
              <ci> mCHOP </ci>
            </apply>
          </math>
                </kineticLaw>
      </reaction>
      <reaction id="re27" metaid="metaid_0000186" reversible="false">
        <listOfProducts>
          <speciesReference metaid="c56ae9e1_31a2_4a47_9d47_602d9f31db5b" species="CHOP"/>
        </listOfProducts>
        <listOfModifiers>
          <modifierSpeciesReference metaid="_0ba1f2d9_1dfd_4bf1_b61f_75a894e70e55" species="mCHOP"/>
          <modifierSpeciesReference metaid="e74bddae_08dc_4a3c_9e9d_b6aeeb13e92e" species="mCHOP"/>
        </listOfModifiers>
        <kineticLaw metaid="_66c2ac68_7e29_45c8_a869_baf1ebc0240e">
          <math xmlns="http://www.w3.org/1998/Math/MathML">          
            <apply>
              <times/>
              <ci> ktrCHOP </ci>
              <ci> mCHOP </ci>
            </apply>
          </math>
                </kineticLaw>
      </reaction>
      <reaction id="re28" metaid="metaid_0000187" reversible="false">
        <listOfReactants>
          <speciesReference metaid="_8324b982_77ac_4da6_a628_3a0b56097979" species="CHOP"/>
        </listOfReactants>
        <listOfModifiers>
          <modifierSpeciesReference metaid="f1d7e488_3ae2_438d_a4d6_93ac598c1bce" species="CHOP"/>
        </listOfModifiers>
        <kineticLaw metaid="baa4413b_ea8d_41b4_98f2_2b1fab07c3d2">
          <math xmlns="http://www.w3.org/1998/Math/MathML">          
            <apply>
              <times/>
              <ci> kdCHOP </ci>
              <ci> CHOP </ci>
            </apply>
          </math>
                </kineticLaw>
      </reaction>
      <reaction id="re29" metaid="metaid_0000188" reversible="false">
        <listOfProducts>
          <speciesReference metaid="ed27c8e1_0ebb_4e70_aa88_58555ee5d06e" species="mGADD34"/>
        </listOfProducts>
        <listOfModifiers>
          <modifierSpeciesReference metaid="_0301dee2_8bae_4332_b422_7d72635c6a5b" species="CHOP"/>
          <modifierSpeciesReference metaid="acaca146_98de_47f1_9208_92e6be8ce181" species="CHOP"/>
        </listOfModifiers>
        <kineticLaw metaid="b7670f65_7ddc_4726_b074_ce393b62e818">
          <math xmlns="http://www.w3.org/1998/Math/MathML">          
            <apply>
              <divide/>
              <apply>
                <times/>
                <ci> trcGADD34 </ci>
                <ci> kmChop </ci>
                <ci> CHOP </ci>
              </apply>
              <apply>
                <plus/>
                <ci> krcGADD34 </ci>
                <apply>
                  <times/>
                  <ci> kmChop </ci>
                  <ci> CHOP </ci>
                </apply>
              </apply>
            </apply>
          </math>
                </kineticLaw>
      </reaction>
      <reaction id="re30" metaid="metaid_0000189" reversible="false">
        <listOfReactants>
          <speciesReference metaid="_2bff5362_125b_4039_ba74_d80a16d575fc" species="mGADD34"/>
        </listOfReactants>
        <listOfModifiers>
          <modifierSpeciesReference metaid="_2499897a_d8c2_49bf_9028_732469d6d48d" species="mGADD34"/>
        </listOfModifiers>
        <kineticLaw metaid="_988fd669_107a_4caf_8c96_6fa7374e56df">
          <math xmlns="http://www.w3.org/1998/Math/MathML">          
            <apply>
              <times/>
              <ci> kdmGADD34 </ci>
              <ci> mGADD34 </ci>
            </apply>
          </math>
                </kineticLaw>
      </reaction>
      <reaction id="re31" metaid="metaid_0000190" reversible="false">
        <listOfProducts>
          <speciesReference metaid="_05b47443_6fbb_4228_97c3_4378137b4b7d" species="GADD34"/>
        </listOfProducts>
        <listOfModifiers>
          <modifierSpeciesReference metaid="d1c70732_9ad3_4429_bcf4_d7570cecb518" species="mGADD34"/>
          <modifierSpeciesReference metaid="_3abf7f23_b6ef_40d4_8e4a_6895911f456b" species="mGADD34"/>
        </listOfModifiers>
        <kineticLaw metaid="cb8b62ca_362c_4c8f_a4a2_14b05b9195ac">
          <math xmlns="http://www.w3.org/1998/Math/MathML">          
            <apply>
              <times/>
              <ci> ktrGADD34 </ci>
              <ci> mGADD34 </ci>
            </apply>
          </math>
                </kineticLaw>
      </reaction>
      <reaction id="re32" metaid="metaid_0000191" reversible="false">
        <listOfReactants>
          <speciesReference metaid="_7fc5360b_c9f9_4e9b_8ac9_2adfa3fb6d6f" species="GADD34"/>
        </listOfReactants>
        <listOfModifiers>
          <modifierSpeciesReference metaid="d2433d07_b144_45ce_99b9_5a51be12d3fd" species="GADD34"/>
        </listOfModifiers>
        <kineticLaw metaid="_359f232c_8d0b_47c4_b349_afca670a92fe">
          <math xmlns="http://www.w3.org/1998/Math/MathML">          
            <apply>
              <times/>
              <ci> kdGADD34 </ci>
              <ci> GADD34 </ci>
            </apply>
          </math>
                </kineticLaw>
      </reaction>
      <reaction id="rea1" metaid="metaid_0000192" reversible="false">
        <listOfProducts>
          <speciesReference metaid="b42d1364_7d36_43b6_b08a_a89c7269104e" species="BCL2T"/>
        </listOfProducts>
        <listOfModifiers>
          <modifierSpeciesReference metaid="a4add2c4_9ef6_41da_8ca7_4fe2dc1f7b44" species="CHOP"/>
          <modifierSpeciesReference metaid="_7e60c613_9eb8_40ca_9a41_9e20dee7970f" species="CHOP"/>
        </listOfModifiers>
        <kineticLaw metaid="ba27e4e9_dd40_4324_b532_d4a8f2c6576c">
          <math xmlns="http://www.w3.org/1998/Math/MathML">          
            <apply>
              <divide/>
              <ci> kfbc </ci>
              <apply>
                <plus/>
                <cn> 1 </cn>
                <apply>
                  <times/>
                  <ci> kmbc </ci>
                  <ci> CHOP </ci>
                </apply>
              </apply>
            </apply>
          </math>
                </kineticLaw>
      </reaction>
      <reaction id="rea2" metaid="metaid_0000193" reversible="false">
        <listOfReactants>
          <speciesReference metaid="e61d5b87_ac0e_4f9c_96b0_672a9b0d5f15" species="BCL2T"/>
        </listOfReactants>
        <listOfModifiers>
          <modifierSpeciesReference metaid="_3e159fe2_9add_4419_bb69_7bdd1d6961d5" species="BCL2T"/>
        </listOfModifiers>
        <kineticLaw metaid="_09b94515_3af1_4719_ae18_19808bc2396a">
          <math xmlns="http://www.w3.org/1998/Math/MathML">          
            <apply>
              <times/>
              <ci> kdbc </ci>
              <ci> BCL2T </ci>
            </apply>
          </math>
                </kineticLaw>
      </reaction>
      <reaction id="rea3" metaid="metaid_0000194" reversible="false">
        <listOfProducts>
          <speciesReference metaid="fa1a4e78_43be_4c16_a715_0064ef18e85c" species="BAXmT"/>
        </listOfProducts>
        <kineticLaw metaid="dd8dfcb3_b145_40a1_ba07_a21c03a78432">
          <math xmlns="http://www.w3.org/1998/Math/MathML">          
            <apply>
              <times/>
              <ci> kfx </ci>
              <ci> BAXT </ci>
            </apply>
          </math>
                </kineticLaw>
      </reaction>
      <reaction id="rea4" metaid="metaid_0000195" reversible="false">
        <listOfProducts>
          <speciesReference metaid="_3b8ce502_74d2_40d5_a8eb_77dd4c798ea2" species="BAXmT"/>
        </listOfProducts>
        <kineticLaw metaid="_83351cb8_9fb2_415c_bcbc_dae7a7e8f3c7">
          <math xmlns="http://www.w3.org/1998/Math/MathML">          
            <apply>
              <times/>
              <ci> kfxp </ci>
              <ci> BH3 </ci>
              <ci> BAXT </ci>
            </apply>
          </math>
                </kineticLaw>
      </reaction>
      <reaction id="rea5" metaid="metaid_0000196" reversible="false">
        <listOfReactants>
          <speciesReference metaid="a3ba0a02_3a68_45bb_8e7a_b8d2608b6002" species="BAXmT"/>
        </listOfReactants>
        <listOfModifiers>
          <modifierSpeciesReference metaid="_79be0550_338a_4c2e_8a49_74f7406dcf66" species="BAXmT"/>
        </listOfModifiers>
        <kineticLaw metaid="_81fb46d8_2840_4852_9f2c_30b8f92af78b">
          <math xmlns="http://www.w3.org/1998/Math/MathML">          
            <apply>
              <times/>
              <ci> kfx </ci>
              <ci> BAXmT </ci>
            </apply>
          </math>
                </kineticLaw>
      </reaction>
      <reaction id="rea6" metaid="metaid_0000197" reversible="false">
        <listOfReactants>
          <speciesReference metaid="_6e46a967_3b8e_425c_8206_d43ed38f6162" species="BAXmT"/>
        </listOfReactants>
        <listOfModifiers>
          <modifierSpeciesReference metaid="bace837d_4486_4804_af60_7631922c63b0" species="BAXmT"/>
        </listOfModifiers>
        <kineticLaw metaid="_7b0621a1_39d1_467c_a22f_03d4ae8437d3">
          <math xmlns="http://www.w3.org/1998/Math/MathML">          
            <apply>
              <times/>
              <ci> kfxp </ci>
              <ci> BH3 </ci>
              <ci> BAXmT </ci>
            </apply>
          </math>
                </kineticLaw>
      </reaction>
      <reaction id="rea7" metaid="metaid_0000198" reversible="false">
        <listOfReactants>
          <speciesReference metaid="_98d65341_8dd1_4330_a314_63dcfb1ab829" species="BAXmT"/>
        </listOfReactants>
        <listOfModifiers>
          <modifierSpeciesReference metaid="_44d664c4_dfda_4bf3_87f1_dd7c93a82876" species="BAXmT"/>
        </listOfModifiers>
        <kineticLaw metaid="eb0c6f0d_88bb_452c_8118_6772da9c7fbc">
          <math xmlns="http://www.w3.org/1998/Math/MathML">          
            <apply>
              <times/>
              <ci> kbx </ci>
              <ci> BAXmT </ci>
            </apply>
          </math>
                </kineticLaw>
      </reaction>
      <reaction id="rea8" metaid="metaid_0000199" reversible="false">
        <listOfProducts>
          <speciesReference metaid="_1e66dd47_de31_461c_ad89_3aedae77a524" species="BH3T"/>
        </listOfProducts>
        <kineticLaw metaid="_412e4665_c708_405e_991c_a8ebafca6ae8">
          <math xmlns="http://www.w3.org/1998/Math/MathML">          
            <ci> ks3 </ci>
          </math>
                </kineticLaw>
      </reaction>
      <reaction id="rea9" metaid="metaid_0000200" reversible="false">
        <listOfProducts>
          <speciesReference metaid="_395671de_7557_4eb9_bbb1_e96ec757fafc" species="BH3T"/>
        </listOfProducts>
        <listOfModifiers>
          <modifierSpeciesReference metaid="a1055df1_b87d_42ea_9b33_d787ceeef438" species="CHOP"/>
          <modifierSpeciesReference metaid="_5258007d_bca1_46b3_b9a2_a1bc71c62d23" species="CHOP"/>
        </listOfModifiers>
        <kineticLaw metaid="_538a1302_c424_458a_8d3e_103f4c7a7aed">
          <math xmlns="http://www.w3.org/1998/Math/MathML">          
            <apply>
              <times/>
              <ci> ks3p </ci>
              <ci> kstr </ci>
              <ci> CHOP </ci>
            </apply>
          </math>
                </kineticLaw>
      </reaction>
      <reaction id="rea10" metaid="metaid_0000201" reversible="false">
        <listOfReactants>
          <speciesReference metaid="ba115250_faae_4141_b0bb_b23fe7df3479" species="BH3T"/>
        </listOfReactants>
        <listOfModifiers>
          <modifierSpeciesReference metaid="_622ba6f2_834f_4181_9487_e33e21bdee63" species="BH3T"/>
        </listOfModifiers>
        <kineticLaw metaid="b63f37d9_3766_40ee_bef3_b303fb586abf">
          <math xmlns="http://www.w3.org/1998/Math/MathML">          
            <apply>
              <times/>
              <ci> kd3 </ci>
              <ci> BH3T </ci>
            </apply>
          </math>
                </kineticLaw>
      </reaction>
      <reaction id="rea11" metaid="metaid_0000202" reversible="false">
        <listOfProducts>
          <speciesReference metaid="_1a241562_17b0_41f3_866d_e0d5e25c7192" species="BAXmBCL2"/>
        </listOfProducts>
        <kineticLaw metaid="dee37197_815b_4a26_ba9a_969d527c97d2">
          <math xmlns="http://www.w3.org/1998/Math/MathML">          
            <apply>
              <times/>
              <ci> kasx </ci>
              <ci> BAXm </ci>
              <ci> BCL2 </ci>
            </apply>
          </math>
                </kineticLaw>
      </reaction>
      <reaction id="rea12" metaid="metaid_0000203" reversible="false">
        <listOfReactants>
          <speciesReference metaid="_707baab8_101a_4182_b9a9_183e6e1edfa7" species="BAXmBCL2"/>
        </listOfReactants>
        <listOfModifiers>
          <modifierSpeciesReference metaid="_6979e9e7_0774_42a3_810c_e6c3caf7b64b" species="BAXmBCL2"/>
        </listOfModifiers>
        <kineticLaw metaid="_03636e1b_02c7_40b4_b070_492edd3209d5">
          <math xmlns="http://www.w3.org/1998/Math/MathML">          
            <apply>
              <times/>
              <ci> kdsx </ci>
              <ci> BAXmBCL2 </ci>
            </apply>
          </math>
                </kineticLaw>
      </reaction>
      <reaction id="rea13" metaid="metaid_0000204" reversible="false">
        <listOfReactants>
          <speciesReference metaid="_71a2e3f9_163f_4c0a_8f50_00791a992ded" species="BAXmBCL2"/>
        </listOfReactants>
        <listOfModifiers>
          <modifierSpeciesReference metaid="_98700da2_59ca_41b9_995e_eb16d70c9232" species="BAXmBCL2"/>
        </listOfModifiers>
        <kineticLaw metaid="_8249f3fb_0840_4165_93c6_31aa4ace1e2b">
          <math xmlns="http://www.w3.org/1998/Math/MathML">          
            <apply>
              <times/>
              <ci> kbx </ci>
              <ci> BAXmBCL2 </ci>
            </apply>
          </math>
                </kineticLaw>
      </reaction>
      <reaction id="rea14" metaid="metaid_0000205" reversible="false">
        <listOfProducts>
          <speciesReference metaid="c70a2e99_36c1_4437_8e2c_7c5263dec89a" species="BH3BCL2"/>
        </listOfProducts>
        <kineticLaw metaid="c6f35c0f_7802_476f_a3b9_354e9cf1a06b">
          <math xmlns="http://www.w3.org/1998/Math/MathML">          
            <apply>
              <times/>
              <ci> kas3 </ci>
              <ci> BH3 </ci>
              <ci> BCL2 </ci>
            </apply>
          </math>
                </kineticLaw>
      </reaction>
      <reaction id="rea15" metaid="metaid_0000206" reversible="false">
        <listOfReactants>
          <speciesReference metaid="_12cc2b79_3bfe_42be_adfd_93ab968e624c" species="BH3BCL2"/>
        </listOfReactants>
        <listOfModifiers>
          <modifierSpeciesReference metaid="_34de2872_437a_4c88_9b8d_2f494fe1e734" species="BH3BCL2"/>
        </listOfModifiers>
        <kineticLaw metaid="e09cf6ab_c988_4598_a710_85417ab75a02">
          <math xmlns="http://www.w3.org/1998/Math/MathML">          
            <apply>
              <times/>
              <ci> kds3 </ci>
              <ci> BH3BCL2 </ci>
            </apply>
          </math>
                </kineticLaw>
      </reaction>
      <reaction id="rea16" metaid="metaid_0000207" reversible="false">
        <listOfReactants>
          <speciesReference metaid="ac9a3342_1857_4782_b9cc_4bc2eb00f784" species="BH3BCL2"/>
        </listOfReactants>
        <listOfModifiers>
          <modifierSpeciesReference metaid="ad8b5c1d_e90c_4b96_ac2a_3357df4e1027" species="BH3BCL2"/>
        </listOfModifiers>
        <kineticLaw metaid="f4b62510_33b4_4928_8f5e_08472f1d206a">
          <math xmlns="http://www.w3.org/1998/Math/MathML">          
            <apply>
              <times/>
              <ci> kd3 </ci>
              <ci> BH3BCL2 </ci>
            </apply>
          </math>
                </kineticLaw>
      </reaction>
    </listOfReactions>
  </model>
</sbml>
