<?xml version="1.0" encoding="UTF-8" standalone="no"?>
<sbml xmlns="http://www.sbml.org/sbml/level2" level="2" metaid="metaid_0000001" version="1">
  <model id="BIOMD0000000145" metaid="metaid_0000002" name="Wang2007 - ATP induced intracellular Calcium Oscillation">
    <notes>
<body xmlns="http://www.w3.org/1999/xhtml">
<div class="dc:title">
 Wang2007 - ATP induced intracellular Calicum Oscillation
</div>
<div class="dc:description">
 <p>The model simulate the ATP-induced intracellular Ca<sup>2+</sup> oscillations and the quantitative effect of ATP concentration on the oscillation characteristics such as the duration, peak concentration of intracellular Ca<sup>2+</sup> and average interval. </p>
</div>
<div class="dc:bibliographicCitation">
 <p>This model is described in the article:</p>
 <div class="bibo:title">
            <a href="http://identifiers.org/pubmed/17188305" title="Access to this publication">A quantitative kinetic model for ATP-induced intracellular Ca2+ oscillations.</a></div>
 <div class="bibo:authorList">Wang J, Huang X, Huang W.</div>
 <div class="bibo:Journal">J. Theor. Biol. 2007 Apr; 245(3): 510-519 </div>
 <p>Abstract:</p>
 <div class="bibo:abstract">  
   <p>A quantitative kinetic model is proposed to simulate the ATP-induced intracellular Ca(2+) oscillations. The quantitative effect of ATP concentration upon the oscillations was successfully simulated. Our simulation results support previous experimental explanations that the Ca(2+) oscillations are mainly due to interaction of Ca(2+) release from the endoplasmic reticulum (ER) and the ATP-dependent Ca(2+) pump back into the ER, and the oscillations are prolonged by extracellular Ca(2+) entry that maintains the constant Ca(2+) supplies to its intracellular stores. The model is also able to simulate the sudden disappearance phenomenon of the Ca(2+) oscillations observed in some cell types by taking into account of the biphasic characteristic of the Ca(2+) release from the endoplasmic reticulum (ER). Moreover, the model simulation results for the Ca(2+) oscillations characteristics such as duration, peak [Ca(2+)](cyt), and average interval, etc., lead to prediction of some possible factors responsible for the variations of Ca(2+) oscillations in different types of cells.</p>
 </div>
</div>
<div class="dc:publisher">
 <p>This model is hosted on <a href="http://www.ebi.ac.uk/biomodels/">BioModels Database</a> and identified
by: <a href="http://identifiers.org/biomodels.db/BIOMD0000000145">BIOMD0000000145</a>.</p>
 <p>To cite BioModels Database, please use: <a href="http://identifiers.org/pubmed/20587024" title="Latest BioModels Database publication">BioModels Database: An enhanced, curated and annotated resource
for published quantitative kinetic models</a>.</p>
</div>
<div class="dc:license">
   <p>To the extent possible under law, all copyright and related or
neighbouring rights to this encoded model have been dedicated to the public
domain worldwide. Please refer to <a href="http://creativecommons.org/publicdomain/zero/1.0/" title="Access to: CC0 1.0 Universal (CC0 1.0), Public Domain Dedication">CC0 Public Domain
Dedication</a> for more information.</p>
</div>
</body>
</notes>
    <annotation>
	<rdf:RDF xmlns:rdf="http://www.w3.org/1999/02/22-rdf-syntax-ns#" xmlns:dc="http://purl.org/dc/elements/1.1/" xmlns:vCard="http://www.w3.org/2001/vcard-rdf/3.0#" xmlns:dcterms="http://purl.org/dc/terms/" xmlns:bqmodel="http://biomodels.net/model-qualifiers/" xmlns:bqbiol="http://biomodels.net/biology-qualifiers/">
        <rdf:Description rdf:about="#metaid_0000002">
	<dc:creator>
	<rdf:Bag>
	<rdf:li rdf:parseType="Resource">
	<vCard:N rdf:parseType="Resource">
	<vCard:Family>Dharuri</vCard:Family>
	<vCard:Given>Harish</vCard:Given>
	</vCard:N>
	<vCard:EMAIL>hdharuri@cds.caltech.edu</vCard:EMAIL>
	<vCard:ORG rdf:parseType="Resource">
	<vCard:Orgname>California Institute of Technology</vCard:Orgname>
	</vCard:ORG>
	</rdf:li>
	<rdf:li rdf:parseType="Resource">
	<vCard:N rdf:parseType="Resource">
	<vCard:Family>Chelliah</vCard:Family>
	<vCard:Given>Vijayalakshmi</vCard:Given>
	</vCard:N>
	<vCard:EMAIL>viji@ebi.ac.uk</vCard:EMAIL>
	<vCard:ORG rdf:parseType="Resource">
	<vCard:Orgname>EMBL-EBI</vCard:Orgname>
	</vCard:ORG>
	</rdf:li>
	</rdf:Bag>
	</dc:creator>
	<dcterms:created rdf:parseType="Resource">
	<dcterms:W3CDTF>2007-08-28T14:35:18Z</dcterms:W3CDTF>
	</dcterms:created>
	<dcterms:modified rdf:parseType="Resource">
	<dcterms:W3CDTF>2014-03-31T11:58:54Z</dcterms:W3CDTF>
	</dcterms:modified>
	<bqmodel:is>
	<rdf:Bag>
	<rdf:li rdf:resource="http://identifiers.org/biomodels.db/MODEL8342350003"/>
	</rdf:Bag>
	</bqmodel:is>
	<bqmodel:is>
	<rdf:Bag>
	<rdf:li rdf:resource="http://identifiers.org/biomodels.db/BIOMD0000000145"/>
	</rdf:Bag>
	</bqmodel:is>
	<bqmodel:isDescribedBy>
	<rdf:Bag>
	<rdf:li rdf:resource="http://identifiers.org/pubmed/17188305"/>
	</rdf:Bag>
	</bqmodel:isDescribedBy>
	<bqmodel:isDerivedFrom>
	<rdf:Bag>
	<rdf:li rdf:resource="http://identifiers.org/pubmed/1647879"/>
	</rdf:Bag>
	</bqmodel:isDerivedFrom>
	<bqbiol:hasProperty>
	<rdf:Bag>
	<rdf:li rdf:resource="http://identifiers.org/mamo/MAMO_0000046"/>
	</rdf:Bag>
	</bqbiol:hasProperty>
	<bqbiol:hasPart>
	<rdf:Bag>
	<rdf:li rdf:resource="http://identifiers.org/kegg.pathway/hsa04020"/>
	<rdf:li rdf:resource="http://identifiers.org/go/GO:0051482"/>
	</rdf:Bag>
	</bqbiol:hasPart>
	<bqbiol:hasTaxon>
	<rdf:Bag>
	<rdf:li rdf:resource="http://identifiers.org/taxonomy/131567"/>
	</rdf:Bag>
	</bqbiol:hasTaxon>
	</rdf:Description>
	
	</rdf:RDF>
	</annotation>
      <listOfUnitDefinitions>
      <unitDefinition id="substance" metaid="metaid_0000068" name="nano mole">
        <listOfUnits>
          <unit kind="mole" metaid="_434589" scale="-9"/>
        </listOfUnits>
      </unitDefinition>
    </listOfUnitDefinitions>
    <listOfCompartments>
      <compartment id="Cytosol" metaid="metaid_0000037" size="1">
        <annotation>
	<rdf:RDF xmlns:rdf="http://www.w3.org/1999/02/22-rdf-syntax-ns#" xmlns:bqmodel="http://biomodels.net/model-qualifiers/" xmlns:bqbiol="http://biomodels.net/biology-qualifiers/">
            <rdf:Description rdf:about="#metaid_0000037">
	<bqbiol:is>
	<rdf:Bag>
	<rdf:li rdf:resource="http://identifiers.org/go/GO:0005829"/>
	</rdf:Bag>
	</bqbiol:is>
	</rdf:Description>
	
	</rdf:RDF>
	</annotation>
            </compartment>
      <compartment id="ER" metaid="metaid_0000066" size="1">
        <annotation>
	<rdf:RDF xmlns:rdf="http://www.w3.org/1999/02/22-rdf-syntax-ns#" xmlns:bqmodel="http://biomodels.net/model-qualifiers/" xmlns:bqbiol="http://biomodels.net/biology-qualifiers/">
            <rdf:Description rdf:about="#metaid_0000066">
	<bqbiol:is>
	<rdf:Bag>
	<rdf:li rdf:resource="http://identifiers.org/go/GO:0005783"/>
	</rdf:Bag>
	</bqbiol:is>
	</rdf:Description>
	
	</rdf:RDF>
	</annotation>
            </compartment>
    </listOfCompartments>
    <listOfSpecies>
      <species compartment="Cytosol" id="Galpha_GTP" initialConcentration="1" metaid="metaid_0000039" name="Galpha_GTP">
        <annotation>
	<rdf:RDF xmlns:rdf="http://www.w3.org/1999/02/22-rdf-syntax-ns#" xmlns:bqmodel="http://biomodels.net/model-qualifiers/" xmlns:bqbiol="http://biomodels.net/biology-qualifiers/">
            <rdf:Description rdf:about="#metaid_0000039">
	<bqbiol:hasPart>
	<rdf:Bag>
	<rdf:li rdf:resource="http://identifiers.org/chebi/CHEBI:15996"/>
	<rdf:li rdf:resource="http://identifiers.org/uniprot/P29992"/>
	</rdf:Bag>
	</bqbiol:hasPart>
	</rdf:Description>
	
	</rdf:RDF>
	</annotation>
            </species>
      <species compartment="Cytosol" id="APLC" initialConcentration="9" metaid="metaid_0000040" name="APLC">
        <annotation>
	<rdf:RDF xmlns:rdf="http://www.w3.org/1999/02/22-rdf-syntax-ns#" xmlns:bqmodel="http://biomodels.net/model-qualifiers/" xmlns:bqbiol="http://biomodels.net/biology-qualifiers/">
            <rdf:Description rdf:about="#metaid_0000040">
	<bqbiol:isVersionOf>
	<rdf:Bag>
	<rdf:li rdf:resource="http://identifiers.org/uniprot/Q9NQ66"/>
	</rdf:Bag>
	</bqbiol:isVersionOf>
	</rdf:Description>
	
	</rdf:RDF>
	</annotation>
            </species>
      <species compartment="Cytosol" id="IP3" initialConcentration="1" metaid="metaid_0000041" name="IP3">
        <annotation>
	<rdf:RDF xmlns:rdf="http://www.w3.org/1999/02/22-rdf-syntax-ns#" xmlns:bqmodel="http://biomodels.net/model-qualifiers/" xmlns:bqbiol="http://biomodels.net/biology-qualifiers/">
            <rdf:Description rdf:about="#metaid_0000041">
	<bqbiol:is>
	<rdf:Bag>
	<rdf:li rdf:resource="http://identifiers.org/chebi/CHEBI:16595"/>
	</rdf:Bag>
	</bqbiol:is>
	</rdf:Description>
	
	</rdf:RDF>
	</annotation>
            </species>
      <species compartment="ER" id="Ca_ER" initialConcentration="1000" metaid="metaid_0000042" name="Calcium">
        <annotation>
	<rdf:RDF xmlns:rdf="http://www.w3.org/1999/02/22-rdf-syntax-ns#" xmlns:bqmodel="http://biomodels.net/model-qualifiers/" xmlns:bqbiol="http://biomodels.net/biology-qualifiers/">
            <rdf:Description rdf:about="#metaid_0000042">
	<bqbiol:is>
	<rdf:Bag>
	<rdf:li rdf:resource="http://identifiers.org/chebi/CHEBI:29108"/>
	</rdf:Bag>
	</bqbiol:is>
	</rdf:Description>
	
	</rdf:RDF>
	</annotation>
            </species>
      <species compartment="Cytosol" id="Ca_Cyt" initialConcentration="200" metaid="metaid_0000043" name="Calcium">
        <annotation>
	<rdf:RDF xmlns:rdf="http://www.w3.org/1999/02/22-rdf-syntax-ns#" xmlns:bqmodel="http://biomodels.net/model-qualifiers/" xmlns:bqbiol="http://biomodels.net/biology-qualifiers/">
            <rdf:Description rdf:about="#metaid_0000043">
	<bqbiol:is>
	<rdf:Bag>
	<rdf:li rdf:resource="http://identifiers.org/chebi/CHEBI:29108"/>
	</rdf:Bag>
	</bqbiol:is>
	</rdf:Description>
	
	</rdf:RDF>
	</annotation>
            </species>
      <species compartment="Cytosol" id="PLC" initialConcentration="1" metaid="metaid_0000065" name="PLC">
        <annotation>
	<rdf:RDF xmlns:rdf="http://www.w3.org/1999/02/22-rdf-syntax-ns#" xmlns:bqmodel="http://biomodels.net/model-qualifiers/" xmlns:bqbiol="http://biomodels.net/biology-qualifiers/">
            <rdf:Description rdf:about="#metaid_0000065">
	<bqbiol:isVersionOf>
	<rdf:Bag>
	<rdf:li rdf:resource="http://identifiers.org/uniprot/Q9NQ66"/>
	</rdf:Bag>
	</bqbiol:isVersionOf>
	</rdf:Description>
	
	</rdf:RDF>
	</annotation>
            </species>
      <species compartment="Cytosol" id="DG" initialConcentration="1" metaid="metaid_0000067" name="Diacylglycerol">
        <annotation>
	<rdf:RDF xmlns:rdf="http://www.w3.org/1999/02/22-rdf-syntax-ns#" xmlns:bqmodel="http://biomodels.net/model-qualifiers/" xmlns:bqbiol="http://biomodels.net/biology-qualifiers/">
            <rdf:Description rdf:about="#metaid_0000067">
	<bqbiol:is>
	<rdf:Bag>
	<rdf:li rdf:resource="http://identifiers.org/chebi/CHEBI:18035"/>
	</rdf:Bag>
	</bqbiol:is>
	</rdf:Description>
	
	</rdf:RDF>
	</annotation>
            </species>
    </listOfSpecies>
    <listOfParameters>
      <parameter constant="false" id="Raplc" metaid="metaid_0000004" value="0"/>
      <parameter id="Kp" metaid="metaid_0000005" value="4"/>
      <parameter constant="false" id="Rpkc" metaid="metaid_0000006" value="0"/>
      <parameter id="Kd" metaid="metaid_0000007" value="10"/>
      <parameter id="Kr" metaid="metaid_0000008" value="200"/>
      <parameter constant="false" id="Rgalpha_gtp" metaid="metaid_0000009" value="0"/>
      <parameter id="n" metaid="metaid_0000010" value="4"/>
      <parameter id="Kg" metaid="metaid_0000011" value="25"/>
      <parameter constant="false" id="Rdg" metaid="metaid_0000012" value="0"/>
      <parameter id="m" metaid="metaid_0000013" value="2"/>
      <parameter constant="false" id="Rip3" metaid="metaid_0000014" value="0"/>
      <parameter id="Ks" metaid="metaid_0000015" value="25"/>
      <parameter constant="false" id="Rcyt1" metaid="metaid_0000016" value="0"/>
      <parameter id="Kc1" metaid="metaid_0000017" value="1000"/>
      <parameter constant="false" id="Rcyt2" metaid="metaid_0000018" value="0"/>
      <parameter id="Kc2" metaid="metaid_0000019" value="2000"/>
      <parameter constant="false" id="Rer" metaid="metaid_0000020" value="0"/>
      <parameter id="w" metaid="metaid_0000021" value="3"/>
      <parameter id="Ker" metaid="metaid_0000022" value="75"/>
      <parameter id="Cplc_total" metaid="metaid_0000024" value="10"/>
      <parameter id="k0" metaid="metaid_0000025" value="0.1"/>
      <parameter id="k1" metaid="metaid_0000026" value="3.4"/>
      <parameter id="k2" metaid="metaid_0000027" value="4"/>
      <parameter id="k3" metaid="metaid_0000028" value="4.5"/>
      <parameter id="k4" metaid="metaid_0000029" value="1.2"/>
      <parameter id="k5" metaid="metaid_0000030" value="0.12"/>
      <parameter id="k6" metaid="metaid_0000031" value="14"/>
      <parameter id="k7" metaid="metaid_0000032" value="2"/>
      <parameter id="k8" metaid="metaid_0000033" value="10500"/>
      <parameter id="k9" metaid="metaid_0000034" value="600"/>
      <parameter id="k10" metaid="metaid_0000035" value="3000"/>
      <parameter id="k11" metaid="metaid_0000036" value="260"/>
    </listOfParameters>
    <listOfRules>
      <assignmentRule metaid="metaid_0000044" variable="DG">
        <math xmlns="http://www.w3.org/1998/Math/MathML">        
          <ci> IP3 </ci>
        </math>
            </assignmentRule>
      <assignmentRule metaid="metaid_0000045" variable="Raplc">
        <math xmlns="http://www.w3.org/1998/Math/MathML">        
          <apply>
            <divide/>
            <ci> APLC </ci>
            <apply>
              <plus/>
              <ci> Kp </ci>
              <ci> APLC </ci>
            </apply>
          </apply>
        </math>
            </assignmentRule>
      <assignmentRule metaid="metaid_0000046" variable="Rpkc">
        <math xmlns="http://www.w3.org/1998/Math/MathML">        
          <apply>
            <divide/>
            <apply>
              <times/>
              <apply>
                <divide/>
                <ci> DG </ci>
                <apply>
                  <plus/>
                  <ci> Kd </ci>
                  <ci> DG </ci>
                </apply>
              </apply>
              <ci> Ca_Cyt </ci>
            </apply>
            <apply>
              <plus/>
              <ci> Kr </ci>
              <ci> Ca_Cyt </ci>
            </apply>
          </apply>
        </math>
            </assignmentRule>
      <assignmentRule metaid="metaid_0000047" variable="Rgalpha_gtp">
        <math xmlns="http://www.w3.org/1998/Math/MathML">        
          <apply>
            <divide/>
            <apply>
              <power/>
              <ci> Galpha_GTP </ci>
              <ci> n </ci>
            </apply>
            <apply>
              <plus/>
              <apply>
                <power/>
                <ci> Kg </ci>
                <ci> n </ci>
              </apply>
              <apply>
                <power/>
                <ci> Galpha_GTP </ci>
                <ci> n </ci>
              </apply>
            </apply>
          </apply>
        </math>
            </assignmentRule>
      <assignmentRule metaid="metaid_0000048" variable="Rdg">
        <math xmlns="http://www.w3.org/1998/Math/MathML">        
          <apply>
            <divide/>
            <apply>
              <power/>
              <ci> DG </ci>
              <ci> m </ci>
            </apply>
            <apply>
              <plus/>
              <apply>
                <power/>
                <ci> Kd </ci>
                <ci> m </ci>
              </apply>
              <apply>
                <power/>
                <ci> DG </ci>
                <ci> m </ci>
              </apply>
            </apply>
          </apply>
        </math>
            </assignmentRule>
      <assignmentRule metaid="metaid_0000049" variable="Rip3">
        <math xmlns="http://www.w3.org/1998/Math/MathML">        
          <apply>
            <divide/>
            <apply>
              <power/>
              <ci> IP3 </ci>
              <cn type="integer"> 3 </cn>
            </apply>
            <apply>
              <plus/>
              <apply>
                <power/>
                <ci> Ks </ci>
                <cn type="integer"> 3 </cn>
              </apply>
              <apply>
                <power/>
                <ci> IP3 </ci>
                <cn type="integer"> 3 </cn>
              </apply>
            </apply>
          </apply>
        </math>
            </assignmentRule>
      <assignmentRule metaid="metaid_0000050" variable="Rcyt1">
        <math xmlns="http://www.w3.org/1998/Math/MathML">        
          <apply>
            <divide/>
            <ci> Ca_Cyt </ci>
            <apply>
              <plus/>
              <ci> Kc1 </ci>
              <ci> Ca_Cyt </ci>
            </apply>
          </apply>
        </math>
            </assignmentRule>
      <assignmentRule metaid="metaid_0000051" variable="Rcyt2">
        <math xmlns="http://www.w3.org/1998/Math/MathML">        
          <apply>
            <divide/>
            <ci> Ca_Cyt </ci>
            <apply>
              <plus/>
              <ci> Kc2 </ci>
              <ci> Ca_Cyt </ci>
            </apply>
          </apply>
        </math>
            </assignmentRule>
      <assignmentRule metaid="metaid_0000052" variable="Rer">
        <math xmlns="http://www.w3.org/1998/Math/MathML">        
          <apply>
            <divide/>
            <apply>
              <power/>
              <ci> Ca_ER </ci>
              <ci> w </ci>
            </apply>
            <apply>
              <plus/>
              <apply>
                <power/>
                <ci> Ker </ci>
                <ci> w </ci>
              </apply>
              <apply>
                <power/>
                <ci> Ca_ER </ci>
                <ci> w </ci>
              </apply>
            </apply>
          </apply>
        </math>
            </assignmentRule>
      <assignmentRule metaid="metaid_0000053" variable="PLC">
        <math xmlns="http://www.w3.org/1998/Math/MathML">        
          <apply>
            <minus/>
            <ci> Cplc_total </ci>
            <ci> APLC </ci>
          </apply>
        </math>
            </assignmentRule>
    </listOfRules>
    <listOfReactions>
      <reaction id="R1" metaid="metaid_0000054" reversible="false">
        <annotation>
	<rdf:RDF xmlns:rdf="http://www.w3.org/1999/02/22-rdf-syntax-ns#" xmlns:bqmodel="http://biomodels.net/model-qualifiers/" xmlns:bqbiol="http://biomodels.net/biology-qualifiers/">
            <rdf:Description rdf:about="#metaid_0000054">
	<bqbiol:isVersionOf>
	<rdf:Bag>
	<rdf:li rdf:resource="http://identifiers.org/go/GO:0006417"/>
	</rdf:Bag>
	</bqbiol:isVersionOf>
	</rdf:Description>
	
	</rdf:RDF>
	</annotation>
              <listOfProducts>
          <speciesReference metaid="_434608" species="Galpha_GTP"/>
        </listOfProducts>
        <kineticLaw metaid="_434620">
          <math xmlns="http://www.w3.org/1998/Math/MathML">          
            <apply>
              <times/>
              <ci> Cytosol </ci>
              <ci> k0 </ci>
            </apply>
          </math>
                </kineticLaw>
      </reaction>
      <reaction id="R2" metaid="metaid_0000055" reversible="false">
        <annotation>
	<rdf:RDF xmlns:rdf="http://www.w3.org/1999/02/22-rdf-syntax-ns#" xmlns:bqmodel="http://biomodels.net/model-qualifiers/" xmlns:bqbiol="http://biomodels.net/biology-qualifiers/">
            <rdf:Description rdf:about="#metaid_0000055">
	<bqbiol:isVersionOf>
	<rdf:Bag>
	<rdf:li rdf:resource="http://identifiers.org/go/GO:0045745"/>
	</rdf:Bag>
	</bqbiol:isVersionOf>
	</rdf:Description>
	
	</rdf:RDF>
	</annotation>
              <listOfProducts>
          <speciesReference metaid="_434632" species="Galpha_GTP"/>
        </listOfProducts>
        <kineticLaw metaid="_434644">
          <math xmlns="http://www.w3.org/1998/Math/MathML">          
            <apply>
              <times/>
              <ci> Cytosol </ci>
              <ci> k1 </ci>
              <ci> Galpha_GTP </ci>
            </apply>
          </math>
                </kineticLaw>
      </reaction>
      <reaction id="R3" metaid="metaid_0000056" reversible="false">
        <annotation>
	<rdf:RDF xmlns:rdf="http://www.w3.org/1999/02/22-rdf-syntax-ns#" xmlns:bqmodel="http://biomodels.net/model-qualifiers/" xmlns:bqbiol="http://biomodels.net/biology-qualifiers/">
            <rdf:Description rdf:about="#metaid_0000056">
	<bqbiol:isVersionOf>
	<rdf:Bag>
	<rdf:li rdf:resource="http://identifiers.org/go/GO:0003924"/>
	</rdf:Bag>
	</bqbiol:isVersionOf>
	</rdf:Description>
	
	</rdf:RDF>
	</annotation>
              <listOfReactants>
          <speciesReference metaid="_434656" species="Galpha_GTP"/>
        </listOfReactants>
        <kineticLaw metaid="_434668">
          <math xmlns="http://www.w3.org/1998/Math/MathML">          
            <apply>
              <times/>
              <ci> Cytosol </ci>
              <ci> k2 </ci>
              <ci> Raplc </ci>
              <ci> Galpha_GTP </ci>
            </apply>
          </math>
                </kineticLaw>
      </reaction>
      <reaction id="R4" metaid="metaid_0000057" reversible="false">
        <annotation>
	<rdf:RDF xmlns:rdf="http://www.w3.org/1999/02/22-rdf-syntax-ns#" xmlns:bqmodel="http://biomodels.net/model-qualifiers/" xmlns:bqbiol="http://biomodels.net/biology-qualifiers/">
            <rdf:Description rdf:about="#metaid_0000057">
	<bqbiol:isVersionOf>
	<rdf:Bag>
	<rdf:li rdf:resource="http://identifiers.org/go/GO:0045744"/>
	</rdf:Bag>
	</bqbiol:isVersionOf>
	</rdf:Description>
	
	</rdf:RDF>
	</annotation>
              <listOfReactants>
          <speciesReference metaid="_434680" species="Galpha_GTP"/>
        </listOfReactants>
        <kineticLaw metaid="_434692">
          <math xmlns="http://www.w3.org/1998/Math/MathML">          
            <apply>
              <times/>
              <ci> Cytosol </ci>
              <ci> k3 </ci>
              <ci> Rpkc </ci>
              <ci> Galpha_GTP </ci>
            </apply>
          </math>
                </kineticLaw>
      </reaction>
      <reaction id="R5" metaid="metaid_0000058" reversible="false">
        <annotation>
	<rdf:RDF xmlns:rdf="http://www.w3.org/1999/02/22-rdf-syntax-ns#" xmlns:bqmodel="http://biomodels.net/model-qualifiers/" xmlns:bqbiol="http://biomodels.net/biology-qualifiers/">
            <rdf:Description rdf:about="#metaid_0000058">
	<bqbiol:isVersionOf>
	<rdf:Bag>
	<rdf:li rdf:resource="http://identifiers.org/go/GO:0016004"/>
	</rdf:Bag>
	</bqbiol:isVersionOf>
	</rdf:Description>
	
	</rdf:RDF>
	</annotation>
              <listOfProducts>
          <speciesReference metaid="_434704" species="APLC"/>
        </listOfProducts>
        <listOfModifiers>
          <modifierSpeciesReference metaid="_434716" species="PLC"/>
        </listOfModifiers>
        <kineticLaw metaid="_434728">
          <math xmlns="http://www.w3.org/1998/Math/MathML">          
            <apply>
              <times/>
              <ci> Cytosol </ci>
              <ci> k4 </ci>
              <ci> Rgalpha_gtp </ci>
              <ci> Rdg </ci>
              <ci> PLC </ci>
            </apply>
          </math>
                </kineticLaw>
      </reaction>
      <reaction id="R6" metaid="metaid_0000059" reversible="false">
        <annotation>
	<rdf:RDF xmlns:rdf="http://www.w3.org/1999/02/22-rdf-syntax-ns#" xmlns:bqmodel="http://biomodels.net/model-qualifiers/" xmlns:bqbiol="http://biomodels.net/biology-qualifiers/">
            <rdf:Description rdf:about="#metaid_0000059">
	<bqbiol:isVersionOf>
	<rdf:Bag>
	<rdf:li rdf:resource="http://identifiers.org/go/GO:0004859"/>
	</rdf:Bag>
	</bqbiol:isVersionOf>
	</rdf:Description>
	
	</rdf:RDF>
	</annotation>
              <listOfReactants>
          <speciesReference metaid="_434740" species="APLC"/>
        </listOfReactants>
        <kineticLaw metaid="_434752">
          <math xmlns="http://www.w3.org/1998/Math/MathML">          
            <apply>
              <times/>
              <ci> Cytosol </ci>
              <ci> k5 </ci>
              <ci> APLC </ci>
            </apply>
          </math>
                </kineticLaw>
      </reaction>
      <reaction id="R7" metaid="metaid_0000060" reversible="false">
        <annotation>
	<rdf:RDF xmlns:rdf="http://www.w3.org/1999/02/22-rdf-syntax-ns#" xmlns:bqmodel="http://biomodels.net/model-qualifiers/" xmlns:bqbiol="http://biomodels.net/biology-qualifiers/">
            <rdf:Description rdf:about="#metaid_0000060">
              <bqbiol:isVersionOf>
	<rdf:Bag>
	<rdf:li rdf:resource="http://identifiers.org/go/GO:0007200"/>
	<rdf:li rdf:resource="http://identifiers.org/go/GO:0004435"/>
	</rdf:Bag>
	</bqbiol:isVersionOf>
	
	<bqbiol:is>
	<rdf:Bag>
	<rdf:li rdf:resource="http://identifiers.org/ec-code/3.1.4.11"/>
	</rdf:Bag>
	</bqbiol:is>
	</rdf:Description>
	
	</rdf:RDF>
	</annotation>
              <listOfProducts>
          <speciesReference metaid="_434764" species="IP3"/>
        </listOfProducts>
        <listOfModifiers>
          <modifierSpeciesReference metaid="_434776" species="APLC"/>
        </listOfModifiers>
        <kineticLaw metaid="_434788">
          <math xmlns="http://www.w3.org/1998/Math/MathML">          
            <apply>
              <times/>
              <ci> Cytosol </ci>
              <ci> k6 </ci>
              <ci> APLC </ci>
            </apply>
          </math>
                </kineticLaw>
      </reaction>
      <reaction id="R8" metaid="metaid_0000061" reversible="false">
        <annotation>
	<rdf:RDF xmlns:rdf="http://www.w3.org/1999/02/22-rdf-syntax-ns#" xmlns:bqmodel="http://biomodels.net/model-qualifiers/" xmlns:bqbiol="http://biomodels.net/biology-qualifiers/">
            <rdf:Description rdf:about="#metaid_0000061">
	<bqbiol:isVersionOf>
	<rdf:Bag>
	<rdf:li rdf:resource="http://identifiers.org/go/GO:0032961"/>
	</rdf:Bag>
	</bqbiol:isVersionOf>
	</rdf:Description>
	
	</rdf:RDF>
	</annotation>
              <listOfReactants>
          <speciesReference metaid="_434800" species="IP3"/>
        </listOfReactants>
        <kineticLaw metaid="_434812">
          <math xmlns="http://www.w3.org/1998/Math/MathML">          
            <apply>
              <times/>
              <ci> Cytosol </ci>
              <ci> k7 </ci>
              <ci> IP3 </ci>
            </apply>
          </math>
                </kineticLaw>
      </reaction>
      <reaction id="R9" metaid="metaid_0000062">
        <annotation>
	<rdf:RDF xmlns:rdf="http://www.w3.org/1999/02/22-rdf-syntax-ns#" xmlns:bqmodel="http://biomodels.net/model-qualifiers/" xmlns:bqbiol="http://biomodels.net/biology-qualifiers/">
            <rdf:Description rdf:about="#metaid_0000062">
	<bqbiol:isVersionOf>
	<rdf:Bag>
	<rdf:li rdf:resource="http://identifiers.org/go/GO:0006816"/>
	</rdf:Bag>
	</bqbiol:isVersionOf>
	</rdf:Description>
	
	</rdf:RDF>
	</annotation>
              <listOfReactants>
          <speciesReference metaid="_434824" species="Ca_ER" stoichiometry="0.001"/>
        </listOfReactants>
        <listOfProducts>
          <speciesReference metaid="_434836" species="Ca_Cyt" stoichiometry="0.01"/>
        </listOfProducts>
        <kineticLaw metaid="_434848">
          <math xmlns="http://www.w3.org/1998/Math/MathML">          
            <apply>
              <times/>
              <ci> ER </ci>
              <apply>
                <minus/>
                <apply>
                  <times/>
                  <ci> k8 </ci>
                  <ci> Rip3 </ci>
                  <ci> Rer </ci>
                </apply>
                <apply>
                  <times/>
                  <ci> k9 </ci>
                  <ci> Rcyt1 </ci>
                </apply>
              </apply>
            </apply>
          </math>
                </kineticLaw>
      </reaction>
      <reaction id="R10" metaid="metaid_0000063" reversible="false">
        <annotation>
	<rdf:RDF xmlns:rdf="http://www.w3.org/1999/02/22-rdf-syntax-ns#" xmlns:bqmodel="http://biomodels.net/model-qualifiers/" xmlns:bqbiol="http://biomodels.net/biology-qualifiers/">
            <rdf:Description rdf:about="#metaid_0000063">
	<bqbiol:isVersionOf>
	<rdf:Bag>
	<rdf:li rdf:resource="http://identifiers.org/go/GO:0006816"/>
	</rdf:Bag>
	</bqbiol:isVersionOf>
	</rdf:Description>
	
	</rdf:RDF>
	</annotation>
              <listOfReactants>
          <speciesReference metaid="_434860" species="Ca_Cyt" stoichiometry="0.05"/>
        </listOfReactants>
        <kineticLaw metaid="_434872">
          <math xmlns="http://www.w3.org/1998/Math/MathML">          
            <apply>
              <times/>
              <ci> Cytosol </ci>
              <ci> k10 </ci>
              <ci> Rcyt2 </ci>
            </apply>
          </math>
                </kineticLaw>
      </reaction>
      <reaction id="R11" metaid="metaid_0000064" reversible="false">
        <annotation>
	<rdf:RDF xmlns:rdf="http://www.w3.org/1999/02/22-rdf-syntax-ns#" xmlns:bqmodel="http://biomodels.net/model-qualifiers/" xmlns:bqbiol="http://biomodels.net/biology-qualifiers/">
            <rdf:Description rdf:about="#metaid_0000064">
	<bqbiol:isVersionOf>
	<rdf:Bag>
	<rdf:li rdf:resource="http://identifiers.org/go/GO:0006816"/>
	</rdf:Bag>
	</bqbiol:isVersionOf>
	</rdf:Description>
	
	</rdf:RDF>
	</annotation>
              <listOfProducts>
          <speciesReference metaid="_434884" species="Ca_Cyt" stoichiometry="0.05"/>
        </listOfProducts>
        <kineticLaw metaid="_434896">
          <math xmlns="http://www.w3.org/1998/Math/MathML">          
            <apply>
              <times/>
              <ci> Cytosol </ci>
              <ci> k11 </ci>
            </apply>
          </math>
                </kineticLaw>
      </reaction>
    </listOfReactions>
  </model>
</sbml>
