<?xml version="1.0" encoding="UTF-8" standalone="no"?>
<sbml xmlns="http://www.sbml.org/sbml/level2/version4" level="2" metaid="metaid_0000001" version="4">
  <model id="model_0000001" metaid="metaid_0000002" name="Izhikevich2004_SpikingNeurons_Class1Excitable">
    <notes>
      <body xmlns="http://www.w3.org/1999/xhtml">
        <p>
      This a model from the article:
      <br/>
        <strong> Which model to use for cortical spiking neurons?
</strong>
        <br/>
Izhikevich EM.
      <em>IEEE Trans Neural Netw.</em>2004 Sep;15(5):1063-70. 
      <a href="http://www.ncbi.nlm.nih.gov/pubmed/15484883">15484883</a>,
      <br/>
        <strong>Abstract:</strong>
        <br/>
We discuss the biological plausibility and computational efficiency of some of the most useful models of spiking and bursting neurons. We compare their applicability to large-scale simulations of cortical neural networks.
   </p>
        <p>The model is according to the paper<i>Which Model to Use for Cortical Spiking Neurons?</i> Figure1(G) Class 1 excitable has been reproduced by MathSBML. The ODE and the parameters values are originally taken  from the a paper <i>Simple Model of Spiking Neurons</i>The original format of the models are encoded in the MATLAB format existed in the ModelDB with Accession number 39948  <p>Figure1 are the simulation results of the same model with different choices of parameters and different stimulus function or events.a=0.02;  b=-0.1; c=-55;  d=6; V=-60;  u=b*V;</p>
      </p>
      <p>This model originates from BioModels Database: A Database of Annotated Published Models. It is copyright (c) 2005-2010 The BioModels Team.<br/>For more information see the <a href="http://www.ebi.ac.uk/biomodels/legal.html" target="_blank">terms of use</a>.<br/>To cite BioModels Database, please use <a href="http://www.pubmedcentral.nih.gov/articlerender.fcgi?tool=pubmed&amp;pubmedid=16381960" target="_blank">Le Novère N., Bornstein B., Broicher A., Courtot M., Donizelli M., Dharuri H., Li L., Sauro H., Schilstra M., Shapiro B., Snoep J.L., Hucka M. (2006) BioModels Database: A Free, Centralized Database of Curated, Published, Quantitative Kinetic Models of Biochemical and Cellular Systems Nucleic Acids Res., 34: D689-D691.</a>
    </p>
  </body>
</notes>
    <annotation>
	<rdf:RDF xmlns:rdf="http://www.w3.org/1999/02/22-rdf-syntax-ns#" xmlns:dc="http://purl.org/dc/elements/1.1/" xmlns:vCard="http://www.w3.org/2001/vcard-rdf/3.0#" xmlns:dcterms="http://purl.org/dc/terms/" xmlns:bqmodel="http://biomodels.net/model-qualifiers/" xmlns:bqbiol="http://biomodels.net/biology-qualifiers/">
        <rdf:Description rdf:about="#metaid_0000002">
	<dc:creator>
	<rdf:Bag>
	<rdf:li rdf:parseType="Resource">
	<vCard:N rdf:parseType="Resource">
	<vCard:Family>He</vCard:Family>
	<vCard:Given>Enuo</vCard:Given>
	</vCard:N>
	<vCard:EMAIL>enuo@caltech.edu</vCard:EMAIL>
	<vCard:ORG rdf:parseType="Resource">
	<vCard:Orgname>BNMC</vCard:Orgname>
	</vCard:ORG>
	</rdf:li>
	</rdf:Bag>
	</dc:creator>
	<dcterms:created rdf:parseType="Resource">
	<dcterms:W3CDTF>2007-07-16T09:41:14Z</dcterms:W3CDTF>
	</dcterms:created>
	<dcterms:modified rdf:parseType="Resource">
	<dcterms:W3CDTF>2015-02-25T11:18:57Z</dcterms:W3CDTF>
	</dcterms:modified>
	<bqmodel:is>
	<rdf:Bag>
	<rdf:li rdf:resource="http://identifiers.org/biomodels.db/MODEL7210876282"/>
	</rdf:Bag>
	</bqmodel:is>
	<bqmodel:is>
	<rdf:Bag>
	<rdf:li rdf:resource="http://identifiers.org/biomodels.db/BIOMD0000000141"/>
	</rdf:Bag>
	</bqmodel:is>
	<bqmodel:isDescribedBy>
	<rdf:Bag>
	<rdf:li rdf:resource="http://identifiers.org/pubmed/15484883"/>
	</rdf:Bag>
	</bqmodel:isDescribedBy>
	<bqbiol:isVersionOf>
	<rdf:Bag>
	<rdf:li rdf:resource="http://identifiers.org/go/GO:0019228"/>
	</rdf:Bag>
	</bqbiol:isVersionOf>
	<bqbiol:hasTaxon>
	<rdf:Bag>
	<rdf:li rdf:resource="http://identifiers.org/taxonomy/40674"/>
	</rdf:Bag>
	</bqbiol:hasTaxon>
	</rdf:Description>
	
	</rdf:RDF>
	</annotation>
      <listOfCompartments>
      <compartment id="cell" metaid="metaid_0000003" size="1">
        <annotation>
	<rdf:RDF xmlns:rdf="http://www.w3.org/1999/02/22-rdf-syntax-ns#" xmlns:bqmodel="http://biomodels.net/model-qualifiers/" xmlns:bqbiol="http://biomodels.net/biology-qualifiers/">
            <rdf:Description rdf:about="#metaid_0000003">
	<bqbiol:isVersionOf>
	<rdf:Bag>
	<rdf:li rdf:resource="http://identifiers.org/go/GO:0005623"/>
	</rdf:Bag>
	</bqbiol:isVersionOf>
	</rdf:Description>
	
	</rdf:RDF>
	</annotation>
            </compartment>
    </listOfCompartments>
    <listOfParameters>
      <parameter id="a" metaid="metaid_0000004" value="0.02"/>
      <parameter id="b" metaid="metaid_0000005" value="-0.1"/>
      <parameter id="c" metaid="metaid_0000006" value="-55"/>
      <parameter id="d" metaid="metaid_0000007" value="6"/>
      <parameter id="Vthresh" metaid="metaid_0000011" value="30"/>
      <parameter constant="false" id="i" metaid="metaid_0000016" value="0"/>
      <parameter constant="false" id="v" metaid="metaid_0000020" value="-60"/>
      <parameter constant="false" id="u" metaid="metaid_0000023" value="6"/>
    </listOfParameters>
    <listOfRules>
      <assignmentRule metaid="metaid_0000021" variable="i">
        <math xmlns="http://www.w3.org/1998/Math/MathML">        
          <piecewise>
            <piece>
              <cn type="integer"> 0 </cn>
              <apply>
                <lt/>
                <csymbol encoding="text" definitionURL="http://www.sbml.org/sbml/symbols/time"> time </csymbol>
                <cn type="integer"> 30 </cn>
              </apply>
            </piece>
            <otherwise>
              <apply>
                <times/>
                <cn> 0.075 </cn>
                <apply>
                  <minus/>
                  <csymbol encoding="text" definitionURL="http://www.sbml.org/sbml/symbols/time"> time </csymbol>
                  <cn type="integer"> 30 </cn>
                </apply>
              </apply>
            </otherwise>
          </piecewise>
        </math>
            </assignmentRule>
      <rateRule metaid="metaid_0000024" variable="v">
        <math xmlns="http://www.w3.org/1998/Math/MathML">        
          <apply>
            <plus/>
            <apply>
              <minus/>
              <apply>
                <plus/>
                <apply>
                  <times/>
                  <cn> 0.04 </cn>
                  <apply>
                    <power/>
                    <ci> v </ci>
                    <cn type="integer"> 2 </cn>
                  </apply>
                </apply>
                <apply>
                  <times/>
                  <cn> 4.1 </cn>
                  <ci> v </ci>
                </apply>
                <cn type="integer"> 108 </cn>
              </apply>
              <ci> u </ci>
            </apply>
            <ci> i </ci>
          </apply>
        </math>
            </rateRule>
      <rateRule metaid="metaid_0000025" variable="u">
        <math xmlns="http://www.w3.org/1998/Math/MathML">        
          <apply>
            <times/>
            <ci> a </ci>
            <apply>
              <minus/>
              <apply>
                <times/>
                <ci> b </ci>
                <ci> v </ci>
              </apply>
              <ci> u </ci>
            </apply>
          </apply>
        </math>
            </rateRule>
    </listOfRules>
    <listOfEvents>
      <event id="event_0000001" metaid="metaid_0000012">
        <trigger metaid="_30c99a1a-0c6b-4cdb-acc6-cbbacf61ab12">
          <math xmlns="http://www.w3.org/1998/Math/MathML">          
            <apply>
              <gt/>
              <ci> v </ci>
              <ci> Vthresh </ci>
            </apply>
          </math>
                </trigger>
        <listOfEventAssignments>
          <eventAssignment metaid="a54fdf28-93ec-442b-9442-7f0ecdf144e7" variable="v">
            <math xmlns="http://www.w3.org/1998/Math/MathML">            
              <ci> c </ci>
            </math>
                    </eventAssignment>
          <eventAssignment metaid="a179d8a8-4256-4780-81c6-5c444c62bd7b" variable="u">
            <math xmlns="http://www.w3.org/1998/Math/MathML">            
              <apply>
                <plus/>
                <ci> u </ci>
                <ci> d </ci>
              </apply>
            </math>
                    </eventAssignment>
        </listOfEventAssignments>
      </event>
    </listOfEvents>
  </model>
</sbml>
