<?xml version="1.0" encoding="UTF-8" standalone="no"?>
<sbml xmlns="http://www.sbml.org/sbml/level2/version4" level="2" metaid="eea50102-2f4f-4090-925a-ecabe18e3447" version="4">
  <model id="DIIVENUS_fullmodel" metaid="_119096" name="Band2012_DII-Venus_FullModel">
    <notes>
      <body xmlns="http://www.w3.org/1999/xhtml">
        <p>
      This model is from the article:
      <br/>
        <strong> Root gravitropism is regulated by a transient lateral auxin gradient controlled by a tipping-point mechanism.
</strong>
        <br/>
Band LR, Wells DM, Larrieu A, Sun J, Middleton AM, French AP, Brunoud G, Sato EM, Wilson MH, Péret B, Oliva M, Swarup R, Sairanen I, Parry G, Ljung K, Beeckman T, Garibaldi JM, Estelle M, Owen MR, Vissenberg K, Hodgman TC, Pridmore TP, King JR, Vernoux T, Bennett MJ.
      <em>Proc Natl Acad Sci U S A.</em>2012 Mar 20;109(12):4668-73 
      <a href="http://www.ncbi.nlm.nih.gov/pubmed/22393022">22393022</a>,
      <br/>
        <strong>Abstract:</strong>
        <br/>
Gravity profoundly influences plant growth and development. Plants respond to changes in orientation by using gravitropic responses to modify their growth. Cholodny and Went hypothesized over 80 years ago that plants bend in response to a gravity stimulus by generating a lateral gradient of a growth regulator at an organ's apex, later found to be auxin. Auxin regulates root growth by targeting Aux/IAA repressor proteins for degradation. We used an Aux/IAA-based reporter, domain II (DII)-VENUS, in conjunction with a mathematical model to quantify auxin redistribution following a gravity stimulus. Our multidisciplinary approach revealed that auxin is rapidly redistributed to the lower side of the root within minutes of a 90° gravity stimulus. Unexpectedly, auxin asymmetry was rapidly lost as bending root tips reached an angle of 40° to the horizontal. We hypothesize roots use a "tipping point" mechanism that operates to reverse the asymmetric auxin flow at the midpoint of root bending. These mechanistic insights illustrate the scientific value of developing quantitative reporters such as DII-VENUS in conjunction with parameterized mathematical models to provide high-resolution kinetics of hormone redistribution.
   </p>
        <p>
   This model corresponds to the full model described in the article. </p>
      </body>
    </notes>
    <annotation>
	<rdf:RDF xmlns:rdf="http://www.w3.org/1999/02/22-rdf-syntax-ns#" xmlns:dc="http://purl.org/dc/elements/1.1/" xmlns:vCard="http://www.w3.org/2001/vcard-rdf/3.0#" xmlns:dcterms="http://purl.org/dc/terms/" xmlns:bqmodel="http://biomodels.net/model-qualifiers/" xmlns:bqbiol="http://biomodels.net/biology-qualifiers/">
        <rdf:Description rdf:about="#_119096">
	<dc:creator>
	<rdf:Bag>
	<rdf:li rdf:parseType="Resource">
	<vCard:N rdf:parseType="Resource">
	<vCard:Family>Chelliah</vCard:Family>
	<vCard:Given>Vijayalakshmi</vCard:Given>
	</vCard:N>
	<vCard:EMAIL>viji@ebi.ac.uk</vCard:EMAIL>
	<vCard:ORG rdf:parseType="Resource">
	<vCard:Orgname>EMBL-EBI</vCard:Orgname>
	</vCard:ORG>
	</rdf:li>
	<rdf:li rdf:parseType="Resource">
	<vCard:N rdf:parseType="Resource">
	<vCard:Family>Band</vCard:Family>
	<vCard:Given>Leah</vCard:Given>
	</vCard:N>
	<vCard:EMAIL>leah.band@cpib.ac.uk</vCard:EMAIL>
	<vCard:ORG rdf:parseType="Resource">
	<vCard:Orgname>Centre for Plant Integrative Biology, University of Nottingham</vCard:Orgname>
	</vCard:ORG>
	</rdf:li>
	</rdf:Bag>
	</dc:creator>
	<dcterms:created rdf:parseType="Resource">
	<dcterms:W3CDTF>2012-04-05T14:38:40Z</dcterms:W3CDTF>
	</dcterms:created>
	<dcterms:modified rdf:parseType="Resource">
	<dcterms:W3CDTF>2014-04-02T00:25:31Z</dcterms:W3CDTF>
	</dcterms:modified>
	<bqmodel:is>
	<rdf:Bag>
	<rdf:li rdf:resource="http://identifiers.org/biomodels.db/MODEL1203230002"/>
	</rdf:Bag>
	</bqmodel:is>
	<bqmodel:is>
	<rdf:Bag>
	<rdf:li rdf:resource="http://identifiers.org/biomodels.db/BIOMD0000000413"/>
	</rdf:Bag>
	</bqmodel:is>
	<bqmodel:isDescribedBy>
	<rdf:Bag>
	<rdf:li rdf:resource="http://identifiers.org/pubmed/22393022"/>
	</rdf:Bag>
	</bqmodel:isDescribedBy>
	<bqbiol:hasTaxon>
	<rdf:Bag>
	<rdf:li rdf:resource="http://identifiers.org/taxonomy/3701"/>
	</rdf:Bag>
	</bqbiol:hasTaxon>
	<bqbiol:isVersionOf>
	<rdf:Bag>
	<rdf:li rdf:resource="http://identifiers.org/go/GO:0090354"/>
	<rdf:li rdf:resource="http://identifiers.org/go/GO:0009958"/>
	</rdf:Bag>
	</bqbiol:isVersionOf>
	<bqbiol:hasProperty>
	<rdf:Bag>
	<rdf:li rdf:resource="http://identifiers.org/mamo/MAMO_0000046"/>
	</rdf:Bag>
	</bqbiol:hasProperty>
	</rdf:Description>
	
	</rdf:RDF>
	</annotation>
      <listOfCompartments>
      <compartment id="cell" metaid="_119099" sboTerm="SBO:0000290" size="1">
        <annotation>
	<rdf:RDF xmlns:rdf="http://www.w3.org/1999/02/22-rdf-syntax-ns#" xmlns:bqmodel="http://biomodels.net/model-qualifiers/" xmlns:bqbiol="http://biomodels.net/biology-qualifiers/">
            <rdf:Description rdf:about="#_119099">
	<bqbiol:isVersionOf>
	<rdf:Bag>
	<rdf:li rdf:resource="http://identifiers.org/go/GO:0005623"/>
	</rdf:Bag>
	</bqbiol:isVersionOf>
	</rdf:Description>
	
	</rdf:RDF>
	</annotation>
            </compartment>
    </listOfCompartments>
    <listOfSpecies>
      <species compartment="cell" id="auxin" initialConcentration="7.38" metaid="_119101" sboTerm="SBO:0000252">
        <annotation>
	<rdf:RDF xmlns:rdf="http://www.w3.org/1999/02/22-rdf-syntax-ns#" xmlns:bqmodel="http://biomodels.net/model-qualifiers/" xmlns:bqbiol="http://biomodels.net/biology-qualifiers/">
            <rdf:Description rdf:about="#_119101">
	<bqbiol:isVersionOf>
	<rdf:Bag>
	<rdf:li rdf:resource="http://identifiers.org/uniprot/P49677"/>
	</rdf:Bag>
	</bqbiol:isVersionOf>
	</rdf:Description>
	
	</rdf:RDF>
	</annotation>
            </species>
      <species compartment="cell" id="TIR1" initialConcentration="15.4" metaid="_119102" sboTerm="SBO:0000252">
        <annotation>
	<rdf:RDF xmlns:rdf="http://www.w3.org/1999/02/22-rdf-syntax-ns#" xmlns:bqmodel="http://biomodels.net/model-qualifiers/" xmlns:bqbiol="http://biomodels.net/biology-qualifiers/">
            <rdf:Description rdf:about="#_119102">
	<bqbiol:isVersionOf>
	<rdf:Bag>
	<rdf:li rdf:resource="http://identifiers.org/uniprot/Q570C0"/>
	<rdf:li rdf:resource="http://identifiers.org/uniprot/Q9ZR12"/>
	<rdf:li rdf:resource="http://identifiers.org/uniprot/Q9LW29"/>
	<rdf:li rdf:resource="http://identifiers.org/uniprot/Q9LPW7"/>
	</rdf:Bag>
	</bqbiol:isVersionOf>
	</rdf:Description>
	
	</rdf:RDF>
	</annotation>
            </species>
      <species compartment="cell" id="auxinTIR1" initialConcentration="0.28" metaid="_119104" sboTerm="SBO:0000297">
        <annotation>
	<rdf:RDF xmlns:rdf="http://www.w3.org/1999/02/22-rdf-syntax-ns#" xmlns:bqmodel="http://biomodels.net/model-qualifiers/" xmlns:bqbiol="http://biomodels.net/biology-qualifiers/">
            <rdf:Description rdf:about="#_119104">
	<bqbiol:hasPart>
	<rdf:Bag>
	<rdf:li rdf:resource="http://identifiers.org/uniprot/P49677"/>
	<rdf:li rdf:resource="http://identifiers.org/uniprot/Q570C0"/>
	</rdf:Bag>
	</bqbiol:hasPart>
	</rdf:Description>
	
	</rdf:RDF>
	</annotation>
            </species>
      <species compartment="cell" id="auxinTIR1VENUS" initialConcentration="2.78" metaid="_119106" sboTerm="SBO:0000297">
        <annotation>
	<rdf:RDF xmlns:rdf="http://www.w3.org/1999/02/22-rdf-syntax-ns#" xmlns:bqmodel="http://biomodels.net/model-qualifiers/" xmlns:bqbiol="http://biomodels.net/biology-qualifiers/">
            <rdf:Description rdf:about="#_119106">
	<bqbiol:hasPart>
	<rdf:Bag>
	<rdf:li rdf:resource="http://identifiers.org/uniprot/P49677"/>
	<rdf:li rdf:resource="http://identifiers.org/uniprot/Q570C0"/>
	<rdf:li rdf:resource="http://identifiers.org/uniprot/Q9XFM0"/>
	<rdf:li rdf:resource="http://identifiers.org/uniprot/Q940U6"/>
	</rdf:Bag>
	</bqbiol:hasPart>
	</rdf:Description>
	
	</rdf:RDF>
	</annotation>
            </species>
      <species compartment="cell" id="VENUS" initialConcentration="40.4" metaid="_119108" sboTerm="SBO:0000297">
        <annotation>
	<rdf:RDF xmlns:rdf="http://www.w3.org/1999/02/22-rdf-syntax-ns#" xmlns:bqmodel="http://biomodels.net/model-qualifiers/" xmlns:bqbiol="http://biomodels.net/biology-qualifiers/">
            <rdf:Description rdf:about="#_119108">
	<bqbiol:hasPart>
	<rdf:Bag>
	<rdf:li rdf:resource="http://identifiers.org/uniprot/Q940U6"/>
	<rdf:li rdf:resource="http://identifiers.org/uniprot/Q9XFM0"/>
	</rdf:Bag>
	</bqbiol:hasPart>
	</rdf:Description>
	
	</rdf:RDF>
	</annotation>
            </species>
    </listOfSpecies>
    <listOfParameters>
      <parameter id="kd" metaid="_119138" value="0.334"/>
      <parameter id="ka" metaid="_119139" value="0.000822"/>
      <parameter id="mu" metaid="_119141" value="0.79"/>
      <parameter id="ld" metaid="_119143" value="4.49"/>
      <parameter id="lm" metaid="_119145" value="0.175"/>
      <parameter id="la" metaid="_119147" value="1.15"/>
      <parameter id="delta" metaid="_119149" value="0.486"/>
      <parameter id="lambda" metaid="_119151" value="0.00316"/>
      <parameter id="TIR1T" metaid="_119153" value="18.5"/>
      <parameter id="alpha_tr" metaid="_119155" value="30.5"/>
    </listOfParameters>
    <listOfReactions>
      <reaction id="auxin_TIR1association" metaid="_119110" reversible="false" sboTerm="SBO:0000526">
        <annotation>
	<rdf:RDF xmlns:rdf="http://www.w3.org/1999/02/22-rdf-syntax-ns#" xmlns:bqmodel="http://biomodels.net/model-qualifiers/" xmlns:bqbiol="http://biomodels.net/biology-qualifiers/">
            <rdf:Description rdf:about="#_119110">
	<bqbiol:isVersionOf>
	<rdf:Bag>
	<rdf:li rdf:resource="http://identifiers.org/go/GO:0006461"/>
	</rdf:Bag>
	</bqbiol:isVersionOf>
	</rdf:Description>
	
	</rdf:RDF>
	</annotation>
              <listOfReactants>
          <speciesReference metaid="b4ddc1d5-111f-4b83-a97f-54ec82a5b795" species="auxin"/>
          <speciesReference metaid="_414ab73d-9a98-4d8d-9f57-465ccaae7b9c" species="TIR1"/>
        </listOfReactants>
        <listOfProducts>
          <speciesReference metaid="_868d90d7-51ca-4ed4-9cbc-3015b09b4623" species="auxinTIR1"/>
        </listOfProducts>
        <kineticLaw metaid="_1a3b5a6c-a0b4-43ad-b4ba-ac3e6ea6f96e">
          <math xmlns="http://www.w3.org/1998/Math/MathML">          
            <apply>
              <times/>
              <ci> ka </ci>
              <ci> auxin </ci>
              <ci> TIR1 </ci>
            </apply>
          </math>
                </kineticLaw>
      </reaction>
      <reaction id="auxin_TIR1dissociation" metaid="_119112" reversible="false" sboTerm="SBO:0000180">
        <annotation>
	<rdf:RDF xmlns:rdf="http://www.w3.org/1999/02/22-rdf-syntax-ns#" xmlns:bqmodel="http://biomodels.net/model-qualifiers/" xmlns:bqbiol="http://biomodels.net/biology-qualifiers/">
            <rdf:Description rdf:about="#_119112">
	<bqbiol:isVersionOf>
	<rdf:Bag>
	<rdf:li rdf:resource="http://identifiers.org/go/GO:0043241"/>
	</rdf:Bag>
	</bqbiol:isVersionOf>
	</rdf:Description>
	
	</rdf:RDF>
	</annotation>
              <listOfReactants>
          <speciesReference metaid="e1aa2063-d7f3-4752-b4dc-22277e67b82c" species="auxinTIR1"/>
        </listOfReactants>
        <listOfProducts>
          <speciesReference metaid="_4a024124-25c7-4461-9cad-a0a40761005a" species="auxin"/>
          <speciesReference metaid="_335e79fb-96c6-4228-a353-6471edf59f2e" species="TIR1"/>
        </listOfProducts>
        <kineticLaw metaid="bc36a444-730c-4f15-b956-bd87370286ae">
          <math xmlns="http://www.w3.org/1998/Math/MathML">          
            <apply>
              <times/>
              <ci> kd </ci>
              <ci> auxinTIR1 </ci>
            </apply>
          </math>
                </kineticLaw>
      </reaction>
      <reaction id="auxin_TIR1_VENUSassociation" metaid="_119114" reversible="false" sboTerm="SBO:0000526">
        <annotation>
	<rdf:RDF xmlns:rdf="http://www.w3.org/1999/02/22-rdf-syntax-ns#" xmlns:bqmodel="http://biomodels.net/model-qualifiers/" xmlns:bqbiol="http://biomodels.net/biology-qualifiers/">
            <rdf:Description rdf:about="#_119114">
	<bqbiol:isVersionOf>
	<rdf:Bag>
	<rdf:li rdf:resource="http://identifiers.org/go/GO:0006461"/>
	</rdf:Bag>
	</bqbiol:isVersionOf>
	</rdf:Description>
	
	</rdf:RDF>
	</annotation>
              <listOfReactants>
          <speciesReference metaid="dfb63169-ceb1-45dd-923e-243a72b4611d" species="auxinTIR1"/>
          <speciesReference metaid="aa053799-cd07-4677-a83a-d396eb82014a" species="VENUS"/>
        </listOfReactants>
        <listOfProducts>
          <speciesReference metaid="_5b1578ba-d1fc-41e4-88b5-673763c48f9a" species="auxinTIR1VENUS"/>
        </listOfProducts>
        <kineticLaw metaid="_464cdd27-2f35-42e1-a9ff-a36cc773d7c7">
          <math xmlns="http://www.w3.org/1998/Math/MathML">          
            <apply>
              <times/>
              <ci> la </ci>
              <ci> auxinTIR1 </ci>
              <ci> VENUS </ci>
            </apply>
          </math>
                </kineticLaw>
      </reaction>
      <reaction id="auxin_TIR1_VENUSdissociation" metaid="_119116" reversible="false" sboTerm="SBO:0000180">
        <annotation>
	<rdf:RDF xmlns:rdf="http://www.w3.org/1999/02/22-rdf-syntax-ns#" xmlns:bqmodel="http://biomodels.net/model-qualifiers/" xmlns:bqbiol="http://biomodels.net/biology-qualifiers/">
            <rdf:Description rdf:about="#_119116">
	<bqbiol:isVersionOf>
	<rdf:Bag>
	<rdf:li rdf:resource="http://identifiers.org/go/GO:0043241"/>
	</rdf:Bag>
	</bqbiol:isVersionOf>
	</rdf:Description>
	
	</rdf:RDF>
	</annotation>
              <listOfReactants>
          <speciesReference metaid="_64d1bcc8-7856-40e0-a33b-3535d87a1617" species="auxinTIR1VENUS"/>
        </listOfReactants>
        <listOfProducts>
          <speciesReference metaid="_3cb82c51-7c48-4d90-b285-6fcde83451e7" species="auxinTIR1"/>
          <speciesReference metaid="f4f5c33b-0f50-48a6-adc9-6f960f5facb0" species="VENUS"/>
        </listOfProducts>
        <kineticLaw metaid="_557053f6-0027-4f19-a30f-0fed2a60ec42">
          <math xmlns="http://www.w3.org/1998/Math/MathML">          
            <apply>
              <times/>
              <ci> ld </ci>
              <ci> auxinTIR1VENUS </ci>
            </apply>
          </math>
                </kineticLaw>
      </reaction>
      <reaction id="auxin_TIR1_VENUSdissociationleadingtoubiquitination" metaid="_119118" reversible="false" sboTerm="SBO:0000180">
        <annotation>
	<rdf:RDF xmlns:rdf="http://www.w3.org/1999/02/22-rdf-syntax-ns#" xmlns:bqmodel="http://biomodels.net/model-qualifiers/" xmlns:bqbiol="http://biomodels.net/biology-qualifiers/">
            <rdf:Description rdf:about="#_119118">
	<bqbiol:isVersionOf>
	<rdf:Bag>
	<rdf:li rdf:resource="http://identifiers.org/go/GO:0043241"/>
	</rdf:Bag>
	</bqbiol:isVersionOf>
	</rdf:Description>
	
	</rdf:RDF>
	</annotation>
              <listOfReactants>
          <speciesReference metaid="_3914d23a-4ca2-4f38-a093-f4a36e936a42" species="auxinTIR1VENUS"/>
        </listOfReactants>
        <listOfProducts>
          <speciesReference metaid="_8521e84c-f565-4bbc-8bdd-1bf294550c58" species="auxinTIR1"/>
        </listOfProducts>
        <kineticLaw metaid="_7ef518b2-a1ab-44c3-92eb-7420b869846c">
          <math xmlns="http://www.w3.org/1998/Math/MathML">          
            <apply>
              <times/>
              <ci> lm </ci>
              <ci> auxinTIR1VENUS </ci>
            </apply>
          </math>
                </kineticLaw>
      </reaction>
      <reaction id="auxinproduction" metaid="_119120" reversible="false" sboTerm="SBO:0000393">
        <annotation>
	<rdf:RDF xmlns:rdf="http://www.w3.org/1999/02/22-rdf-syntax-ns#" xmlns:bqmodel="http://biomodels.net/model-qualifiers/" xmlns:bqbiol="http://biomodels.net/biology-qualifiers/">
            <rdf:Description rdf:about="#_119120">
	<bqbiol:isVersionOf>
	<rdf:Bag>
	<rdf:li rdf:resource="http://identifiers.org/go/GO:0006412"/>
	</rdf:Bag>
	</bqbiol:isVersionOf>
	</rdf:Description>
	
	</rdf:RDF>
	</annotation>
              <listOfProducts>
          <speciesReference metaid="a71d66e4-b4de-42cd-a2be-b3e6f2eb8172" species="auxin"/>
        </listOfProducts>
        <kineticLaw metaid="_6dada4ba-2695-4c7b-8ca4-9e77ff3496ba">
          <math xmlns="http://www.w3.org/1998/Math/MathML">          
            <ci> alpha_tr </ci>
          </math>
                </kineticLaw>
      </reaction>
      <reaction id="auxindecay" metaid="_119122" reversible="false" sboTerm="SBO:0000179">
        <annotation>
	<rdf:RDF xmlns:rdf="http://www.w3.org/1999/02/22-rdf-syntax-ns#" xmlns:bqmodel="http://biomodels.net/model-qualifiers/" xmlns:bqbiol="http://biomodels.net/biology-qualifiers/">
            <rdf:Description rdf:about="#_119122">
	<bqbiol:isVersionOf>
	<rdf:Bag>
	<rdf:li rdf:resource="http://identifiers.org/go/GO:0030163"/>
	</rdf:Bag>
	</bqbiol:isVersionOf>
	</rdf:Description>
	
	</rdf:RDF>
	</annotation>
              <listOfReactants>
          <speciesReference metaid="_9611c60f-db91-4850-b3a1-a5993035cd26" species="auxin"/>
        </listOfReactants>
        <kineticLaw metaid="_329619b6-c221-4046-855e-fc355dc0e4a5">
          <math xmlns="http://www.w3.org/1998/Math/MathML">          
            <apply>
              <times/>
              <ci> mu </ci>
              <ci> auxin </ci>
            </apply>
          </math>
                </kineticLaw>
      </reaction>
      <reaction id="VENUSproduction" metaid="_119124" reversible="false" sboTerm="SBO:0000393">
        <annotation>
	<rdf:RDF xmlns:rdf="http://www.w3.org/1999/02/22-rdf-syntax-ns#" xmlns:bqmodel="http://biomodels.net/model-qualifiers/" xmlns:bqbiol="http://biomodels.net/biology-qualifiers/">
            <rdf:Description rdf:about="#_119124">
	<bqbiol:isVersionOf>
	<rdf:Bag>
	<rdf:li rdf:resource="http://identifiers.org/go/GO:0006412"/>
	</rdf:Bag>
	</bqbiol:isVersionOf>
	</rdf:Description>
	
	</rdf:RDF>
	</annotation>
              <listOfProducts>
          <speciesReference metaid="_5ccd31c9-1ec1-4a9a-8042-6b6174da3c67" species="VENUS"/>
        </listOfProducts>
        <kineticLaw metaid="_3b1a7420-d785-4053-bd0f-c7a7cd583900">
          <math xmlns="http://www.w3.org/1998/Math/MathML">          
            <ci> delta </ci>
          </math>
                </kineticLaw>
      </reaction>
      <reaction id="VENUSphotobleachingdecay" metaid="_119126" reversible="false" sboTerm="SBO:0000179">
        <annotation>
	<rdf:RDF xmlns:rdf="http://www.w3.org/1999/02/22-rdf-syntax-ns#" xmlns:bqmodel="http://biomodels.net/model-qualifiers/" xmlns:bqbiol="http://biomodels.net/biology-qualifiers/">
            <rdf:Description rdf:about="#_119126">
	<bqbiol:isVersionOf>
	<rdf:Bag>
	<rdf:li rdf:resource="http://identifiers.org/go/GO:0030163"/>
	</rdf:Bag>
	</bqbiol:isVersionOf>
	</rdf:Description>
	
	</rdf:RDF>
	</annotation>
              <listOfReactants>
          <speciesReference metaid="_4e6458ba-0550-464e-b27f-d1646163624d" species="VENUS"/>
        </listOfReactants>
        <kineticLaw metaid="_737970a3-2500-4f91-9fb3-4730b8853d1f">
          <math xmlns="http://www.w3.org/1998/Math/MathML">          
            <apply>
              <times/>
              <ci> lambda </ci>
              <ci> VENUS </ci>
            </apply>
          </math>
                </kineticLaw>
      </reaction>
    </listOfReactions>
  </model>
</sbml>
