<?xml version="1.0" encoding="UTF-8" standalone="no"?>
<sbml xmlns="http://www.sbml.org/sbml/level2/version4" level="2" metaid="metaid_0000001" version="4">
  <model id="BIOMD0000000278" metaid="metaid_0000002" name="Lemaire2004 - Role of RANK/RANKL/OPG pathway in bone remodelling process">
    <notes>
      <body xmlns="http://www.w3.org/1999/xhtml">
        <p>
      This a model from the article:
      <br/>
        <strong> Modeling the interactions between osteoblast and osteoclast activities in bone remodeling. 
</strong>
        <br/>
Lemaire V, Tobin FL, Greller LD, Cho CR, Suva LJ.
      <em>J Theor Biol.</em>2004 Aug 7;229(3):293-309.
      <a href="http://www.ncbi.nlm.nih.gov/pubmed/15234198">15234198</a>,
      <br/>
        <strong>Abstract:</strong>
        <br/>
We propose a mathematical model explaining the interactions between osteoblasts and osteoclasts, two cell types specialized in the maintenance of the bone integrity. Bone is a dynamic, living tissue whose structure and shape continuously evolves during life. It has the ability to change architecture by removal of old bone and replacement with newly formed bone in a localized process called remodeling. The model described here is based on the idea that the relative proportions of immature and mature osteoblasts control the degree of osteoclastic activity. In addition, osteoclasts control osteoblasts differentially depending on their stage of differentiation. Despite the tremendous complexity of the bone regulatory system and its fragmentary understanding, we obtain surprisingly good correlations between the model simulations and the experimental observations extracted from the literature. The model results corroborate all behaviors of the bone remodeling system that we have simulated, including the tight coupling between osteoblasts and osteoclasts, the catabolic effect induced by continuous administration of PTH, the catabolic action of RANKL, as well as its reversal by soluble antagonist OPG. The model is also able to simulate metabolic bone diseases such as estrogen deficiency, vitamin D deficiency, senescence and glucocorticoid excess. Conversely, possible routes for therapeutic interventions are tested and evaluated. Our model confirms that anti-resorptive therapies are unable to partially restore bone loss, whereas bone formation therapies yield better results. The model enables us to determine and evaluate potential therapies based on their efficacy. In particular, the model predicts that combinations of anti-resorptive and anabolic therapies provide significant benefits compared with monotherapy, especially for certain type of skeletal disease. Finally, the model clearly indicates that increasing the size of the pool of preosteoblasts is an essential ingredient for the therapeutic manipulation of bone formation. This model was conceived as the first step in a bone turnover modeling platform. These initial modeling results are extremely encouraging and lead us to proceed with additional explorations into bone turnover and skeletal remodeling.
   </p>
        <p> This model corresponds to the core model published in the paper. There is no corresponding plot to reproduce for this model.
To obtain each of the 9 plots in the Figure 2 of the reference publication, there are some changes to be made to the core model.
The curation figure reproduces figure 2 of the reference publication. There is a corresponding SBML and Copasi files for each of the plot. See curation tab for more details.
</p>
        <p>This model originates from BioModels Database: A Database of Annotated Published Models (http://www.ebi.ac.uk/biomodels/). It is copyright (c) 2005-2010 The BioModels.net Team.<br/>
For more information see the <a href="http://www.ebi.ac.uk/biomodels/legal.html" target="_blank">terms of use</a>.<br/>
To cite BioModels Database, please use: <a href="http://www.ncbi.nlm.nih.gov/pubmed/20587024" target="_blank">Li C, Donizelli M, Rodriguez N, Dharuri H, Endler L, Chelliah V, Li L, He E, Henry A, Stefan MI, Snoep JL, Hucka M, Le Novère N, Laibe C (2010) BioModels Database: An enhanced, curated and annotated resource for published quantitative kinetic models. BMC Syst Biol., 4:92.</a>
      </p>
    </body>
  </notes>
    <annotation>
	<rdf:RDF xmlns:rdf="http://www.w3.org/1999/02/22-rdf-syntax-ns#" xmlns:dc="http://purl.org/dc/elements/1.1/" xmlns:vCard="http://www.w3.org/2001/vcard-rdf/3.0#" xmlns:dcterms="http://purl.org/dc/terms/" xmlns:bqmodel="http://biomodels.net/model-qualifiers/" xmlns:bqbiol="http://biomodels.net/biology-qualifiers/">
        <rdf:Description rdf:about="#metaid_0000002">
	<dc:creator>
	<rdf:Bag>
	<rdf:li rdf:parseType="Resource">
	<vCard:N rdf:parseType="Resource">
	<vCard:Family>Chelliah</vCard:Family>
	<vCard:Given>Vijayalakshmi</vCard:Given>
	</vCard:N>
	<vCard:EMAIL>viji@ebi.ac.uk</vCard:EMAIL>
	<vCard:ORG rdf:parseType="Resource">
	<vCard:Orgname>EMBL-EBI</vCard:Orgname>
	</vCard:ORG>
	</rdf:li>
	
	<rdf:li rdf:parseType="Resource">
	<vCard:N rdf:parseType="Resource">
	<vCard:Family>Tobin</vCard:Family>
	<vCard:Given>Frank L</vCard:Given>
	</vCard:N>
	<vCard:EMAIL>frank_tobin@gsk.com</vCard:EMAIL>
	<vCard:ORG rdf:parseType="Resource">
	<vCard:Orgname>Scientific Computing and Mathematical Modeling, GlaxoSmithKline, King of Prussia, PA, USA.</vCard:Orgname>
	</vCard:ORG>
	</rdf:li>
	<rdf:li rdf:parseType="Resource">
	<vCard:N rdf:parseType="Resource">
	<vCard:Family>Lemaire</vCard:Family>
	<vCard:Given>Vincent</vCard:Given>
	</vCard:N>
	<vCard:EMAIL>lemaire@cnd.mcgill.ca</vCard:EMAIL>
	<vCard:ORG rdf:parseType="Resource">
	<vCard:Orgname>Scientific Computing and Mathematical Modeling, GlaxoSmithKline, King of Prussia, PA, USA.</vCard:Orgname>
	</vCard:ORG>
	</rdf:li>
	</rdf:Bag>
	</dc:creator>
	<dcterms:created rdf:parseType="Resource">
	<dcterms:W3CDTF>2010-11-18T11:20:34Z</dcterms:W3CDTF>
	</dcterms:created>
	<dcterms:modified rdf:parseType="Resource">
	<dcterms:W3CDTF>2014-10-09T16:31:19Z</dcterms:W3CDTF>
	</dcterms:modified>
	<bqmodel:is>
	<rdf:Bag>
	<rdf:li rdf:resource="http://identifiers.org/biomodels.db/MODEL1006230067"/>
	</rdf:Bag>
	</bqmodel:is>
	<bqmodel:is>
	<rdf:Bag>
	<rdf:li rdf:resource="http://identifiers.org/biomodels.db/BIOMD0000000278"/>
	</rdf:Bag>
	</bqmodel:is>
	<bqmodel:isDescribedBy>
	<rdf:Bag>
	<rdf:li rdf:resource="http://identifiers.org/pubmed/15234198"/>
	</rdf:Bag>
	</bqmodel:isDescribedBy>
	<bqbiol:isVersionOf>
	<rdf:Bag>
	<rdf:li rdf:resource="http://identifiers.org/go/GO:0046850"/>
	</rdf:Bag>
	</bqbiol:isVersionOf>
	<bqbiol:hasTaxon>
	<rdf:Bag>
	<rdf:li rdf:resource="http://identifiers.org/taxonomy/7711"/>
	</rdf:Bag>
	</bqbiol:hasTaxon>
	<bqbiol:hasProperty>
	<rdf:Bag>
	<rdf:li rdf:resource="http://identifiers.org/doid/DOID:14080"/>
	</rdf:Bag>
	</bqbiol:hasProperty>
	</rdf:Description>
	
	</rdf:RDF>
	</annotation>
      <listOfCompartments>
      <compartment id="Compartment" metaid="metaid_0000003" name="Compartment" sboTerm="SBO:0000290" size="1">
        <annotation>
	<rdf:RDF xmlns:rdf="http://www.w3.org/1999/02/22-rdf-syntax-ns#" xmlns:bqmodel="http://biomodels.net/model-qualifiers/" xmlns:bqbiol="http://biomodels.net/biology-qualifiers/">
            <rdf:Description rdf:about="#metaid_0000003">
	<bqbiol:isVersionOf>
	<rdf:Bag>
	<rdf:li rdf:resource="http://identifiers.org/bto/BTO:0000140"/>
	</rdf:Bag>
	</bqbiol:isVersionOf>
	</rdf:Description>
	
	</rdf:RDF>
	</annotation>
            </compartment>
    </listOfCompartments>
    <listOfSpecies>
      <species compartment="Compartment" id="R" initialConcentration="0.0007734" metaid="metaid_0000004" name="Responding_Osteoblasts" sboTerm="SBO:0000236">
        <annotation>
	<rdf:RDF xmlns:rdf="http://www.w3.org/1999/02/22-rdf-syntax-ns#" xmlns:bqmodel="http://biomodels.net/model-qualifiers/" xmlns:bqbiol="http://biomodels.net/biology-qualifiers/">
            <rdf:Description rdf:about="#metaid_0000004">
	<bqbiol:isVersionOf>
	<rdf:Bag>
	<rdf:li rdf:resource="http://identifiers.org/bto/BTO:0001593"/>
	</rdf:Bag>
	</bqbiol:isVersionOf>
	</rdf:Description>
	
	</rdf:RDF>
	</annotation>
            </species>
      <species compartment="Compartment" id="B" initialConcentration="0.0007282" metaid="metaid_0000005" name="Active_Osteoblasts" sboTerm="SBO:0000236">
        <annotation>
	<rdf:RDF xmlns:rdf="http://www.w3.org/1999/02/22-rdf-syntax-ns#" xmlns:bqmodel="http://biomodels.net/model-qualifiers/" xmlns:bqbiol="http://biomodels.net/biology-qualifiers/">
            <rdf:Description rdf:about="#metaid_0000005">
	<bqbiol:isVersionOf>
	<rdf:Bag>
	<rdf:li rdf:resource="http://identifiers.org/bto/BTO:0001593"/>
	</rdf:Bag>
	</bqbiol:isVersionOf>
	</rdf:Description>
	
	</rdf:RDF>
	</annotation>
            </species>
      <species compartment="Compartment" id="C" initialConcentration="0.0009127" metaid="metaid_0000006" name="Active_Osteoclasts" sboTerm="SBO:0000236">
        <annotation>
	<rdf:RDF xmlns:rdf="http://www.w3.org/1999/02/22-rdf-syntax-ns#" xmlns:bqmodel="http://biomodels.net/model-qualifiers/" xmlns:bqbiol="http://biomodels.net/biology-qualifiers/">
            <rdf:Description rdf:about="#metaid_0000006">
	<bqbiol:isVersionOf>
	<rdf:Bag>
	<rdf:li rdf:resource="http://identifiers.org/bto/BTO:0000968"/>
	</rdf:Bag>
	</bqbiol:isVersionOf>
	</rdf:Description>
	
	</rdf:RDF>
	</annotation>
            </species>
    </listOfSpecies>
    <listOfParameters>
      <parameter id="C_s" metaid="metaid_0000015" name="C_s" sboTerm="SBO:0000188" value="0.005"/>
      <parameter id="D_A" metaid="metaid_0000012" name="D_A" sboTerm="SBO:0000009" value="0.7"/>
      <parameter id="d_B" metaid="metaid_0000037" name="d_B" sboTerm="SBO:0000009" value="0.7"/>
      <parameter id="D_C" metaid="metaid_0000011" name="D_C" sboTerm="SBO:0000009" value="0.0021"/>
      <parameter id="D_R" metaid="metaid_0000007" name="D_R" sboTerm="SBO:0000009" value="0.0007"/>
      <parameter id="f0" metaid="metaid_0000014" name="f0" sboTerm="SBO:0000009" value="0.05"/>
      <parameter id="I_L" metaid="metaid_0000026" name="I_L" sboTerm="SBO:0000188" value="0"/>
      <parameter id="I_O" metaid="metaid_0000025" name="I_O" sboTerm="SBO:0000188" value="0"/>
      <parameter id="I_P" metaid="metaid_0000031" name="I_P" sboTerm="SBO:0000188" value="0"/>
      <parameter id="K" metaid="metaid_0000020" name="K" sboTerm="SBO:0000188" value="10"/>
      <parameter id="k1" metaid="metaid_0000021" name="k1" sboTerm="SBO:0000009" value="0.01"/>
      <parameter id="k2" metaid="metaid_0000022" name="k2" sboTerm="SBO:0000009" value="10"/>
      <parameter id="k3" metaid="metaid_0000017" name="k3" sboTerm="SBO:0000009" value="0.00058"/>
      <parameter id="k4" metaid="metaid_0000036" name="k4" sboTerm="SBO:0000009" value="0.017"/>
      <parameter id="k5" metaid="metaid_0000035" name="k5" sboTerm="SBO:0000009" value="0.02"/>
      <parameter id="k6" metaid="metaid_0000034" name="k6" sboTerm="SBO:0000009" value="3"/>
      <parameter id="k_B" metaid="metaid_0000010" name="k_B" sboTerm="SBO:0000009" value="0.189"/>
      <parameter id="K_L_P" metaid="metaid_0000018" name="K_L_P" sboTerm="SBO:0000188" value="3000000"/>
      <parameter id="kO" metaid="metaid_0000023" name="kO" sboTerm="SBO:0000009" value="0.35"/>
      <parameter id="K_O_P" metaid="metaid_0000024" name="K_O_P" sboTerm="SBO:0000188" value="200000"/>
      <parameter id="k_P" metaid="metaid_0000032" name="k_P" sboTerm="SBO:0000009" value="86"/>
      <parameter id="r_L" metaid="metaid_0000027" name="r_L" sboTerm="SBO:0000009" value="1000"/>
      <parameter id="S_P" metaid="metaid_0000033" name="S_P" sboTerm="SBO:0000009" value="250"/>
      <parameter constant="false" id="Phi_C" metaid="metaid_0000008" name="Phi_C"/>
      <parameter constant="false" id="D_B" metaid="metaid_0000009" name="D_B"/>
      <parameter constant="false" id="Phi_L" metaid="metaid_0000013" name="Phi_L"/>
      <parameter constant="false" id="Phi_P" metaid="metaid_0000019" name="Phi_P"/>
      <parameter constant="false" id="Pbar" metaid="metaid_0000028" name="Pbar"/>
      <parameter constant="false" id="P_O" metaid="metaid_0000029" name="P_O"/>
      <parameter constant="false" id="P_S" metaid="metaid_0000030" name="P_S"/>
    </listOfParameters>
    <listOfRules>
      <assignmentRule metaid="metaid_0000038" variable="D_B">
        <math xmlns="http://www.w3.org/1998/Math/MathML">        
          <apply>
            <times/>
            <ci> f0 </ci>
            <ci> d_B </ci>
          </apply>
        </math>
            </assignmentRule>
      <assignmentRule metaid="metaid_0000039" variable="Phi_C">
        <math xmlns="http://www.w3.org/1998/Math/MathML">        
          <apply>
            <divide/>
            <apply>
              <plus/>
              <ci> C </ci>
              <apply>
                <times/>
                <ci> f0 </ci>
                <ci> C_s </ci>
              </apply>
            </apply>
            <apply>
              <plus/>
              <ci> C </ci>
              <ci> C_s </ci>
            </apply>
          </apply>
        </math>
            </assignmentRule>
      <assignmentRule metaid="metaid_0000040" variable="Phi_L">
        <math xmlns="http://www.w3.org/1998/Math/MathML">        
          <apply>
            <times/>
            <apply>
              <divide/>
              <apply>
                <times/>
                <apply>
                  <divide/>
                  <ci> k3 </ci>
                  <ci> k4 </ci>
                </apply>
                <ci> K_L_P </ci>
                <ci> Phi_P </ci>
                <ci> B </ci>
              </apply>
              <apply>
                <plus/>
                <cn type="integer"> 1 </cn>
                <apply>
                  <divide/>
                  <apply>
                    <times/>
                    <ci> k3 </ci>
                    <ci> K </ci>
                  </apply>
                  <ci> k4 </ci>
                </apply>
                <apply>
                  <times/>
                  <apply>
                    <divide/>
                    <ci> k1 </ci>
                    <apply>
                      <times/>
                      <ci> k2 </ci>
                      <ci> kO </ci>
                    </apply>
                  </apply>
                  <apply>
                    <plus/>
                    <ci> I_O </ci>
                    <apply>
                      <divide/>
                      <apply>
                        <times/>
                        <ci> K_O_P </ci>
                        <ci> R </ci>
                      </apply>
                      <ci> Phi_P </ci>
                    </apply>
                  </apply>
                </apply>
              </apply>
            </apply>
            <apply>
              <plus/>
              <cn type="integer"> 1 </cn>
              <apply>
                <divide/>
                <ci> I_L </ci>
                <ci> r_L </ci>
              </apply>
            </apply>
          </apply>
        </math>
            </assignmentRule>
      <assignmentRule metaid="metaid_0000041" variable="Phi_P">
        <math xmlns="http://www.w3.org/1998/Math/MathML">        
          <apply>
            <divide/>
            <apply>
              <plus/>
              <ci> Pbar </ci>
              <ci> P_O </ci>
            </apply>
            <apply>
              <plus/>
              <ci> Pbar </ci>
              <ci> P_S </ci>
            </apply>
          </apply>
        </math>
            </assignmentRule>
      <assignmentRule metaid="metaid_0000042" variable="Pbar">
        <math xmlns="http://www.w3.org/1998/Math/MathML">        
          <apply>
            <divide/>
            <ci> I_P </ci>
            <ci> k_P </ci>
          </apply>
        </math>
            </assignmentRule>
      <assignmentRule metaid="metaid_0000043" variable="P_O">
        <math xmlns="http://www.w3.org/1998/Math/MathML">        
          <apply>
            <divide/>
            <ci> S_P </ci>
            <ci> k_P </ci>
          </apply>
        </math>
            </assignmentRule>
      <assignmentRule metaid="metaid_0000044" variable="P_S">
        <math xmlns="http://www.w3.org/1998/Math/MathML">        
          <apply>
            <divide/>
            <ci> k6 </ci>
            <ci> k5 </ci>
          </apply>
        </math>
            </assignmentRule>
      <rateRule metaid="metaid_0000045" variable="R">
        <math xmlns="http://www.w3.org/1998/Math/MathML">        
          <apply>
            <minus/>
            <apply>
              <times/>
              <ci> D_R </ci>
              <ci> Phi_C </ci>
            </apply>
            <apply>
              <divide/>
              <apply>
                <times/>
                <ci> D_B </ci>
                <ci> R </ci>
              </apply>
              <ci> Phi_C </ci>
            </apply>
          </apply>
        </math>
            </rateRule>
      <rateRule metaid="metaid_0000046" variable="B">
        <math xmlns="http://www.w3.org/1998/Math/MathML">        
          <apply>
            <minus/>
            <apply>
              <divide/>
              <apply>
                <times/>
                <ci> D_B </ci>
                <ci> R </ci>
              </apply>
              <ci> Phi_C </ci>
            </apply>
            <apply>
              <times/>
              <ci> k_B </ci>
              <ci> B </ci>
            </apply>
          </apply>
        </math>
            </rateRule>
      <rateRule metaid="metaid_0000047" variable="C">
        <math xmlns="http://www.w3.org/1998/Math/MathML">        
          <apply>
            <minus/>
            <apply>
              <times/>
              <ci> D_C </ci>
              <ci> Phi_L </ci>
            </apply>
            <apply>
              <times/>
              <ci> D_A </ci>
              <ci> Phi_C </ci>
              <ci> C </ci>
            </apply>
          </apply>
        </math>
            </rateRule>
    </listOfRules>
  </model>
</sbml>
