<?xml version="1.0" encoding="UTF-8" standalone="no"?>
<sbml xmlns="http://www.sbml.org/sbml/level2" level="2" metaid="metaid_0000001" version="1">
  <model id="Src_MitoticActivation" metaid="metaid_0000002" name="Fuss2006_MitoticActivation">
    <notes>
      <body xmlns="http://www.w3.org/1999/xhtml">
<p>
The model was curated with XPP. The figure 3 was successfully reproduced.
</p>
</body>
    </notes>
    <annotation>
	<rdf:RDF xmlns:rdf="http://www.w3.org/1999/02/22-rdf-syntax-ns#" xmlns:dc="http://purl.org/dc/elements/1.1/" xmlns:vCard="http://www.w3.org/2001/vcard-rdf/3.0#" xmlns:dcterms="http://purl.org/dc/terms/" xmlns:bqmodel="http://biomodels.net/model-qualifiers/" xmlns:bqbiol="http://biomodels.net/biology-qualifiers/">
        <rdf:Description rdf:about="#metaid_0000002">
	<dc:creator>
	<rdf:Bag>
	<rdf:li rdf:parseType="Resource">
	<vCard:N rdf:parseType="Resource">
	<vCard:Family>Le Novère</vCard:Family>
	<vCard:Given>Nicolas</vCard:Given>
	</vCard:N>
	<vCard:EMAIL>lenov@ebi.ac.uk</vCard:EMAIL>
	<vCard:ORG rdf:parseType="Resource">
	<vCard:Orgname>EMBL-EBI</vCard:Orgname>
	</vCard:ORG>
	</rdf:li>
	<rdf:li rdf:parseType="Resource">
	<vCard:N rdf:parseType="Resource">
	<vCard:Family>Fuß</vCard:Family>
	<vCard:Given>Hendrik</vCard:Given>
	</vCard:N>
	<vCard:EMAIL>fuss-h@ulster.ac.uk</vCard:EMAIL>
	<vCard:ORG rdf:parseType="Resource">
	<vCard:Orgname>University of Ulster, Northern Ireland</vCard:Orgname>
	</vCard:ORG>
	</rdf:li>
	</rdf:Bag>
	</dc:creator>
	<dcterms:created rdf:parseType="Resource">
	<dcterms:W3CDTF>2006-09-14T12:14:04Z</dcterms:W3CDTF>
	</dcterms:created>
	<dcterms:modified rdf:parseType="Resource">
	<dcterms:W3CDTF>2016-04-08T15:27:10Z</dcterms:W3CDTF>
	</dcterms:modified>
	<bqmodel:is>
	<rdf:Bag>
	<rdf:li rdf:resource="http://identifiers.org/biomodels.db/MODEL7146478294"/>
	</rdf:Bag>
	</bqmodel:is>
	<bqmodel:is>
	<rdf:Bag>
	<rdf:li rdf:resource="http://identifiers.org/biomodels.db/BIOMD0000000069"/>
	</rdf:Bag>
	</bqmodel:is>
	<bqmodel:isDescribedBy>
	<rdf:Bag>
	<rdf:li rdf:resource="http://identifiers.org/pubmed/16873466"/>
	</rdf:Bag>
	</bqmodel:isDescribedBy>
	<bqbiol:hasTaxon>
	<rdf:Bag>
	<rdf:li rdf:resource="http://identifiers.org/taxonomy/9606"/>
	</rdf:Bag>
	</bqbiol:hasTaxon>
	<bqbiol:isVersionOf>
	<rdf:Bag>
	<rdf:li rdf:resource="http://identifiers.org/reactome/REACT_152"/>
	<rdf:li rdf:resource="http://identifiers.org/go/GO:0000278"/>
	</rdf:Bag>
	</bqbiol:isVersionOf>
	</rdf:Description>
	
	</rdf:RDF>
	</annotation>
      <listOfCompartments>
      <compartment id="default" metaid="metaid_0000022" size="1">
        <annotation>
	<rdf:RDF xmlns:rdf="http://www.w3.org/1999/02/22-rdf-syntax-ns#" xmlns:bqbiol="http://biomodels.net/biology-qualifiers/">
            <rdf:Description rdf:about="#metaid_0000022">
	<bqbiol:is>
	<rdf:Bag>
	<rdf:li rdf:resource="http://identifiers.org/go/GO:0005623"/>
	</rdf:Bag>
	</bqbiol:is>
	</rdf:Description>
	
	</rdf:RDF>
	</annotation>
            </compartment>
    </listOfCompartments>
    <listOfSpecies>
      <species compartment="default" id="srci" initialConcentration="1" metaid="metaid_0000023">
        <annotation>
	<rdf:RDF xmlns:rdf="http://www.w3.org/1999/02/22-rdf-syntax-ns#" xmlns:bqbiol="http://biomodels.net/biology-qualifiers/">
            <rdf:Description rdf:about="#metaid_0000023">
	<bqbiol:isVersionOf>
	<rdf:Bag>
	<rdf:li rdf:resource="http://identifiers.org/uniprot/P12931"/>
	</rdf:Bag>
	</bqbiol:isVersionOf>
	</rdf:Description>
	
	</rdf:RDF>
	</annotation>
            </species>
      <species compartment="default" id="srco" initialConcentration="0" metaid="metaid_0000024">
        <annotation>
	<rdf:RDF xmlns:rdf="http://www.w3.org/1999/02/22-rdf-syntax-ns#" xmlns:bqbiol="http://biomodels.net/biology-qualifiers/">
            <rdf:Description rdf:about="#metaid_0000024">
	<bqbiol:isVersionOf>
	<rdf:Bag>
	<rdf:li rdf:resource="http://identifiers.org/uniprot/P12931"/>
	</rdf:Bag>
	</bqbiol:isVersionOf>
	</rdf:Description>
	
	</rdf:RDF>
	</annotation>
            </species>
      <species compartment="default" id="srca" initialConcentration="0" metaid="metaid_0000025">
        <annotation>
	<rdf:RDF xmlns:rdf="http://www.w3.org/1999/02/22-rdf-syntax-ns#" xmlns:bqbiol="http://biomodels.net/biology-qualifiers/">
            <rdf:Description rdf:about="#metaid_0000025">
	<bqbiol:isVersionOf>
	<rdf:Bag>
	<rdf:li rdf:resource="http://identifiers.org/uniprot/P12931"/>
	</rdf:Bag>
	</bqbiol:isVersionOf>
	</rdf:Description>
	
	</rdf:RDF>
	</annotation>
            </species>
      <species compartment="default" id="srcc" initialConcentration="0" metaid="metaid_0000026">
        <annotation>
	<rdf:RDF xmlns:rdf="http://www.w3.org/1999/02/22-rdf-syntax-ns#" xmlns:bqbiol="http://biomodels.net/biology-qualifiers/">
            <rdf:Description rdf:about="#metaid_0000026">
	<bqbiol:isVersionOf>
	<rdf:Bag>
	<rdf:li rdf:resource="http://identifiers.org/uniprot/P12931"/>
	</rdf:Bag>
	</bqbiol:isVersionOf>
	</rdf:Description>
	
	</rdf:RDF>
	</annotation>
            </species>
      <species compartment="default" id="Cbp_P_CSK" initialConcentration="0" metaid="metaid_0000027">
        <annotation>
	<rdf:RDF xmlns:rdf="http://www.w3.org/1999/02/22-rdf-syntax-ns#" xmlns:bqbiol="http://biomodels.net/biology-qualifiers/">
            <rdf:Description rdf:about="#metaid_0000027">
	<bqbiol:hasPart>
	<rdf:Bag>
	<rdf:li rdf:resource="http://identifiers.org/uniprot/P41240"/>
	<rdf:li rdf:resource="http://identifiers.org/uniprot/Q9NWQ8"/>
	</rdf:Bag>
	</bqbiol:hasPart>
	</rdf:Description>
	
	</rdf:RDF>
	</annotation>
            </species>
      <species compartment="default" id="CSK_cytoplasm" initialConcentration="1" metaid="metaid_0000028">
        <annotation>
	<rdf:RDF xmlns:rdf="http://www.w3.org/1999/02/22-rdf-syntax-ns#" xmlns:bqbiol="http://biomodels.net/biology-qualifiers/">
            <rdf:Description rdf:about="#metaid_0000028">
	<bqbiol:is>
	<rdf:Bag>
	<rdf:li rdf:resource="http://identifiers.org/uniprot/P41240"/>
	</rdf:Bag>
	</bqbiol:is>
	</rdf:Description>
	
	</rdf:RDF>
	</annotation>
            </species>
      <species compartment="default" id="PTP" initialConcentration="1" metaid="metaid_0000029">
        <annotation>
	<rdf:RDF xmlns:rdf="http://www.w3.org/1999/02/22-rdf-syntax-ns#" xmlns:bqbiol="http://biomodels.net/biology-qualifiers/">
            <rdf:Description rdf:about="#metaid_0000029">
	<bqbiol:isVersionOf>
	<rdf:Bag>
	<rdf:li rdf:resource="http://identifiers.org/uniprot/P18433"/>
	</rdf:Bag>
	</bqbiol:isVersionOf>
	</rdf:Description>
	
	</rdf:RDF>
	</annotation>
            </species>
      <species compartment="default" id="PTP_pY789" initialConcentration="0" metaid="metaid_0000030">
        <annotation>
	<rdf:RDF xmlns:rdf="http://www.w3.org/1999/02/22-rdf-syntax-ns#" xmlns:bqbiol="http://biomodels.net/biology-qualifiers/">
            <rdf:Description rdf:about="#metaid_0000030">
	<bqbiol:isVersionOf>
	<rdf:Bag>
	<rdf:li rdf:resource="http://identifiers.org/uniprot/P18433"/>
	</rdf:Bag>
	</bqbiol:isVersionOf>
	</rdf:Description>
	
	</rdf:RDF>
	</annotation>
            </species>
      <species compartment="default" id="Cbp" initialConcentration="1" metaid="metaid_0000031">
        <annotation>
	<rdf:RDF xmlns:rdf="http://www.w3.org/1999/02/22-rdf-syntax-ns#" xmlns:bqbiol="http://biomodels.net/biology-qualifiers/">
            <rdf:Description rdf:about="#metaid_0000031">
	<bqbiol:isVersionOf>
	<rdf:Bag>
	<rdf:li rdf:resource="http://identifiers.org/uniprot/Q9NWQ8"/>
	</rdf:Bag>
	</bqbiol:isVersionOf>
	</rdf:Description>
	
	</rdf:RDF>
	</annotation>
            </species>
      <species compartment="default" id="Cbp_P" initialConcentration="0" metaid="metaid_0000032">
        <annotation>
	<rdf:RDF xmlns:rdf="http://www.w3.org/1999/02/22-rdf-syntax-ns#" xmlns:bqbiol="http://biomodels.net/biology-qualifiers/">
            <rdf:Description rdf:about="#metaid_0000032">
	<bqbiol:isVersionOf>
	<rdf:Bag>
	<rdf:li rdf:resource="http://identifiers.org/uniprot/Q9NWQ8"/>
	</rdf:Bag>
	</bqbiol:isVersionOf>
	</rdf:Description>
	
	</rdf:RDF>
	</annotation>
            </species>
    </listOfSpecies>
    <listOfParameters>
      <parameter id="k1" metaid="metaid_0000003" value="1"/>
      <parameter id="k2" metaid="metaid_0000004" value="0.8"/>
      <parameter id="k3" metaid="metaid_0000005" value="1"/>
      <parameter id="k4" metaid="metaid_0000006" value="10"/>
      <parameter id="kPTP" metaid="metaid_0000007" value="1"/>
      <parameter id="kCbp" metaid="metaid_0000008" value="1"/>
      <parameter id="p1" metaid="metaid_0000009" value="0.05"/>
      <parameter id="p2" metaid="metaid_0000010" value="0.15"/>
      <parameter id="p3" metaid="metaid_0000011" value="0.035"/>
      <parameter id="src_background" metaid="metaid_0000012" value="0.0001"/>
      <parameter id="PTP_background" metaid="metaid_0000013" value="0"/>
      <parameter id="kCSKon" metaid="metaid_0000014" value="0.1"/>
      <parameter id="kCSKoff" metaid="metaid_0000015" value="0.01"/>
      <parameter id="rho_srca" metaid="metaid_0000016" value="1"/>
      <parameter id="rho_srco" metaid="metaid_0000017" value="0"/>
      <parameter id="rho_srcc" metaid="metaid_0000018" value="1"/>
      <parameter id="Kser" metaid="metaid_0000019" value="1"/>
      <parameter id="acsk0" metaid="metaid_0000044" value="0"/>
      <parameter constant="false" id="ptp_activity" metaid="metaid_0000020"/>
      <parameter constant="false" id="src_activity" metaid="metaid_0000021"/>
    </listOfParameters>
    <listOfRules>
      <assignmentRule metaid="metaid_0000033" variable="src_activity">
        <math xmlns="http://www.w3.org/1998/Math/MathML">        
          <apply>
            <plus/>
            <apply>
              <times/>
              <ci> rho_srco </ci>
              <ci> srco </ci>
            </apply>
            <apply>
              <times/>
              <ci> rho_srca </ci>
              <ci> srca </ci>
            </apply>
            <ci> src_background </ci>
            <apply>
              <times/>
              <ci> rho_srcc </ci>
              <ci> srcc </ci>
            </apply>
          </apply>
        </math>
            </assignmentRule>
      <assignmentRule metaid="metaid_0000034" variable="ptp_activity">
        <math xmlns="http://www.w3.org/1998/Math/MathML">        
          <apply>
            <plus/>
            <ci> PTP_background </ci>
            <apply>
              <times/>
              <ci> Kser </ci>
              <ci> PTP_pY789 </ci>
            </apply>
          </apply>
        </math>
            </assignmentRule>
    </listOfRules>
    <listOfReactions>
      <reaction id="v1" metaid="metaid_0000035">
        <annotation>
	<rdf:RDF xmlns:rdf="http://www.w3.org/1999/02/22-rdf-syntax-ns#" xmlns:bqbiol="http://biomodels.net/biology-qualifiers/">
            <rdf:Description rdf:about="#metaid_0000035">
	<bqbiol:isVersionOf>
	<rdf:Bag>
	<rdf:li rdf:resource="http://identifiers.org/ec-code/2.7.10.2"/>
	<rdf:li rdf:resource="http://identifiers.org/go/GO:0004713"/>
	</rdf:Bag>
	</bqbiol:isVersionOf>
	</rdf:Description>
	
	</rdf:RDF>
	</annotation>
              <listOfReactants>
          <speciesReference metaid="fe7e6fd7-68f3-4da9-b9ae-2fb4a2c4038d" species="srci"/>
        </listOfReactants>
        <listOfProducts>
          <speciesReference metaid="_48b9112c-c3c6-4894-b72c-6a804fb595c6" species="srco"/>
        </listOfProducts>
        <listOfModifiers>
          <modifierSpeciesReference metaid="_1f137d9e-dd10-476f-bb4d-e70f530f6e73" species="Cbp_P_CSK"/>
        </listOfModifiers>
        <kineticLaw metaid="_16a0fc1b-11fb-4b43-bc73-57684b7c27a9">
          <math xmlns="http://www.w3.org/1998/Math/MathML">          
            <apply>
              <times/>
              <apply>
                <minus/>
                <apply>
                  <times/>
                  <ci> k2 </ci>
                  <ci> ptp_activity </ci>
                  <ci> srci </ci>
                </apply>
                <apply>
                  <times/>
                  <ci> k1 </ci>
                  <ci> Cbp_P_CSK </ci>
                  <ci> srco </ci>
                </apply>
              </apply>
              <ci> default </ci>
            </apply>
          </math>
                </kineticLaw>
      </reaction>
      <reaction id="v2" metaid="metaid_0000036">
        <annotation>
	<rdf:RDF xmlns:rdf="http://www.w3.org/1999/02/22-rdf-syntax-ns#" xmlns:bqbiol="http://biomodels.net/biology-qualifiers/">
            <rdf:Description rdf:about="#metaid_0000036">
	<bqbiol:isVersionOf>
	<rdf:Bag>
	<rdf:li rdf:resource="http://identifiers.org/ec-code/2.7.10.2"/>
	<rdf:li rdf:resource="http://identifiers.org/go/GO:0004713"/>
	</rdf:Bag>
	</bqbiol:isVersionOf>
	</rdf:Description>
	
	</rdf:RDF>
	</annotation>
              <listOfReactants>
          <speciesReference metaid="_92007aca-eb32-41c8-b042-b471c2b5c599" species="srco"/>
        </listOfReactants>
        <listOfProducts>
          <speciesReference metaid="f6fd1e63-f116-4e36-9c00-ff1dd7119ca1" species="srca"/>
        </listOfProducts>
        <kineticLaw metaid="b843f20c-e05e-4a3d-bfd4-13820506a2fa">
          <math xmlns="http://www.w3.org/1998/Math/MathML">          
            <apply>
              <times/>
              <apply>
                <minus/>
                <apply>
                  <times/>
                  <ci> k3 </ci>
                  <ci> src_activity </ci>
                  <ci> srco </ci>
                </apply>
                <apply>
                  <times/>
                  <ci> p1 </ci>
                  <ci> srca </ci>
                </apply>
              </apply>
              <ci> default </ci>
            </apply>
          </math>
                </kineticLaw>
      </reaction>
      <reaction id="v3" metaid="metaid_0000037">
        <annotation>
	<rdf:RDF xmlns:rdf="http://www.w3.org/1999/02/22-rdf-syntax-ns#" xmlns:bqbiol="http://biomodels.net/biology-qualifiers/">
            <rdf:Description rdf:about="#metaid_0000037">
	<bqbiol:isVersionOf>
	<rdf:Bag>
	<rdf:li rdf:resource="http://identifiers.org/ec-code/2.7.10.2"/>
	<rdf:li rdf:resource="http://identifiers.org/go/GO:0004713"/>
	</rdf:Bag>
	</bqbiol:isVersionOf>
	</rdf:Description>
	
	</rdf:RDF>
	</annotation>
              <listOfReactants>
          <speciesReference metaid="fd7e029a-aca1-4704-837b-9d1136d527bb" species="srca"/>
        </listOfReactants>
        <listOfProducts>
          <speciesReference metaid="dacb6272-433f-4190-a11a-e1e827ece932" species="srcc"/>
        </listOfProducts>
        <listOfModifiers>
          <modifierSpeciesReference metaid="_36d6cea8-f1d8-455f-968a-ff4fb87ded10" species="Cbp_P_CSK"/>
        </listOfModifiers>
        <kineticLaw metaid="a48bb87c-5a70-4292-bfa2-ac5fad82d599">
          <math xmlns="http://www.w3.org/1998/Math/MathML">          
            <apply>
              <times/>
              <apply>
                <minus/>
                <apply>
                  <times/>
                  <ci> k1 </ci>
                  <ci> Cbp_P_CSK </ci>
                  <ci> srca </ci>
                </apply>
                <apply>
                  <times/>
                  <ci> k2 </ci>
                  <ci> ptp_activity </ci>
                  <ci> srcc </ci>
                </apply>
              </apply>
              <ci> default </ci>
            </apply>
          </math>
                </kineticLaw>
      </reaction>
      <reaction id="v4" metaid="metaid_0000038" reversible="false">
        <annotation>
	<rdf:RDF xmlns:rdf="http://www.w3.org/1999/02/22-rdf-syntax-ns#" xmlns:bqbiol="http://biomodels.net/biology-qualifiers/">
            <rdf:Description rdf:about="#metaid_0000038">
	<bqbiol:isVersionOf>
	<rdf:Bag>
	<rdf:li rdf:resource="http://identifiers.org/ec-code/3.1.3.48"/>
	<rdf:li rdf:resource="http://identifiers.org/go/GO:0004725"/>
	</rdf:Bag>
	</bqbiol:isVersionOf>
	</rdf:Description>
	
	</rdf:RDF>
	</annotation>
              <listOfReactants>
          <speciesReference metaid="bef40243-bdc9-4fd4-a42e-270c8b0452ae" species="srcc"/>
        </listOfReactants>
        <listOfProducts>
          <speciesReference metaid="e08c7831-c28c-4d12-af8c-14f04e7cf4f3" species="srci"/>
        </listOfProducts>
        <kineticLaw metaid="_47168de6-54ec-4247-91d2-eeceba216b69">
          <math xmlns="http://www.w3.org/1998/Math/MathML">          
            <apply>
              <times/>
              <ci> default </ci>
              <ci> k4 </ci>
              <ci> p1 </ci>
              <ci> srcc </ci>
            </apply>
          </math>
                </kineticLaw>
      </reaction>
      <reaction id="CSK_translocation" metaid="metaid_0000039">
        <annotation>
	<rdf:RDF xmlns:rdf="http://www.w3.org/1999/02/22-rdf-syntax-ns#" xmlns:bqbiol="http://biomodels.net/biology-qualifiers/">
            <rdf:Description rdf:about="#metaid_0000039">
	<bqbiol:hasPart>
	<rdf:Bag>
	<rdf:li rdf:resource="http://identifiers.org/go/GO:0006461"/>
	<rdf:li rdf:resource="http://identifiers.org/go/GO:0006612"/>
	</rdf:Bag>
	</bqbiol:hasPart>
	</rdf:Description>
	
	</rdf:RDF>
	</annotation>
              <listOfReactants>
          <speciesReference metaid="b746224c-f3a7-4ca3-ba42-1836f3a2e78b" species="CSK_cytoplasm"/>
          <speciesReference metaid="_84a6f984-fbd3-4bc2-ab25-ef8548075053" species="Cbp_P"/>
        </listOfReactants>
        <listOfProducts>
          <speciesReference metaid="_7358a18b-a27d-481a-8d19-a9554c28ba61" species="Cbp_P_CSK"/>
        </listOfProducts>
        <kineticLaw metaid="_5ddab50d-8906-4bba-b042-7d4b36d3195c">
          <math xmlns="http://www.w3.org/1998/Math/MathML">          
            <apply>
              <times/>
              <apply>
                <minus/>
                <apply>
                  <times/>
                  <ci> Cbp_P </ci>
                  <ci> kCSKon </ci>
                  <ci> CSK_cytoplasm </ci>
                </apply>
                <apply>
                  <times/>
                  <ci> kCSKoff </ci>
                  <ci> Cbp_P_CSK </ci>
                </apply>
              </apply>
              <ci> default </ci>
            </apply>
          </math>
                </kineticLaw>
      </reaction>
      <reaction id="PTP_phosphorylation" metaid="metaid_0000040">
        <annotation>
	<rdf:RDF xmlns:rdf="http://www.w3.org/1999/02/22-rdf-syntax-ns#" xmlns:bqbiol="http://biomodels.net/biology-qualifiers/">
            <rdf:Description rdf:about="#metaid_0000040">
	<bqbiol:isVersionOf>
	<rdf:Bag>
	<rdf:li rdf:resource="http://identifiers.org/ec-code/2.7.10.2"/>
	<rdf:li rdf:resource="http://identifiers.org/go/GO:0004713"/>
	</rdf:Bag>
	</bqbiol:isVersionOf>
	</rdf:Description>
	
	</rdf:RDF>
	</annotation>
              <listOfReactants>
          <speciesReference metaid="_0d2a1ff3-44bb-4e50-babd-e009fa4d522d" species="PTP"/>
        </listOfReactants>
        <listOfProducts>
          <speciesReference metaid="ef485945-c51c-4f44-a9fa-58aeec475e56" species="PTP_pY789"/>
        </listOfProducts>
        <kineticLaw metaid="_2955f947-6f7f-46b4-aa6d-1126599f5157">
          <math xmlns="http://www.w3.org/1998/Math/MathML">          
            <apply>
              <times/>
              <ci> default </ci>
              <apply>
                <minus/>
                <apply>
                  <times/>
                  <apply>
                    <plus/>
                    <apply>
                      <times/>
                      <ci> kPTP </ci>
                      <ci> src_activity </ci>
                    </apply>
                    <ci> p3 </ci>
                  </apply>
                  <ci> PTP </ci>
                </apply>
                <apply>
                  <times/>
                  <ci> p2 </ci>
                  <ci> PTP_pY789 </ci>
                </apply>
              </apply>
            </apply>
          </math>
                </kineticLaw>
      </reaction>
      <reaction id="Cbp_phosphorylation" metaid="metaid_0000041" reversible="false">
        <annotation>
	<rdf:RDF xmlns:rdf="http://www.w3.org/1999/02/22-rdf-syntax-ns#" xmlns:bqbiol="http://biomodels.net/biology-qualifiers/">
            <rdf:Description rdf:about="#metaid_0000041">
	<bqbiol:isVersionOf>
	<rdf:Bag>
	<rdf:li rdf:resource="http://identifiers.org/ec-code/2.7.10.2"/>
	<rdf:li rdf:resource="http://identifiers.org/go/GO:0004713"/>
	</rdf:Bag>
	</bqbiol:isVersionOf>
	</rdf:Description>
	
	</rdf:RDF>
	</annotation>
              <listOfReactants>
          <speciesReference metaid="fdbc15be-2a57-4d50-a74f-2ddd230a02e4" species="Cbp"/>
        </listOfReactants>
        <listOfProducts>
          <speciesReference metaid="_6bad1370-6b02-4809-8f21-4ab9c887548c" species="Cbp_P"/>
        </listOfProducts>
        <kineticLaw metaid="_2c8c3b47-b04a-45c2-9a43-88c0da800d10">
          <math xmlns="http://www.w3.org/1998/Math/MathML">          
            <apply>
              <times/>
              <ci> kCbp </ci>
              <ci> src_activity </ci>
              <ci> Cbp </ci>
              <ci> default </ci>
            </apply>
          </math>
                </kineticLaw>
      </reaction>
    </listOfReactions>
  </model>
</sbml>
