<?xml version='1.0' encoding='UTF-8' standalone='no'?>
<sbml xmlns="http://www.sbml.org/sbml/level2/version4" level="2" version="4">
  <model id="dePillis2008___Optimal_control_of_mixed_immunotherapy_and_chemotherapy_of_tumors" metaid="COPASI0" name="dePillis2008 - Optimal control of mixed immunotherapy and chemotherapy of tumors">
    <notes>
      <body xmlns="http://www.w3.org/1999/xhtml">
     <p>&amp;lt;notes xmlns=&amp;quot;http://www.sbml.org/sbml/level2/version4&amp;quot;&amp;gt;
      &amp;lt;body xmlns=&amp;quot;http://www.w3.org/1999/xhtml&amp;quot;&amp;gt;
        &amp;lt;pre&amp;gt;Optimal control of mixed immunotherapy and chemotherapy of tumors

Lisette Depillis, K. R. Fister , W. Gu, Tiffany Head, Kenny Maples, Todd Neal, Anand Murugan and Kenji Kozai
Abstract

We investigate a mathematical population model of tumor-immune interactions. Thepopulations involved are tumor cells, specific and non-specific immune cells, and con-centrations of therapeutic treatments. We establish the existence of an optimal con-trol for this model and provide necessary conditions for the optimal control triple forsimultaneous application of chemotherapy, tumor infiltrating lymphocyte (TIL) ther-apy, and interleukin-2 (IL-2) treatment. We discuss numerical results for the combina-tion of the chemo-immunotherapy regimens. We find that the qualitative nature of ourresults indicates that chemotherapy is the dominant intervention with TIL interactingin a complementary fashion with the chemotherapy. However, within the optimal con-trol context, the interleukin-2 treatment does not become activated for the estimatedparameter ranges.</p>
  </body>
    </notes>
    <annotation>
      <rdf:RDF xmlns:rdf="http://www.w3.org/1999/02/22-rdf-syntax-ns#" xmlns:dc="http://purl.org/dc/elements/1.1/" xmlns:dcterms="http://purl.org/dc/terms/" xmlns:vCard="http://www.w3.org/2001/vcard-rdf/3.0#" xmlns:bqbiol="http://biomodels.net/biology-qualifiers/" xmlns:bqmodel="http://biomodels.net/model-qualifiers/">
        <rdf:Description rdf:about="#COPASI0">
	<dc:creator>
	<rdf:Bag>
	<rdf:li rdf:parseType="Resource">
	<vCard:N rdf:parseType="Resource">
	<vCard:Family>Sharif Shohan</vCard:Family>
	<vCard:Given>Mohammad Umer</vCard:Given>
	</vCard:N>
	<vCard:EMAIL>msharifshohan@ebi.ac.uk</vCard:EMAIL>
	<vCard:ORG rdf:parseType="Resource">
	<vCard:Orgname>EMBL-EBI</vCard:Orgname>
	</vCard:ORG>
	</rdf:li>
	</rdf:Bag>
	</dc:creator>
	<dcterms:created rdf:parseType="Resource">
	<dcterms:W3CDTF>2020-01-20T15:12:48Z</dcterms:W3CDTF>
	</dcterms:created>
	<dcterms:modified rdf:parseType="Resource">
	<dcterms:W3CDTF>2020-01-20T15:12:48Z</dcterms:W3CDTF>
	</dcterms:modified>
	<bqmodel:isDerivedFrom>
	<rdf:Bag>
	<rdf:li rdf:resource="http://identifiers.org/mamo/MAMO_0000046"/>
	<rdf:li rdf:resource="http://identifiers.org/taxonomy/9606"/>
	<rdf:li rdf:resource="http://identifiers.org/biomodels.db/MODEL2001160001"/>
	</rdf:Bag>
	</bqmodel:isDerivedFrom>
	<bqmodel:isDescribedBy>
	<rdf:Bag>
	<rdf:li rdf:resource="http://identifiers.org/biomodels.db/MODEL2001160001"/>
	<rdf:li rdf:resource="http://identifiers.org/doi/10.1142/S0218339008002435"/>
	</rdf:Bag>
	</bqmodel:isDescribedBy>
	<bqbiol:hasTaxon>
	<rdf:Bag>
	<rdf:li rdf:resource="http://identifiers.org/taxonomy/9606"/>
	</rdf:Bag>
	</bqbiol:hasTaxon>
	<bqbiol:hasProperty>
	<rdf:Bag>
	<rdf:li rdf:resource="http://identifiers.org/mamo/MAMO_0000046"/>
	</rdf:Bag>
	</bqbiol:hasProperty>
	<bqmodel:is>
	<rdf:Bag>
	<rdf:li rdf:resource="http://identifiers.org/biomodels.db/MODEL2001200003"/>
	<rdf:li rdf:resource="http://identifiers.org/biomodels.db/BIOMD0000000913"/>
	</rdf:Bag>
	</bqmodel:is>
	</rdf:Description>
	
	
	
	
	
      </rdf:RDF>
      <COPASI xmlns="http://www.copasi.org/static/sbml">
        <rdf:RDF xmlns:CopasiMT="http://www.copasi.org/RDF/MiriamTerms#" xmlns:bqbiol="http://biomodels.net/biology-qualifiers/" xmlns:bqmodel="http://biomodels.net/model-qualifiers/" xmlns:dcterms="http://purl.org/dc/terms/" xmlns:rdf="http://www.w3.org/1999/02/22-rdf-syntax-ns#" xmlns:vCard="http://www.w3.org/2001/vcard-rdf/3.0#">
          <rdf:Description rdf:about="#COPASI0">
            <bqbiol:hasProperty rdf:resource="urn:miriam:mamo:MAMO_0000046"/>
            <bqbiol:hasTaxon rdf:resource="urn:miriam:taxonomy:9606"/>
            <bqmodel:isDerivedFrom rdf:resource="urn:miriam:biomodels.db:MODEL2001160001"/>
            <dcterms:bibliographicCitation>
              <rdf:Description>
                <CopasiMT:isDescribedBy rdf:resource="urn:miriam:doi:10.1142/S0218339008002435"/>
              </rdf:Description>
            </dcterms:bibliographicCitation>
            <dcterms:created>
              <rdf:Description>
                <dcterms:W3CDTF>2020-01-20T15:12:48Z</dcterms:W3CDTF>
              </rdf:Description>
            </dcterms:created>
            <dcterms:creator>
              <rdf:Description>
                <vCard:EMAIL>msharifshohan@ebi.ac.uk</vCard:EMAIL>
                <vCard:N>
                  <rdf:Description>
                    <vCard:Family>Sharif Shohan</vCard:Family>
                    <vCard:Given>Mohammad Umer</vCard:Given>
                  </rdf:Description>
                </vCard:N>
                <vCard:ORG>
                  <rdf:Description>
                    <vCard:Orgname>EMBL-EBI</vCard:Orgname>
                  </rdf:Description>
                </vCard:ORG>
              </rdf:Description>
            </dcterms:creator>
          </rdf:Description>
        </rdf:RDF>
      </COPASI>
    </annotation>
      <listOfFunctionDefinitions>
      <functionDefinition id="Function_for_formation_of_tumor_cell_population" metaid="COPASI20" name="Function for formation of tumor cell population">
        <annotation>
          <COPASI xmlns="http://www.copasi.org/static/sbml">
            <rdf:RDF xmlns:dcterms="http://purl.org/dc/terms/" xmlns:rdf="http://www.w3.org/1999/02/22-rdf-syntax-ns#">
              <rdf:Description rdf:about="#COPASI20">
                <dcterms:created>
                  <rdf:Description>
                    <dcterms:W3CDTF>2020-01-20T15:15:33Z</dcterms:W3CDTF>
                  </rdf:Description>
                </dcterms:created>
              </rdf:Description>
            </rdf:RDF>
          </COPASI>
        </annotation>
        <math xmlns="http://www.w3.org/1998/Math/MathML">        
          <lambda>
            <bvar>
              <ci> a </ci>
            </bvar>
            <bvar>
              <ci> T </ci>
            </bvar>
            <bvar>
              <ci> b </ci>
            </bvar>
            <apply>
              <times/>
              <ci> a </ci>
              <ci> T </ci>
              <apply>
                <minus/>
                <cn> 1 </cn>
                <apply>
                  <times/>
                  <ci> b </ci>
                  <ci> T </ci>
                </apply>
              </apply>
            </apply>
          </lambda>
        </math>
            </functionDefinition>
      <functionDefinition id="Function_for_removal_of_circulating_lymphocyte_population" metaid="COPASI21" name="Function for removal of circulating lymphocyte population">
        <annotation>
          <COPASI xmlns="http://www.copasi.org/static/sbml">
            <rdf:RDF xmlns:dcterms="http://purl.org/dc/terms/" xmlns:rdf="http://www.w3.org/1999/02/22-rdf-syntax-ns#">
              <rdf:Description rdf:about="#COPASI21">
                <dcterms:created>
                  <rdf:Description>
                    <dcterms:W3CDTF>2020-01-20T15:56:39Z</dcterms:W3CDTF>
                  </rdf:Description>
                </dcterms:created>
              </rdf:Description>
            </rdf:RDF>
          </COPASI>
        </annotation>
        <math xmlns="http://www.w3.org/1998/Math/MathML">        
          <lambda>
            <bvar>
              <ci> beta </ci>
            </bvar>
            <bvar>
              <ci> C </ci>
            </bvar>
            <bvar>
              <ci> K_C </ci>
            </bvar>
            <bvar>
              <ci> M </ci>
            </bvar>
            <apply>
              <plus/>
              <apply>
                <times/>
                <ci> beta </ci>
                <ci> C </ci>
              </apply>
              <apply>
                <times/>
                <ci> K_C </ci>
                <ci> M </ci>
                <ci> C </ci>
              </apply>
            </apply>
          </lambda>
        </math>
            </functionDefinition>
      <functionDefinition id="Function_for_increase_in_circulating_lymphocyte_population" metaid="COPASI22" name="Function for increase in circulating lymphocyte population">
        <annotation>
          <COPASI xmlns="http://www.copasi.org/static/sbml">
            <rdf:RDF xmlns:dcterms="http://purl.org/dc/terms/" xmlns:rdf="http://www.w3.org/1999/02/22-rdf-syntax-ns#">
              <rdf:Description rdf:about="#COPASI22">
                <dcterms:created>
                  <rdf:Description>
                    <dcterms:W3CDTF>2020-01-20T15:55:38Z</dcterms:W3CDTF>
                  </rdf:Description>
                </dcterms:created>
              </rdf:Description>
            </rdf:RDF>
          </COPASI>
        </annotation>
        <math xmlns="http://www.w3.org/1998/Math/MathML">        
          <lambda>
            <bvar>
              <ci> alpha_2 </ci>
            </bvar>
            <ci> alpha_2 </ci>
          </lambda>
        </math>
            </functionDefinition>
      <functionDefinition id="Function_for_elimunation_of_non_specific_effector_cell_population" metaid="COPASI23" name="Function for elimunation of non specific effector cell population">
        <annotation>
          <COPASI xmlns="http://www.copasi.org/static/sbml">
            <rdf:RDF xmlns:dcterms="http://purl.org/dc/terms/" xmlns:rdf="http://www.w3.org/1999/02/22-rdf-syntax-ns#">
              <rdf:Description rdf:about="#COPASI23">
                <dcterms:created>
                  <rdf:Description>
                    <dcterms:W3CDTF>2020-01-20T15:53:37Z</dcterms:W3CDTF>
                  </rdf:Description>
                </dcterms:created>
              </rdf:Description>
            </rdf:RDF>
          </COPASI>
        </annotation>
        <math xmlns="http://www.w3.org/1998/Math/MathML">        
          <lambda>
            <bvar>
              <ci> f </ci>
            </bvar>
            <bvar>
              <ci> N </ci>
            </bvar>
            <bvar>
              <ci> p </ci>
            </bvar>
            <bvar>
              <ci> T </ci>
            </bvar>
            <bvar>
              <ci> K_N </ci>
            </bvar>
            <bvar>
              <ci> M </ci>
            </bvar>
            <apply>
              <plus/>
              <apply>
                <times/>
                <ci> f </ci>
                <ci> N </ci>
              </apply>
              <apply>
                <times/>
                <ci> p </ci>
                <ci> N </ci>
                <ci> T </ci>
              </apply>
              <apply>
                <times/>
                <ci> K_N </ci>
                <ci> M </ci>
                <ci> N </ci>
              </apply>
            </apply>
          </lambda>
        </math>
            </functionDefinition>
      <functionDefinition id="Function_for_elimination_of_tumor_cell" metaid="COPASI24" name="Function for elimination of tumor cell">
        <annotation>
          <COPASI xmlns="http://www.copasi.org/static/sbml">
            <rdf:RDF xmlns:dcterms="http://purl.org/dc/terms/" xmlns:rdf="http://www.w3.org/1999/02/22-rdf-syntax-ns#">
              <rdf:Description rdf:about="#COPASI24">
                <dcterms:created>
                  <rdf:Description>
                    <dcterms:W3CDTF>2020-01-20T15:16:34Z</dcterms:W3CDTF>
                  </rdf:Description>
                </dcterms:created>
              </rdf:Description>
            </rdf:RDF>
          </COPASI>
        </annotation>
        <math xmlns="http://www.w3.org/1998/Math/MathML">        
          <lambda>
            <bvar>
              <ci> c1 </ci>
            </bvar>
            <bvar>
              <ci> N </ci>
            </bvar>
            <bvar>
              <ci> T </ci>
            </bvar>
            <bvar>
              <ci> D </ci>
            </bvar>
            <bvar>
              <ci> K_T </ci>
            </bvar>
            <bvar>
              <ci> M </ci>
            </bvar>
            <apply>
              <plus/>
              <apply>
                <times/>
                <ci> c1 </ci>
                <ci> N </ci>
                <ci> T </ci>
              </apply>
              <apply>
                <times/>
                <ci> D </ci>
                <ci> T </ci>
              </apply>
              <apply>
                <times/>
                <ci> K_T </ci>
                <ci> M </ci>
                <ci> T </ci>
              </apply>
            </apply>
          </lambda>
        </math>
            </functionDefinition>
      <functionDefinition id="Function_for_activation_and_transfer_of_CTL_at_site_of_tumor" metaid="COPASI25" name="Function for activation and transfer of CTL at site of tumor">
        <annotation>
          <COPASI xmlns="http://www.copasi.org/static/sbml">
            <rdf:RDF xmlns:dcterms="http://purl.org/dc/terms/" xmlns:rdf="http://www.w3.org/1999/02/22-rdf-syntax-ns#">
              <rdf:Description rdf:about="#COPASI25">
                <dcterms:created>
                  <rdf:Description>
                    <dcterms:W3CDTF>2020-01-20T15:47:15Z</dcterms:W3CDTF>
                  </rdf:Description>
                </dcterms:created>
              </rdf:Description>
            </rdf:RDF>
          </COPASI>
        </annotation>
        <math xmlns="http://www.w3.org/1998/Math/MathML">        
          <lambda>
            <bvar>
              <ci> r2 </ci>
            </bvar>
            <bvar>
              <ci> C </ci>
            </bvar>
            <bvar>
              <ci> T </ci>
            </bvar>
            <bvar>
              <ci> p_I </ci>
            </bvar>
            <bvar>
              <ci> L </ci>
            </bvar>
            <bvar>
              <ci> I </ci>
            </bvar>
            <bvar>
              <ci> g_I </ci>
            </bvar>
            <bvar>
              <ci> V_L </ci>
            </bvar>
            <apply>
              <plus/>
              <apply>
                <times/>
                <ci> r2 </ci>
                <ci> C </ci>
                <ci> T </ci>
              </apply>
              <apply>
                <divide/>
                <apply>
                  <times/>
                  <ci> p_I </ci>
                  <ci> L </ci>
                  <ci> I </ci>
                </apply>
                <apply>
                  <plus/>
                  <ci> g_I </ci>
                  <ci> I </ci>
                </apply>
              </apply>
              <ci> V_L </ci>
            </apply>
          </lambda>
        </math>
            </functionDefinition>
      <functionDefinition id="Function_for_elimination_of_CTL" metaid="COPASI26" name="Function for elimination of CTL">
        <annotation>
          <COPASI xmlns="http://www.copasi.org/static/sbml">
            <rdf:RDF xmlns:dcterms="http://purl.org/dc/terms/" xmlns:rdf="http://www.w3.org/1999/02/22-rdf-syntax-ns#">
              <rdf:Description rdf:about="#COPASI26">
                <dcterms:created>
                  <rdf:Description>
                    <dcterms:W3CDTF>2020-01-20T15:48:51Z</dcterms:W3CDTF>
                  </rdf:Description>
                </dcterms:created>
              </rdf:Description>
            </rdf:RDF>
          </COPASI>
        </annotation>
        <math xmlns="http://www.w3.org/1998/Math/MathML">        
          <lambda>
            <bvar>
              <ci> m </ci>
            </bvar>
            <bvar>
              <ci> L </ci>
            </bvar>
            <bvar>
              <ci> q </ci>
            </bvar>
            <bvar>
              <ci> T </ci>
            </bvar>
            <bvar>
              <ci> u </ci>
            </bvar>
            <bvar>
              <ci> K_L </ci>
            </bvar>
            <bvar>
              <ci> M </ci>
            </bvar>
            <apply>
              <plus/>
              <apply>
                <times/>
                <ci> m </ci>
                <ci> L </ci>
              </apply>
              <apply>
                <times/>
                <ci> q </ci>
                <ci> L </ci>
                <ci> T </ci>
              </apply>
              <apply>
                <times/>
                <ci> u </ci>
                <ci> L </ci>
                <ci> L </ci>
              </apply>
              <apply>
                <times/>
                <ci> K_L </ci>
                <ci> M </ci>
                <ci> L </ci>
              </apply>
            </apply>
          </lambda>
        </math>
            </functionDefinition>
      <functionDefinition id="Function_for_increase_in_chemotherapy_drug_in_the_blood" metaid="COPASI27" name="Function for increase in chemotherapy drug in the blood">
        <annotation>
          <COPASI xmlns="http://www.copasi.org/static/sbml">
            <rdf:RDF xmlns:dcterms="http://purl.org/dc/terms/" xmlns:rdf="http://www.w3.org/1999/02/22-rdf-syntax-ns#">
              <rdf:Description rdf:about="#COPASI27">
                <dcterms:created>
                  <rdf:Description>
                    <dcterms:W3CDTF>2020-01-20T16:01:57Z</dcterms:W3CDTF>
                  </rdf:Description>
                </dcterms:created>
              </rdf:Description>
            </rdf:RDF>
          </COPASI>
        </annotation>
        <math xmlns="http://www.w3.org/1998/Math/MathML">        
          <lambda>
            <bvar>
              <ci> V_M </ci>
            </bvar>
            <ci> V_M </ci>
          </lambda>
        </math>
            </functionDefinition>
      <functionDefinition id="Function_for_activation_of_non_specific_effector_cell_population" metaid="COPASI28" name="Function for activation of non specific effector cell population">
        <annotation>
          <COPASI xmlns="http://www.copasi.org/static/sbml">
            <rdf:RDF xmlns:dcterms="http://purl.org/dc/terms/" xmlns:rdf="http://www.w3.org/1999/02/22-rdf-syntax-ns#">
              <rdf:Description rdf:about="#COPASI28">
                <dcterms:created>
                  <rdf:Description>
                    <dcterms:W3CDTF>2020-01-20T15:51:01Z</dcterms:W3CDTF>
                  </rdf:Description>
                </dcterms:created>
              </rdf:Description>
            </rdf:RDF>
          </COPASI>
        </annotation>
        <math xmlns="http://www.w3.org/1998/Math/MathML">        
          <lambda>
            <bvar>
              <ci> alpha_1 </ci>
            </bvar>
            <bvar>
              <ci> g </ci>
            </bvar>
            <bvar>
              <ci> T </ci>
            </bvar>
            <bvar>
              <ci> eta </ci>
            </bvar>
            <bvar>
              <ci> h </ci>
            </bvar>
            <bvar>
              <ci> N </ci>
            </bvar>
            <apply>
              <plus/>
              <ci> alpha_1 </ci>
              <apply>
                <times/>
                <ci> g </ci>
                <apply>
                  <divide/>
                  <apply>
                    <power/>
                    <ci> T </ci>
                    <ci> eta </ci>
                  </apply>
                  <apply>
                    <plus/>
                    <ci> h </ci>
                    <apply>
                      <power/>
                      <ci> T </ci>
                      <ci> eta </ci>
                    </apply>
                  </apply>
                </apply>
                <ci> N </ci>
              </apply>
            </apply>
          </lambda>
        </math>
            </functionDefinition>
      <functionDefinition id="Function_for_increase_in_IL_2_population" metaid="COPASI29" name="Function for increase in IL-2 population">
        <annotation>
          <COPASI xmlns="http://www.copasi.org/static/sbml">
            <rdf:RDF xmlns:dcterms="http://purl.org/dc/terms/" xmlns:rdf="http://www.w3.org/1999/02/22-rdf-syntax-ns#">
              <rdf:Description rdf:about="#COPASI29">
                <dcterms:created>
                  <rdf:Description>
                    <dcterms:W3CDTF>2020-01-20T15:57:36Z</dcterms:W3CDTF>
                  </rdf:Description>
                </dcterms:created>
              </rdf:Description>
            </rdf:RDF>
          </COPASI>
        </annotation>
        <math xmlns="http://www.w3.org/1998/Math/MathML">        
          <lambda>
            <bvar>
              <ci> p_T </ci>
            </bvar>
            <bvar>
              <ci> T </ci>
            </bvar>
            <bvar>
              <ci> g_T </ci>
            </bvar>
            <bvar>
              <ci> L </ci>
            </bvar>
            <bvar>
              <ci> w </ci>
            </bvar>
            <bvar>
              <ci> I </ci>
            </bvar>
            <bvar>
              <ci> V_I </ci>
            </bvar>
            <apply>
              <plus/>
              <apply>
                <times/>
                <apply>
                  <divide/>
                  <apply>
                    <times/>
                    <ci> p_T </ci>
                    <ci> T </ci>
                  </apply>
                  <apply>
                    <plus/>
                    <ci> g_T </ci>
                    <ci> T </ci>
                  </apply>
                </apply>
                <ci> L </ci>
              </apply>
              <apply>
                <times/>
                <ci> w </ci>
                <ci> L </ci>
                <ci> I </ci>
              </apply>
              <ci> V_I </ci>
            </apply>
          </lambda>
        </math>
            </functionDefinition>
      <functionDefinition id="Function_for_decrease_in_IL2_production" metaid="COPASI30" name="Function for decrease in IL2 production">
        <annotation>
          <COPASI xmlns="http://www.copasi.org/static/sbml">
            <rdf:RDF xmlns:dcterms="http://purl.org/dc/terms/" xmlns:rdf="http://www.w3.org/1999/02/22-rdf-syntax-ns#">
              <rdf:Description rdf:about="#COPASI30">
                <dcterms:created>
                  <rdf:Description>
                    <dcterms:W3CDTF>2020-01-20T16:00:28Z</dcterms:W3CDTF>
                  </rdf:Description>
                </dcterms:created>
              </rdf:Description>
            </rdf:RDF>
          </COPASI>
        </annotation>
        <math xmlns="http://www.w3.org/1998/Math/MathML">        
          <lambda>
            <bvar>
              <ci> mu_I </ci>
            </bvar>
            <bvar>
              <ci> I </ci>
            </bvar>
            <apply>
              <times/>
              <ci> mu_I </ci>
              <ci> I </ci>
            </apply>
          </lambda>
        </math>
            </functionDefinition>
      <functionDefinition id="Function_for_decrease_in_chemotherapy_drug_in_the_blood" metaid="COPASI31" name="Function for decrease in chemotherapy drug in the blood">
        <annotation>
          <COPASI xmlns="http://www.copasi.org/static/sbml">
            <rdf:RDF xmlns:dcterms="http://purl.org/dc/terms/" xmlns:rdf="http://www.w3.org/1999/02/22-rdf-syntax-ns#">
              <rdf:Description rdf:about="#COPASI31">
                <dcterms:created>
                  <rdf:Description>
                    <dcterms:W3CDTF>2020-01-20T16:02:45Z</dcterms:W3CDTF>
                  </rdf:Description>
                </dcterms:created>
              </rdf:Description>
            </rdf:RDF>
          </COPASI>
        </annotation>
        <math xmlns="http://www.w3.org/1998/Math/MathML">        
          <lambda>
            <bvar>
              <ci> gamma </ci>
            </bvar>
            <bvar>
              <ci> M </ci>
            </bvar>
            <apply>
              <times/>
              <ci> gamma </ci>
              <ci> M </ci>
            </apply>
          </lambda>
        </math>
            </functionDefinition>
    </listOfFunctionDefinitions>
    <listOfUnitDefinitions>
      <unitDefinition id="volume" name="volume">
        <listOfUnits>
          <unit exponent="1" kind="litre" multiplier="1" scale="-3"/>
        </listOfUnits>
      </unitDefinition>
      <unitDefinition id="substance" name="substance">
        <listOfUnits>
          <unit exponent="1" kind="mole" multiplier="1" scale="-3"/>
        </listOfUnits>
      </unitDefinition>
    </listOfUnitDefinitions>
    <listOfCompartments>
      <compartment constant="true" id="compartment" name="compartment" size="1" spatialDimensions="3"/>
    </listOfCompartments>
    <listOfSpecies>
      <species boundaryCondition="false" compartment="compartment" constant="false" id="T" initialConcentration="10000000" metaid="COPASI1" name="T">
        <annotation>
          <rdf:RDF xmlns:rdf="http://www.w3.org/1999/02/22-rdf-syntax-ns#" xmlns:dc="http://purl.org/dc/elements/1.1/" xmlns:dcterms="http://purl.org/dc/terms/" xmlns:vCard="http://www.w3.org/2001/vcard-rdf/3.0#" xmlns:bqbiol="http://biomodels.net/biology-qualifiers/" xmlns:bqmodel="http://biomodels.net/model-qualifiers/">
            <rdf:Description rdf:about="#COPASI1">
	<bqbiol:hasProperty>
	<rdf:Bag>
	<rdf:li rdf:resource="http://identifiers.org/efo/0000616"/>
	</rdf:Bag>
	</bqbiol:hasProperty>
	</rdf:Description>
	
	
	
	
	
          </rdf:RDF>
          <COPASI xmlns="http://www.copasi.org/static/sbml">
            <rdf:RDF xmlns:bqbiol="http://biomodels.net/biology-qualifiers/" xmlns:dcterms="http://purl.org/dc/terms/" xmlns:rdf="http://www.w3.org/1999/02/22-rdf-syntax-ns#">
              <rdf:Description rdf:about="#COPASI1">
                <bqbiol:hasProperty rdf:resource="urn:miriam:efo:0000616"/>
                <dcterms:created>
                  <rdf:Description>
                    <dcterms:W3CDTF>2020-01-20T16:25:44Z</dcterms:W3CDTF>
                  </rdf:Description>
                </dcterms:created>
              </rdf:Description>
            </rdf:RDF>
          </COPASI>
        </annotation>
            </species>
      <species boundaryCondition="false" compartment="compartment" constant="false" id="L" initialConcentration="2000" metaid="COPASI2" name="L">
        <annotation>
          <rdf:RDF xmlns:rdf="http://www.w3.org/1999/02/22-rdf-syntax-ns#" xmlns:dc="http://purl.org/dc/elements/1.1/" xmlns:dcterms="http://purl.org/dc/terms/" xmlns:vCard="http://www.w3.org/2001/vcard-rdf/3.0#" xmlns:bqbiol="http://biomodels.net/biology-qualifiers/" xmlns:bqmodel="http://biomodels.net/model-qualifiers/">
            <rdf:Description rdf:about="#COPASI2">
	<bqbiol:isVersionOf>
	<rdf:Bag>
	<rdf:li rdf:resource="http://identifiers.org/bto/BTO:0000289"/>
	</rdf:Bag>
	</bqbiol:isVersionOf>
	</rdf:Description>
	
	
	
	
	
          </rdf:RDF>
          <COPASI xmlns="http://www.copasi.org/static/sbml">
            <rdf:RDF xmlns:CopasiMT="http://www.copasi.org/RDF/MiriamTerms#" xmlns:dcterms="http://purl.org/dc/terms/" xmlns:rdf="http://www.w3.org/1999/02/22-rdf-syntax-ns#">
              <rdf:Description rdf:about="#COPASI2">
                <dcterms:created>
                  <rdf:Description>
                    <dcterms:W3CDTF>2020-01-20T16:42:00Z</dcterms:W3CDTF>
                  </rdf:Description>
                </dcterms:created>
                <CopasiMT:isVersionOf rdf:resource="urn:miriam:bto:BTO:0000289"/>
              </rdf:Description>
            </rdf:RDF>
          </COPASI>
        </annotation>
            </species>
      <species boundaryCondition="false" compartment="compartment" constant="false" id="N" initialConcentration="500000" metaid="COPASI3" name="N">
        <annotation>
          <rdf:RDF xmlns:rdf="http://www.w3.org/1999/02/22-rdf-syntax-ns#" xmlns:dc="http://purl.org/dc/elements/1.1/" xmlns:dcterms="http://purl.org/dc/terms/" xmlns:vCard="http://www.w3.org/2001/vcard-rdf/3.0#" xmlns:bqbiol="http://biomodels.net/biology-qualifiers/" xmlns:bqmodel="http://biomodels.net/model-qualifiers/">
            <rdf:Description rdf:about="#COPASI3">
	<bqbiol:hasProperty>
	<rdf:Bag>
	<rdf:li rdf:resource="http://identifiers.org/ncit/C132890"/>
	</rdf:Bag>
	</bqbiol:hasProperty>
	</rdf:Description>
	
	
	
	
	
          </rdf:RDF>
          <COPASI xmlns="http://www.copasi.org/static/sbml">
            <rdf:RDF xmlns:bqbiol="http://biomodels.net/biology-qualifiers/" xmlns:dcterms="http://purl.org/dc/terms/" xmlns:rdf="http://www.w3.org/1999/02/22-rdf-syntax-ns#">
              <rdf:Description rdf:about="#COPASI3">
                <bqbiol:hasProperty rdf:resource="urn:miriam:ncit:C132890"/>
                <dcterms:created>
                  <rdf:Description>
                    <dcterms:W3CDTF>2020-01-20T16:40:57Z</dcterms:W3CDTF>
                  </rdf:Description>
                </dcterms:created>
              </rdf:Description>
            </rdf:RDF>
          </COPASI>
        </annotation>
            </species>
      <species boundaryCondition="false" compartment="compartment" constant="false" id="C" initialConcentration="4.17E10" metaid="COPASI4" name="C">
        <annotation>
          <rdf:RDF xmlns:rdf="http://www.w3.org/1999/02/22-rdf-syntax-ns#" xmlns:dc="http://purl.org/dc/elements/1.1/" xmlns:dcterms="http://purl.org/dc/terms/" xmlns:vCard="http://www.w3.org/2001/vcard-rdf/3.0#" xmlns:bqbiol="http://biomodels.net/biology-qualifiers/" xmlns:bqmodel="http://biomodels.net/model-qualifiers/">
            <rdf:Description rdf:about="#COPASI4">
	<bqbiol:hasProperty>
	<rdf:Bag>
	<rdf:li rdf:resource="http://identifiers.org/ncit/C120462"/>
	</rdf:Bag>
	</bqbiol:hasProperty>
	</rdf:Description>
	
	
	
	
	
          </rdf:RDF>
          <COPASI xmlns="http://www.copasi.org/static/sbml">
            <rdf:RDF xmlns:bqbiol="http://biomodels.net/biology-qualifiers/" xmlns:dcterms="http://purl.org/dc/terms/" xmlns:rdf="http://www.w3.org/1999/02/22-rdf-syntax-ns#">
              <rdf:Description rdf:about="#COPASI4">
                <bqbiol:hasProperty rdf:resource="urn:miriam:ncit:C120462"/>
                <dcterms:created>
                  <rdf:Description>
                    <dcterms:W3CDTF>2020-01-20T16:25:40Z</dcterms:W3CDTF>
                  </rdf:Description>
                </dcterms:created>
              </rdf:Description>
            </rdf:RDF>
          </COPASI>
        </annotation>
            </species>
      <species boundaryCondition="false" compartment="compartment" constant="false" id="I" initialConcentration="2000" metaid="COPASI5" name="I">
        <annotation>
          <rdf:RDF xmlns:rdf="http://www.w3.org/1999/02/22-rdf-syntax-ns#" xmlns:dc="http://purl.org/dc/elements/1.1/" xmlns:dcterms="http://purl.org/dc/terms/" xmlns:vCard="http://www.w3.org/2001/vcard-rdf/3.0#" xmlns:bqbiol="http://biomodels.net/biology-qualifiers/" xmlns:bqmodel="http://biomodels.net/model-qualifiers/">
            <rdf:Description rdf:about="#COPASI5">
	<bqbiol:isVersionOf>
	<rdf:Bag>
	<rdf:li rdf:resource="http://identifiers.org/uniprot/P60568"/>
	</rdf:Bag>
	</bqbiol:isVersionOf>
	</rdf:Description>
	
	
	
	
	
          </rdf:RDF>
          <COPASI xmlns="http://www.copasi.org/static/sbml">
            <rdf:RDF xmlns:CopasiMT="http://www.copasi.org/RDF/MiriamTerms#" xmlns:dcterms="http://purl.org/dc/terms/" xmlns:rdf="http://www.w3.org/1999/02/22-rdf-syntax-ns#">
              <rdf:Description rdf:about="#COPASI5">
                <dcterms:created>
                  <rdf:Description>
                    <dcterms:W3CDTF>2020-01-20T16:42:42Z</dcterms:W3CDTF>
                  </rdf:Description>
                </dcterms:created>
                <CopasiMT:isVersionOf rdf:resource="urn:miriam:uniprot:P60568"/>
              </rdf:Description>
            </rdf:RDF>
          </COPASI>
        </annotation>
            </species>
      <species boundaryCondition="false" compartment="compartment" constant="false" id="M" initialConcentration="0" metaid="COPASI6" name="M">
        <annotation>
          <rdf:RDF xmlns:rdf="http://www.w3.org/1999/02/22-rdf-syntax-ns#" xmlns:dc="http://purl.org/dc/elements/1.1/" xmlns:dcterms="http://purl.org/dc/terms/" xmlns:vCard="http://www.w3.org/2001/vcard-rdf/3.0#" xmlns:bqbiol="http://biomodels.net/biology-qualifiers/" xmlns:bqmodel="http://biomodels.net/model-qualifiers/">
            <rdf:Description rdf:about="#COPASI6">
	<bqbiol:hasProperty>
	<rdf:Bag>
	<rdf:li rdf:resource="http://identifiers.org/ncit/C191"/>
	</rdf:Bag>
	</bqbiol:hasProperty>
	</rdf:Description>
	
	
	
	
	
          </rdf:RDF>
          <COPASI xmlns="http://www.copasi.org/static/sbml">
            <rdf:RDF xmlns:bqbiol="http://biomodels.net/biology-qualifiers/" xmlns:dcterms="http://purl.org/dc/terms/" xmlns:rdf="http://www.w3.org/1999/02/22-rdf-syntax-ns#">
              <rdf:Description rdf:about="#COPASI6">
                <bqbiol:hasProperty rdf:resource="urn:miriam:ncit:C191"/>
                <dcterms:created>
                  <rdf:Description>
                    <dcterms:W3CDTF>2020-01-20T16:41:34Z</dcterms:W3CDTF>
                  </rdf:Description>
                </dcterms:created>
              </rdf:Description>
            </rdf:RDF>
          </COPASI>
        </annotation>
            </species>
    </listOfSpecies>
    <listOfParameters>
      <parameter constant="true" id="d" name="d" value="5"/>
      <parameter constant="true" id="s" name="s" value="0.3"/>
      <parameter constant="true" id="l" name="l" value="2"/>
      <parameter constant="false" id="D" metaid="COPASI7" name="D" value="6.6666657777779E-7">
        <annotation>
          <COPASI xmlns="http://www.copasi.org/static/sbml">
            <rdf:RDF xmlns:dcterms="http://purl.org/dc/terms/" xmlns:rdf="http://www.w3.org/1999/02/22-rdf-syntax-ns#">
              <rdf:Description rdf:about="#COPASI7">
                <dcterms:created>
                  <rdf:Description>
                    <dcterms:W3CDTF>2020-01-20T16:03:30Z</dcterms:W3CDTF>
                  </rdf:Description>
                </dcterms:created>
              </rdf:Description>
            </rdf:RDF>
          </COPASI>
        </annotation>
            </parameter>
      <parameter constant="true" id="a" name="a" value="0.002"/>
      <parameter constant="true" id="b" name="b" value="1.02E-9"/>
      <parameter constant="true" id="c1" name="c1" value="3.23E-7"/>
      <parameter constant="true" id="f" name="f" value="0.0412"/>
      <parameter constant="true" id="g" name="g" value="0.025"/>
      <parameter constant="true" id="g_I" name="g_I" value="20000000"/>
      <parameter constant="true" id="g_T" name="g_T" value="100000"/>
      <parameter constant="true" id="h" name="h" value="600"/>
      <parameter constant="true" id="K_C" name="K_C" value="0.6"/>
      <parameter constant="true" id="K_L" name="K_L" value="0.6"/>
      <parameter constant="true" id="K_N" name="K_N" value="0.6"/>
      <parameter constant="true" id="K_T" name="K_T" value="0.8"/>
      <parameter constant="true" id="m" name="m" value="0.02"/>
      <parameter constant="true" id="p" name="p" value="1E-7"/>
      <parameter constant="true" id="p_I" name="p_I" value="0.125"/>
      <parameter constant="true" id="p_T" name="p_T" value="0.6"/>
      <parameter constant="true" id="q" name="q" value="3.42E-10"/>
      <parameter constant="true" id="r2" name="r2" value="3E-11"/>
      <parameter constant="true" id="s_1" name="s_1" value="0.3"/>
      <parameter constant="true" id="u" name="u" value="3"/>
      <parameter constant="true" id="w" name="w" value="0.0002"/>
      <parameter constant="true" id="alpha_1" name="alpha_1" value="13000"/>
      <parameter constant="true" id="alpha_2" name="alpha_2" value="500000000"/>
      <parameter constant="true" id="beta" name="beta" value="0.012"/>
      <parameter constant="true" id="gamma" name="gamma" value="0.9"/>
      <parameter constant="true" id="eta" name="eta" value="1"/>
      <parameter constant="true" id="mu_I" name="mu_I" value="10"/>
      <parameter id="ModelValue_0" name="Initial for d" value="5">
        <annotation>
          <initialValue xmlns="http://copasi.org/initialValue" parent="d"/>
        </annotation>
            </parameter>
      <parameter id="ModelValue_2" name="Initial for l" value="2">
        <annotation>
          <initialValue xmlns="http://copasi.org/initialValue" parent="l"/>
        </annotation>
            </parameter>
      <parameter id="ModelValue_1" name="Initial for s" value="0.3">
        <annotation>
          <initialValue xmlns="http://copasi.org/initialValue" parent="s"/>
        </annotation>
            </parameter>
    </listOfParameters>
    <listOfInitialAssignments>
      <initialAssignment symbol="ModelValue_0">
        <math xmlns="http://www.w3.org/1998/Math/MathML">        
          <ci> d </ci>
        </math>
            </initialAssignment>
      <initialAssignment symbol="ModelValue_2">
        <math xmlns="http://www.w3.org/1998/Math/MathML">        
          <ci> l </ci>
        </math>
            </initialAssignment>
      <initialAssignment symbol="ModelValue_1">
        <math xmlns="http://www.w3.org/1998/Math/MathML">        
          <ci> s </ci>
        </math>
            </initialAssignment>
    </listOfInitialAssignments>
    <listOfRules>
      <assignmentRule variable="D">
        <math xmlns="http://www.w3.org/1998/Math/MathML">        
          <apply>
            <times/>
            <ci> ModelValue_0 </ci>
            <apply>
              <divide/>
              <apply>
                <power/>
                <apply>
                  <divide/>
                  <ci> L </ci>
                  <ci> T </ci>
                </apply>
                <ci> ModelValue_2 </ci>
              </apply>
              <apply>
                <plus/>
                <ci> ModelValue_1 </ci>
                <apply>
                  <power/>
                  <apply>
                    <divide/>
                    <ci> L </ci>
                    <ci> T </ci>
                  </apply>
                  <ci> ModelValue_2 </ci>
                </apply>
              </apply>
            </apply>
          </apply>
        </math>
            </assignmentRule>
    </listOfRules>
    <listOfReactions>
      <reaction id="Detection_and_induction_of_tumor_cell_population" metaid="COPASI8" name="Detection and induction of tumor cell population" reversible="false">
        <annotation>
          <rdf:RDF xmlns:rdf="http://www.w3.org/1999/02/22-rdf-syntax-ns#" xmlns:dc="http://purl.org/dc/elements/1.1/" xmlns:dcterms="http://purl.org/dc/terms/" xmlns:vCard="http://www.w3.org/2001/vcard-rdf/3.0#" xmlns:bqbiol="http://biomodels.net/biology-qualifiers/" xmlns:bqmodel="http://biomodels.net/model-qualifiers/">
            <rdf:Description rdf:about="#COPASI8">
	<bqbiol:isVersionOf>
	<rdf:Bag>
	<rdf:li rdf:resource="http://identifiers.org/go/GO:0002355"/>
	</rdf:Bag>
	</bqbiol:isVersionOf>
	</rdf:Description>
	
	
	
	
	
          </rdf:RDF>
          <COPASI xmlns="http://www.copasi.org/static/sbml">
            <rdf:RDF xmlns:CopasiMT="http://www.copasi.org/RDF/MiriamTerms#" xmlns:dcterms="http://purl.org/dc/terms/" xmlns:rdf="http://www.w3.org/1999/02/22-rdf-syntax-ns#">
              <rdf:Description rdf:about="#COPASI8">
                <dcterms:created>
                  <rdf:Description>
                    <dcterms:W3CDTF>2020-01-20T15:14:36Z</dcterms:W3CDTF>
                  </rdf:Description>
                </dcterms:created>
                <CopasiMT:isVersionOf rdf:resource="urn:miriam:go:GO:0002355"/>
              </rdf:Description>
            </rdf:RDF>
          </COPASI>
        </annotation>
              <listOfProducts>
          <speciesReference species="T" stoichiometry="1"/>
        </listOfProducts>
        <kineticLaw>
          <math xmlns="http://www.w3.org/1998/Math/MathML">          
            <apply>
              <times/>
              <ci> compartment </ci>
              <apply>
                <ci> Function_for_formation_of_tumor_cell_population </ci>
                <ci> a </ci>
                <ci> T </ci>
                <ci> b </ci>
              </apply>
            </apply>
          </math>
                </kineticLaw>
      </reaction>
      <reaction id="Elimination_of_tumor_by_the_action_of_immune_response" metaid="COPASI9" name="Elimination of tumor by the action of immune response" reversible="false">
        <annotation>
          <rdf:RDF xmlns:rdf="http://www.w3.org/1999/02/22-rdf-syntax-ns#" xmlns:dc="http://purl.org/dc/elements/1.1/" xmlns:dcterms="http://purl.org/dc/terms/" xmlns:vCard="http://www.w3.org/2001/vcard-rdf/3.0#" xmlns:bqbiol="http://biomodels.net/biology-qualifiers/" xmlns:bqmodel="http://biomodels.net/model-qualifiers/">
            <rdf:Description rdf:about="#COPASI9">
	<bqbiol:isVersionOf>
	<rdf:Bag>
	<rdf:li rdf:resource="http://identifiers.org/go/GO:0002418"/>
	</rdf:Bag>
	</bqbiol:isVersionOf>
	</rdf:Description>
	
	
	
	
	
          </rdf:RDF>
          <COPASI xmlns="http://www.copasi.org/static/sbml">
            <rdf:RDF xmlns:CopasiMT="http://www.copasi.org/RDF/MiriamTerms#" xmlns:dcterms="http://purl.org/dc/terms/" xmlns:rdf="http://www.w3.org/1999/02/22-rdf-syntax-ns#">
              <rdf:Description rdf:about="#COPASI9">
                <dcterms:created>
                  <rdf:Description>
                    <dcterms:W3CDTF>2020-01-20T15:16:11Z</dcterms:W3CDTF>
                  </rdf:Description>
                </dcterms:created>
                <CopasiMT:isVersionOf rdf:resource="urn:miriam:go:GO:0002418"/>
              </rdf:Description>
            </rdf:RDF>
          </COPASI>
        </annotation>
              <listOfReactants>
          <speciesReference species="T" stoichiometry="1"/>
        </listOfReactants>
        <listOfModifiers>
          <modifierSpeciesReference species="N"/>
          <modifierSpeciesReference species="M"/>
        </listOfModifiers>
        <kineticLaw>
          <math xmlns="http://www.w3.org/1998/Math/MathML">          
            <apply>
              <times/>
              <ci> compartment </ci>
              <apply>
                <ci> Function_for_elimination_of_tumor_cell </ci>
                <ci> c1 </ci>
                <ci> N </ci>
                <ci> T </ci>
                <ci> D </ci>
                <ci> K_T </ci>
                <ci> M </ci>
              </apply>
            </apply>
          </math>
                </kineticLaw>
      </reaction>
      <reaction id="Activation_and_transfer_of_tumor_specific_CTL_at_the_site_of_tumor" metaid="COPASI10" name="Activation and transfer of tumor specific CTL at the site of tumor" reversible="false">
        <annotation>
          <rdf:RDF xmlns:rdf="http://www.w3.org/1999/02/22-rdf-syntax-ns#" xmlns:dc="http://purl.org/dc/elements/1.1/" xmlns:dcterms="http://purl.org/dc/terms/" xmlns:vCard="http://www.w3.org/2001/vcard-rdf/3.0#" xmlns:bqbiol="http://biomodels.net/biology-qualifiers/" xmlns:bqmodel="http://biomodels.net/model-qualifiers/">
            <rdf:Description rdf:about="#COPASI10">
	<bqbiol:isVersionOf>
	<rdf:Bag>
	<rdf:li rdf:resource="http://identifiers.org/go/GO:0072676"/>
	</rdf:Bag>
	</bqbiol:isVersionOf>
	</rdf:Description>
	
	
	
	
	
          </rdf:RDF>
          <COPASI xmlns="http://www.copasi.org/static/sbml">
            <rdf:RDF xmlns:CopasiMT="http://www.copasi.org/RDF/MiriamTerms#" xmlns:dcterms="http://purl.org/dc/terms/" xmlns:rdf="http://www.w3.org/1999/02/22-rdf-syntax-ns#">
              <rdf:Description rdf:about="#COPASI10">
                <dcterms:created>
                  <rdf:Description>
                    <dcterms:W3CDTF>2020-01-20T15:46:43Z</dcterms:W3CDTF>
                  </rdf:Description>
                </dcterms:created>
                <CopasiMT:isVersionOf rdf:resource="urn:miriam:go:GO:0072676"/>
              </rdf:Description>
            </rdf:RDF>
          </COPASI>
        </annotation>
              <listOfProducts>
          <speciesReference species="L" stoichiometry="1"/>
        </listOfProducts>
        <listOfModifiers>
          <modifierSpeciesReference species="C"/>
          <modifierSpeciesReference species="T"/>
          <modifierSpeciesReference species="I"/>
        </listOfModifiers>
        <kineticLaw>
          <math xmlns="http://www.w3.org/1998/Math/MathML">          
            <apply>
              <times/>
              <ci> compartment </ci>
              <apply>
                <ci> Function_for_activation_and_transfer_of_CTL_at_site_of_tumor </ci>
                <ci> r2 </ci>
                <ci> C </ci>
                <ci> T </ci>
                <ci> p_I </ci>
                <ci> L </ci>
                <ci> I </ci>
                <ci> g_I </ci>
                <ci> V_L </ci>
              </apply>
            </apply>
          </math>
                  <listOfParameters>
            <parameter id="V_L" name="V_L" value="0"/>
          </listOfParameters>
        </kineticLaw>
      </reaction>
      <reaction id="Elimination_of_tumor_specific_CLT" metaid="COPASI11" name="Elimination of tumor specific CLT" reversible="false">
        <annotation>
          <rdf:RDF xmlns:rdf="http://www.w3.org/1999/02/22-rdf-syntax-ns#" xmlns:dc="http://purl.org/dc/elements/1.1/" xmlns:dcterms="http://purl.org/dc/terms/" xmlns:vCard="http://www.w3.org/2001/vcard-rdf/3.0#" xmlns:bqbiol="http://biomodels.net/biology-qualifiers/" xmlns:bqmodel="http://biomodels.net/model-qualifiers/">
            <rdf:Description rdf:about="#COPASI11">
	<bqbiol:isVersionOf>
	<rdf:Bag>
	<rdf:li rdf:resource="http://identifiers.org/go/GO:0045583"/>
	</rdf:Bag>
	</bqbiol:isVersionOf>
	</rdf:Description>
	
	
	
	
	
          </rdf:RDF>
          <COPASI xmlns="http://www.copasi.org/static/sbml">
            <rdf:RDF xmlns:CopasiMT="http://www.copasi.org/RDF/MiriamTerms#" xmlns:dcterms="http://purl.org/dc/terms/" xmlns:rdf="http://www.w3.org/1999/02/22-rdf-syntax-ns#">
              <rdf:Description rdf:about="#COPASI11">
                <dcterms:created>
                  <rdf:Description>
                    <dcterms:W3CDTF>2020-01-20T15:48:36Z</dcterms:W3CDTF>
                  </rdf:Description>
                </dcterms:created>
                <CopasiMT:isVersionOf rdf:resource="urn:miriam:go:GO:0045583"/>
              </rdf:Description>
            </rdf:RDF>
          </COPASI>
        </annotation>
              <listOfReactants>
          <speciesReference species="L" stoichiometry="1"/>
        </listOfReactants>
        <listOfModifiers>
          <modifierSpeciesReference species="T"/>
          <modifierSpeciesReference species="M"/>
        </listOfModifiers>
        <kineticLaw>
          <math xmlns="http://www.w3.org/1998/Math/MathML">          
            <apply>
              <times/>
              <ci> compartment </ci>
              <apply>
                <ci> Function_for_elimination_of_CTL </ci>
                <ci> m </ci>
                <ci> L </ci>
                <ci> q </ci>
                <ci> T </ci>
                <ci> u </ci>
                <ci> K_L </ci>
                <ci> M </ci>
              </apply>
            </apply>
          </math>
                </kineticLaw>
      </reaction>
      <reaction id="Activation_of_nonspecific_effector_immune_cell_population" metaid="COPASI12" name="Activation of nonspecific effector immune cell population" reversible="false">
        <annotation>
          <rdf:RDF xmlns:rdf="http://www.w3.org/1999/02/22-rdf-syntax-ns#" xmlns:dc="http://purl.org/dc/elements/1.1/" xmlns:dcterms="http://purl.org/dc/terms/" xmlns:vCard="http://www.w3.org/2001/vcard-rdf/3.0#" xmlns:bqbiol="http://biomodels.net/biology-qualifiers/" xmlns:bqmodel="http://biomodels.net/model-qualifiers/">
            <rdf:Description rdf:about="#COPASI12">
              <bqbiol:isVersionOf>
	<rdf:Bag>
	<rdf:li rdf:resource="http://identifiers.org/go/GO:0002697"/>
	</rdf:Bag>
	</bqbiol:isVersionOf>
	
	<bqbiol:isVersionOf>
	<rdf:Bag>
	<rdf:li rdf:resource="http://identifiers.org/go/GO:0002252"/>
	</rdf:Bag>
	</bqbiol:isVersionOf>
	</rdf:Description>
	
	
	
	
	
          </rdf:RDF>
          <COPASI xmlns="http://www.copasi.org/static/sbml">
            <rdf:RDF xmlns:CopasiMT="http://www.copasi.org/RDF/MiriamTerms#" xmlns:dcterms="http://purl.org/dc/terms/" xmlns:rdf="http://www.w3.org/1999/02/22-rdf-syntax-ns#">
              <rdf:Description rdf:about="#COPASI12">
                <dcterms:created>
                  <rdf:Description>
                    <dcterms:W3CDTF>2020-01-20T15:49:47Z</dcterms:W3CDTF>
                  </rdf:Description>
                </dcterms:created>
                <CopasiMT:isVersionOf rdf:resource="urn:miriam:go:GO:0002252"/>
                <CopasiMT:isVersionOf rdf:resource="urn:miriam:go:GO:0002697"/>
              </rdf:Description>
            </rdf:RDF>
          </COPASI>
        </annotation>
              <listOfProducts>
          <speciesReference species="N" stoichiometry="1"/>
        </listOfProducts>
        <listOfModifiers>
          <modifierSpeciesReference species="T"/>
        </listOfModifiers>
        <kineticLaw>
          <math xmlns="http://www.w3.org/1998/Math/MathML">          
            <apply>
              <times/>
              <ci> compartment </ci>
              <apply>
                <ci> Function_for_activation_of_non_specific_effector_cell_population </ci>
                <ci> alpha_1 </ci>
                <ci> g </ci>
                <ci> T </ci>
                <ci> eta </ci>
                <ci> h </ci>
                <ci> N </ci>
              </apply>
            </apply>
          </math>
                </kineticLaw>
      </reaction>
      <reaction id="Inactivation_and_elimination_of_non_specific_effector_immune_cell_population" metaid="COPASI13" name="Inactivation and elimination of non specific effector immune cell population" reversible="false">
        <annotation>
          <rdf:RDF xmlns:rdf="http://www.w3.org/1999/02/22-rdf-syntax-ns#" xmlns:dc="http://purl.org/dc/elements/1.1/" xmlns:dcterms="http://purl.org/dc/terms/" xmlns:vCard="http://www.w3.org/2001/vcard-rdf/3.0#" xmlns:bqbiol="http://biomodels.net/biology-qualifiers/" xmlns:bqmodel="http://biomodels.net/model-qualifiers/">
            <rdf:Description rdf:about="#COPASI13">
	<bqbiol:isVersionOf>
	<rdf:Bag>
	<rdf:li rdf:resource="http://identifiers.org/go/GO:0002697"/>
	</rdf:Bag>
	</bqbiol:isVersionOf>
	</rdf:Description>
	
	
	
	
	
          </rdf:RDF>
          <COPASI xmlns="http://www.copasi.org/static/sbml">
            <rdf:RDF xmlns:CopasiMT="http://www.copasi.org/RDF/MiriamTerms#" xmlns:dcterms="http://purl.org/dc/terms/" xmlns:rdf="http://www.w3.org/1999/02/22-rdf-syntax-ns#">
              <rdf:Description rdf:about="#COPASI13">
                <dcterms:created>
                  <rdf:Description>
                    <dcterms:W3CDTF>2020-01-20T15:53:01Z</dcterms:W3CDTF>
                  </rdf:Description>
                </dcterms:created>
                <CopasiMT:isVersionOf rdf:resource="urn:miriam:go:GO:0002697"/>
              </rdf:Description>
            </rdf:RDF>
          </COPASI>
        </annotation>
              <listOfReactants>
          <speciesReference species="N" stoichiometry="1"/>
        </listOfReactants>
        <listOfModifiers>
          <modifierSpeciesReference species="T"/>
          <modifierSpeciesReference species="M"/>
        </listOfModifiers>
        <kineticLaw>
          <math xmlns="http://www.w3.org/1998/Math/MathML">          
            <apply>
              <times/>
              <ci> compartment </ci>
              <apply>
                <ci> Function_for_elimunation_of_non_specific_effector_cell_population </ci>
                <ci> f </ci>
                <ci> N </ci>
                <ci> p </ci>
                <ci> T </ci>
                <ci> K_N </ci>
                <ci> M </ci>
              </apply>
            </apply>
          </math>
                </kineticLaw>
      </reaction>
      <reaction id="Activation_and_increase_of_circulating_lymphocyte_population" metaid="COPASI14" name="Activation and increase of circulating lymphocyte population" reversible="false">
        <annotation>
          <rdf:RDF xmlns:rdf="http://www.w3.org/1999/02/22-rdf-syntax-ns#" xmlns:dc="http://purl.org/dc/elements/1.1/" xmlns:dcterms="http://purl.org/dc/terms/" xmlns:vCard="http://www.w3.org/2001/vcard-rdf/3.0#" xmlns:bqbiol="http://biomodels.net/biology-qualifiers/" xmlns:bqmodel="http://biomodels.net/model-qualifiers/">
            <rdf:Description rdf:about="#COPASI14">
	<bqbiol:isVersionOf>
	<rdf:Bag>
	<rdf:li rdf:resource="http://identifiers.org/go/GO:0046649"/>
	</rdf:Bag>
	</bqbiol:isVersionOf>
	</rdf:Description>
	
	
	
	
	
          </rdf:RDF>
          <COPASI xmlns="http://www.copasi.org/static/sbml">
            <rdf:RDF xmlns:CopasiMT="http://www.copasi.org/RDF/MiriamTerms#" xmlns:dcterms="http://purl.org/dc/terms/" xmlns:rdf="http://www.w3.org/1999/02/22-rdf-syntax-ns#">
              <rdf:Description rdf:about="#COPASI14">
                <dcterms:created>
                  <rdf:Description>
                    <dcterms:W3CDTF>2020-01-20T15:54:38Z</dcterms:W3CDTF>
                  </rdf:Description>
                </dcterms:created>
                <CopasiMT:isVersionOf rdf:resource="urn:miriam:go:GO:0046649"/>
              </rdf:Description>
            </rdf:RDF>
          </COPASI>
        </annotation>
              <listOfProducts>
          <speciesReference species="C" stoichiometry="1"/>
        </listOfProducts>
        <kineticLaw>
          <math xmlns="http://www.w3.org/1998/Math/MathML">          
            <apply>
              <times/>
              <ci> compartment </ci>
              <apply>
                <ci> Function_for_increase_in_circulating_lymphocyte_population </ci>
                <ci> alpha_2 </ci>
              </apply>
            </apply>
          </math>
                </kineticLaw>
      </reaction>
      <reaction id="Removal_of_ciruclating_lymphocyte_population" metaid="COPASI15" name="Removal of ciruclating lymphocyte population" reversible="false">
        <annotation>
          <rdf:RDF xmlns:rdf="http://www.w3.org/1999/02/22-rdf-syntax-ns#" xmlns:dc="http://purl.org/dc/elements/1.1/" xmlns:dcterms="http://purl.org/dc/terms/" xmlns:vCard="http://www.w3.org/2001/vcard-rdf/3.0#" xmlns:bqbiol="http://biomodels.net/biology-qualifiers/" xmlns:bqmodel="http://biomodels.net/model-qualifiers/">
            <rdf:Description rdf:about="#COPASI15">
	<bqbiol:isVersionOf>
	<rdf:Bag>
	<rdf:li rdf:resource="http://identifiers.org/go/"/>
	</rdf:Bag>
	</bqbiol:isVersionOf>
	</rdf:Description>
	
	
	
	
	
          </rdf:RDF>
          <COPASI xmlns="http://www.copasi.org/static/sbml">
            <rdf:RDF xmlns:CopasiMT="http://www.copasi.org/RDF/MiriamTerms#" xmlns:dcterms="http://purl.org/dc/terms/" xmlns:rdf="http://www.w3.org/1999/02/22-rdf-syntax-ns#">
              <rdf:Description rdf:about="#COPASI15">
                <dcterms:created>
                  <rdf:Description>
                    <dcterms:W3CDTF>2020-01-20T15:56:12Z</dcterms:W3CDTF>
                  </rdf:Description>
                </dcterms:created>
                <CopasiMT:isVersionOf rdf:resource="urn:miriam:go:"/>
              </rdf:Description>
            </rdf:RDF>
          </COPASI>
        </annotation>
              <listOfReactants>
          <speciesReference species="C" stoichiometry="1"/>
        </listOfReactants>
        <listOfModifiers>
          <modifierSpeciesReference species="M"/>
        </listOfModifiers>
        <kineticLaw>
          <math xmlns="http://www.w3.org/1998/Math/MathML">          
            <apply>
              <times/>
              <ci> compartment </ci>
              <apply>
                <ci> Function_for_removal_of_circulating_lymphocyte_population </ci>
                <ci> beta </ci>
                <ci> C </ci>
                <ci> K_C </ci>
                <ci> M </ci>
              </apply>
            </apply>
          </math>
                </kineticLaw>
      </reaction>
      <reaction id="Increase_in_IL_2_concentration" metaid="COPASI16" name="Increase in IL-2 concentration" reversible="false">
        <annotation>
          <rdf:RDF xmlns:rdf="http://www.w3.org/1999/02/22-rdf-syntax-ns#" xmlns:dc="http://purl.org/dc/elements/1.1/" xmlns:dcterms="http://purl.org/dc/terms/" xmlns:vCard="http://www.w3.org/2001/vcard-rdf/3.0#" xmlns:bqbiol="http://biomodels.net/biology-qualifiers/" xmlns:bqmodel="http://biomodels.net/model-qualifiers/">
            <rdf:Description rdf:about="#COPASI16">
	<bqbiol:isVersionOf>
	<rdf:Bag>
	<rdf:li rdf:resource="http://identifiers.org/go/GO:0070970"/>
	</rdf:Bag>
	</bqbiol:isVersionOf>
	</rdf:Description>
	
	
	
	
	
          </rdf:RDF>
          <COPASI xmlns="http://www.copasi.org/static/sbml">
            <rdf:RDF xmlns:CopasiMT="http://www.copasi.org/RDF/MiriamTerms#" xmlns:dcterms="http://purl.org/dc/terms/" xmlns:rdf="http://www.w3.org/1999/02/22-rdf-syntax-ns#">
              <rdf:Description rdf:about="#COPASI16">
                <dcterms:created>
                  <rdf:Description>
                    <dcterms:W3CDTF>2020-01-20T15:57:21Z</dcterms:W3CDTF>
                  </rdf:Description>
                </dcterms:created>
                <CopasiMT:isVersionOf rdf:resource="urn:miriam:go:GO:0070970"/>
              </rdf:Description>
            </rdf:RDF>
          </COPASI>
        </annotation>
              <listOfProducts>
          <speciesReference species="I" stoichiometry="1"/>
        </listOfProducts>
        <listOfModifiers>
          <modifierSpeciesReference species="T"/>
          <modifierSpeciesReference species="L"/>
        </listOfModifiers>
        <kineticLaw>
          <math xmlns="http://www.w3.org/1998/Math/MathML">          
            <apply>
              <times/>
              <ci> compartment </ci>
              <apply>
                <ci> Function_for_increase_in_IL_2_population </ci>
                <ci> p_T </ci>
                <ci> T </ci>
                <ci> g_T </ci>
                <ci> L </ci>
                <ci> w </ci>
                <ci> I </ci>
                <ci> V_I </ci>
              </apply>
            </apply>
          </math>
                  <listOfParameters>
            <parameter id="V_I" name="V_I" value="0"/>
          </listOfParameters>
        </kineticLaw>
      </reaction>
      <reaction id="Decrease_in_IL_2_production" metaid="COPASI17" name="Decrease in IL-2 production" reversible="false">
        <annotation>
          <rdf:RDF xmlns:rdf="http://www.w3.org/1999/02/22-rdf-syntax-ns#" xmlns:dc="http://purl.org/dc/elements/1.1/" xmlns:dcterms="http://purl.org/dc/terms/" xmlns:vCard="http://www.w3.org/2001/vcard-rdf/3.0#" xmlns:bqbiol="http://biomodels.net/biology-qualifiers/" xmlns:bqmodel="http://biomodels.net/model-qualifiers/">
            <rdf:Description rdf:about="#COPASI17">
	<bqbiol:isVersionOf>
	<rdf:Bag>
	<rdf:li rdf:resource="http://identifiers.org/go/GO:0032663"/>
	</rdf:Bag>
	</bqbiol:isVersionOf>
	</rdf:Description>
	
	
	
	
	
          </rdf:RDF>
          <COPASI xmlns="http://www.copasi.org/static/sbml">
            <rdf:RDF xmlns:CopasiMT="http://www.copasi.org/RDF/MiriamTerms#" xmlns:dcterms="http://purl.org/dc/terms/" xmlns:rdf="http://www.w3.org/1999/02/22-rdf-syntax-ns#">
              <rdf:Description rdf:about="#COPASI17">
                <dcterms:created>
                  <rdf:Description>
                    <dcterms:W3CDTF>2020-01-20T16:00:09Z</dcterms:W3CDTF>
                  </rdf:Description>
                </dcterms:created>
                <CopasiMT:isVersionOf rdf:resource="urn:miriam:go:GO:0032663"/>
              </rdf:Description>
            </rdf:RDF>
          </COPASI>
        </annotation>
              <listOfReactants>
          <speciesReference species="I" stoichiometry="1"/>
        </listOfReactants>
        <kineticLaw>
          <math xmlns="http://www.w3.org/1998/Math/MathML">          
            <apply>
              <times/>
              <ci> compartment </ci>
              <apply>
                <ci> Function_for_decrease_in_IL2_production </ci>
                <ci> mu_I </ci>
                <ci> I </ci>
              </apply>
            </apply>
          </math>
                </kineticLaw>
      </reaction>
      <reaction id="Increase_of_chemotherapy_drug_in_the_blood" metaid="COPASI18" name="Increase of chemotherapy drug in the blood" reversible="false">
        <annotation>
          <rdf:RDF xmlns:rdf="http://www.w3.org/1999/02/22-rdf-syntax-ns#" xmlns:dc="http://purl.org/dc/elements/1.1/" xmlns:dcterms="http://purl.org/dc/terms/" xmlns:vCard="http://www.w3.org/2001/vcard-rdf/3.0#" xmlns:bqbiol="http://biomodels.net/biology-qualifiers/" xmlns:bqmodel="http://biomodels.net/model-qualifiers/">
            <rdf:Description rdf:about="#COPASI18">
	<bqbiol:isVersionOf>
	<rdf:Bag>
	<rdf:li rdf:resource="http://identifiers.org/go/GO:0015893"/>
	</rdf:Bag>
	</bqbiol:isVersionOf>
	</rdf:Description>
	
	
	
	
	
          </rdf:RDF>
          <COPASI xmlns="http://www.copasi.org/static/sbml">
            <rdf:RDF xmlns:CopasiMT="http://www.copasi.org/RDF/MiriamTerms#" xmlns:dcterms="http://purl.org/dc/terms/" xmlns:rdf="http://www.w3.org/1999/02/22-rdf-syntax-ns#">
              <rdf:Description rdf:about="#COPASI18">
                <dcterms:created>
                  <rdf:Description>
                    <dcterms:W3CDTF>2020-01-20T16:01:25Z</dcterms:W3CDTF>
                  </rdf:Description>
                </dcterms:created>
                <CopasiMT:isVersionOf rdf:resource="urn:miriam:go:GO:0015893"/>
              </rdf:Description>
            </rdf:RDF>
          </COPASI>
        </annotation>
              <listOfProducts>
          <speciesReference species="M" stoichiometry="1"/>
        </listOfProducts>
        <kineticLaw>
          <math xmlns="http://www.w3.org/1998/Math/MathML">          
            <apply>
              <times/>
              <ci> compartment </ci>
              <apply>
                <ci> Function_for_increase_in_chemotherapy_drug_in_the_blood </ci>
                <ci> V_M </ci>
              </apply>
            </apply>
          </math>
                  <listOfParameters>
            <parameter id="V_M" name="V_M" value="0"/>
          </listOfParameters>
        </kineticLaw>
      </reaction>
      <reaction id="Decrease_in_chemotherapy_Drug_in_the_blood" metaid="COPASI19" name="Decrease in chemotherapy Drug in the blood" reversible="false">
        <annotation>
          <rdf:RDF xmlns:rdf="http://www.w3.org/1999/02/22-rdf-syntax-ns#" xmlns:dc="http://purl.org/dc/elements/1.1/" xmlns:dcterms="http://purl.org/dc/terms/" xmlns:vCard="http://www.w3.org/2001/vcard-rdf/3.0#" xmlns:bqbiol="http://biomodels.net/biology-qualifiers/" xmlns:bqmodel="http://biomodels.net/model-qualifiers/">
            <rdf:Description rdf:about="#COPASI19">
	<bqbiol:isVersionOf>
	<rdf:Bag>
	<rdf:li rdf:resource="http://identifiers.org/go/GO:0015893"/>
	</rdf:Bag>
	</bqbiol:isVersionOf>
	</rdf:Description>
	
	
	
	
	
          </rdf:RDF>
          <COPASI xmlns="http://www.copasi.org/static/sbml">
            <rdf:RDF xmlns:CopasiMT="http://www.copasi.org/RDF/MiriamTerms#" xmlns:dcterms="http://purl.org/dc/terms/" xmlns:rdf="http://www.w3.org/1999/02/22-rdf-syntax-ns#">
              <rdf:Description rdf:about="#COPASI19">
                <dcterms:created>
                  <rdf:Description>
                    <dcterms:W3CDTF>2020-01-20T16:02:23Z</dcterms:W3CDTF>
                  </rdf:Description>
                </dcterms:created>
                <CopasiMT:isVersionOf rdf:resource="urn:miriam:go:GO:0015893"/>
              </rdf:Description>
            </rdf:RDF>
          </COPASI>
        </annotation>
              <listOfReactants>
          <speciesReference species="M" stoichiometry="1"/>
        </listOfReactants>
        <kineticLaw>
          <math xmlns="http://www.w3.org/1998/Math/MathML">          
            <apply>
              <times/>
              <ci> compartment </ci>
              <apply>
                <ci> Function_for_decrease_in_chemotherapy_drug_in_the_blood </ci>
                <ci> gamma </ci>
                <ci> M </ci>
              </apply>
            </apply>
          </math>
                </kineticLaw>
      </reaction>
    </listOfReactions>
  </model>
</sbml>