<?xml version='1.0' encoding='UTF-8' standalone='no'?>
<sbml xmlns="http://www.sbml.org/sbml/level2/version4" level="2" metaid="a3b5193f-fb75-4cf7-abb2-df486004ed88" version="4">
  <model id="Venkatraman2011___PLS_UPA_behaviour_in_the_presence_of_substrate_competition_1_1_1" metaid="COPASI0" name="Venkatraman2011 - PLS-UPA behaviour in the presence of substrate competition_1_1_1_1">
    <notes>
      <body xmlns="http://www.w3.org/1999/xhtml">
        <div class="dc:title">Venkatraman2011 - PLS-UPA behaviour in the
presence of substrate competition</div>
<div class="dc:description">
  <p>The posibility of ultrasensitivity and bistable activation of
  PLS (Plasmin) and UPA (Urokinase-type plasminogen activator) in
  the presence of substrate competition is explained here using a
  mathematical model. </p>
</div>
<div class="dc:bibliographicCitation">
  <p>This model is described in the article:</p>
  <div class="bibo:title">
    <a href="http://identifiers.org/pubmed/22004735" title="Access to this publication">Steady states and dynamics
    of urokinase-mediated plasmin activation in silico and in
    vitro.</a>
  </div>
  <div class="bibo:authorList">Venkatraman L, Li H, Dewey CF Jr,
  White JK, Bhowmick SS, Yu H, Tucker-Kellogg L.</div>
  <div class="bibo:Journal">Biophys. J. 2011 Oct; 101(8):
  1825-1834</div>
  <p>Abstract:</p>
  <div class="bibo:abstract">
    <p>Plasmin (PLS) and urokinase-type plasminogen activator (UPA)
    are ubiquitous proteases that regulate the extracellular
    environment. Although they are secreted in inactive forms, they
    can activate each other through proteolytic cleavage. This
    mutual interplay creates the potential for complex dynamics,
    which we investigated using mathematical modeling and in vitro
    experiments. We constructed ordinary differential equations to
    model the conversion of precursor plasminogen into active PLS,
    and precursor urokinase (scUPA) into active urokinase (tcUPA).
    Although neither PLS nor UPA exhibits allosteric cooperativity,
    modeling showed that cooperativity occurred at the system level
    because of substrate competition. Computational simulations and
    bifurcation analysis predicted that the system would be
    bistable over a range of parameters for cooperativity and
    positive feedback. Cell-free experiments with recombinant
    proteins tested key predictions of the model. PLS activation in
    response to scUPA stimulus was found to be cooperative in
    vitro. Finally, bistability was demonstrated in vitro by the
    presence of two significantly different steady-state levels of
    PLS activation for the same levels of stimulus. We conclude
    that ultrasensitive, bistable activation of UPA-PLS is possible
    in the presence of substrate competition. An ultrasensitive
    threshold for activation of PLS and UPA would have
    ramifications for normal and disease processes, including
    angiogenesis, metastasis, wound healing, and fibrosis.</p>
  </div>
</div>
<div class="bm:modification">
  <p>The cooperativity parameter "ci" was missing in the original
  model. The parameter "ci" has been added to the added.</p>
</div>
<div class="dc:publisher">
  <p>This model is hosted on 
  <a href="http://www.ebi.ac.uk/biomodels/">BioModels Database</a>
  and identified by: 
  <a href="http://identifiers.org/biomodels.db/BIOMD0000000630">BIOMD0000000630</a>.</p>
  <p>To cite BioModels Database, please use: 
  <a href="http://identifiers.org/pubmed/20587024" title="Latest BioModels Database publication">BioModels Database:
  An enhanced, curated and annotated resource for published
  quantitative kinetic models</a>.</p>
</div>
<div class="dc:license">
  <p>To the extent possible under law, all copyright and related or
  neighbouring rights to this encoded model have been dedicated to
  the public domain worldwide. Please refer to 
  <a href="http://creativecommons.org/publicdomain/zero/1.0/" title="Access to: CC0 1.0 Universal (CC0 1.0), Public Domain Dedication">CC0
  Public Domain Dedication</a> for more information.</p>
</div>
</body>
    </notes>
    <annotation>
  <COPASI xmlns="http://www.copasi.org/static/sbml">
    <rdf:RDF xmlns:CopasiMT="http://www.copasi.org/RDF/MiriamTerms#" xmlns:bqbiol="http://biomodels.net/biology-qualifiers/" xmlns:dcterms="http://purl.org/dc/terms/" xmlns:rdf="http://www.w3.org/1999/02/22-rdf-syntax-ns#" xmlns:vCard="http://www.w3.org/2001/vcard-rdf/3.0#">
      <rdf:Description rdf:about="#COPASI0">
        <bqbiol:hasProperty>
          <rdf:Bag>
            <rdf:li rdf:resource="http://identifiers.org/mamo/MAMO_0000046"/>
          </rdf:Bag>
        </bqbiol:hasProperty>
        <dcterms:bibliographicCitation>
          <rdf:Bag>
            <rdf:li>
              <rdf:Description>
                <CopasiMT:isDescribedBy rdf:resource="http://identifiers.org/pubmed/22004735"/>
              </rdf:Description>
            </rdf:li>
          </rdf:Bag>
        </dcterms:bibliographicCitation>
        <dcterms:bibliographicCitation>
          <rdf:Bag>
            <rdf:li>
              <rdf:Description>
                <CopasiMT:isDescribedBy rdf:resource="http://identifiers.org/pubmed/22004735"/>
              </rdf:Description>
            </rdf:li>
          </rdf:Bag>
        </dcterms:bibliographicCitation>
        <dcterms:created>
          <rdf:Description>
            <dcterms:W3CDTF>2017-02-02T14:43:21Z</dcterms:W3CDTF>
          </rdf:Description>
        </dcterms:created>
        <dcterms:creator>
          <rdf:Bag>
            <rdf:li>
              <rdf:Description>
                <vCard:EMAIL>fkurtoglu@gtu.edu.tr</vCard:EMAIL>
                <vCard:N>
                  <rdf:Description>
                    <vCard:Family>Kurtoglu</vCard:Family>
                    <vCard:Given>Furkan</vCard:Given>
                  </rdf:Description>
                </vCard:N>
                <vCard:ORG>
                  <rdf:Description>
                    <vCard:Orgname>Gebze Technical University</vCard:Orgname>
                  </rdf:Description>
                </vCard:ORG>
              </rdf:Description>
            </rdf:li>
            <rdf:li>
              <rdf:Description>
                <vCard:EMAIL>LisaTK@nus.edu.sg</vCard:EMAIL>
                <vCard:N>
                  <rdf:Description>
                    <vCard:Family>Tucker-Kellogg</vCard:Family>
                    <vCard:Given>Lisa</vCard:Given>
                  </rdf:Description>
                </vCard:N>
                <vCard:ORG>
                  <rdf:Description>
                    <vCard:Orgname>Institute of Bioengineering and
Nanotechnology</vCard:Orgname>
                  </rdf:Description>
                </vCard:ORG>
              </rdf:Description>
            </rdf:li>
          </rdf:Bag>
        </dcterms:creator>
        <dcterms:modified>
          <rdf:Description>
            <dcterms:W3CDTF>2017-03-21T14:20:42Z</dcterms:W3CDTF>
          </rdf:Description>
        </dcterms:modified>
        <CopasiMT:is>
          <rdf:Bag>
            <rdf:li rdf:resource="http://identifiers.org/biomodels.db/MODEL1303130001"/>
          </rdf:Bag>
        </CopasiMT:is>
        <CopasiMT:is>
          <rdf:Bag>
            <rdf:li rdf:resource="http://identifiers.org/biomodels.db/BIOMD0000000630"/>
          </rdf:Bag>
        </CopasiMT:is>
        <CopasiMT:isVersionOf>
          <rdf:Bag>
            <rdf:li rdf:resource="http://identifiers.org/go/GO:0031639"/>
          </rdf:Bag>
        </CopasiMT:isVersionOf>
        <CopasiMT:occursIn>
          <rdf:Bag>
            <rdf:li rdf:resource="http://identifiers.org/go/GO:0007596"/>
          </rdf:Bag>
        </CopasiMT:occursIn>
      </rdf:Description>
    </rdf:RDF>
  </COPASI>
  <rdf:RDF xmlns:rdf="http://www.w3.org/1999/02/22-rdf-syntax-ns#" xmlns:dc="http://purl.org/dc/elements/1.1/" xmlns:dcterms="http://purl.org/dc/terms/" xmlns:vCard="http://www.w3.org/2001/vcard-rdf/3.0#" xmlns:bqbiol="http://biomodels.net/biology-qualifiers/" xmlns:bqmodel="http://biomodels.net/model-qualifiers/">
        <rdf:Description rdf:about="#COPASI0">
	<dc:creator>
	<rdf:Bag>
	<rdf:li rdf:parseType="Resource">
	<vCard:N rdf:parseType="Resource">
	<vCard:Family>Tucker-Kellogg</vCard:Family>
	<vCard:Given>Lisa</vCard:Given>
	</vCard:N>
	<vCard:EMAIL>LisaTK@nus.edu.sg</vCard:EMAIL>
	<vCard:ORG rdf:parseType="Resource">
	<vCard:Orgname>Institute of Bioengineering and
Nanotechnology</vCard:Orgname>
	</vCard:ORG>
	</rdf:li>
	<rdf:li rdf:parseType="Resource">
	<vCard:N rdf:parseType="Resource">
	<vCard:Family>Kurtoglu</vCard:Family>
	<vCard:Given>Furkan</vCard:Given>
	</vCard:N>
	<vCard:EMAIL>fkurtoglu@gtu.edu.tr</vCard:EMAIL>
	<vCard:ORG rdf:parseType="Resource">
	<vCard:Orgname>Gebze Technical University</vCard:Orgname>
	</vCard:ORG>
	</rdf:li>
	</rdf:Bag>
	</dc:creator>
	<dcterms:created rdf:parseType="Resource">
	<dcterms:W3CDTF>2017-02-02T14:43:21Z</dcterms:W3CDTF>
	</dcterms:created>
	<dcterms:modified rdf:parseType="Resource">
	<dcterms:W3CDTF>2017-05-01T21:56:34Z</dcterms:W3CDTF>
	</dcterms:modified>
	<bqmodel:is>
	<rdf:Bag>
	<rdf:li rdf:resource="http://identifiers.org/biomodels.db/MODEL1303130001"/>
	</rdf:Bag>
	</bqmodel:is>
	<bqmodel:is>
	<rdf:Bag>
	<rdf:li rdf:resource="http://identifiers.org/biomodels.db/BIOMD0000000630"/>
	</rdf:Bag>
	</bqmodel:is>
	<bqmodel:isDescribedBy>
	<rdf:Bag>
	<rdf:li rdf:resource="http://identifiers.org/pubmed/22004735"/>
	</rdf:Bag>
	</bqmodel:isDescribedBy>
	<bqbiol:hasTaxon>
	<rdf:Bag>
	<rdf:li rdf:resource="http://identifiers.org/taxonomy/131567"/>
	</rdf:Bag>
	</bqbiol:hasTaxon>
	<bqbiol:hasProperty>
	<rdf:Bag>
	<rdf:li rdf:resource="http://identifiers.org/go/GO:0031639"/>
	<rdf:li rdf:resource="http://identifiers.org/go/GO:0007596"/>
	<rdf:li rdf:resource="http://identifiers.org/mamo/MAMO_0000046"/>
	</rdf:Bag>
	</bqbiol:hasProperty>
	<bqbiol:occursIn>
	<rdf:Bag>
	<rdf:li rdf:resource="urn:miriam:bao:BAO%3A0000366"/>
	</rdf:Bag>
	</bqbiol:occursIn>
	</rdf:Description>
	
	
	
	
	
	
	
	
	
  </rdf:RDF>
</annotation>
      <listOfFunctionDefinitions>
      <functionDefinition id="Constant_flux__irreversible_0" metaid="COPASI27" name="Constant flux (irreversible)">
        <annotation>
      <COPASI xmlns="http://www.copasi.org/static/sbml">
        <rdf:RDF xmlns:dcterms="http://purl.org/dc/terms/" xmlns:rdf="http://www.w3.org/1999/02/22-rdf-syntax-ns#">
          <rdf:Description rdf:about="#COPASI27">
            <dcterms:created>
              <rdf:Description>
                <dcterms:W3CDTF>2017-02-06T10:02:18Z</dcterms:W3CDTF>
              </rdf:Description>
            </dcterms:created>
          </rdf:Description>
        </rdf:RDF>
      </COPASI>
    </annotation>
        <math xmlns="http://www.w3.org/1998/Math/MathML">        
          <lambda>
            <bvar>
              <ci> v </ci>
            </bvar>
            <ci> v </ci>
          </lambda>
        </math>
            </functionDefinition>
      <functionDefinition id="Function_for_reaction_2_0" metaid="COPASI28" name="Function for reaction_2">
        <annotation>
      <COPASI xmlns="http://www.copasi.org/static/sbml">
        <rdf:RDF xmlns:dcterms="http://purl.org/dc/terms/" xmlns:rdf="http://www.w3.org/1999/02/22-rdf-syntax-ns#">
          <rdf:Description rdf:about="#COPASI28">
            <dcterms:created>
              <rdf:Description>
                <dcterms:W3CDTF>2017-02-02T13:51:51Z</dcterms:W3CDTF>
              </rdf:Description>
            </dcterms:created>
          </rdf:Description>
        </rdf:RDF>
      </COPASI>
    </annotation>
        <math xmlns="http://www.w3.org/1998/Math/MathML">        
          <lambda>
            <bvar>
              <ci> parameter_13 </ci>
            </bvar>
            <bvar>
              <ci> parameter_8 </ci>
            </bvar>
            <bvar>
              <ci> species_2 </ci>
            </bvar>
            <bvar>
              <ci> species_3 </ci>
            </bvar>
            <apply>
              <times/>
              <ci> parameter_8 </ci>
              <apply>
                <power/>
                <ci> species_2 </ci>
                <ci> parameter_13 </ci>
              </apply>
              <ci> species_3 </ci>
            </apply>
          </lambda>
        </math>
            </functionDefinition>
    </listOfFunctionDefinitions>
    <listOfUnitDefinitions>
      <unitDefinition id="substance" metaid="_74c55bd8-3616-4af4-99c6-29557e4f7d23" name="substance">
        <listOfUnits>
          <unit exponent="1" kind="mole" metaid="_4ba312ba-79b4-4c57-beb2-355dd0a1c943" multiplier="1" scale="-6"/>
        </listOfUnits>
      </unitDefinition>
    </listOfUnitDefinitions>
    <listOfCompartments>
      <compartment constant="true" id="compartment_1" metaid="COPASI1" name="extra cellular matrix" sboTerm="SBO:0000290" size="1" spatialDimensions="3">
        <annotation>
      <COPASI xmlns="http://www.copasi.org/static/sbml">
        <rdf:RDF xmlns:CopasiMT="http://www.copasi.org/RDF/MiriamTerms#" xmlns:rdf="http://www.w3.org/1999/02/22-rdf-syntax-ns#">
          <rdf:Description rdf:about="#COPASI1">
            <CopasiMT:is rdf:resource="urn:miriam:sbo:SBO:0000290"/>
            <CopasiMT:is>
              <rdf:Bag>
                <rdf:li rdf:resource="http://identifiers.org/go/GO:0005576"/>
              </rdf:Bag>
            </CopasiMT:is>
          </rdf:Description>
        </rdf:RDF>
      </COPASI>
      <rdf:RDF xmlns:rdf="http://www.w3.org/1999/02/22-rdf-syntax-ns#" xmlns:dc="http://purl.org/dc/elements/1.1/" xmlns:dcterms="http://purl.org/dc/terms/" xmlns:vCard="http://www.w3.org/2001/vcard-rdf/3.0#" xmlns:bqbiol="http://biomodels.net/biology-qualifiers/" xmlns:bqmodel="http://biomodels.net/model-qualifiers/">
            <rdf:Description rdf:about="#COPASI1">
	<bqbiol:isVersionOf>
	<rdf:Bag>
	<rdf:li rdf:resource="http://identifiers.org/go/GO:0005576"/>
	</rdf:Bag>
	</bqbiol:isVersionOf>
	</rdf:Description>
	
	
	
	
	
	
	
	
	
      </rdf:RDF>
    </annotation>
            </compartment>
    </listOfCompartments>
    <listOfSpecies>
      <species boundaryCondition="false" compartment="compartment_1" constant="false" id="species_1" initialConcentration="0.01" metaid="COPASI2" name="plasminogen">
        <annotation>
      <COPASI xmlns="http://www.copasi.org/static/sbml">
        <rdf:RDF xmlns:CopasiMT="http://www.copasi.org/RDF/MiriamTerms#" xmlns:rdf="http://www.w3.org/1999/02/22-rdf-syntax-ns#">
          <rdf:Description rdf:about="#COPASI2">
            <CopasiMT:is>
              <rdf:Bag>
                <rdf:li rdf:resource="http://identifiers.org/uniprot/P00747"/>
              </rdf:Bag>
            </CopasiMT:is>
          </rdf:Description>
        </rdf:RDF>
      </COPASI>
      <rdf:RDF xmlns:rdf="http://www.w3.org/1999/02/22-rdf-syntax-ns#" xmlns:dc="http://purl.org/dc/elements/1.1/" xmlns:dcterms="http://purl.org/dc/terms/" xmlns:vCard="http://www.w3.org/2001/vcard-rdf/3.0#" xmlns:bqbiol="http://biomodels.net/biology-qualifiers/" xmlns:bqmodel="http://biomodels.net/model-qualifiers/">
            <rdf:Description rdf:about="#COPASI2">
	<bqbiol:isVersionOf>
	<rdf:Bag>
	<rdf:li rdf:resource="http://identifiers.org/uniprot/P00747"/>
	</rdf:Bag>
	</bqbiol:isVersionOf>
	</rdf:Description>
	
	
	
	
	
	
	
	
	
      </rdf:RDF>
    </annotation>
            </species>
      <species boundaryCondition="false" compartment="compartment_1" constant="false" id="species_2" initialConcentration="0" metaid="COPASI3" name="plasmin">
        <annotation>
      <COPASI xmlns="http://www.copasi.org/static/sbml">
        <rdf:RDF xmlns:CopasiMT="http://www.copasi.org/RDF/MiriamTerms#" xmlns:rdf="http://www.w3.org/1999/02/22-rdf-syntax-ns#">
          <rdf:Description rdf:about="#COPASI3">
            <CopasiMT:is>
              <rdf:Bag>
                <rdf:li rdf:resource="http://identifiers.org/biomodels.sbo/SBO:0000460"/>
              </rdf:Bag>
            </CopasiMT:is>
            <CopasiMT:is>
              <rdf:Bag>
                <rdf:li rdf:resource="http://identifiers.org/brenda/3.4.21.7"/>
              </rdf:Bag>
            </CopasiMT:is>
            <CopasiMT:isPartOf>
              <rdf:Bag>
                <rdf:li rdf:resource="http://identifiers.org/uniprot/P00747"/>
              </rdf:Bag>
            </CopasiMT:isPartOf>
          </rdf:Description>
        </rdf:RDF>
      </COPASI>
      <rdf:RDF xmlns:rdf="http://www.w3.org/1999/02/22-rdf-syntax-ns#" xmlns:dc="http://purl.org/dc/elements/1.1/" xmlns:dcterms="http://purl.org/dc/terms/" xmlns:vCard="http://www.w3.org/2001/vcard-rdf/3.0#" xmlns:bqbiol="http://biomodels.net/biology-qualifiers/" xmlns:bqmodel="http://biomodels.net/model-qualifiers/">
            <rdf:Description rdf:about="#COPASI3">
	<bqbiol:isVersionOf>
	<rdf:Bag>
	<rdf:li rdf:resource="http://identifiers.org/uniprot/P00747"/>
	</rdf:Bag>
	</bqbiol:isVersionOf>
	</rdf:Description>
	
	
	
	
	
	
	
	
	
      </rdf:RDF>
    </annotation>
            </species>
      <species boundaryCondition="false" compartment="compartment_1" constant="false" id="species_3" initialConcentration="0.002" metaid="COPASI4" name="single intact chain urokinase-type plasminogen activator">
        <annotation>
      <COPASI xmlns="http://www.copasi.org/static/sbml">
        <rdf:RDF xmlns:CopasiMT="http://www.copasi.org/RDF/MiriamTerms#" xmlns:rdf="http://www.w3.org/1999/02/22-rdf-syntax-ns#">
          <rdf:Description rdf:about="#COPASI4">
            <CopasiMT:isVersionOf>
              <rdf:Bag>
                <rdf:li rdf:resource="http://identifiers.org/uniprot/P00749"/>
              </rdf:Bag>
            </CopasiMT:isVersionOf>
          </rdf:Description>
        </rdf:RDF>
      </COPASI>
      <rdf:RDF xmlns:rdf="http://www.w3.org/1999/02/22-rdf-syntax-ns#" xmlns:dc="http://purl.org/dc/elements/1.1/" xmlns:dcterms="http://purl.org/dc/terms/" xmlns:vCard="http://www.w3.org/2001/vcard-rdf/3.0#" xmlns:bqbiol="http://biomodels.net/biology-qualifiers/" xmlns:bqmodel="http://biomodels.net/model-qualifiers/">
            <rdf:Description rdf:about="#COPASI4">
	<bqbiol:isVersionOf>
	<rdf:Bag>
	<rdf:li rdf:resource="http://identifiers.org/uniprot/P00749"/>
	</rdf:Bag>
	</bqbiol:isVersionOf>
	</rdf:Description>
	
	
	
	
	
	
	
	
	
      </rdf:RDF>
    </annotation>
            </species>
      <species boundaryCondition="false" compartment="compartment_1" constant="false" id="species_4" initialConcentration="0" metaid="COPASI5" name="two-chain urokinase-type plasminogen activator">
        <annotation>
      <COPASI xmlns="http://www.copasi.org/static/sbml">
        <rdf:RDF xmlns:CopasiMT="http://www.copasi.org/RDF/MiriamTerms#" xmlns:rdf="http://www.w3.org/1999/02/22-rdf-syntax-ns#">
          <rdf:Description rdf:about="#COPASI5">
            <CopasiMT:isVersionOf>
              <rdf:Bag>
                <rdf:li rdf:resource="http://identifiers.org/uniprot/P00749"/>
              </rdf:Bag>
            </CopasiMT:isVersionOf>
          </rdf:Description>
        </rdf:RDF>
      </COPASI>
      <rdf:RDF xmlns:rdf="http://www.w3.org/1999/02/22-rdf-syntax-ns#" xmlns:dc="http://purl.org/dc/elements/1.1/" xmlns:dcterms="http://purl.org/dc/terms/" xmlns:vCard="http://www.w3.org/2001/vcard-rdf/3.0#" xmlns:bqbiol="http://biomodels.net/biology-qualifiers/" xmlns:bqmodel="http://biomodels.net/model-qualifiers/">
            <rdf:Description rdf:about="#COPASI5">
	<bqbiol:isVersionOf>
	<rdf:Bag>
	<rdf:li rdf:resource="http://identifiers.org/uniprot/P00749"/>
	</rdf:Bag>
	</bqbiol:isVersionOf>
	</rdf:Description>
	
	
	
	
	
	
	
	
	
      </rdf:RDF>
    </annotation>
            </species>
      <species boundaryCondition="true" compartment="compartment_1" constant="true" id="species_5" initialConcentration="0" metaid="COPASI6" name="x">
        <annotation>
      <COPASI xmlns="http://www.copasi.org/static/sbml">
        <rdf:RDF xmlns:CopasiMT="http://www.copasi.org/RDF/MiriamTerms#" xmlns:rdf="http://www.w3.org/1999/02/22-rdf-syntax-ns#">
        </rdf:RDF>
      </COPASI>
      <rdf:RDF xmlns:rdf="http://www.w3.org/1999/02/22-rdf-syntax-ns#" xmlns:dc="http://purl.org/dc/elements/1.1/" xmlns:dcterms="http://purl.org/dc/terms/" xmlns:vCard="http://www.w3.org/2001/vcard-rdf/3.0#" xmlns:bqbiol="http://biomodels.net/biology-qualifiers/" xmlns:bqmodel="http://biomodels.net/model-qualifiers/">
            <rdf:Description rdf:about="#COPASI6">
	<bqbiol:isVersionOf>
	<rdf:Bag>
	<rdf:li rdf:resource="http://identifiers.org/pubchem.compound/10370340"/>
	</rdf:Bag>
	</bqbiol:isVersionOf>
	</rdf:Description>
	
	
	
	
	
	
	
	
	
      </rdf:RDF>
    </annotation>
            </species>
      <species boundaryCondition="true" compartment="compartment_1" constant="true" id="species_6" initialConcentration="0" metaid="COPASI7" name="x-plasmin">
        <annotation>
      <COPASI xmlns="http://www.copasi.org/static/sbml">
        <rdf:RDF xmlns:CopasiMT="http://www.copasi.org/RDF/MiriamTerms#" xmlns:rdf="http://www.w3.org/1999/02/22-rdf-syntax-ns#">
        </rdf:RDF>
      </COPASI>
      <rdf:RDF xmlns:rdf="http://www.w3.org/1999/02/22-rdf-syntax-ns#" xmlns:dc="http://purl.org/dc/elements/1.1/" xmlns:dcterms="http://purl.org/dc/terms/" xmlns:vCard="http://www.w3.org/2001/vcard-rdf/3.0#" xmlns:bqbiol="http://biomodels.net/biology-qualifiers/" xmlns:bqmodel="http://biomodels.net/model-qualifiers/">
            <rdf:Description rdf:about="#COPASI7">
	<bqbiol:hasPart>
	<rdf:Bag>
	<rdf:li rdf:resource="http://identifiers.org/uniprot/P00747"/>
	<rdf:li rdf:resource="http://identifiers.org/pubchem.compound/10370340"/>
	</rdf:Bag>
	</bqbiol:hasPart>
	</rdf:Description>
	
	
	
	
	
	
	
	
	
      </rdf:RDF>
    </annotation>
            </species>
    </listOfSpecies>
    <listOfParameters>
      <parameter constant="true" id="parameter_1" metaid="COPASI8" name="degradation constant 1" value="0.084">
        <annotation>
      <COPASI xmlns="http://www.copasi.org/static/sbml">
        <rdf:RDF xmlns:CopasiMT="http://www.copasi.org/RDF/MiriamTerms#" xmlns:dcterms="http://purl.org/dc/terms/" xmlns:rdf="http://www.w3.org/1999/02/22-rdf-syntax-ns#">
          <rdf:Description rdf:about="#COPASI8">
            <dcterms:bibliographicCitation>
              <rdf:Bag>
                <rdf:li>
                  <rdf:Description>
                    <CopasiMT:isDescribedBy rdf:resource="http://identifiers.org/pubmed/15208304"/>
                  </rdf:Description>
                </rdf:li>
              </rdf:Bag>
            </dcterms:bibliographicCitation>
            <dcterms:bibliographicCitation>
              <rdf:Bag>
                <rdf:li>
                  <rdf:Description>
                    <CopasiMT:isDescribedBy rdf:resource="http://identifiers.org/pubmed/16339882"/>
                  </rdf:Description>
                </rdf:li>
              </rdf:Bag>
            </dcterms:bibliographicCitation>
          </rdf:Description>
        </rdf:RDF>
      </COPASI>
      <rdf:RDF xmlns:rdf="http://www.w3.org/1999/02/22-rdf-syntax-ns#" xmlns:dc="http://purl.org/dc/elements/1.1/" xmlns:dcterms="http://purl.org/dc/terms/" xmlns:vCard="http://www.w3.org/2001/vcard-rdf/3.0#" xmlns:bqbiol="http://biomodels.net/biology-qualifiers/" xmlns:bqmodel="http://biomodels.net/model-qualifiers/">
            <rdf:Description rdf:about="#COPASI8">
	<bqbiol:isDescribedBy>
	<rdf:Bag>
	<rdf:li rdf:resource="http://identifiers.org/pubmed/16339882"/>
	<rdf:li rdf:resource="http://identifiers.org/pubmed/15208304"/>
	</rdf:Bag>
	</bqbiol:isDescribedBy>
	</rdf:Description>
	
	
	
	
	
	
	
	
	
      </rdf:RDF>
    </annotation>
            </parameter>
      <parameter constant="true" id="parameter_2" metaid="COPASI9" name="degradation constant 2" value="0.032">
        <annotation>
      <COPASI xmlns="http://www.copasi.org/static/sbml">
        <rdf:RDF xmlns:CopasiMT="http://www.copasi.org/RDF/MiriamTerms#" xmlns:dcterms="http://purl.org/dc/terms/" xmlns:rdf="http://www.w3.org/1999/02/22-rdf-syntax-ns#">
          <rdf:Description rdf:about="#COPASI9">
            <dcterms:bibliographicCitation>
              <rdf:Bag>
                <rdf:li>
                  <rdf:Description>
                    <CopasiMT:isDescribedBy rdf:resource="http://identifiers.org/pubmed/6193754"/>
                  </rdf:Description>
                </rdf:li>
              </rdf:Bag>
            </dcterms:bibliographicCitation>
            <dcterms:bibliographicCitation>
              <rdf:Bag>
                <rdf:li>
                  <rdf:Description>
                    <CopasiMT:isDescribedBy rdf:resource="http://identifiers.org/pubmed/1906642"/>
                  </rdf:Description>
                </rdf:li>
              </rdf:Bag>
            </dcterms:bibliographicCitation>
          </rdf:Description>
        </rdf:RDF>
      </COPASI>
      <rdf:RDF xmlns:rdf="http://www.w3.org/1999/02/22-rdf-syntax-ns#" xmlns:dc="http://purl.org/dc/elements/1.1/" xmlns:dcterms="http://purl.org/dc/terms/" xmlns:vCard="http://www.w3.org/2001/vcard-rdf/3.0#" xmlns:bqbiol="http://biomodels.net/biology-qualifiers/" xmlns:bqmodel="http://biomodels.net/model-qualifiers/">
            <rdf:Description rdf:about="#COPASI9">
	<bqbiol:isDescribedBy>
	<rdf:Bag>
	<rdf:li rdf:resource="http://identifiers.org/pubmed/1906642"/>
	<rdf:li rdf:resource="http://identifiers.org/pubmed/6193754"/>
	</rdf:Bag>
	</bqbiol:isDescribedBy>
	</rdf:Description>
	
	
	
	
	
	
	
	
	
      </rdf:RDF>
    </annotation>
            </parameter>
      <parameter constant="true" id="parameter_13" metaid="COPASI10" name="hill cooperativity" sboTerm="SBO:0000190" value="2">
        <annotation>
      <COPASI xmlns="http://www.copasi.org/static/sbml">
        <rdf:RDF xmlns:CopasiMT="http://www.copasi.org/RDF/MiriamTerms#" xmlns:rdf="http://www.w3.org/1999/02/22-rdf-syntax-ns#">
          <rdf:Description rdf:about="#COPASI10">
            <CopasiMT:is>
              <rdf:Bag>
                <rdf:li rdf:resource="http://identifiers.org/biomodels.sbo/SBO:0000190"/>
              </rdf:Bag>
            </CopasiMT:is>
          </rdf:Description>
        </rdf:RDF>
      </COPASI>
      <rdf:RDF xmlns:rdf="http://www.w3.org/1999/02/22-rdf-syntax-ns#" xmlns:dc="http://purl.org/dc/elements/1.1/" xmlns:dcterms="http://purl.org/dc/terms/" xmlns:vCard="http://www.w3.org/2001/vcard-rdf/3.0#" xmlns:bqbiol="http://biomodels.net/biology-qualifiers/" xmlns:bqmodel="http://biomodels.net/model-qualifiers/">
	
	
	
	
	
      </rdf:RDF>
    </annotation>
            </parameter>
    </listOfParameters>
    <listOfReactions>
      <reaction id="reaction_1" metaid="COPASI11" name="cleavage of plasminogen" reversible="false" sboTerm="SBO:0000178">
        <annotation>
      <COPASI xmlns="http://www.copasi.org/static/sbml">
        <rdf:RDF xmlns:CopasiMT="http://www.copasi.org/RDF/MiriamTerms#" xmlns:dcterms="http://purl.org/dc/terms/" xmlns:rdf="http://www.w3.org/1999/02/22-rdf-syntax-ns#">
          <rdf:Description rdf:about="#COPASI11">
            <dcterms:bibliographicCitation>
              <rdf:Bag>
                <rdf:li>
                  <rdf:Description>
                    <CopasiMT:isDescribedBy rdf:resource="http://identifiers.org/pubmed/3667621"/>
                  </rdf:Description>
                </rdf:li>
              </rdf:Bag>
            </dcterms:bibliographicCitation>
            <CopasiMT:is rdf:resource="urn:miriam:sbo:SBO:0000178"/>
            <CopasiMT:isVersionOf>
              <rdf:Bag>
                <rdf:li rdf:resource="http://identifiers.org/go/GO:0031639"/>
              </rdf:Bag>
            </CopasiMT:isVersionOf>
          </rdf:Description>
        </rdf:RDF>
      </COPASI>
      <rdf:RDF xmlns:rdf="http://www.w3.org/1999/02/22-rdf-syntax-ns#" xmlns:dc="http://purl.org/dc/elements/1.1/" xmlns:dcterms="http://purl.org/dc/terms/" xmlns:vCard="http://www.w3.org/2001/vcard-rdf/3.0#" xmlns:bqbiol="http://biomodels.net/biology-qualifiers/" xmlns:bqmodel="http://biomodels.net/model-qualifiers/">
            <rdf:Description rdf:about="#COPASI11">
	<bqbiol:isDescribedBy>
	<rdf:Bag>
	<rdf:li rdf:resource="http://identifiers.org/pubmed/3667621"/>
	</rdf:Bag>
	</bqbiol:isDescribedBy>
	</rdf:Description>
	
	
	
	
	
	
	
	
	
      </rdf:RDF>
    </annotation>
              <listOfReactants>
          <speciesReference metaid="b62c5533-89fc-4055-8557-2b7917b1ce4f" species="species_3" stoichiometry="1"/>
          <speciesReference metaid="_7fe73b08-661b-4850-adbe-552c16951d95" species="species_1" stoichiometry="1"/>
        </listOfReactants>
        <listOfProducts>
          <speciesReference metaid="df0f1e88-58fc-4504-b705-10019853ff5b" species="species_2" stoichiometry="1"/>
          <speciesReference metaid="e27b0110-a9e1-414b-b12f-63fd75fa8401" species="species_3" stoichiometry="1"/>
        </listOfProducts>
        <listOfModifiers>
          <modifierSpeciesReference metaid="d00430e7-d87f-48dd-a849-f98d9107593c" species="species_3"/>
          <modifierSpeciesReference metaid="_164df6c0-1a8b-4ab0-aa7f-1e1d2fa1b6d7" species="species_1"/>
        </listOfModifiers>
        <kineticLaw metaid="_54fe8beb-c72d-4716-8275-33026a83830d">
          <math xmlns="http://www.w3.org/1998/Math/MathML">          
            <apply>
              <times/>
              <ci> compartment_1 </ci>
              <ci> k1 </ci>
              <ci> species_3 </ci>
              <ci> species_1 </ci>
            </apply>
          </math>
                  <listOfParameters>
            <parameter id="k1" metaid="_2ad28d45-7c5f-4f53-92f9-5c4f9bd890e5" name="k1" value="0.035"/>
          </listOfParameters>
        </kineticLaw>
      </reaction>
      <reaction id="reaction_2" metaid="COPASI12" name="activation of urokinase-type plasminogen activator" reversible="false" sboTerm="SBO:0000178">
        <annotation>
      <COPASI xmlns="http://www.copasi.org/static/sbml">
        <rdf:RDF xmlns:CopasiMT="http://www.copasi.org/RDF/MiriamTerms#" xmlns:dcterms="http://purl.org/dc/terms/" xmlns:rdf="http://www.w3.org/1999/02/22-rdf-syntax-ns#">
          <rdf:Description rdf:about="#COPASI12">
            <dcterms:bibliographicCitation>
              <rdf:Bag>
                <rdf:li>
                  <rdf:Description>
                    <CopasiMT:isDescribedBy rdf:resource="http://identifiers.org/pubmed/3667621"/>
                  </rdf:Description>
                </rdf:li>
              </rdf:Bag>
            </dcterms:bibliographicCitation>
            <CopasiMT:is rdf:resource="urn:miriam:sbo:SBO:0000178"/>
          </rdf:Description>
        </rdf:RDF>
      </COPASI>
      <rdf:RDF xmlns:rdf="http://www.w3.org/1999/02/22-rdf-syntax-ns#" xmlns:dc="http://purl.org/dc/elements/1.1/" xmlns:dcterms="http://purl.org/dc/terms/" xmlns:vCard="http://www.w3.org/2001/vcard-rdf/3.0#" xmlns:bqbiol="http://biomodels.net/biology-qualifiers/" xmlns:bqmodel="http://biomodels.net/model-qualifiers/">
            <rdf:Description rdf:about="#COPASI12">
	<bqbiol:isDescribedBy>
	<rdf:Bag>
	<rdf:li rdf:resource="http://identifiers.org/pubmed/3667621"/>
	</rdf:Bag>
	</bqbiol:isDescribedBy>
	</rdf:Description>
	
	
	
	
	
	
	
	
	
      </rdf:RDF>
    </annotation>
              <listOfReactants>
          <speciesReference metaid="_38118bf4-0d03-4306-986f-8b2dd7e6c45b" species="species_2" stoichiometry="1"/>
          <speciesReference metaid="a571c3ec-82c9-4070-8492-8bb7cc60d8ec" species="species_3" stoichiometry="1"/>
        </listOfReactants>
        <listOfProducts>
          <speciesReference metaid="d4f89fe7-20ed-437a-99c3-06980b37488c" species="species_4" stoichiometry="1"/>
          <speciesReference metaid="_59bb0b0d-05a6-4233-92d7-64a2d1606fcd" species="species_2" stoichiometry="1"/>
        </listOfProducts>
        <listOfModifiers>
          <modifierSpeciesReference metaid="_7188ec53-1329-4577-8f3a-932fac69007c" species="species_2"/>
          <modifierSpeciesReference metaid="_80b397e0-6932-4690-90b1-8298fcc34a55" species="species_3"/>
        </listOfModifiers>
        <kineticLaw metaid="f0010e8c-f7fb-4eeb-bc07-cfcf7eed8e6e">
          <math xmlns="http://www.w3.org/1998/Math/MathML">          
            <apply>
              <times/>
              <ci> compartment_1 </ci>
              <apply>
                <ci> Function_for_reaction_2_0 </ci>
                <ci> parameter_13 </ci>
                <ci> parameter_8 </ci>
                <ci> species_2 </ci>
                <ci> species_3 </ci>
              </apply>
            </apply>
          </math>
                  <listOfParameters>
            <parameter id="parameter_8" metaid="dbc43e58-dea1-4d3e-b85c-163f1f4db475" name="parameter_8" value="40"/>
          </listOfParameters>
        </kineticLaw>
      </reaction>
      <reaction id="reaction_3" metaid="COPASI13" name="activation of plasmin" reversible="false" sboTerm="SBO:0000178">
        <annotation>
      <COPASI xmlns="http://www.copasi.org/static/sbml">
        <rdf:RDF xmlns:CopasiMT="http://www.copasi.org/RDF/MiriamTerms#" xmlns:dcterms="http://purl.org/dc/terms/" xmlns:rdf="http://www.w3.org/1999/02/22-rdf-syntax-ns#">
          <rdf:Description rdf:about="#COPASI13">
            <dcterms:bibliographicCitation>
              <rdf:Bag>
                <rdf:li>
                  <rdf:Description>
                    <CopasiMT:isDescribedBy rdf:resource="http://identifiers.org/pubmed/3667621"/>
                  </rdf:Description>
                </rdf:li>
              </rdf:Bag>
            </dcterms:bibliographicCitation>
          </rdf:Description>
        </rdf:RDF>
      </COPASI>
      <rdf:RDF xmlns:rdf="http://www.w3.org/1999/02/22-rdf-syntax-ns#" xmlns:dc="http://purl.org/dc/elements/1.1/" xmlns:dcterms="http://purl.org/dc/terms/" xmlns:vCard="http://www.w3.org/2001/vcard-rdf/3.0#" xmlns:bqbiol="http://biomodels.net/biology-qualifiers/" xmlns:bqmodel="http://biomodels.net/model-qualifiers/">
            <rdf:Description rdf:about="#COPASI13">
	<bqbiol:isDescribedBy>
	<rdf:Bag>
	<rdf:li rdf:resource="http://identifiers.org/pubmed/3667621"/>
	</rdf:Bag>
	</bqbiol:isDescribedBy>
	</rdf:Description>
	
	
	
	
	
	
	
	
	
      </rdf:RDF>
    </annotation>
              <listOfReactants>
          <speciesReference metaid="_9e5b7e88-4029-4678-93e7-e0deedf9f8bc" species="species_4" stoichiometry="1"/>
          <speciesReference metaid="_48706a62-9867-44f6-86c6-745688a812cc" species="species_1" stoichiometry="1"/>
        </listOfReactants>
        <listOfProducts>
          <speciesReference metaid="aaaf68c2-a157-45d5-aef9-11ce36bbed87" species="species_2" stoichiometry="1"/>
          <speciesReference metaid="ad34ea96-a028-4f49-b7fb-0b983133f079" species="species_4" stoichiometry="1"/>
        </listOfProducts>
        <listOfModifiers>
          <modifierSpeciesReference metaid="f2b7564c-cadb-47b6-826d-d3e4db723b22" species="species_4"/>
          <modifierSpeciesReference metaid="ba1e3d0d-7973-48b3-a7f4-d8fc424a7e9b" species="species_1"/>
        </listOfModifiers>
        <kineticLaw metaid="e524e496-43d2-44ca-8867-95d842645a9b">
          <math xmlns="http://www.w3.org/1998/Math/MathML">          
            <apply>
              <times/>
              <ci> compartment_1 </ci>
              <ci> k1 </ci>
              <ci> species_4 </ci>
              <ci> species_1 </ci>
            </apply>
          </math>
                  <listOfParameters>
            <parameter id="k1" metaid="_776d90c9-2ca8-4b70-8743-14d3f5240fc8" name="k1" value="0.9"/>
          </listOfParameters>
        </kineticLaw>
      </reaction>
      <reaction id="reaction_4" metaid="COPASI14" name="degradation of single intact chain urokinase-type plasminogen activator" reversible="false" sboTerm="SBO:0000179">
        <annotation>
      <COPASI xmlns="http://www.copasi.org/static/sbml">
        <rdf:RDF xmlns:CopasiMT="http://www.copasi.org/RDF/MiriamTerms#" xmlns:dcterms="http://purl.org/dc/terms/" xmlns:rdf="http://www.w3.org/1999/02/22-rdf-syntax-ns#">
          <rdf:Description rdf:about="#COPASI14">
            <dcterms:bibliographicCitation>
              <rdf:Bag>
                <rdf:li>
                  <rdf:Description>
                    <CopasiMT:isDescribedBy rdf:resource="http://identifiers.org/pubmed/16339882"/>
                  </rdf:Description>
                </rdf:li>
              </rdf:Bag>
            </dcterms:bibliographicCitation>
            <dcterms:bibliographicCitation>
              <rdf:Bag>
                <rdf:li>
                  <rdf:Description>
                    <CopasiMT:isDescribedBy rdf:resource="http://identifiers.org/pubmed/15208304"/>
                  </rdf:Description>
                </rdf:li>
              </rdf:Bag>
            </dcterms:bibliographicCitation>
            <CopasiMT:is rdf:resource="urn:miriam:sbo:SBO:0000179"/>
          </rdf:Description>
        </rdf:RDF>
      </COPASI>
      <rdf:RDF xmlns:rdf="http://www.w3.org/1999/02/22-rdf-syntax-ns#" xmlns:dc="http://purl.org/dc/elements/1.1/" xmlns:dcterms="http://purl.org/dc/terms/" xmlns:vCard="http://www.w3.org/2001/vcard-rdf/3.0#" xmlns:bqbiol="http://biomodels.net/biology-qualifiers/" xmlns:bqmodel="http://biomodels.net/model-qualifiers/">
            <rdf:Description rdf:about="#COPASI14">
	<bqbiol:isDescribedBy>
	<rdf:Bag>
	<rdf:li rdf:resource="http://identifiers.org/pubmed/15208304"/>
	<rdf:li rdf:resource="http://identifiers.org/pubmed/16339882"/>
	</rdf:Bag>
	</bqbiol:isDescribedBy>
	</rdf:Description>
	
	
	
	
	
	
	
	
	
      </rdf:RDF>
    </annotation>
              <listOfReactants>
          <speciesReference metaid="_6c70a054-7abf-4d67-aba2-110ba772f374" species="species_3" stoichiometry="1"/>
        </listOfReactants>
        <listOfModifiers>
          <modifierSpeciesReference metaid="e649fa44-290e-4524-92e9-be3d30cac0e7" species="species_3"/>
        </listOfModifiers>
        <kineticLaw metaid="_459e984f-14cc-46d9-9c5f-09776d59d654">
          <math xmlns="http://www.w3.org/1998/Math/MathML">          
            <apply>
              <times/>
              <ci> compartment_1 </ci>
              <ci> parameter_1 </ci>
              <ci> species_3 </ci>
            </apply>
          </math>
                </kineticLaw>
      </reaction>
      <reaction id="reaction_5" metaid="COPASI15" name="degradation of plasminogen" reversible="false" sboTerm="SBO:0000179">
        <annotation>
      <COPASI xmlns="http://www.copasi.org/static/sbml">
        <rdf:RDF xmlns:CopasiMT="http://www.copasi.org/RDF/MiriamTerms#" xmlns:dcterms="http://purl.org/dc/terms/" xmlns:rdf="http://www.w3.org/1999/02/22-rdf-syntax-ns#">
          <rdf:Description rdf:about="#COPASI15">
            <dcterms:bibliographicCitation>
              <rdf:Bag>
                <rdf:li>
                  <rdf:Description>
                    <CopasiMT:isDescribedBy rdf:resource="http://identifiers.org/pubmed/1906642"/>
                  </rdf:Description>
                </rdf:li>
              </rdf:Bag>
            </dcterms:bibliographicCitation>
            <dcterms:bibliographicCitation>
              <rdf:Bag>
                <rdf:li>
                  <rdf:Description>
                    <CopasiMT:isDescribedBy rdf:resource="http://identifiers.org/pubmed/6193754"/>
                  </rdf:Description>
                </rdf:li>
              </rdf:Bag>
            </dcterms:bibliographicCitation>
            <CopasiMT:is rdf:resource="urn:miriam:sbo:SBO:0000179"/>
          </rdf:Description>
        </rdf:RDF>
      </COPASI>
      <rdf:RDF xmlns:rdf="http://www.w3.org/1999/02/22-rdf-syntax-ns#" xmlns:dc="http://purl.org/dc/elements/1.1/" xmlns:dcterms="http://purl.org/dc/terms/" xmlns:vCard="http://www.w3.org/2001/vcard-rdf/3.0#" xmlns:bqbiol="http://biomodels.net/biology-qualifiers/" xmlns:bqmodel="http://biomodels.net/model-qualifiers/">
            <rdf:Description rdf:about="#COPASI15">
	<bqbiol:isDescribedBy>
	<rdf:Bag>
	<rdf:li rdf:resource="http://identifiers.org/pubmed/1906642"/>
	<rdf:li rdf:resource="http://identifiers.org/pubmed/6193754"/>
	</rdf:Bag>
	</bqbiol:isDescribedBy>
	</rdf:Description>
	
	
	
	
	
	
	
	
	
      </rdf:RDF>
    </annotation>
              <listOfReactants>
          <speciesReference metaid="ca87982c-cd5c-4d44-8317-a1b637e4e607" species="species_1" stoichiometry="1"/>
        </listOfReactants>
        <listOfModifiers>
          <modifierSpeciesReference metaid="_1d962dc3-f77d-406f-93d5-7dcbc745393b" species="species_1"/>
        </listOfModifiers>
        <kineticLaw metaid="c760b486-f51c-4535-8aa8-731ecdf21bdc">
          <math xmlns="http://www.w3.org/1998/Math/MathML">          
            <apply>
              <times/>
              <ci> compartment_1 </ci>
              <ci> parameter_2 </ci>
              <ci> species_1 </ci>
            </apply>
          </math>
                </kineticLaw>
      </reaction>
      <reaction id="reaction_6" metaid="COPASI16" name="degradation of plasmin" reversible="false" sboTerm="SBO:0000179">
        <annotation>
      <COPASI xmlns="http://www.copasi.org/static/sbml">
        <rdf:RDF xmlns:CopasiMT="http://www.copasi.org/RDF/MiriamTerms#" xmlns:dcterms="http://purl.org/dc/terms/" xmlns:rdf="http://www.w3.org/1999/02/22-rdf-syntax-ns#">
          <rdf:Description rdf:about="#COPASI16">
            <dcterms:bibliographicCitation>
              <rdf:Bag>
                <rdf:li>
                  <rdf:Description>
                    <CopasiMT:isDescribedBy rdf:resource="http://identifiers.org/pubmed/16339882"/>
                  </rdf:Description>
                </rdf:li>
              </rdf:Bag>
            </dcterms:bibliographicCitation>
            <dcterms:bibliographicCitation>
              <rdf:Bag>
                <rdf:li>
                  <rdf:Description>
                    <CopasiMT:isDescribedBy rdf:resource="http://identifiers.org/pubmed/15208304"/>
                  </rdf:Description>
                </rdf:li>
              </rdf:Bag>
            </dcterms:bibliographicCitation>
            <CopasiMT:is rdf:resource="urn:miriam:sbo:SBO:0000179"/>
          </rdf:Description>
        </rdf:RDF>
      </COPASI>
      <rdf:RDF xmlns:rdf="http://www.w3.org/1999/02/22-rdf-syntax-ns#" xmlns:dc="http://purl.org/dc/elements/1.1/" xmlns:dcterms="http://purl.org/dc/terms/" xmlns:vCard="http://www.w3.org/2001/vcard-rdf/3.0#" xmlns:bqbiol="http://biomodels.net/biology-qualifiers/" xmlns:bqmodel="http://biomodels.net/model-qualifiers/">
            <rdf:Description rdf:about="#COPASI16">
	<bqbiol:isDescribedBy>
	<rdf:Bag>
	<rdf:li rdf:resource="http://identifiers.org/pubmed/15208304"/>
	<rdf:li rdf:resource="http://identifiers.org/pubmed/16339882"/>
	</rdf:Bag>
	</bqbiol:isDescribedBy>
	</rdf:Description>
	
	
	
	
	
	
	
	
	
      </rdf:RDF>
    </annotation>
              <listOfReactants>
          <speciesReference metaid="_8ab5b650-ecfd-481c-9184-4892cd26448f" species="species_2" stoichiometry="1"/>
        </listOfReactants>
        <listOfModifiers>
          <modifierSpeciesReference metaid="_26653782-e806-490f-88f7-9f06297c8eb9" species="species_2"/>
        </listOfModifiers>
        <kineticLaw metaid="_08ec8cab-72b1-4142-b1ed-948d42f8c588">
          <math xmlns="http://www.w3.org/1998/Math/MathML">          
            <apply>
              <times/>
              <ci> compartment_1 </ci>
              <ci> parameter_1 </ci>
              <ci> species_2 </ci>
            </apply>
          </math>
                </kineticLaw>
      </reaction>
      <reaction id="reaction_7" metaid="COPASI17" name="degradation of two-chain urokinase type plasminogen activator" reversible="false" sboTerm="SBO:0000179">
        <annotation>
      <COPASI xmlns="http://www.copasi.org/static/sbml">
        <rdf:RDF xmlns:CopasiMT="http://www.copasi.org/RDF/MiriamTerms#" xmlns:dcterms="http://purl.org/dc/terms/" xmlns:rdf="http://www.w3.org/1999/02/22-rdf-syntax-ns#">
          <rdf:Description rdf:about="#COPASI17">
            <dcterms:bibliographicCitation>
              <rdf:Bag>
                <rdf:li>
                  <rdf:Description>
                    <CopasiMT:isDescribedBy rdf:resource="http://identifiers.org/pubmed/15208304"/>
                  </rdf:Description>
                </rdf:li>
              </rdf:Bag>
            </dcterms:bibliographicCitation>
            <dcterms:bibliographicCitation>
              <rdf:Bag>
                <rdf:li>
                  <rdf:Description>
                    <CopasiMT:isDescribedBy rdf:resource="http://identifiers.org/pubmed/16339882"/>
                  </rdf:Description>
                </rdf:li>
              </rdf:Bag>
            </dcterms:bibliographicCitation>
            <CopasiMT:is rdf:resource="urn:miriam:sbo:SBO:0000179"/>
          </rdf:Description>
        </rdf:RDF>
      </COPASI>
      <rdf:RDF xmlns:rdf="http://www.w3.org/1999/02/22-rdf-syntax-ns#" xmlns:dc="http://purl.org/dc/elements/1.1/" xmlns:dcterms="http://purl.org/dc/terms/" xmlns:vCard="http://www.w3.org/2001/vcard-rdf/3.0#" xmlns:bqbiol="http://biomodels.net/biology-qualifiers/" xmlns:bqmodel="http://biomodels.net/model-qualifiers/">
            <rdf:Description rdf:about="#COPASI17">
	<bqbiol:isDescribedBy>
	<rdf:Bag>
	<rdf:li rdf:resource="http://identifiers.org/pubmed/15208304"/>
	<rdf:li rdf:resource="http://identifiers.org/pubmed/16339882"/>
	</rdf:Bag>
	</bqbiol:isDescribedBy>
	</rdf:Description>
	
	
	
	
	
	
	
	
	
      </rdf:RDF>
    </annotation>
              <listOfReactants>
          <speciesReference metaid="d8ceea30-d592-4c14-b815-ad0646876494" species="species_4" stoichiometry="1"/>
        </listOfReactants>
        <listOfModifiers>
          <modifierSpeciesReference metaid="_1b01976a-4184-464a-8cc2-09c3ea216a59" species="species_4"/>
        </listOfModifiers>
        <kineticLaw metaid="_0f999b22-b568-4287-94b4-463d325ce676">
          <math xmlns="http://www.w3.org/1998/Math/MathML">          
            <apply>
              <times/>
              <ci> compartment_1 </ci>
              <ci> parameter_1 </ci>
              <ci> species_4 </ci>
            </apply>
          </math>
                </kineticLaw>
      </reaction>
      <reaction id="reaction_8" metaid="COPASI18" name="reversible plasmin bonding x" reversible="true" sboTerm="SBO:0000526">
        <annotation>
      <COPASI xmlns="http://www.copasi.org/static/sbml">
        <rdf:RDF xmlns:CopasiMT="http://www.copasi.org/RDF/MiriamTerms#" xmlns:dcterms="http://purl.org/dc/terms/" xmlns:rdf="http://www.w3.org/1999/02/22-rdf-syntax-ns#">
          <rdf:Description rdf:about="#COPASI18">
            <dcterms:bibliographicCitation>
              <rdf:Bag>
                <rdf:li>
                  <rdf:Description>
                    <CopasiMT:isDescribedBy rdf:resource="http://identifiers.org/pubmed/16690877"/>
                  </rdf:Description>
                </rdf:li>
              </rdf:Bag>
            </dcterms:bibliographicCitation>
            <CopasiMT:is rdf:resource="urn:miriam:sbo:SBO:0000526"/>
          </rdf:Description>
        </rdf:RDF>
      </COPASI>
      <rdf:RDF xmlns:rdf="http://www.w3.org/1999/02/22-rdf-syntax-ns#" xmlns:dc="http://purl.org/dc/elements/1.1/" xmlns:dcterms="http://purl.org/dc/terms/" xmlns:vCard="http://www.w3.org/2001/vcard-rdf/3.0#" xmlns:bqbiol="http://biomodels.net/biology-qualifiers/" xmlns:bqmodel="http://biomodels.net/model-qualifiers/">
            <rdf:Description rdf:about="#COPASI18">
	<bqbiol:isDescribedBy>
	<rdf:Bag>
	<rdf:li rdf:resource="http://identifiers.org/pubmed/16690877"/>
	</rdf:Bag>
	</bqbiol:isDescribedBy>
	</rdf:Description>
	
	
	
	
	
	
	
	
	
      </rdf:RDF>
    </annotation>
              <listOfReactants>
          <speciesReference metaid="_11fb02b3-c9d7-4a5e-89fa-8922f53a8f70" species="species_2" stoichiometry="1"/>
          <speciesReference metaid="_054f01a0-e8a0-4dbf-938a-3002e2d81256" species="species_5" stoichiometry="1"/>
        </listOfReactants>
        <listOfProducts>
          <speciesReference metaid="fd42efa9-a726-4b7d-bcd6-c009ece43234" species="species_6" stoichiometry="1"/>
        </listOfProducts>
        <listOfModifiers>
          <modifierSpeciesReference metaid="c6dd4bb5-5c73-4539-99af-0b4bba8f7f53" species="species_2"/>
          <modifierSpeciesReference metaid="e3f75a10-612d-4c3b-a4dd-c3344ded053c" species="species_5"/>
          <modifierSpeciesReference metaid="_4ec896c3-573e-4549-b374-761029dcc116" species="species_6"/>
        </listOfModifiers>
        <kineticLaw metaid="e8c11738-f4c3-4fda-b851-277c2a21ef0f">
          <math xmlns="http://www.w3.org/1998/Math/MathML">          
            <apply>
              <times/>
              <ci> compartment_1 </ci>
              <apply>
                <minus/>
                <apply>
                  <times/>
                  <ci> k1 </ci>
                  <ci> species_2 </ci>
                  <ci> species_5 </ci>
                </apply>
                <apply>
                  <times/>
                  <ci> k2 </ci>
                  <ci> species_6 </ci>
                </apply>
              </apply>
            </apply>
          </math>
                  <listOfParameters>
            <parameter id="k1" metaid="_53f30373-a4bd-4d5d-88b5-a938344e28ff" name="k1" value="0"/>
            <parameter id="k2" metaid="c425bc56-f37a-45d9-a354-4e51b4c5d245" name="k2" value="0.016"/>
          </listOfParameters>
        </kineticLaw>
      </reaction>
      <reaction id="reaction_9" metaid="COPASI19" name="catalytic reaction of x-plasmin" reversible="false" sboTerm="SBO:0000180">
        <annotation>
      <rdf:RDF xmlns:rdf="http://www.w3.org/1999/02/22-rdf-syntax-ns#" xmlns:dc="http://purl.org/dc/elements/1.1/" xmlns:dcterms="http://purl.org/dc/terms/" xmlns:vCard="http://www.w3.org/2001/vcard-rdf/3.0#" xmlns:bqbiol="http://biomodels.net/biology-qualifiers/" xmlns:bqmodel="http://biomodels.net/model-qualifiers/" xmlns:layout="http://projects.eml.org/bcb/sbml/level2" xmlns:render="http://projects.eml.org/bcb/sbml/render/level2">
	
	</rdf:RDF>
      <COPASI xmlns="http://www.copasi.org/static/sbml">
        <rdf:RDF xmlns:rdf="http://www.w3.org/1999/02/22-rdf-syntax-ns#"/>
      </COPASI>
    </annotation>
              <listOfReactants>
          <speciesReference metaid="_2b12f2b2-bdf6-4153-ac85-f0bafca6faae" species="species_6" stoichiometry="1"/>
        </listOfReactants>
        <listOfProducts>
          <speciesReference metaid="_5c743318-741c-491f-90a4-a02a9bb78921" species="species_2" stoichiometry="1"/>
        </listOfProducts>
        <listOfModifiers>
          <modifierSpeciesReference metaid="ec0d0ce7-4b74-415f-80ac-f10ee33d5749" species="species_6"/>
        </listOfModifiers>
        <kineticLaw metaid="_92af76d8-588c-4d34-ad3c-c52133adaf4b">
          <math xmlns="http://www.w3.org/1998/Math/MathML">          
            <apply>
              <times/>
              <ci> compartment_1 </ci>
              <ci> k1 </ci>
              <ci> species_6 </ci>
            </apply>
          </math>
                  <listOfParameters>
            <parameter id="k1" metaid="cdefabfc-8002-4a90-b328-52192b5058ec" name="k1" value="0.02"/>
          </listOfParameters>
        </kineticLaw>
      </reaction>
      <reaction id="reaction_10" metaid="COPASI20" name="degradation of x" reversible="false" sboTerm="SBO:0000179">
        <annotation>
      <COPASI xmlns="http://www.copasi.org/static/sbml">
        <rdf:RDF xmlns:CopasiMT="http://www.copasi.org/RDF/MiriamTerms#" xmlns:dcterms="http://purl.org/dc/terms/" xmlns:rdf="http://www.w3.org/1999/02/22-rdf-syntax-ns#">
          <rdf:Description rdf:about="#COPASI20">
            <dcterms:bibliographicCitation>
              <rdf:Bag>
                <rdf:li>
                  <rdf:Description>
                    <CopasiMT:isDescribedBy rdf:resource="http://identifiers.org/pubmed/6193754"/>
                  </rdf:Description>
                </rdf:li>
              </rdf:Bag>
            </dcterms:bibliographicCitation>
            <dcterms:bibliographicCitation>
              <rdf:Bag>
                <rdf:li>
                  <rdf:Description>
                    <CopasiMT:isDescribedBy rdf:resource="http://identifiers.org/pubmed/1906642"/>
                  </rdf:Description>
                </rdf:li>
              </rdf:Bag>
            </dcterms:bibliographicCitation>
            <CopasiMT:is>
              <rdf:Bag>
                <rdf:li rdf:resource="http://identifiers.org/biomodels.sbo/SBO:0000179"/>
              </rdf:Bag>
            </CopasiMT:is>
          </rdf:Description>
        </rdf:RDF>
      </COPASI>
      <rdf:RDF xmlns:rdf="http://www.w3.org/1999/02/22-rdf-syntax-ns#" xmlns:dc="http://purl.org/dc/elements/1.1/" xmlns:dcterms="http://purl.org/dc/terms/" xmlns:vCard="http://www.w3.org/2001/vcard-rdf/3.0#" xmlns:bqbiol="http://biomodels.net/biology-qualifiers/" xmlns:bqmodel="http://biomodels.net/model-qualifiers/">
            <rdf:Description rdf:about="#COPASI20">
	<bqbiol:isDescribedBy>
	<rdf:Bag>
	<rdf:li rdf:resource="http://identifiers.org/pubmed/1906642"/>
	<rdf:li rdf:resource="http://identifiers.org/pubmed/6193754"/>
	</rdf:Bag>
	</bqbiol:isDescribedBy>
	</rdf:Description>
	
	
	
	
	
	
	
	
	
      </rdf:RDF>
    </annotation>
              <listOfReactants>
          <speciesReference metaid="bc997c30-3a87-45ac-95d9-5a9500b7d195" species="species_5" stoichiometry="1"/>
        </listOfReactants>
        <listOfModifiers>
          <modifierSpeciesReference metaid="_2ee9fd21-9fbf-49ac-8ac6-8c3730f7f402" species="species_5"/>
        </listOfModifiers>
        <kineticLaw metaid="c5848fca-d35b-4f61-8d2a-6fffcbe81433">
          <math xmlns="http://www.w3.org/1998/Math/MathML">          
            <apply>
              <times/>
              <ci> compartment_1 </ci>
              <ci> parameter_2 </ci>
              <ci> species_5 </ci>
            </apply>
          </math>
                </kineticLaw>
      </reaction>
      <reaction id="reaction_11" metaid="COPASI21" name="degradation of x-plasmin" reversible="false" sboTerm="SBO:0000179">
        <annotation>
      <COPASI xmlns="http://www.copasi.org/static/sbml">
        <rdf:RDF xmlns:CopasiMT="http://www.copasi.org/RDF/MiriamTerms#" xmlns:dcterms="http://purl.org/dc/terms/" xmlns:rdf="http://www.w3.org/1999/02/22-rdf-syntax-ns#">
          <rdf:Description rdf:about="#COPASI21">
            <dcterms:bibliographicCitation>
              <rdf:Bag>
                <rdf:li>
                  <rdf:Description>
                    <CopasiMT:isDescribedBy rdf:resource="http://identifiers.org/pubmed/6193754"/>
                  </rdf:Description>
                </rdf:li>
              </rdf:Bag>
            </dcterms:bibliographicCitation>
            <dcterms:bibliographicCitation>
              <rdf:Bag>
                <rdf:li>
                  <rdf:Description>
                    <CopasiMT:isDescribedBy rdf:resource="http://identifiers.org/pubmed/1906642"/>
                  </rdf:Description>
                </rdf:li>
              </rdf:Bag>
            </dcterms:bibliographicCitation>
            <CopasiMT:is>
              <rdf:Bag>
                <rdf:li rdf:resource="http://identifiers.org/biomodels.sbo/SBO:0000179"/>
              </rdf:Bag>
            </CopasiMT:is>
          </rdf:Description>
        </rdf:RDF>
      </COPASI>
      <rdf:RDF xmlns:rdf="http://www.w3.org/1999/02/22-rdf-syntax-ns#" xmlns:dc="http://purl.org/dc/elements/1.1/" xmlns:dcterms="http://purl.org/dc/terms/" xmlns:vCard="http://www.w3.org/2001/vcard-rdf/3.0#" xmlns:bqbiol="http://biomodels.net/biology-qualifiers/" xmlns:bqmodel="http://biomodels.net/model-qualifiers/">
            <rdf:Description rdf:about="#COPASI21">
	<bqbiol:isDescribedBy>
	<rdf:Bag>
	<rdf:li rdf:resource="http://identifiers.org/pubmed/6193754"/>
	<rdf:li rdf:resource="http://identifiers.org/pubmed/1906642"/>
	</rdf:Bag>
	</bqbiol:isDescribedBy>
	</rdf:Description>
	
	
	
	
	
	
	
	
	
      </rdf:RDF>
    </annotation>
              <listOfReactants>
          <speciesReference metaid="_294e4510-441f-45b8-b52d-80e895c1ec49" species="species_6" stoichiometry="1"/>
        </listOfReactants>
        <listOfModifiers>
          <modifierSpeciesReference metaid="de101e53-b5a6-4c6a-97c9-b6a205b4e4e7" species="species_6"/>
        </listOfModifiers>
        <kineticLaw metaid="edeabbdf-ff98-4c19-8c3d-fab5adfdccbe">
          <math xmlns="http://www.w3.org/1998/Math/MathML">          
            <apply>
              <times/>
              <ci> compartment_1 </ci>
              <ci> parameter_2 </ci>
              <ci> species_6 </ci>
            </apply>
          </math>
                </kineticLaw>
      </reaction>
      <reaction id="reaction_12" metaid="COPASI22" name="synthesis of single intact chain urokinase-type plasminogen activator" reversible="false" sboTerm="SBO:0000393">
        <annotation>
      <COPASI xmlns="http://www.copasi.org/static/sbml">
        <rdf:RDF xmlns:CopasiMT="http://www.copasi.org/RDF/MiriamTerms#" xmlns:dcterms="http://purl.org/dc/terms/" xmlns:rdf="http://www.w3.org/1999/02/22-rdf-syntax-ns#">
          <rdf:Description rdf:about="#COPASI22">
            <dcterms:bibliographicCitation>
              <rdf:Bag>
                <rdf:li>
                  <rdf:Description>
                    <CopasiMT:isDescribedBy rdf:resource="http://identifiers.org/pubmed/16339882"/>
                  </rdf:Description>
                </rdf:li>
              </rdf:Bag>
            </dcterms:bibliographicCitation>
            <dcterms:bibliographicCitation>
              <rdf:Bag>
                <rdf:li>
                  <rdf:Description>
                    <CopasiMT:isDescribedBy rdf:resource="http://identifiers.org/doi/10.1371/journal.pcbi.0020120"/>
                  </rdf:Description>
                </rdf:li>
              </rdf:Bag>
            </dcterms:bibliographicCitation>
            <CopasiMT:is rdf:resource="urn:miriam:sbo:SBO:0000393"/>
          </rdf:Description>
        </rdf:RDF>
      </COPASI>
      <rdf:RDF xmlns:rdf="http://www.w3.org/1999/02/22-rdf-syntax-ns#" xmlns:dc="http://purl.org/dc/elements/1.1/" xmlns:dcterms="http://purl.org/dc/terms/" xmlns:vCard="http://www.w3.org/2001/vcard-rdf/3.0#" xmlns:bqbiol="http://biomodels.net/biology-qualifiers/" xmlns:bqmodel="http://biomodels.net/model-qualifiers/">
            <rdf:Description rdf:about="#COPASI22">
	<bqbiol:isDescribedBy>
	<rdf:Bag>
	<rdf:li rdf:resource="http://identifiers.org/pubmed/16339882"/>
	<rdf:li rdf:resource="http://identifiers.org/doi/10.1371/journal.pcbi.0020120"/>
	</rdf:Bag>
	</bqbiol:isDescribedBy>
	</rdf:Description>
	
	
	
	
	
	
	
	
	
      </rdf:RDF>
    </annotation>
              <listOfProducts>
          <speciesReference metaid="_0f0d085e-1317-49c8-8b2f-6cebfbf9abf4" species="species_3" stoichiometry="1"/>
        </listOfProducts>
        <kineticLaw metaid="_5b167440-c8c5-46d4-abeb-858772ba61d2">
          <math xmlns="http://www.w3.org/1998/Math/MathML">          
            <apply>
              <times/>
              <ci> compartment_1 </ci>
              <apply>
                <ci> Constant_flux__irreversible_0 </ci>
                <ci> v </ci>
              </apply>
            </apply>
          </math>
                  <listOfParameters>
            <parameter id="v" metaid="_6325a326-27c1-41f5-a36e-2488132a2d63" name="v" value="0.0032"/>
          </listOfParameters>
        </kineticLaw>
      </reaction>
      <reaction id="reaction_13" metaid="COPASI23" name="synthesis of plasminogen" reversible="false" sboTerm="SBO:0000393">
        <annotation>
      <COPASI xmlns="http://www.copasi.org/static/sbml">
        <rdf:RDF xmlns:CopasiMT="http://www.copasi.org/RDF/MiriamTerms#" xmlns:dcterms="http://purl.org/dc/terms/" xmlns:rdf="http://www.w3.org/1999/02/22-rdf-syntax-ns#">
          <rdf:Description rdf:about="#COPASI23">
            <dcterms:bibliographicCitation>
              <rdf:Bag>
                <rdf:li>
                  <rdf:Description>
                    <CopasiMT:isDescribedBy rdf:resource="http://identifiers.org/doi/10.1371/journal.pcbi.0020120"/>
                  </rdf:Description>
                </rdf:li>
              </rdf:Bag>
            </dcterms:bibliographicCitation>
            <dcterms:bibliographicCitation>
              <rdf:Bag>
                <rdf:li>
                  <rdf:Description>
                    <CopasiMT:isDescribedBy rdf:resource="http://identifiers.org/pubmed/16339882"/>
                  </rdf:Description>
                </rdf:li>
              </rdf:Bag>
            </dcterms:bibliographicCitation>
            <CopasiMT:is rdf:resource="urn:miriam:sbo:SBO:0000393"/>
          </rdf:Description>
        </rdf:RDF>
      </COPASI>
      <rdf:RDF xmlns:rdf="http://www.w3.org/1999/02/22-rdf-syntax-ns#" xmlns:dc="http://purl.org/dc/elements/1.1/" xmlns:dcterms="http://purl.org/dc/terms/" xmlns:vCard="http://www.w3.org/2001/vcard-rdf/3.0#" xmlns:bqbiol="http://biomodels.net/biology-qualifiers/" xmlns:bqmodel="http://biomodels.net/model-qualifiers/">
            <rdf:Description rdf:about="#COPASI23">
	<bqbiol:isDescribedBy>
	<rdf:Bag>
	<rdf:li rdf:resource="http://identifiers.org/pubmed/16339882"/>
	<rdf:li rdf:resource="http://identifiers.org/doi/10.1371/journal.pcbi.0020120"/>
	</rdf:Bag>
	</bqbiol:isDescribedBy>
	</rdf:Description>
	
	
	
	
	
	
	
	
	
      </rdf:RDF>
    </annotation>
              <listOfProducts>
          <speciesReference metaid="_3424db36-b8b0-477b-8dcf-36c65b4d67ad" species="species_1" stoichiometry="1"/>
        </listOfProducts>
        <kineticLaw metaid="e44ea185-3d63-46ef-949a-04d76d499006">
          <math xmlns="http://www.w3.org/1998/Math/MathML">          
            <apply>
              <times/>
              <ci> compartment_1 </ci>
              <apply>
                <ci> Constant_flux__irreversible_0 </ci>
                <ci> v </ci>
              </apply>
            </apply>
          </math>
                  <listOfParameters>
            <parameter id="v" metaid="_021a4068-9a6d-41cd-beb1-f225f6c19a93" name="v" value="0.01"/>
          </listOfParameters>
        </kineticLaw>
      </reaction>
      <reaction id="reaction_14" metaid="COPASI24" name="synthesis of x" reversible="false" sboTerm="SBO:0000393">
        <annotation>
      <COPASI xmlns="http://www.copasi.org/static/sbml">
        <rdf:RDF xmlns:CopasiMT="http://www.copasi.org/RDF/MiriamTerms#" xmlns:rdf="http://www.w3.org/1999/02/22-rdf-syntax-ns#">
          <rdf:Description rdf:about="#COPASI24">
            <CopasiMT:is rdf:resource="urn:miriam:sbo:SBO:0000393"/>
          </rdf:Description>
        </rdf:RDF>
      </COPASI>
      <rdf:RDF xmlns:rdf="http://www.w3.org/1999/02/22-rdf-syntax-ns#" xmlns:dc="http://purl.org/dc/elements/1.1/" xmlns:dcterms="http://purl.org/dc/terms/" xmlns:vCard="http://www.w3.org/2001/vcard-rdf/3.0#" xmlns:bqbiol="http://biomodels.net/biology-qualifiers/" xmlns:bqmodel="http://biomodels.net/model-qualifiers/">
      </rdf:RDF>
    </annotation>
              <listOfProducts>
          <speciesReference metaid="_60cd3334-646c-4fc6-b6ed-e21ba81445a2" species="species_5" stoichiometry="1"/>
        </listOfProducts>
        <kineticLaw metaid="_48b29f49-9a20-41eb-9358-e528499ef74a">
          <math xmlns="http://www.w3.org/1998/Math/MathML">          
            <apply>
              <times/>
              <ci> compartment_1 </ci>
              <apply>
                <ci> Constant_flux__irreversible_0 </ci>
                <ci> v </ci>
              </apply>
            </apply>
          </math>
                  <listOfParameters>
            <parameter id="v" metaid="d773c9e4-18e5-4cec-9aca-2dfe7a21441a" name="v" value="0.01"/>
          </listOfParameters>
        </kineticLaw>
      </reaction>
    </listOfReactions>
  </model>
</sbml>