<?xml version='1.0' encoding='UTF-8' standalone='no'?>
<sbml xmlns="http://www.sbml.org/sbml/level2/version4" level="2" metaid="d077bbd5-0628-4764-a2ca-3461b7e25042" version="4">
  <model id="Owen1998___tumour_growth_model" metaid="COPASI0" name="Owen1998 - tumour growth model">
    <notes>
      <body xmlns="http://www.w3.org/1999/xhtml">
        <div class="dc:title">Owen1998 - tumour growth model</div>
<div class="dc:description">Deterministic model for the early,
avascular growth of a tumour, concentrating on the inhibitory
effect of macrophages.</div>
<div class="dc:bibliographicCitation">
  <p>This model is described in the article:</p>
  <div class="bibo:title">
    <a href="http://identifiers.org/pubmed/9661282" title="Access to this publication">Modelling the macrophage
    invasion of tumours: effects on growth and composition.</a>
  </div>
  <div class="bibo:authorList">Owen MR, Sherratt JA.</div>
  <div class="bibo:Journal">IMA J Math Appl Med Biol 1998 Jun;
  15(2): 165-185</div>
  <p>Abstract:</p>
  <div class="bibo:abstract">
    <p>Even in the early stages of their development, tumours are
    not simply a homogeneous grouping of mutant cells; rather, they
    develop in tandem with normal tissue cells, and also recruit
    other cell types including lymphatic cells and the endothelial
    cells required for the development of a blood supply. It has
    been repeatedly seen that macrophages form a significant
    proportion of the tumour mass, and that they can have a variety
    of effects upon the tumour, leading to a delicate balance
    between growth promotion and inhibition. This paper develops a
    model for the early, avascular growth of a tumour,
    concentrating on the inhibitory effect of macrophages due to
    their cytolytic activity. It is shown that such an immune
    response is not sufficient to prevent growth, due to it being a
    second-order process with respect to the density of the tumour
    cells present. However, the presence of macrophages does have
    important effects on the tumour composition, and the authors
    perform a detailed bifurcation analysis of their model to
    clarify this. An extended model is also considered which
    incorporates addition of exogenous chemical regulators. In this
    case, the model admits the possibility of tumour regression,
    and the therapeutic implications of this are discussed.</p>
  </div>
</div>
<div class="dc:publisher">
  <p>This model is hosted on 
  <a href="http://www.ebi.ac.uk/biomodels/">BioModels Database</a>
  and identified by: 
  <a href="http://identifiers.org/biomodels.db/BIOMD0000000670">BIOMD0000000670</a>.</p>
  <p>To cite BioModels Database, please use: 
  <a href="http://identifiers.org/pubmed/25414348" target="_blank">Chelliah V et al. BioModels: ten-year
  anniversary. Nucl. Acids Res. 2015, 43(Database
  issue):D542-8</a>.</p>
</div>
<div class="dc:license">
  <p>To the extent possible under law, all copyright and related or
  neighbouring rights to this encoded model have been dedicated to
  the public domain worldwide. Please refer to 
  <a href="http://creativecommons.org/publicdomain/zero/1.0/" title="Access to: CC0 1.0 Universal (CC0 1.0), Public Domain Dedication">CC0
  Public Domain Dedication</a> for more information.</p>
</div>
</body>
    </notes>
    <annotation>
      <rdf:RDF xmlns:rdf="http://www.w3.org/1999/02/22-rdf-syntax-ns#" xmlns:dc="http://purl.org/dc/elements/1.1/" xmlns:dcterms="http://purl.org/dc/terms/" xmlns:vCard="http://www.w3.org/2001/vcard-rdf/3.0#" xmlns:bqbiol="http://biomodels.net/biology-qualifiers/" xmlns:bqmodel="http://biomodels.net/model-qualifiers/">
        <rdf:Description rdf:about="#COPASI0">
	<dc:creator>
	<rdf:Bag>
	<rdf:li rdf:parseType="Resource">
	<vCard:N rdf:parseType="Resource">
	<vCard:Family>Fairbanks</vCard:Family>
	<vCard:Given>Emma</vCard:Given>
	</vCard:N>
	<vCard:EMAIL>efairbanks@ebi.ac.uk</vCard:EMAIL>
	<vCard:ORG rdf:parseType="Resource">
	<vCard:Orgname>EMBL-EBI</vCard:Orgname>
	</vCard:ORG>
	</rdf:li>
	</rdf:Bag>
	</dc:creator>
	<dcterms:created rdf:parseType="Resource">
	<dcterms:W3CDTF>2017-06-13T09:19:14Z</dcterms:W3CDTF>
	</dcterms:created>
	<dcterms:modified rdf:parseType="Resource">
	<dcterms:W3CDTF>2017-06-13T09:19:14Z</dcterms:W3CDTF>
	</dcterms:modified>
	<bqmodel:is>
	<rdf:Bag>
	<rdf:li rdf:resource="http://identifiers.org/biomodels.db/BIOMD0000000670"/>
	<rdf:li rdf:resource="http://identifiers.org/biomodels.db/MODEL1708240000"/>
	</rdf:Bag>
	</bqmodel:is>
	<bqbiol:hasProperty>
	<rdf:Bag>
	<rdf:li rdf:resource="http://identifiers.org/go/GO:0002837"/>
	</rdf:Bag>
	</bqbiol:hasProperty>
	<bqbiol:hasProperty>
	<rdf:Bag>
	<rdf:li rdf:resource="http://identifiers.org/mamo/MAMO_0000046"/>
	</rdf:Bag>
	</bqbiol:hasProperty>
	<bqbiol:isDescribedBy>
	<rdf:Bag>
	<rdf:li rdf:resource="http://identifiers.org/pubmed/9661282"/>
	</rdf:Bag>
	</bqbiol:isDescribedBy>
	</rdf:Description>
	
	
	
      </rdf:RDF>
      <COPASI xmlns="http://www.copasi.org/static/sbml">
        <rdf:RDF xmlns:CopasiMT="http://www.copasi.org/RDF/MiriamTerms#" xmlns:bqbiol="http://biomodels.net/biology-qualifiers/" xmlns:dcterms="http://purl.org/dc/terms/" xmlns:rdf="http://www.w3.org/1999/02/22-rdf-syntax-ns#" xmlns:vCard="http://www.w3.org/2001/vcard-rdf/3.0#">
          <rdf:Description rdf:about="#COPASI0">
            <bqbiol:hasProperty>
              <rdf:Bag>
                <rdf:li rdf:resource="http://identifiers.org/go/GO:0002837"/>
              </rdf:Bag>
            </bqbiol:hasProperty>
            <bqbiol:hasProperty>
              <rdf:Bag>
                <rdf:li rdf:resource="urn:miriam:mamo:MAMO_0000046"/>
              </rdf:Bag>
            </bqbiol:hasProperty>
            <dcterms:bibliographicCitation>
              <rdf:Bag>
                <rdf:li>
                  <rdf:Description>
                    <CopasiMT:isDescribedBy rdf:resource="http://identifiers.org/pubmed/9661282"/>
                  </rdf:Description>
                </rdf:li>
              </rdf:Bag>
            </dcterms:bibliographicCitation>
            <dcterms:created>
              <rdf:Description>
                <dcterms:W3CDTF>2017-06-13T09:19:14Z</dcterms:W3CDTF>
              </rdf:Description>
            </dcterms:created>
            <dcterms:creator>
              <rdf:Bag>
                <rdf:li>
                  <rdf:Description>
                    <vCard:EMAIL>efairbanks@ebi.ac.uk</vCard:EMAIL>
                    <vCard:N>
                      <rdf:Description>
                        <vCard:Family>Fairbanks</vCard:Family>
                        <vCard:Given>Emma</vCard:Given>
                      </rdf:Description>
                    </vCard:N>
                    <vCard:ORG>
                      <rdf:Description>
                        <vCard:Orgname>EMBL-EBI</vCard:Orgname>
                      </rdf:Description>
                    </vCard:ORG>
                  </rdf:Description>
                </rdf:li>
              </rdf:Bag>
            </dcterms:creator>
            <dcterms:modified>
              <rdf:Description>
                <dcterms:W3CDTF>2017-06-13T09:19:14Z</dcterms:W3CDTF>
              </rdf:Description>
            </dcterms:modified>
            <CopasiMT:is rdf:resource="urn:miriam:biomodels.db:BIOMD0000000670"/>
            <CopasiMT:is rdf:resource="urn:miriam:biomodels.db:MODEL1708240000"/>
          </rdf:Description>
        </rdf:RDF>
      </COPASI>
    </annotation>
      <listOfCompartments>
      <compartment constant="true" id="cell" metaid="COPASI1" name="Tumor Microenvironment" size="1" spatialDimensions="3">
        <annotation>
          <COPASI xmlns="http://www.copasi.org/static/sbml">
            <rdf:RDF xmlns:dcterms="http://purl.org/dc/terms/" xmlns:rdf="http://www.w3.org/1999/02/22-rdf-syntax-ns#">
              <rdf:Description rdf:about="#COPASI1">
                <dcterms:created>
                  <rdf:Description>
                    <dcterms:W3CDTF>2018-03-15T16:53:06Z</dcterms:W3CDTF>
                  </rdf:Description>
                </dcterms:created>
              </rdf:Description>
            </rdf:RDF>
          </COPASI>
        </annotation>
            </compartment>
    </listOfCompartments>
    <listOfSpecies>
      <species boundaryCondition="true" compartment="cell" constant="false" id="l" initialConcentration="0.0999999999999985" metaid="COPASI2" name="macrophage">
        <annotation>
          <rdf:RDF xmlns:rdf="http://www.w3.org/1999/02/22-rdf-syntax-ns#" xmlns:dc="http://purl.org/dc/elements/1.1/" xmlns:dcterms="http://purl.org/dc/terms/" xmlns:vCard="http://www.w3.org/2001/vcard-rdf/3.0#" xmlns:bqbiol="http://biomodels.net/biology-qualifiers/" xmlns:bqmodel="http://biomodels.net/model-qualifiers/">
            <rdf:Description rdf:about="#COPASI2">
	<bqbiol:isVersionOf>
	<rdf:Bag>
	<rdf:li rdf:resource="http://identifiers.org/bto/BTO:0000801"/>
	</rdf:Bag>
	</bqbiol:isVersionOf>
	</rdf:Description>
	
	
	
          </rdf:RDF>
          <COPASI xmlns="http://www.copasi.org/static/sbml">
            <rdf:RDF xmlns:CopasiMT="http://www.copasi.org/RDF/MiriamTerms#" xmlns:rdf="http://www.w3.org/1999/02/22-rdf-syntax-ns#">
              <rdf:Description rdf:about="#COPASI2">
                <CopasiMT:isVersionOf>
                  <rdf:Bag>
                    <rdf:li rdf:resource="http://identifiers.org/bto/BTO:0000801"/>
                  </rdf:Bag>
                </CopasiMT:isVersionOf>
              </rdf:Description>
            </rdf:RDF>
          </COPASI>
        </annotation>
            </species>
      <species boundaryCondition="true" compartment="cell" constant="false" id="n" initialConcentration="0.899999999999988" metaid="COPASI3" name="normal cell">
        <annotation>
          <rdf:RDF xmlns:rdf="http://www.w3.org/1999/02/22-rdf-syntax-ns#" xmlns:dc="http://purl.org/dc/elements/1.1/" xmlns:dcterms="http://purl.org/dc/terms/" xmlns:vCard="http://www.w3.org/2001/vcard-rdf/3.0#" xmlns:bqbiol="http://biomodels.net/biology-qualifiers/" xmlns:bqmodel="http://biomodels.net/model-qualifiers/">
            <rdf:Description rdf:about="#COPASI3">
	<bqbiol:isVersionOf>
	<rdf:Bag>
	<rdf:li rdf:resource="http://identifiers.org/go/GO:0005623"/>
	</rdf:Bag>
	</bqbiol:isVersionOf>
	</rdf:Description>
	
	
	
          </rdf:RDF>
          <COPASI xmlns="http://www.copasi.org/static/sbml">
            <rdf:RDF xmlns:CopasiMT="http://www.copasi.org/RDF/MiriamTerms#" xmlns:rdf="http://www.w3.org/1999/02/22-rdf-syntax-ns#">
              <rdf:Description rdf:about="#COPASI3">
                <CopasiMT:isVersionOf>
                  <rdf:Bag>
                    <rdf:li rdf:resource="http://identifiers.org/go/GO:0005623"/>
                  </rdf:Bag>
                </CopasiMT:isVersionOf>
              </rdf:Description>
            </rdf:RDF>
          </COPASI>
        </annotation>
            </species>
      <species boundaryCondition="true" compartment="cell" constant="false" id="m" initialConcentration="0.899999999999988" metaid="COPASI4" name="mutated cell">
        <annotation>
          <rdf:RDF xmlns:rdf="http://www.w3.org/1999/02/22-rdf-syntax-ns#" xmlns:dc="http://purl.org/dc/elements/1.1/" xmlns:dcterms="http://purl.org/dc/terms/" xmlns:vCard="http://www.w3.org/2001/vcard-rdf/3.0#" xmlns:bqbiol="http://biomodels.net/biology-qualifiers/" xmlns:bqmodel="http://biomodels.net/model-qualifiers/">
            <rdf:Description rdf:about="#COPASI4">
	<bqbiol:isVersionOf>
	<rdf:Bag>
	<rdf:li rdf:resource="http://identifiers.org/cl/CL:0001063"/>
	</rdf:Bag>
	</bqbiol:isVersionOf>
	</rdf:Description>
	
	
	
          </rdf:RDF>
          <COPASI xmlns="http://www.copasi.org/static/sbml">
            <rdf:RDF xmlns:CopasiMT="http://www.copasi.org/RDF/MiriamTerms#" xmlns:rdf="http://www.w3.org/1999/02/22-rdf-syntax-ns#">
              <rdf:Description rdf:about="#COPASI4">
                <CopasiMT:isVersionOf>
                  <rdf:Bag>
                    <rdf:li rdf:resource="http://identifiers.org/cl/CL:0001063"/>
                  </rdf:Bag>
                </CopasiMT:isVersionOf>
              </rdf:Description>
            </rdf:RDF>
          </COPASI>
        </annotation>
            </species>
    </listOfSpecies>
    <listOfParameters>
      <parameter constant="true" id="A" metaid="c8b9226e-e901-43cd-bfeb-c5f50b1f1625" name="A" value="0.025"/>
      <parameter constant="true" id="N" metaid="COPASI5" name="N" value="1">
        <annotation>
          <COPASI xmlns="http://www.copasi.org/static/sbml">
            <rdf:RDF xmlns:dcterms="http://purl.org/dc/terms/" xmlns:rdf="http://www.w3.org/1999/02/22-rdf-syntax-ns#">
              <rdf:Description rdf:about="#COPASI5">
                <dcterms:created>
                  <rdf:Description>
                    <dcterms:W3CDTF>2017-06-13T14:18:10Z</dcterms:W3CDTF>
                  </rdf:Description>
                </dcterms:created>
              </rdf:Description>
            </rdf:RDF>
          </COPASI>
        </annotation>
            </parameter>
      <parameter constant="true" id="I" metaid="COPASI6" name="I" value="0.01">
        <annotation>
          <COPASI xmlns="http://www.copasi.org/static/sbml">
            <rdf:RDF xmlns:dcterms="http://purl.org/dc/terms/" xmlns:rdf="http://www.w3.org/1999/02/22-rdf-syntax-ns#">
              <rdf:Description rdf:about="#COPASI6">
                <dcterms:created>
                  <rdf:Description>
                    <dcterms:W3CDTF>2017-07-05T12:19:07Z</dcterms:W3CDTF>
                  </rdf:Description>
                </dcterms:created>
              </rdf:Description>
            </rdf:RDF>
          </COPASI>
        </annotation>
            </parameter>
      <parameter constant="true" id="K_l" metaid="f4fac798-3243-405c-8ed1-7e8364d54ca0" name="K_l" value="17.857"/>
      <parameter constant="true" id="delta_l" metaid="COPASI7" name="delta_l" value="0.1">
        <annotation>
          <COPASI xmlns="http://www.copasi.org/static/sbml">
            <rdf:RDF xmlns:dcterms="http://purl.org/dc/terms/" xmlns:rdf="http://www.w3.org/1999/02/22-rdf-syntax-ns#">
              <rdf:Description rdf:about="#COPASI7">
                <dcterms:created>
                  <rdf:Description>
                    <dcterms:W3CDTF>2017-06-13T11:17:18Z</dcterms:W3CDTF>
                  </rdf:Description>
                </dcterms:created>
              </rdf:Description>
            </rdf:RDF>
          </COPASI>
        </annotation>
            </parameter>
      <parameter constant="true" id="K_m" metaid="_10f5bed8-784c-4174-90db-9738c7866feb" name="K_m" value="25"/>
      <parameter constant="true" id="xi" metaid="COPASI8" name="xi" value="2">
        <annotation>
          <COPASI xmlns="http://www.copasi.org/static/sbml">
            <rdf:RDF xmlns:dcterms="http://purl.org/dc/terms/" xmlns:rdf="http://www.w3.org/1999/02/22-rdf-syntax-ns#">
              <rdf:Description rdf:about="#COPASI8">
                <dcterms:created>
                  <rdf:Description>
                    <dcterms:W3CDTF>2017-06-13T10:48:28Z</dcterms:W3CDTF>
                  </rdf:Description>
                </dcterms:created>
              </rdf:Description>
            </rdf:RDF>
          </COPASI>
        </annotation>
            </parameter>
      <parameter constant="true" id="S" metaid="COPASI9" name="S" value="62.5">
        <annotation>
          <COPASI xmlns="http://www.copasi.org/static/sbml">
            <rdf:RDF xmlns:dcterms="http://purl.org/dc/terms/" xmlns:rdf="http://www.w3.org/1999/02/22-rdf-syntax-ns#">
              <rdf:Description rdf:about="#COPASI9">
                <dcterms:created>
                  <rdf:Description>
                    <dcterms:W3CDTF>2017-06-13T10:11:08Z</dcterms:W3CDTF>
                  </rdf:Description>
                </dcterms:created>
              </rdf:Description>
            </rdf:RDF>
          </COPASI>
        </annotation>
            </parameter>
    </listOfParameters>
    <listOfRules>
      <rateRule metaid="_4db003a7-425e-42ea-8514-ef8e7e9efd38" variable="l">
        <math xmlns="http://www.w3.org/1998/Math/MathML">        
          <apply>
            <minus/>
            <apply>
              <minus/>
              <apply>
                <plus/>
                <apply>
                  <divide/>
                  <apply>
                    <times/>
                    <ci> A </ci>
                    <ci> l </ci>
                    <ci> m </ci>
                    <apply>
                      <plus/>
                      <ci> N </ci>
                      <cn> 1 </cn>
                    </apply>
                  </apply>
                  <apply>
                    <plus/>
                    <ci> N </ci>
                    <ci> l </ci>
                    <ci> m </ci>
                    <ci> n </ci>
                  </apply>
                </apply>
                <apply>
                  <times/>
                  <ci> I </ci>
                  <apply>
                    <plus/>
                    <cn> 1 </cn>
                    <apply>
                      <times/>
                      <ci> S </ci>
                      <ci> m </ci>
                    </apply>
                  </apply>
                </apply>
              </apply>
              <apply>
                <times/>
                <ci> K_l </ci>
                <ci> l </ci>
                <ci> m </ci>
                <ci> m </ci>
              </apply>
            </apply>
            <apply>
              <times/>
              <ci> delta_l </ci>
              <ci> l </ci>
            </apply>
          </apply>
        </math>
            </rateRule>
      <rateRule metaid="_28cb3696-237b-46b0-aef2-400212ae200c" variable="n">
        <math xmlns="http://www.w3.org/1998/Math/MathML">        
          <apply>
            <minus/>
            <apply>
              <divide/>
              <apply>
                <times/>
                <ci> n </ci>
                <apply>
                  <plus/>
                  <ci> N </ci>
                  <cn> 1 </cn>
                </apply>
              </apply>
              <apply>
                <plus/>
                <ci> N </ci>
                <ci> l </ci>
                <ci> m </ci>
                <ci> n </ci>
              </apply>
            </apply>
            <ci> n </ci>
          </apply>
        </math>
            </rateRule>
      <rateRule metaid="_475f0908-de58-4917-9969-8e95d42d3d35" variable="m">
        <math xmlns="http://www.w3.org/1998/Math/MathML">        
          <apply>
            <minus/>
            <apply>
              <minus/>
              <apply>
                <divide/>
                <apply>
                  <times/>
                  <ci> xi </ci>
                  <ci> m </ci>
                  <apply>
                    <plus/>
                    <ci> N </ci>
                    <cn> 1 </cn>
                  </apply>
                </apply>
                <apply>
                  <plus/>
                  <ci> N </ci>
                  <ci> l </ci>
                  <ci> m </ci>
                  <ci> n </ci>
                </apply>
              </apply>
              <ci> m </ci>
            </apply>
            <apply>
              <times/>
              <ci> K_m </ci>
              <ci> l </ci>
              <ci> m </ci>
              <ci> m </ci>
            </apply>
          </apply>
        </math>
            </rateRule>
    </listOfRules>
  </model>
</sbml>